ISO-10303-21;
HEADER;
FILE_DESCRIPTION(('FreeCAD Model'),'2;1');
FILE_NAME('Open CASCADE Shape Model','2025-12-18T14:45:02',(''),(''),
  'Open CASCADE STEP processor 7.8','FreeCAD','Unknown');
FILE_SCHEMA(('AUTOMOTIVE_DESIGN { 1 0 10303 214 1 1 1 1 }'));
ENDSEC;
DATA;
#1 = APPLICATION_PROTOCOL_DEFINITION('international standard',
  'automotive_design',2000,#2);
#2 = APPLICATION_CONTEXT(
  'core data for automotive mechanical design processes');
#3 = SHAPE_DEFINITION_REPRESENTATION(#4,#10);
#4 = PRODUCT_DEFINITION_SHAPE('','',#5);
#5 = PRODUCT_DEFINITION('design','',#6,#9);
#6 = PRODUCT_DEFINITION_FORMATION('','',#7);
#7 = PRODUCT('boot-tpu','boot-tpu','',(#8));
#8 = PRODUCT_CONTEXT('',#2,'mechanical');
#9 = PRODUCT_DEFINITION_CONTEXT('part definition',#2,'design');
#10 = ADVANCED_BREP_SHAPE_REPRESENTATION('',(#11,#15),#1974);
#11 = AXIS2_PLACEMENT_3D('',#12,#13,#14);
#12 = CARTESIAN_POINT('',(0.,0.,0.));
#13 = DIRECTION('',(0.,0.,1.));
#14 = DIRECTION('',(1.,0.,-0.));
#15 = MANIFOLD_SOLID_BREP('',#16);
#16 = CLOSED_SHELL('',(#17,#106,#1157,#1184,#1223,#1250,#1277,#1304,
    #1331,#1358,#1385,#1412,#1439,#1466,#1493,#1520,#1547,#1574,#1601,
    #1628,#1655,#1660,#1715,#1770,#1825,#1880,#1915,#1970));
#17 = ADVANCED_FACE('',(#18),#33,.T.);
#18 = FACE_BOUND('',#19,.F.);
#19 = EDGE_LOOP('',(#20,#56,#80));
#20 = ORIENTED_EDGE('',*,*,#21,.F.);
#21 = EDGE_CURVE('',#22,#24,#26,.T.);
#22 = VERTEX_POINT('',#23);
#23 = CARTESIAN_POINT('',(12.552845,0.,0.));
#24 = VERTEX_POINT('',#25);
#25 = CARTESIAN_POINT('',(10.,-7.587747860467,1.684818475948E-15));
#26 = SURFACE_CURVE('',#27,(#32,#44),.PCURVE_S1.);
#27 = CIRCLE('',#28,12.552845);
#28 = AXIS2_PLACEMENT_3D('',#29,#30,#31);
#29 = CARTESIAN_POINT('',(0.,0.,0.));
#30 = DIRECTION('',(0.,-2.22044604925E-16,-1.));
#31 = DIRECTION('',(1.,0.,0.));
#32 = PCURVE('',#33,#38);
#33 = PLANE('',#34);
#34 = AXIS2_PLACEMENT_3D('',#35,#36,#37);
#35 = CARTESIAN_POINT('',(0.,0.,0.));
#36 = DIRECTION('',(-0.,-2.22044604925E-16,-1.));
#37 = DIRECTION('',(1.,0.,0.));
#38 = DEFINITIONAL_REPRESENTATION('',(#39),#43);
#39 = CIRCLE('',#40,12.552845);
#40 = AXIS2_PLACEMENT_2D('',#41,#42);
#41 = CARTESIAN_POINT('',(0.,0.));
#42 = DIRECTION('',(1.,-0.));
#43 = ( GEOMETRIC_REPRESENTATION_CONTEXT(2) 
PARAMETRIC_REPRESENTATION_CONTEXT() REPRESENTATION_CONTEXT('2D SPACE',''
  ) );
#44 = PCURVE('',#45,#50);
#45 = CONICAL_SURFACE('',#46,12.552845,0.11793378511);
#46 = AXIS2_PLACEMENT_3D('',#47,#48,#49);
#47 = CARTESIAN_POINT('',(0.,0.,0.));
#48 = DIRECTION('',(-0.,-2.22044604925E-16,-1.));
#49 = DIRECTION('',(1.,0.,0.));
#50 = DEFINITIONAL_REPRESENTATION('',(#51),#55);
#51 = LINE('',#52,#53);
#52 = CARTESIAN_POINT('',(0.,-0.));
#53 = VECTOR('',#54,1.);
#54 = DIRECTION('',(1.,-0.));
#55 = ( GEOMETRIC_REPRESENTATION_CONTEXT(2) 
PARAMETRIC_REPRESENTATION_CONTEXT() REPRESENTATION_CONTEXT('2D SPACE',''
  ) );
#56 = ORIENTED_EDGE('',*,*,#57,.F.);
#57 = EDGE_CURVE('',#58,#22,#60,.T.);
#58 = VERTEX_POINT('',#59);
#59 = CARTESIAN_POINT('',(10.,7.587747860467,-1.684818475948E-15));
#60 = SURFACE_CURVE('',#61,(#66,#73),.PCURVE_S1.);
#61 = CIRCLE('',#62,12.552845);
#62 = AXIS2_PLACEMENT_3D('',#63,#64,#65);
#63 = CARTESIAN_POINT('',(0.,0.,0.));
#64 = DIRECTION('',(0.,-2.22044604925E-16,-1.));
#65 = DIRECTION('',(1.,0.,0.));
#66 = PCURVE('',#33,#67);
#67 = DEFINITIONAL_REPRESENTATION('',(#68),#72);
#68 = CIRCLE('',#69,12.552845);
#69 = AXIS2_PLACEMENT_2D('',#70,#71);
#70 = CARTESIAN_POINT('',(0.,0.));
#71 = DIRECTION('',(1.,-0.));
#72 = ( GEOMETRIC_REPRESENTATION_CONTEXT(2) 
PARAMETRIC_REPRESENTATION_CONTEXT() REPRESENTATION_CONTEXT('2D SPACE',''
  ) );
#73 = PCURVE('',#45,#74);
#74 = DEFINITIONAL_REPRESENTATION('',(#75),#79);
#75 = LINE('',#76,#77);
#76 = CARTESIAN_POINT('',(0.,-0.));
#77 = VECTOR('',#78,1.);
#78 = DIRECTION('',(1.,-0.));
#79 = ( GEOMETRIC_REPRESENTATION_CONTEXT(2) 
PARAMETRIC_REPRESENTATION_CONTEXT() REPRESENTATION_CONTEXT('2D SPACE',''
  ) );
#80 = ORIENTED_EDGE('',*,*,#81,.T.);
#81 = EDGE_CURVE('',#58,#24,#82,.T.);
#82 = SURFACE_CURVE('',#83,(#87,#94),.PCURVE_S1.);
#83 = LINE('',#84,#85);
#84 = CARTESIAN_POINT('',(10.,15.,-3.330669073875E-15));
#85 = VECTOR('',#86,1.);
#86 = DIRECTION('',(0.,-1.,2.22044604925E-16));
#87 = PCURVE('',#33,#88);
#88 = DEFINITIONAL_REPRESENTATION('',(#89),#93);
#89 = LINE('',#90,#91);
#90 = CARTESIAN_POINT('',(10.,-15.));
#91 = VECTOR('',#92,1.);
#92 = DIRECTION('',(-0.,1.));
#93 = ( GEOMETRIC_REPRESENTATION_CONTEXT(2) 
PARAMETRIC_REPRESENTATION_CONTEXT() REPRESENTATION_CONTEXT('2D SPACE',''
  ) );
#94 = PCURVE('',#95,#100);
#95 = PLANE('',#96);
#96 = AXIS2_PLACEMENT_3D('',#97,#98,#99);
#97 = CARTESIAN_POINT('',(10.,15.,-3.330669073875E-15));
#98 = DIRECTION('',(-0.707106781187,-1.570092458684E-16,-0.707106781187)
  );
#99 = DIRECTION('',(-0.707106781187,1.570092458684E-16,0.707106781187));
#100 = DEFINITIONAL_REPRESENTATION('',(#101),#105);
#101 = LINE('',#102,#103);
#102 = CARTESIAN_POINT('',(0.,0.));
#103 = VECTOR('',#104,1.);
#104 = DIRECTION('',(0.,-1.));
#105 = ( GEOMETRIC_REPRESENTATION_CONTEXT(2) 
PARAMETRIC_REPRESENTATION_CONTEXT() REPRESENTATION_CONTEXT('2D SPACE',''
  ) );
#106 = ADVANCED_FACE('',(#107),#45,.T.);
#107 = FACE_BOUND('',#108,.F.);
#108 = EDGE_LOOP('',(#109,#132,#133,#160,#192,#221,#253,#285,#314,#346,
    #378,#407,#439,#471,#500,#532,#564,#593,#625,#657,#686,#713,#740,
    #764,#791,#818,#842,#869,#896,#920,#947,#974,#998,#1025,#1052,#1076,
    #1103,#1128,#1129,#1130));
#109 = ORIENTED_EDGE('',*,*,#110,.F.);
#110 = EDGE_CURVE('',#22,#111,#113,.T.);
#111 = VERTEX_POINT('',#112);
#112 = CARTESIAN_POINT('',(7.813501,8.881784197001E-15,40.));
#113 = SEAM_CURVE('',#114,(#118,#125),.PCURVE_S1.);
#114 = LINE('',#115,#116);
#115 = CARTESIAN_POINT('',(12.552845,0.,0.));
#116 = VECTOR('',#117,1.);
#117 = DIRECTION('',(-0.117660597222,2.2050225369E-16,0.993053867553));
#118 = PCURVE('',#45,#119);
#119 = DEFINITIONAL_REPRESENTATION('',(#120),#124);
#120 = LINE('',#121,#122);
#121 = CARTESIAN_POINT('',(0.,-0.));
#122 = VECTOR('',#123,1.);
#123 = DIRECTION('',(0.,-1.));
#124 = ( GEOMETRIC_REPRESENTATION_CONTEXT(2) 
PARAMETRIC_REPRESENTATION_CONTEXT() REPRESENTATION_CONTEXT('2D SPACE',''
  ) );
#125 = PCURVE('',#45,#126);
#126 = DEFINITIONAL_REPRESENTATION('',(#127),#131);
#127 = LINE('',#128,#129);
#128 = CARTESIAN_POINT('',(6.28318530718,-0.));
#129 = VECTOR('',#130,1.);
#130 = DIRECTION('',(0.,-1.));
#131 = ( GEOMETRIC_REPRESENTATION_CONTEXT(2) 
PARAMETRIC_REPRESENTATION_CONTEXT() REPRESENTATION_CONTEXT('2D SPACE',''
  ) );
#132 = ORIENTED_EDGE('',*,*,#21,.T.);
#133 = ORIENTED_EDGE('',*,*,#134,.T.);
#134 = EDGE_CURVE('',#24,#135,#137,.T.);
#135 = VERTEX_POINT('',#136);
#136 = CARTESIAN_POINT('',(9.,-8.579821876112,1.));
#137 = SURFACE_CURVE('',#138,(#143,#153),.PCURVE_S1.);
#138 = ELLIPSE('',#139,16.305697817557,11.448653205984);
#139 = AXIS2_PLACEMENT_3D('',#140,#141,#142);
#140 = CARTESIAN_POINT('',(1.366100445745,1.917110815487E-15,
    8.633899554255));
#141 = DIRECTION('',(-0.707106781187,-1.570092458684E-16,-0.707106781187
    ));
#142 = DIRECTION('',(0.707106781187,-1.570092458684E-16,-0.707106781187)
  );
#143 = PCURVE('',#45,#144);
#144 = DEFINITIONAL_REPRESENTATION('',(#145),#152);
#145 = B_SPLINE_CURVE_WITH_KNOTS('',5,(#146,#147,#148,#149,#150,#151),
  .UNSPECIFIED.,.F.,.F.,(6,6),(0.724503003909,0.858696806113),
  .PIECEWISE_BEZIER_KNOTS.);
#146 = CARTESIAN_POINT('',(0.649093359336,1.453938406914E-15));
#147 = CARTESIAN_POINT('',(0.6735712893,-0.205090401983));
#148 = CARTESIAN_POINT('',(0.698108449875,-0.417954755552));
#149 = CARTESIAN_POINT('',(0.722708216687,-0.638285298332));
#150 = CARTESIAN_POINT('',(0.747373880439,-0.865750892717));
#151 = CARTESIAN_POINT('',(0.7721086229,-1.1));
#152 = ( GEOMETRIC_REPRESENTATION_CONTEXT(2) 
PARAMETRIC_REPRESENTATION_CONTEXT() REPRESENTATION_CONTEXT('2D SPACE',''
  ) );
#153 = PCURVE('',#95,#154);
#154 = DEFINITIONAL_REPRESENTATION('',(#155),#159);
#155 = ELLIPSE('',#156,16.305697817557,11.448653205984);
#156 = AXIS2_PLACEMENT_2D('',#157,#158);
#157 = CARTESIAN_POINT('',(12.210177845795,-15.));
#158 = DIRECTION('',(-1.,0.));
#159 = ( GEOMETRIC_REPRESENTATION_CONTEXT(2) 
PARAMETRIC_REPRESENTATION_CONTEXT() REPRESENTATION_CONTEXT('2D SPACE',''
  ) );
#160 = ORIENTED_EDGE('',*,*,#161,.T.);
#161 = EDGE_CURVE('',#135,#162,#164,.T.);
#162 = VERTEX_POINT('',#163);
#163 = CARTESIAN_POINT('',(8.,-9.67336123558,2.147917673852E-15));
#164 = SURFACE_CURVE('',#165,(#170,#180),.PCURVE_S1.);
#165 = ELLIPSE('',#166,19.36474184214,13.596487329438);
#166 = AXIS2_PLACEMENT_3D('',#167,#168,#169);
#167 = CARTESIAN_POINT('',(-1.622388858071,-2.136599532425E-15,
    -9.622388858071));
#168 = DIRECTION('',(0.707106781187,-1.570092458684E-16,-0.707106781187)
  );
#169 = DIRECTION('',(-0.707106781187,-1.570092458684E-16,-0.707106781187
    ));
#170 = PCURVE('',#45,#171);
#171 = DEFINITIONAL_REPRESENTATION('',(#172),#179);
#172 = B_SPLINE_CURVE_WITH_KNOTS('',5,(#173,#174,#175,#176,#177,#178),
  .UNSPECIFIED.,.F.,.F.,(6,6),(3.812818830141,3.933166761937),
  .PIECEWISE_BEZIER_KNOTS.);
#173 = CARTESIAN_POINT('',(0.748749053241,-1.1));
#174 = CARTESIAN_POINT('',(0.775093306204,-0.895016711913));
#175 = CARTESIAN_POINT('',(0.801373177399,-0.682268471973));
#176 = CARTESIAN_POINT('',(0.827585834377,-0.462002682362));
#177 = CARTESIAN_POINT('',(0.853728690375,-0.234485517434));
#178 = CARTESIAN_POINT('',(0.879799419836,1.588615253997E-16));
#179 = ( GEOMETRIC_REPRESENTATION_CONTEXT(2) 
PARAMETRIC_REPRESENTATION_CONTEXT() REPRESENTATION_CONTEXT('2D SPACE',''
  ) );
#180 = PCURVE('',#181,#186);
#181 = PLANE('',#182);
#182 = AXIS2_PLACEMENT_3D('',#183,#184,#185);
#183 = CARTESIAN_POINT('',(9.,15.,1.));
#184 = DIRECTION('',(0.707106781187,-1.570092458684E-16,-0.707106781187)
  );
#185 = DIRECTION('',(-0.707106781187,-1.570092458684E-16,-0.707106781187
    ));
#186 = DEFINITIONAL_REPRESENTATION('',(#187),#191);
#187 = ELLIPSE('',#188,19.36474184214,13.596487329438);
#188 = AXIS2_PLACEMENT_2D('',#189,#190);
#189 = CARTESIAN_POINT('',(15.022326387885,-15.));
#190 = DIRECTION('',(1.,0.));
#191 = ( GEOMETRIC_REPRESENTATION_CONTEXT(2) 
PARAMETRIC_REPRESENTATION_CONTEXT() REPRESENTATION_CONTEXT('2D SPACE',''
  ) );
#192 = ORIENTED_EDGE('',*,*,#193,.T.);
#193 = EDGE_CURVE('',#162,#194,#196,.T.);
#194 = VERTEX_POINT('',#195);
#195 = CARTESIAN_POINT('',(7.,-10.41988088195,2.313678333798E-15));
#196 = SURFACE_CURVE('',#197,(#202,#209),.PCURVE_S1.);
#197 = CIRCLE('',#198,12.552845);
#198 = AXIS2_PLACEMENT_3D('',#199,#200,#201);
#199 = CARTESIAN_POINT('',(0.,0.,0.));
#200 = DIRECTION('',(0.,-2.22044604925E-16,-1.));
#201 = DIRECTION('',(1.,0.,0.));
#202 = PCURVE('',#45,#203);
#203 = DEFINITIONAL_REPRESENTATION('',(#204),#208);
#204 = LINE('',#205,#206);
#205 = CARTESIAN_POINT('',(0.,-0.));
#206 = VECTOR('',#207,1.);
#207 = DIRECTION('',(1.,-0.));
#208 = ( GEOMETRIC_REPRESENTATION_CONTEXT(2) 
PARAMETRIC_REPRESENTATION_CONTEXT() REPRESENTATION_CONTEXT('2D SPACE',''
  ) );
#209 = PCURVE('',#210,#215);
#210 = PLANE('',#211);
#211 = AXIS2_PLACEMENT_3D('',#212,#213,#214);
#212 = CARTESIAN_POINT('',(0.,0.,0.));
#213 = DIRECTION('',(-0.,-2.22044604925E-16,-1.));
#214 = DIRECTION('',(1.,0.,0.));
#215 = DEFINITIONAL_REPRESENTATION('',(#216),#220);
#216 = CIRCLE('',#217,12.552845);
#217 = AXIS2_PLACEMENT_2D('',#218,#219);
#218 = CARTESIAN_POINT('',(0.,0.));
#219 = DIRECTION('',(1.,-0.));
#220 = ( GEOMETRIC_REPRESENTATION_CONTEXT(2) 
PARAMETRIC_REPRESENTATION_CONTEXT() REPRESENTATION_CONTEXT('2D SPACE',''
  ) );
#221 = ORIENTED_EDGE('',*,*,#222,.T.);
#222 = EDGE_CURVE('',#194,#223,#225,.T.);
#223 = VERTEX_POINT('',#224);
#224 = CARTESIAN_POINT('',(6.,-10.89097532022,1.));
#225 = SURFACE_CURVE('',#226,(#231,#241),.PCURVE_S1.);
#226 = ELLIPSE('',#227,16.815538488321,11.806625559893);
#227 = AXIS2_PLACEMENT_3D('',#228,#229,#230);
#228 = CARTESIAN_POINT('',(1.408815181133,1.241492424168E-15,
    5.591184818867));
#229 = DIRECTION('',(-0.707106781187,-1.570092458684E-16,-0.707106781187
    ));
#230 = DIRECTION('',(0.707106781187,-1.570092458684E-16,-0.707106781187)
  );
#231 = PCURVE('',#45,#232);
#232 = DEFINITIONAL_REPRESENTATION('',(#233),#240);
#233 = B_SPLINE_CURVE_WITH_KNOTS('',5,(#234,#235,#236,#237,#238,#239),
  .UNSPECIFIED.,.F.,.F.,(6,6),(1.08124773703,1.183468228784),
  .PIECEWISE_BEZIER_KNOTS.);
#234 = CARTESIAN_POINT('',(0.979253316005,-5.535550712287E-16));
#235 = CARTESIAN_POINT('',(0.998482089573,-0.214536260968));
#236 = CARTESIAN_POINT('',(1.017759535052,-0.431993644356));
#237 = CARTESIAN_POINT('',(1.037086864578,-0.652185343369));
#238 = CARTESIAN_POINT('',(1.056465237422,-0.874919458768));
#239 = CARTESIAN_POINT('',(1.07589575147,-1.1));
#240 = ( GEOMETRIC_REPRESENTATION_CONTEXT(2) 
PARAMETRIC_REPRESENTATION_CONTEXT() REPRESENTATION_CONTEXT('2D SPACE',''
  ) );
#241 = PCURVE('',#242,#247);
#242 = PLANE('',#243);
#243 = AXIS2_PLACEMENT_3D('',#244,#245,#246);
#244 = CARTESIAN_POINT('',(7.,15.,-3.330669073875E-15));
#245 = DIRECTION('',(-0.707106781187,-1.570092458684E-16,-0.707106781187
    ));
#246 = DIRECTION('',(-0.707106781187,1.570092458684E-16,0.707106781187)
  );
#247 = DEFINITIONAL_REPRESENTATION('',(#248),#252);
#248 = ELLIPSE('',#249,16.815538488321,11.806625559893);
#249 = AXIS2_PLACEMENT_2D('',#250,#251);
#250 = CARTESIAN_POINT('',(7.907129400577,-15.));
#251 = DIRECTION('',(-1.,0.));
#252 = ( GEOMETRIC_REPRESENTATION_CONTEXT(2) 
PARAMETRIC_REPRESENTATION_CONTEXT() REPRESENTATION_CONTEXT('2D SPACE',''
  ) );
#253 = ORIENTED_EDGE('',*,*,#254,.T.);
#254 = EDGE_CURVE('',#223,#255,#257,.T.);
#255 = VERTEX_POINT('',#256);
#256 = CARTESIAN_POINT('',(5.,-11.51407476065,2.556638181308E-15));
#257 = SURFACE_CURVE('',#258,(#263,#273),.PCURVE_S1.);
#258 = ELLIPSE('',#259,18.854901171376,13.238514975529);
#259 = AXIS2_PLACEMENT_3D('',#260,#261,#262);
#260 = CARTESIAN_POINT('',(-1.579674122684,-1.460981141107E-15,
    -6.579674122684));
#261 = DIRECTION('',(0.707106781187,-1.570092458684E-16,-0.707106781187)
  );
#262 = DIRECTION('',(-0.707106781187,-1.570092458684E-16,-0.707106781187
    ));
#263 = PCURVE('',#45,#264);
#264 = DEFINITIONAL_REPRESENTATION('',(#265),#272);
#265 = B_SPLINE_CURVE_WITH_KNOTS('',5,(#266,#267,#268,#269,#270,#271),
  .UNSPECIFIED.,.F.,.F.,(6,6),(4.09854412025,4.196269229825),
  .PIECEWISE_BEZIER_KNOTS.);
#266 = CARTESIAN_POINT('',(1.057508586836,-1.1));
#267 = CARTESIAN_POINT('',(1.078337469405,-0.886989518197));
#268 = CARTESIAN_POINT('',(1.099113455627,-0.67031191653));
#269 = CARTESIAN_POINT('',(1.11983568948,-0.450136718081));
#270 = CARTESIAN_POINT('',(1.140503430911,-0.226639288555));
#271 = CARTESIAN_POINT('',(1.161116054211,-4.900926495252E-15));
#272 = ( GEOMETRIC_REPRESENTATION_CONTEXT(2) 
PARAMETRIC_REPRESENTATION_CONTEXT() REPRESENTATION_CONTEXT('2D SPACE',''
  ) );
#273 = PCURVE('',#274,#279);
#274 = PLANE('',#275);
#275 = AXIS2_PLACEMENT_3D('',#276,#277,#278);
#276 = CARTESIAN_POINT('',(6.,15.,1.));
#277 = DIRECTION('',(0.707106781187,-1.570092458684E-16,-0.707106781187)
  );
#278 = DIRECTION('',(-0.707106781187,-1.570092458684E-16,-0.707106781187
    ));
#279 = DEFINITIONAL_REPRESENTATION('',(#280),#284);
#280 = ELLIPSE('',#281,18.854901171376,13.238514975529);
#281 = AXIS2_PLACEMENT_2D('',#282,#283);
#282 = CARTESIAN_POINT('',(10.719277942667,-15.));
#283 = DIRECTION('',(1.,0.));
#284 = ( GEOMETRIC_REPRESENTATION_CONTEXT(2) 
PARAMETRIC_REPRESENTATION_CONTEXT() REPRESENTATION_CONTEXT('2D SPACE',''
  ) );
#285 = ORIENTED_EDGE('',*,*,#286,.T.);
#286 = EDGE_CURVE('',#255,#287,#289,.T.);
#287 = VERTEX_POINT('',#288);
#288 = CARTESIAN_POINT('',(4.,-11.89848383593,2.641994142557E-15));
#289 = SURFACE_CURVE('',#290,(#295,#302),.PCURVE_S1.);
#290 = CIRCLE('',#291,12.552845);
#291 = AXIS2_PLACEMENT_3D('',#292,#293,#294);
#292 = CARTESIAN_POINT('',(0.,0.,0.));
#293 = DIRECTION('',(0.,-2.22044604925E-16,-1.));
#294 = DIRECTION('',(1.,0.,0.));
#295 = PCURVE('',#45,#296);
#296 = DEFINITIONAL_REPRESENTATION('',(#297),#301);
#297 = LINE('',#298,#299);
#298 = CARTESIAN_POINT('',(0.,-0.));
#299 = VECTOR('',#300,1.);
#300 = DIRECTION('',(1.,-0.));
#301 = ( GEOMETRIC_REPRESENTATION_CONTEXT(2) 
PARAMETRIC_REPRESENTATION_CONTEXT() REPRESENTATION_CONTEXT('2D SPACE',''
  ) );
#302 = PCURVE('',#303,#308);
#303 = PLANE('',#304);
#304 = AXIS2_PLACEMENT_3D('',#305,#306,#307);
#305 = CARTESIAN_POINT('',(0.,0.,0.));
#306 = DIRECTION('',(-0.,-2.22044604925E-16,-1.));
#307 = DIRECTION('',(1.,0.,0.));
#308 = DEFINITIONAL_REPRESENTATION('',(#309),#313);
#309 = CIRCLE('',#310,12.552845);
#310 = AXIS2_PLACEMENT_2D('',#311,#312);
#311 = CARTESIAN_POINT('',(0.,0.));
#312 = DIRECTION('',(1.,-0.));
#313 = ( GEOMETRIC_REPRESENTATION_CONTEXT(2) 
PARAMETRIC_REPRESENTATION_CONTEXT() REPRESENTATION_CONTEXT('2D SPACE',''
  ) );
#314 = ORIENTED_EDGE('',*,*,#315,.T.);
#315 = EDGE_CURVE('',#287,#316,#318,.T.);
#316 = VERTEX_POINT('',#317);
#317 = CARTESIAN_POINT('',(3.,-12.06703540335,1.));
#318 = SURFACE_CURVE('',#319,(#324,#334),.PCURVE_S1.);
#319 = ELLIPSE('',#320,17.325379159085,12.164597913802);
#320 = AXIS2_PLACEMENT_3D('',#321,#322,#323);
#321 = CARTESIAN_POINT('',(1.45152991652,5.658740328495E-16,
    2.54847008348));
#322 = DIRECTION('',(-0.707106781187,-1.570092458684E-16,-0.707106781187
    ));
#323 = DIRECTION('',(0.707106781187,-1.570092458684E-16,-0.707106781187)
  );
#324 = PCURVE('',#45,#325);
#325 = DEFINITIONAL_REPRESENTATION('',(#326),#333);
#326 = B_SPLINE_CURVE_WITH_KNOTS('',5,(#327,#328,#329,#330,#331,#332),
  .UNSPECIFIED.,.F.,.F.,(6,6),(1.361242806462,1.45228527357),
  .PIECEWISE_BEZIER_KNOTS.);
#327 = CARTESIAN_POINT('',(1.246488402753,-1.105666935149E-15));
#328 = CARTESIAN_POINT('',(1.264133725473,-0.218190395757));
#329 = CARTESIAN_POINT('',(1.281824472817,-0.437436970605));
#330 = CARTESIAN_POINT('',(1.299561249791,-0.657589014659));
#331 = CARTESIAN_POINT('',(1.31734461254,-0.878494357881));
#332 = CARTESIAN_POINT('',(1.335175062818,-1.1));
#333 = ( GEOMETRIC_REPRESENTATION_CONTEXT(2) 
PARAMETRIC_REPRESENTATION_CONTEXT() REPRESENTATION_CONTEXT('2D SPACE',''
  ) );
#334 = PCURVE('',#335,#340);
#335 = PLANE('',#336);
#336 = AXIS2_PLACEMENT_3D('',#337,#338,#339);
#337 = CARTESIAN_POINT('',(4.,15.,-3.330669073875E-15));
#338 = DIRECTION('',(-0.707106781187,-1.570092458684E-16,-0.707106781187
    ));
#339 = DIRECTION('',(-0.707106781187,1.570092458684E-16,0.707106781187)
  );
#340 = DEFINITIONAL_REPRESENTATION('',(#341),#345);
#341 = ELLIPSE('',#342,17.325379159085,12.164597913802);
#342 = AXIS2_PLACEMENT_2D('',#343,#344);
#343 = CARTESIAN_POINT('',(3.604080955359,-15.));
#344 = DIRECTION('',(-1.,0.));
#345 = ( GEOMETRIC_REPRESENTATION_CONTEXT(2) 
PARAMETRIC_REPRESENTATION_CONTEXT() REPRESENTATION_CONTEXT('2D SPACE',''
  ) );
#346 = ORIENTED_EDGE('',*,*,#347,.T.);
#347 = EDGE_CURVE('',#316,#348,#350,.T.);
#348 = VERTEX_POINT('',#349);
#349 = CARTESIAN_POINT('',(2.,-12.39249440564,2.751686524338E-15));
#350 = SURFACE_CURVE('',#351,(#356,#366),.PCURVE_S1.);
#351 = ELLIPSE('',#352,18.345060500613,12.88054262162);
#352 = AXIS2_PLACEMENT_3D('',#353,#354,#355);
#353 = CARTESIAN_POINT('',(-1.536959387296,-7.85362749788E-16,
    -3.536959387296));
#354 = DIRECTION('',(0.707106781187,-1.570092458684E-16,-0.707106781187)
  );
#355 = DIRECTION('',(-0.707106781187,-1.570092458684E-16,-0.707106781187
    ));
#356 = PCURVE('',#45,#357);
#357 = DEFINITIONAL_REPRESENTATION('',(#358),#365);
#358 = B_SPLINE_CURVE_WITH_KNOTS('',5,(#359,#360,#361,#362,#363,#364),
  .UNSPECIFIED.,.F.,.F.,(6,6),(4.346840711816,4.436229340963),
  .PIECEWISE_BEZIER_KNOTS.);
#359 = CARTESIAN_POINT('',(1.318583971426,-1.1));
#360 = CARTESIAN_POINT('',(1.337120865594,-0.883414299226));
#361 = CARTESIAN_POINT('',(1.35560989394,-0.664976057422));
#362 = CARTESIAN_POINT('',(1.374050840158,-0.444829490043));
#363 = CARTESIAN_POINT('',(1.39244356357,-0.223121281544));
#364 = CARTESIAN_POINT('',(1.410787995411,-8.880435306387E-15));
#365 = ( GEOMETRIC_REPRESENTATION_CONTEXT(2) 
PARAMETRIC_REPRESENTATION_CONTEXT() REPRESENTATION_CONTEXT('2D SPACE',''
  ) );
#366 = PCURVE('',#367,#372);
#367 = PLANE('',#368);
#368 = AXIS2_PLACEMENT_3D('',#369,#370,#371);
#369 = CARTESIAN_POINT('',(3.,15.,1.));
#370 = DIRECTION('',(0.707106781187,-1.570092458684E-16,-0.707106781187)
  );
#371 = DIRECTION('',(-0.707106781187,-1.570092458684E-16,-0.707106781187
    ));
#372 = DEFINITIONAL_REPRESENTATION('',(#373),#377);
#373 = ELLIPSE('',#374,18.345060500613,12.88054262162);
#374 = AXIS2_PLACEMENT_2D('',#375,#376);
#375 = CARTESIAN_POINT('',(6.41622949745,-15.));
#376 = DIRECTION('',(1.,0.));
#377 = ( GEOMETRIC_REPRESENTATION_CONTEXT(2) 
PARAMETRIC_REPRESENTATION_CONTEXT() REPRESENTATION_CONTEXT('2D SPACE',''
  ) );
#378 = ORIENTED_EDGE('',*,*,#379,.T.);
#379 = EDGE_CURVE('',#348,#380,#382,.T.);
#380 = VERTEX_POINT('',#381);
#381 = CARTESIAN_POINT('',(-2.,-12.39249440564,2.751686524338E-15));
#382 = SURFACE_CURVE('',#383,(#388,#395),.PCURVE_S1.);
#383 = CIRCLE('',#384,12.552845);
#384 = AXIS2_PLACEMENT_3D('',#385,#386,#387);
#385 = CARTESIAN_POINT('',(0.,0.,0.));
#386 = DIRECTION('',(0.,-2.22044604925E-16,-1.));
#387 = DIRECTION('',(1.,0.,0.));
#388 = PCURVE('',#45,#389);
#389 = DEFINITIONAL_REPRESENTATION('',(#390),#394);
#390 = LINE('',#391,#392);
#391 = CARTESIAN_POINT('',(0.,-0.));
#392 = VECTOR('',#393,1.);
#393 = DIRECTION('',(1.,-0.));
#394 = ( GEOMETRIC_REPRESENTATION_CONTEXT(2) 
PARAMETRIC_REPRESENTATION_CONTEXT() REPRESENTATION_CONTEXT('2D SPACE',''
  ) );
#395 = PCURVE('',#396,#401);
#396 = PLANE('',#397);
#397 = AXIS2_PLACEMENT_3D('',#398,#399,#400);
#398 = CARTESIAN_POINT('',(0.,0.,0.));
#399 = DIRECTION('',(-0.,-2.22044604925E-16,-1.));
#400 = DIRECTION('',(1.,0.,0.));
#401 = DEFINITIONAL_REPRESENTATION('',(#402),#406);
#402 = CIRCLE('',#403,12.552845);
#403 = AXIS2_PLACEMENT_2D('',#404,#405);
#404 = CARTESIAN_POINT('',(0.,0.));
#405 = DIRECTION('',(1.,-0.));
#406 = ( GEOMETRIC_REPRESENTATION_CONTEXT(2) 
PARAMETRIC_REPRESENTATION_CONTEXT() REPRESENTATION_CONTEXT('2D SPACE',''
  ) );
#407 = ORIENTED_EDGE('',*,*,#408,.T.);
#408 = EDGE_CURVE('',#380,#409,#411,.T.);
#409 = VERTEX_POINT('',#410);
#410 = CARTESIAN_POINT('',(-3.,-12.06703540335,1.));
#411 = SURFACE_CURVE('',#412,(#417,#427),.PCURVE_S1.);
#412 = ELLIPSE('',#413,18.345060500613,12.88054262162);
#413 = AXIS2_PLACEMENT_3D('',#414,#415,#416);
#414 = CARTESIAN_POINT('',(1.536959387296,-7.85362749788E-16,
    -3.536959387296));
#415 = DIRECTION('',(-0.707106781187,-1.570092458684E-16,-0.707106781187
    ));
#416 = DIRECTION('',(0.707106781187,-1.570092458684E-16,-0.707106781187)
  );
#417 = PCURVE('',#45,#418);
#418 = DEFINITIONAL_REPRESENTATION('',(#419),#426);
#419 = B_SPLINE_CURVE_WITH_KNOTS('',5,(#420,#421,#422,#423,#424,#425),
  .UNSPECIFIED.,.F.,.F.,(6,6),(1.846955966216,1.936344595363),
  .PIECEWISE_BEZIER_KNOTS.);
#420 = CARTESIAN_POINT('',(1.730804658178,-5.595519048099E-16));
#421 = CARTESIAN_POINT('',(1.74914909002,-0.223121281544));
#422 = CARTESIAN_POINT('',(1.767541813432,-0.444829490043));
#423 = CARTESIAN_POINT('',(1.785982759649,-0.664976057422));
#424 = CARTESIAN_POINT('',(1.804471787995,-0.883414299226));
#425 = CARTESIAN_POINT('',(1.823008682163,-1.1));
#426 = ( GEOMETRIC_REPRESENTATION_CONTEXT(2) 
PARAMETRIC_REPRESENTATION_CONTEXT() REPRESENTATION_CONTEXT('2D SPACE',''
  ) );
#427 = PCURVE('',#428,#433);
#428 = PLANE('',#429);
#429 = AXIS2_PLACEMENT_3D('',#430,#431,#432);
#430 = CARTESIAN_POINT('',(-2.,15.,-3.330669073875E-15));
#431 = DIRECTION('',(-0.707106781187,-1.570092458684E-16,-0.707106781187
    ));
#432 = DIRECTION('',(-0.707106781187,1.570092458684E-16,0.707106781187)
  );
#433 = DEFINITIONAL_REPRESENTATION('',(#434),#438);
#434 = ELLIPSE('',#435,18.345060500613,12.88054262162);
#435 = AXIS2_PLACEMENT_2D('',#436,#437);
#436 = CARTESIAN_POINT('',(-5.002015935077,-15.));
#437 = DIRECTION('',(-1.,0.));
#438 = ( GEOMETRIC_REPRESENTATION_CONTEXT(2) 
PARAMETRIC_REPRESENTATION_CONTEXT() REPRESENTATION_CONTEXT('2D SPACE',''
  ) );
#439 = ORIENTED_EDGE('',*,*,#440,.T.);
#440 = EDGE_CURVE('',#409,#441,#443,.T.);
#441 = VERTEX_POINT('',#442);
#442 = CARTESIAN_POINT('',(-4.,-11.89848383593,2.641994142557E-15));
#443 = SURFACE_CURVE('',#444,(#449,#459),.PCURVE_S1.);
#444 = ELLIPSE('',#445,17.325379159085,12.164597913802);
#445 = AXIS2_PLACEMENT_3D('',#446,#447,#448);
#446 = CARTESIAN_POINT('',(-1.45152991652,5.658740328495E-16,
    2.54847008348));
#447 = DIRECTION('',(0.707106781187,-1.570092458684E-16,-0.707106781187)
  );
#448 = DIRECTION('',(-0.707106781187,-1.570092458684E-16,-0.707106781187
    ));
#449 = PCURVE('',#45,#450);
#450 = DEFINITIONAL_REPRESENTATION('',(#451),#458);
#451 = B_SPLINE_CURVE_WITH_KNOTS('',5,(#452,#453,#454,#455,#456,#457),
  .UNSPECIFIED.,.F.,.F.,(6,6),(4.83090003361,4.921942500717),
  .PIECEWISE_BEZIER_KNOTS.);
#452 = CARTESIAN_POINT('',(1.806417590772,-1.1));
#453 = CARTESIAN_POINT('',(1.82424804105,-0.878494357881));
#454 = CARTESIAN_POINT('',(1.842031403799,-0.657589014659));
#455 = CARTESIAN_POINT('',(1.859768180773,-0.437436970605));
#456 = CARTESIAN_POINT('',(1.877458928116,-0.218190395757));
#457 = CARTESIAN_POINT('',(1.895104250837,-3.73331432512E-15));
#458 = ( GEOMETRIC_REPRESENTATION_CONTEXT(2) 
PARAMETRIC_REPRESENTATION_CONTEXT() REPRESENTATION_CONTEXT('2D SPACE',''
  ) );
#459 = PCURVE('',#460,#465);
#460 = PLANE('',#461);
#461 = AXIS2_PLACEMENT_3D('',#462,#463,#464);
#462 = CARTESIAN_POINT('',(-3.,15.,1.));
#463 = DIRECTION('',(0.707106781187,-1.570092458684E-16,-0.707106781187)
  );
#464 = DIRECTION('',(-0.707106781187,-1.570092458684E-16,-0.707106781187
    ));
#465 = DEFINITIONAL_REPRESENTATION('',(#466),#470);
#466 = ELLIPSE('',#467,17.325379159085,12.164597913802);
#467 = AXIS2_PLACEMENT_2D('',#468,#469);
#468 = CARTESIAN_POINT('',(-2.189867392986,-15.));
#469 = DIRECTION('',(1.,0.));
#470 = ( GEOMETRIC_REPRESENTATION_CONTEXT(2) 
PARAMETRIC_REPRESENTATION_CONTEXT() REPRESENTATION_CONTEXT('2D SPACE',''
  ) );
#471 = ORIENTED_EDGE('',*,*,#472,.T.);
#472 = EDGE_CURVE('',#441,#473,#475,.T.);
#473 = VERTEX_POINT('',#474);
#474 = CARTESIAN_POINT('',(-5.,-11.51407476065,2.556638181308E-15));
#475 = SURFACE_CURVE('',#476,(#481,#488),.PCURVE_S1.);
#476 = CIRCLE('',#477,12.552845);
#477 = AXIS2_PLACEMENT_3D('',#478,#479,#480);
#478 = CARTESIAN_POINT('',(0.,0.,0.));
#479 = DIRECTION('',(0.,-2.22044604925E-16,-1.));
#480 = DIRECTION('',(1.,0.,0.));
#481 = PCURVE('',#45,#482);
#482 = DEFINITIONAL_REPRESENTATION('',(#483),#487);
#483 = LINE('',#484,#485);
#484 = CARTESIAN_POINT('',(0.,-0.));
#485 = VECTOR('',#486,1.);
#486 = DIRECTION('',(1.,-0.));
#487 = ( GEOMETRIC_REPRESENTATION_CONTEXT(2) 
PARAMETRIC_REPRESENTATION_CONTEXT() REPRESENTATION_CONTEXT('2D SPACE',''
  ) );
#488 = PCURVE('',#489,#494);
#489 = PLANE('',#490);
#490 = AXIS2_PLACEMENT_3D('',#491,#492,#493);
#491 = CARTESIAN_POINT('',(0.,0.,0.));
#492 = DIRECTION('',(-0.,-2.22044604925E-16,-1.));
#493 = DIRECTION('',(1.,0.,0.));
#494 = DEFINITIONAL_REPRESENTATION('',(#495),#499);
#495 = CIRCLE('',#496,12.552845);
#496 = AXIS2_PLACEMENT_2D('',#497,#498);
#497 = CARTESIAN_POINT('',(0.,0.));
#498 = DIRECTION('',(1.,-0.));
#499 = ( GEOMETRIC_REPRESENTATION_CONTEXT(2) 
PARAMETRIC_REPRESENTATION_CONTEXT() REPRESENTATION_CONTEXT('2D SPACE',''
  ) );
#500 = ORIENTED_EDGE('',*,*,#501,.T.);
#501 = EDGE_CURVE('',#473,#502,#504,.T.);
#502 = VERTEX_POINT('',#503);
#503 = CARTESIAN_POINT('',(-6.,-10.89097532022,1.));
#504 = SURFACE_CURVE('',#505,(#510,#520),.PCURVE_S1.);
#505 = ELLIPSE('',#506,18.854901171376,13.238514975529);
#506 = AXIS2_PLACEMENT_3D('',#507,#508,#509);
#507 = CARTESIAN_POINT('',(1.579674122684,-1.460981141107E-15,
    -6.579674122684));
#508 = DIRECTION('',(-0.707106781187,-1.570092458684E-16,-0.707106781187
    ));
#509 = DIRECTION('',(0.707106781187,-1.570092458684E-16,-0.707106781187)
  );
#510 = PCURVE('',#45,#511);
#511 = DEFINITIONAL_REPRESENTATION('',(#512),#519);
#512 = B_SPLINE_CURVE_WITH_KNOTS('',5,(#513,#514,#515,#516,#517,#518),
  .UNSPECIFIED.,.F.,.F.,(6,6),(2.086916077354,2.18464118693),
  .PIECEWISE_BEZIER_KNOTS.);
#513 = CARTESIAN_POINT('',(1.980476599379,-2.065723690417E-15));
#514 = CARTESIAN_POINT('',(2.001089222678,-0.226639288555));
#515 = CARTESIAN_POINT('',(2.02175696411,-0.450136718081));
#516 = CARTESIAN_POINT('',(2.042479197963,-0.67031191653));
#517 = CARTESIAN_POINT('',(2.063255184185,-0.886989518197));
#518 = CARTESIAN_POINT('',(2.084084066754,-1.1));
#519 = ( GEOMETRIC_REPRESENTATION_CONTEXT(2) 
PARAMETRIC_REPRESENTATION_CONTEXT() REPRESENTATION_CONTEXT('2D SPACE',''
  ) );
#520 = PCURVE('',#521,#526);
#521 = PLANE('',#522);
#522 = AXIS2_PLACEMENT_3D('',#523,#524,#525);
#523 = CARTESIAN_POINT('',(-5.,15.,-3.330669073875E-15));
#524 = DIRECTION('',(-0.707106781187,-1.570092458684E-16,-0.707106781187
    ));
#525 = DIRECTION('',(-0.707106781187,1.570092458684E-16,0.707106781187)
  );
#526 = DEFINITIONAL_REPRESENTATION('',(#527),#531);
#527 = ELLIPSE('',#528,18.854901171376,13.238514975529);
#528 = AXIS2_PLACEMENT_2D('',#529,#530);
#529 = CARTESIAN_POINT('',(-9.305064380294,-15.));
#530 = DIRECTION('',(-1.,0.));
#531 = ( GEOMETRIC_REPRESENTATION_CONTEXT(2) 
PARAMETRIC_REPRESENTATION_CONTEXT() REPRESENTATION_CONTEXT('2D SPACE',''
  ) );
#532 = ORIENTED_EDGE('',*,*,#533,.T.);
#533 = EDGE_CURVE('',#502,#534,#536,.T.);
#534 = VERTEX_POINT('',#535);
#535 = CARTESIAN_POINT('',(-7.,-10.41988088195,2.313678333799E-15));
#536 = SURFACE_CURVE('',#537,(#542,#552),.PCURVE_S1.);
#537 = ELLIPSE('',#538,16.815538488321,11.806625559893);
#538 = AXIS2_PLACEMENT_3D('',#539,#540,#541);
#539 = CARTESIAN_POINT('',(-1.408815181133,1.241492424168E-15,
    5.591184818867));
#540 = DIRECTION('',(0.707106781187,-1.570092458684E-16,-0.707106781187)
  );
#541 = DIRECTION('',(-0.707106781187,-1.570092458684E-16,-0.707106781187
    ));
#542 = PCURVE('',#45,#543);
#543 = DEFINITIONAL_REPRESENTATION('',(#544),#551);
#544 = B_SPLINE_CURVE_WITH_KNOTS('',5,(#545,#546,#547,#548,#549,#550),
  .UNSPECIFIED.,.F.,.F.,(6,6),(5.099717078395,5.201937570149),
  .PIECEWISE_BEZIER_KNOTS.);
#545 = CARTESIAN_POINT('',(2.065696902119,-1.1));
#546 = CARTESIAN_POINT('',(2.085127416168,-0.874919458768));
#547 = CARTESIAN_POINT('',(2.104505789012,-0.652185343369));
#548 = CARTESIAN_POINT('',(2.123833118537,-0.431993644356));
#549 = CARTESIAN_POINT('',(2.143110564017,-0.214536260968));
#550 = CARTESIAN_POINT('',(2.162339337585,-4.932967387848E-15));
#551 = ( GEOMETRIC_REPRESENTATION_CONTEXT(2) 
PARAMETRIC_REPRESENTATION_CONTEXT() REPRESENTATION_CONTEXT('2D SPACE',''
  ) );
#552 = PCURVE('',#553,#558);
#553 = PLANE('',#554);
#554 = AXIS2_PLACEMENT_3D('',#555,#556,#557);
#555 = CARTESIAN_POINT('',(-6.,15.,1.));
#556 = DIRECTION('',(0.707106781187,-1.570092458684E-16,-0.707106781187)
  );
#557 = DIRECTION('',(-0.707106781187,-1.570092458684E-16,-0.707106781187
    ));
#558 = DEFINITIONAL_REPRESENTATION('',(#559),#563);
#559 = ELLIPSE('',#560,16.815538488321,11.806625559893);
#560 = AXIS2_PLACEMENT_2D('',#561,#562);
#561 = CARTESIAN_POINT('',(-6.492915838204,-15.));
#562 = DIRECTION('',(1.,0.));
#563 = ( GEOMETRIC_REPRESENTATION_CONTEXT(2) 
PARAMETRIC_REPRESENTATION_CONTEXT() REPRESENTATION_CONTEXT('2D SPACE',''
  ) );
#564 = ORIENTED_EDGE('',*,*,#565,.T.);
#565 = EDGE_CURVE('',#534,#566,#568,.T.);
#566 = VERTEX_POINT('',#567);
#567 = CARTESIAN_POINT('',(-8.,-9.67336123558,2.147917673851E-15));
#568 = SURFACE_CURVE('',#569,(#574,#581),.PCURVE_S1.);
#569 = CIRCLE('',#570,12.552845);
#570 = AXIS2_PLACEMENT_3D('',#571,#572,#573);
#571 = CARTESIAN_POINT('',(0.,0.,0.));
#572 = DIRECTION('',(0.,-2.22044604925E-16,-1.));
#573 = DIRECTION('',(1.,0.,0.));
#574 = PCURVE('',#45,#575);
#575 = DEFINITIONAL_REPRESENTATION('',(#576),#580);
#576 = LINE('',#577,#578);
#577 = CARTESIAN_POINT('',(0.,-0.));
#578 = VECTOR('',#579,1.);
#579 = DIRECTION('',(1.,-0.));
#580 = ( GEOMETRIC_REPRESENTATION_CONTEXT(2) 
PARAMETRIC_REPRESENTATION_CONTEXT() REPRESENTATION_CONTEXT('2D SPACE',''
  ) );
#581 = PCURVE('',#582,#587);
#582 = PLANE('',#583);
#583 = AXIS2_PLACEMENT_3D('',#584,#585,#586);
#584 = CARTESIAN_POINT('',(0.,0.,0.));
#585 = DIRECTION('',(-0.,-2.22044604925E-16,-1.));
#586 = DIRECTION('',(1.,0.,0.));
#587 = DEFINITIONAL_REPRESENTATION('',(#588),#592);
#588 = CIRCLE('',#589,12.552845);
#589 = AXIS2_PLACEMENT_2D('',#590,#591);
#590 = CARTESIAN_POINT('',(0.,0.));
#591 = DIRECTION('',(1.,-0.));
#592 = ( GEOMETRIC_REPRESENTATION_CONTEXT(2) 
PARAMETRIC_REPRESENTATION_CONTEXT() REPRESENTATION_CONTEXT('2D SPACE',''
  ) );
#593 = ORIENTED_EDGE('',*,*,#594,.T.);
#594 = EDGE_CURVE('',#566,#595,#597,.T.);
#595 = VERTEX_POINT('',#596);
#596 = CARTESIAN_POINT('',(-9.,-8.579821876112,1.));
#597 = SURFACE_CURVE('',#598,(#603,#613),.PCURVE_S1.);
#598 = ELLIPSE('',#599,19.36474184214,13.596487329438);
#599 = AXIS2_PLACEMENT_3D('',#600,#601,#602);
#600 = CARTESIAN_POINT('',(1.622388858071,-2.136599532425E-15,
    -9.622388858071));
#601 = DIRECTION('',(-0.707106781187,-1.570092458684E-16,-0.707106781187
    ));
#602 = DIRECTION('',(0.707106781187,-1.570092458684E-16,-0.707106781187)
  );
#603 = PCURVE('',#45,#604);
#604 = DEFINITIONAL_REPRESENTATION('',(#605),#612);
#605 = B_SPLINE_CURVE_WITH_KNOTS('',5,(#606,#607,#608,#609,#610,#611),
  .UNSPECIFIED.,.F.,.F.,(6,6),(2.350018545242,2.470366477039),
  .PIECEWISE_BEZIER_KNOTS.);
#606 = CARTESIAN_POINT('',(2.261793233754,3.662391378695E-15));
#607 = CARTESIAN_POINT('',(2.287863963215,-0.234485517434));
#608 = CARTESIAN_POINT('',(2.314006819213,-0.462002682362));
#609 = CARTESIAN_POINT('',(2.34021947619,-0.682268471973));
#610 = CARTESIAN_POINT('',(2.366499347386,-0.895016711913));
#611 = CARTESIAN_POINT('',(2.392843600349,-1.1));
#612 = ( GEOMETRIC_REPRESENTATION_CONTEXT(2) 
PARAMETRIC_REPRESENTATION_CONTEXT() REPRESENTATION_CONTEXT('2D SPACE',''
  ) );
#613 = PCURVE('',#614,#619);
#614 = PLANE('',#615);
#615 = AXIS2_PLACEMENT_3D('',#616,#617,#618);
#616 = CARTESIAN_POINT('',(-8.,15.,-3.330669073875E-15));
#617 = DIRECTION('',(-0.707106781187,-1.570092458684E-16,-0.707106781187
    ));
#618 = DIRECTION('',(-0.707106781187,1.570092458684E-16,0.707106781187)
  );
#619 = DEFINITIONAL_REPRESENTATION('',(#620),#624);
#620 = ELLIPSE('',#621,19.36474184214,13.596487329438);
#621 = AXIS2_PLACEMENT_2D('',#622,#623);
#622 = CARTESIAN_POINT('',(-13.60811282551,-15.));
#623 = DIRECTION('',(-1.,0.));
#624 = ( GEOMETRIC_REPRESENTATION_CONTEXT(2) 
PARAMETRIC_REPRESENTATION_CONTEXT() REPRESENTATION_CONTEXT('2D SPACE',''
  ) );
#625 = ORIENTED_EDGE('',*,*,#626,.T.);
#626 = EDGE_CURVE('',#595,#627,#629,.T.);
#627 = VERTEX_POINT('',#628);
#628 = CARTESIAN_POINT('',(-10.,-7.587747860467,1.684818475948E-15));
#629 = SURFACE_CURVE('',#630,(#635,#645),.PCURVE_S1.);
#630 = ELLIPSE('',#631,16.305697817557,11.448653205984);
#631 = AXIS2_PLACEMENT_3D('',#632,#633,#634);
#632 = CARTESIAN_POINT('',(-1.366100445745,1.917110815487E-15,
    8.633899554255));
#633 = DIRECTION('',(0.707106781187,-1.570092458684E-16,-0.707106781187)
  );
#634 = DIRECTION('',(-0.707106781187,-1.570092458684E-16,-0.707106781187
    ));
#635 = PCURVE('',#45,#636);
#636 = DEFINITIONAL_REPRESENTATION('',(#637),#644);
#637 = B_SPLINE_CURVE_WITH_KNOTS('',5,(#638,#639,#640,#641,#642,#643),
  .UNSPECIFIED.,.F.,.F.,(6,6),(5.424488501067,5.558682303271),
  .PIECEWISE_BEZIER_KNOTS.);
#638 = CARTESIAN_POINT('',(2.36948403069,-1.1));
#639 = CARTESIAN_POINT('',(2.394218773151,-0.865750892717));
#640 = CARTESIAN_POINT('',(2.418884436903,-0.638285298332));
#641 = CARTESIAN_POINT('',(2.443484203715,-0.417954755552));
#642 = CARTESIAN_POINT('',(2.468021364289,-0.205090401983));
#643 = CARTESIAN_POINT('',(2.492499294254,-2.049591446382E-15));
#644 = ( GEOMETRIC_REPRESENTATION_CONTEXT(2) 
PARAMETRIC_REPRESENTATION_CONTEXT() REPRESENTATION_CONTEXT('2D SPACE',''
  ) );
#645 = PCURVE('',#646,#651);
#646 = PLANE('',#647);
#647 = AXIS2_PLACEMENT_3D('',#648,#649,#650);
#648 = CARTESIAN_POINT('',(-9.,15.,1.));
#649 = DIRECTION('',(0.707106781187,-1.570092458684E-16,-0.707106781187)
  );
#650 = DIRECTION('',(-0.707106781187,-1.570092458684E-16,-0.707106781187
    ));
#651 = DEFINITIONAL_REPRESENTATION('',(#652),#656);
#652 = ELLIPSE('',#653,16.305697817557,11.448653205984);
#653 = AXIS2_PLACEMENT_2D('',#654,#655);
#654 = CARTESIAN_POINT('',(-10.79596428342,-15.));
#655 = DIRECTION('',(1.,0.));
#656 = ( GEOMETRIC_REPRESENTATION_CONTEXT(2) 
PARAMETRIC_REPRESENTATION_CONTEXT() REPRESENTATION_CONTEXT('2D SPACE',''
  ) );
#657 = ORIENTED_EDGE('',*,*,#658,.T.);
#658 = EDGE_CURVE('',#627,#659,#661,.T.);
#659 = VERTEX_POINT('',#660);
#660 = CARTESIAN_POINT('',(-10.,7.587747860467,-1.684818475948E-15));
#661 = SURFACE_CURVE('',#662,(#667,#674),.PCURVE_S1.);
#662 = CIRCLE('',#663,12.552845);
#663 = AXIS2_PLACEMENT_3D('',#664,#665,#666);
#664 = CARTESIAN_POINT('',(0.,0.,0.));
#665 = DIRECTION('',(0.,-2.22044604925E-16,-1.));
#666 = DIRECTION('',(1.,0.,0.));
#667 = PCURVE('',#45,#668);
#668 = DEFINITIONAL_REPRESENTATION('',(#669),#673);
#669 = LINE('',#670,#671);
#670 = CARTESIAN_POINT('',(0.,-0.));
#671 = VECTOR('',#672,1.);
#672 = DIRECTION('',(1.,-0.));
#673 = ( GEOMETRIC_REPRESENTATION_CONTEXT(2) 
PARAMETRIC_REPRESENTATION_CONTEXT() REPRESENTATION_CONTEXT('2D SPACE',''
  ) );
#674 = PCURVE('',#675,#680);
#675 = PLANE('',#676);
#676 = AXIS2_PLACEMENT_3D('',#677,#678,#679);
#677 = CARTESIAN_POINT('',(0.,0.,0.));
#678 = DIRECTION('',(-0.,-2.22044604925E-16,-1.));
#679 = DIRECTION('',(1.,0.,0.));
#680 = DEFINITIONAL_REPRESENTATION('',(#681),#685);
#681 = CIRCLE('',#682,12.552845);
#682 = AXIS2_PLACEMENT_2D('',#683,#684);
#683 = CARTESIAN_POINT('',(0.,0.));
#684 = DIRECTION('',(1.,-0.));
#685 = ( GEOMETRIC_REPRESENTATION_CONTEXT(2) 
PARAMETRIC_REPRESENTATION_CONTEXT() REPRESENTATION_CONTEXT('2D SPACE',''
  ) );
#686 = ORIENTED_EDGE('',*,*,#687,.T.);
#687 = EDGE_CURVE('',#659,#688,#690,.T.);
#688 = VERTEX_POINT('',#689);
#689 = CARTESIAN_POINT('',(-9.,8.579821876112,1.));
#690 = SURFACE_CURVE('',#691,(#696,#706),.PCURVE_S1.);
#691 = ELLIPSE('',#692,16.305697817557,11.448653205984);
#692 = AXIS2_PLACEMENT_3D('',#693,#694,#695);
#693 = CARTESIAN_POINT('',(-1.366100445745,1.917110815487E-15,
    8.633899554255));
#694 = DIRECTION('',(0.707106781187,-1.570092458684E-16,-0.707106781187)
  );
#695 = DIRECTION('',(-0.707106781187,-1.570092458684E-16,-0.707106781187
    ));
#696 = PCURVE('',#45,#697);
#697 = DEFINITIONAL_REPRESENTATION('',(#698),#705);
#698 = B_SPLINE_CURVE_WITH_KNOTS('',5,(#699,#700,#701,#702,#703,#704),
  .UNSPECIFIED.,.F.,.F.,(6,6),(0.724503003909,0.858696806113),
  .PIECEWISE_BEZIER_KNOTS.);
#699 = CARTESIAN_POINT('',(3.790686012926,1.634480616656E-15));
#700 = CARTESIAN_POINT('',(3.81516394289,-0.205090401983));
#701 = CARTESIAN_POINT('',(3.839701103465,-0.417954755552));
#702 = CARTESIAN_POINT('',(3.864300870276,-0.638285298332));
#703 = CARTESIAN_POINT('',(3.888966534029,-0.865750892717));
#704 = CARTESIAN_POINT('',(3.91370127649,-1.1));
#705 = ( GEOMETRIC_REPRESENTATION_CONTEXT(2) 
PARAMETRIC_REPRESENTATION_CONTEXT() REPRESENTATION_CONTEXT('2D SPACE',''
  ) );
#706 = PCURVE('',#646,#707);
#707 = DEFINITIONAL_REPRESENTATION('',(#708),#712);
#708 = ELLIPSE('',#709,16.305697817557,11.448653205984);
#709 = AXIS2_PLACEMENT_2D('',#710,#711);
#710 = CARTESIAN_POINT('',(-10.79596428342,-15.));
#711 = DIRECTION('',(1.,0.));
#712 = ( GEOMETRIC_REPRESENTATION_CONTEXT(2) 
PARAMETRIC_REPRESENTATION_CONTEXT() REPRESENTATION_CONTEXT('2D SPACE',''
  ) );
#713 = ORIENTED_EDGE('',*,*,#714,.T.);
#714 = EDGE_CURVE('',#688,#715,#717,.T.);
#715 = VERTEX_POINT('',#716);
#716 = CARTESIAN_POINT('',(-8.,9.67336123558,-2.147917673851E-15));
#717 = SURFACE_CURVE('',#718,(#723,#733),.PCURVE_S1.);
#718 = ELLIPSE('',#719,19.36474184214,13.596487329438);
#719 = AXIS2_PLACEMENT_3D('',#720,#721,#722);
#720 = CARTESIAN_POINT('',(1.622388858071,-2.136599532425E-15,
    -9.622388858071));
#721 = DIRECTION('',(-0.707106781187,-1.570092458684E-16,-0.707106781187
    ));
#722 = DIRECTION('',(0.707106781187,-1.570092458684E-16,-0.707106781187)
  );
#723 = PCURVE('',#45,#724);
#724 = DEFINITIONAL_REPRESENTATION('',(#725),#732);
#725 = B_SPLINE_CURVE_WITH_KNOTS('',5,(#726,#727,#728,#729,#730,#731),
  .UNSPECIFIED.,.F.,.F.,(6,6),(3.812818830141,3.933166761937),
  .PIECEWISE_BEZIER_KNOTS.);
#726 = CARTESIAN_POINT('',(3.890341706831,-1.1));
#727 = CARTESIAN_POINT('',(3.916685959794,-0.895016711913));
#728 = CARTESIAN_POINT('',(3.942965830989,-0.682268471973));
#729 = CARTESIAN_POINT('',(3.969178487967,-0.462002682362));
#730 = CARTESIAN_POINT('',(3.995321343965,-0.234485517434));
#731 = CARTESIAN_POINT('',(4.021392073425,-4.077502208421E-15));
#732 = ( GEOMETRIC_REPRESENTATION_CONTEXT(2) 
PARAMETRIC_REPRESENTATION_CONTEXT() REPRESENTATION_CONTEXT('2D SPACE',''
  ) );
#733 = PCURVE('',#614,#734);
#734 = DEFINITIONAL_REPRESENTATION('',(#735),#739);
#735 = ELLIPSE('',#736,19.36474184214,13.596487329438);
#736 = AXIS2_PLACEMENT_2D('',#737,#738);
#737 = CARTESIAN_POINT('',(-13.60811282551,-15.));
#738 = DIRECTION('',(-1.,0.));
#739 = ( GEOMETRIC_REPRESENTATION_CONTEXT(2) 
PARAMETRIC_REPRESENTATION_CONTEXT() REPRESENTATION_CONTEXT('2D SPACE',''
  ) );
#740 = ORIENTED_EDGE('',*,*,#741,.T.);
#741 = EDGE_CURVE('',#715,#742,#744,.T.);
#742 = VERTEX_POINT('',#743);
#743 = CARTESIAN_POINT('',(-7.,10.41988088195,-2.313678333799E-15));
#744 = SURFACE_CURVE('',#745,(#750,#757),.PCURVE_S1.);
#745 = CIRCLE('',#746,12.552845);
#746 = AXIS2_PLACEMENT_3D('',#747,#748,#749);
#747 = CARTESIAN_POINT('',(0.,0.,0.));
#748 = DIRECTION('',(0.,-2.22044604925E-16,-1.));
#749 = DIRECTION('',(1.,0.,0.));
#750 = PCURVE('',#45,#751);
#751 = DEFINITIONAL_REPRESENTATION('',(#752),#756);
#752 = LINE('',#753,#754);
#753 = CARTESIAN_POINT('',(0.,-0.));
#754 = VECTOR('',#755,1.);
#755 = DIRECTION('',(1.,-0.));
#756 = ( GEOMETRIC_REPRESENTATION_CONTEXT(2) 
PARAMETRIC_REPRESENTATION_CONTEXT() REPRESENTATION_CONTEXT('2D SPACE',''
  ) );
#757 = PCURVE('',#582,#758);
#758 = DEFINITIONAL_REPRESENTATION('',(#759),#763);
#759 = CIRCLE('',#760,12.552845);
#760 = AXIS2_PLACEMENT_2D('',#761,#762);
#761 = CARTESIAN_POINT('',(0.,0.));
#762 = DIRECTION('',(1.,-0.));
#763 = ( GEOMETRIC_REPRESENTATION_CONTEXT(2) 
PARAMETRIC_REPRESENTATION_CONTEXT() REPRESENTATION_CONTEXT('2D SPACE',''
  ) );
#764 = ORIENTED_EDGE('',*,*,#765,.T.);
#765 = EDGE_CURVE('',#742,#766,#768,.T.);
#766 = VERTEX_POINT('',#767);
#767 = CARTESIAN_POINT('',(-6.,10.890975320228,1.));
#768 = SURFACE_CURVE('',#769,(#774,#784),.PCURVE_S1.);
#769 = ELLIPSE('',#770,16.815538488321,11.806625559893);
#770 = AXIS2_PLACEMENT_3D('',#771,#772,#773);
#771 = CARTESIAN_POINT('',(-1.408815181133,1.241492424168E-15,
    5.591184818867));
#772 = DIRECTION('',(0.707106781187,-1.570092458684E-16,-0.707106781187)
  );
#773 = DIRECTION('',(-0.707106781187,-1.570092458684E-16,-0.707106781187
    ));
#774 = PCURVE('',#45,#775);
#775 = DEFINITIONAL_REPRESENTATION('',(#776),#783);
#776 = B_SPLINE_CURVE_WITH_KNOTS('',5,(#777,#778,#779,#780,#781,#782),
  .UNSPECIFIED.,.F.,.F.,(6,6),(1.08124773703,1.183468228784),
  .PIECEWISE_BEZIER_KNOTS.);
#777 = CARTESIAN_POINT('',(4.120845969595,-1.613320685145E-15));
#778 = CARTESIAN_POINT('',(4.140074743163,-0.214536260968));
#779 = CARTESIAN_POINT('',(4.159352188642,-0.431993644356));
#780 = CARTESIAN_POINT('',(4.178679518168,-0.652185343369));
#781 = CARTESIAN_POINT('',(4.198057891012,-0.874919458768));
#782 = CARTESIAN_POINT('',(4.21748840506,-1.1));
#783 = ( GEOMETRIC_REPRESENTATION_CONTEXT(2) 
PARAMETRIC_REPRESENTATION_CONTEXT() REPRESENTATION_CONTEXT('2D SPACE',''
  ) );
#784 = PCURVE('',#553,#785);
#785 = DEFINITIONAL_REPRESENTATION('',(#786),#790);
#786 = ELLIPSE('',#787,16.815538488321,11.806625559893);
#787 = AXIS2_PLACEMENT_2D('',#788,#789);
#788 = CARTESIAN_POINT('',(-6.492915838204,-15.));
#789 = DIRECTION('',(1.,0.));
#790 = ( GEOMETRIC_REPRESENTATION_CONTEXT(2) 
PARAMETRIC_REPRESENTATION_CONTEXT() REPRESENTATION_CONTEXT('2D SPACE',''
  ) );
#791 = ORIENTED_EDGE('',*,*,#792,.T.);
#792 = EDGE_CURVE('',#766,#793,#795,.T.);
#793 = VERTEX_POINT('',#794);
#794 = CARTESIAN_POINT('',(-5.,11.514074760658,-2.556638181308E-15));
#795 = SURFACE_CURVE('',#796,(#801,#811),.PCURVE_S1.);
#796 = ELLIPSE('',#797,18.854901171376,13.238514975529);
#797 = AXIS2_PLACEMENT_3D('',#798,#799,#800);
#798 = CARTESIAN_POINT('',(1.579674122684,-1.460981141107E-15,
    -6.579674122684));
#799 = DIRECTION('',(-0.707106781187,-1.570092458684E-16,-0.707106781187
    ));
#800 = DIRECTION('',(0.707106781187,-1.570092458684E-16,-0.707106781187)
  );
#801 = PCURVE('',#45,#802);
#802 = DEFINITIONAL_REPRESENTATION('',(#803),#810);
#803 = B_SPLINE_CURVE_WITH_KNOTS('',5,(#804,#805,#806,#807,#808,#809),
  .UNSPECIFIED.,.F.,.F.,(6,6),(4.09854412025,4.196269229825),
  .PIECEWISE_BEZIER_KNOTS.);
#804 = CARTESIAN_POINT('',(4.199101240426,-1.1));
#805 = CARTESIAN_POINT('',(4.219930122994,-0.886989518197));
#806 = CARTESIAN_POINT('',(4.240706109217,-0.67031191653));
#807 = CARTESIAN_POINT('',(4.26142834307,-0.450136718081));
#808 = CARTESIAN_POINT('',(4.282096084501,-0.226639288555));
#809 = CARTESIAN_POINT('',(4.302708707801,-4.480564382576E-15));
#810 = ( GEOMETRIC_REPRESENTATION_CONTEXT(2) 
PARAMETRIC_REPRESENTATION_CONTEXT() REPRESENTATION_CONTEXT('2D SPACE',''
  ) );
#811 = PCURVE('',#521,#812);
#812 = DEFINITIONAL_REPRESENTATION('',(#813),#817);
#813 = ELLIPSE('',#814,18.854901171376,13.238514975529);
#814 = AXIS2_PLACEMENT_2D('',#815,#816);
#815 = CARTESIAN_POINT('',(-9.305064380294,-15.));
#816 = DIRECTION('',(-1.,0.));
#817 = ( GEOMETRIC_REPRESENTATION_CONTEXT(2) 
PARAMETRIC_REPRESENTATION_CONTEXT() REPRESENTATION_CONTEXT('2D SPACE',''
  ) );
#818 = ORIENTED_EDGE('',*,*,#819,.T.);
#819 = EDGE_CURVE('',#793,#820,#822,.T.);
#820 = VERTEX_POINT('',#821);
#821 = CARTESIAN_POINT('',(-4.,11.898483835936,-2.641994142557E-15));
#822 = SURFACE_CURVE('',#823,(#828,#835),.PCURVE_S1.);
#823 = CIRCLE('',#824,12.552845);
#824 = AXIS2_PLACEMENT_3D('',#825,#826,#827);
#825 = CARTESIAN_POINT('',(0.,0.,0.));
#826 = DIRECTION('',(0.,-2.22044604925E-16,-1.));
#827 = DIRECTION('',(1.,0.,0.));
#828 = PCURVE('',#45,#829);
#829 = DEFINITIONAL_REPRESENTATION('',(#830),#834);
#830 = LINE('',#831,#832);
#831 = CARTESIAN_POINT('',(0.,-0.));
#832 = VECTOR('',#833,1.);
#833 = DIRECTION('',(1.,-0.));
#834 = ( GEOMETRIC_REPRESENTATION_CONTEXT(2) 
PARAMETRIC_REPRESENTATION_CONTEXT() REPRESENTATION_CONTEXT('2D SPACE',''
  ) );
#835 = PCURVE('',#489,#836);
#836 = DEFINITIONAL_REPRESENTATION('',(#837),#841);
#837 = CIRCLE('',#838,12.552845);
#838 = AXIS2_PLACEMENT_2D('',#839,#840);
#839 = CARTESIAN_POINT('',(0.,0.));
#840 = DIRECTION('',(1.,-0.));
#841 = ( GEOMETRIC_REPRESENTATION_CONTEXT(2) 
PARAMETRIC_REPRESENTATION_CONTEXT() REPRESENTATION_CONTEXT('2D SPACE',''
  ) );
#842 = ORIENTED_EDGE('',*,*,#843,.T.);
#843 = EDGE_CURVE('',#820,#844,#846,.T.);
#844 = VERTEX_POINT('',#845);
#845 = CARTESIAN_POINT('',(-3.,12.067035403354,1.));
#846 = SURFACE_CURVE('',#847,(#852,#862),.PCURVE_S1.);
#847 = ELLIPSE('',#848,17.325379159085,12.164597913802);
#848 = AXIS2_PLACEMENT_3D('',#849,#850,#851);
#849 = CARTESIAN_POINT('',(-1.45152991652,5.658740328495E-16,
    2.54847008348));
#850 = DIRECTION('',(0.707106781187,-1.570092458684E-16,-0.707106781187)
  );
#851 = DIRECTION('',(-0.707106781187,-1.570092458684E-16,-0.707106781187
    ));
#852 = PCURVE('',#45,#853);
#853 = DEFINITIONAL_REPRESENTATION('',(#854),#861);
#854 = B_SPLINE_CURVE_WITH_KNOTS('',5,(#855,#856,#857,#858,#859,#860),
  .UNSPECIFIED.,.F.,.F.,(6,6),(1.361242806462,1.45228527357),
  .PIECEWISE_BEZIER_KNOTS.);
#855 = CARTESIAN_POINT('',(4.388081056342,1.358883153884E-15));
#856 = CARTESIAN_POINT('',(4.405726379063,-0.218190395757));
#857 = CARTESIAN_POINT('',(4.423417126407,-0.437436970605));
#858 = CARTESIAN_POINT('',(4.441153903381,-0.657589014659));
#859 = CARTESIAN_POINT('',(4.45893726613,-0.878494357881));
#860 = CARTESIAN_POINT('',(4.476767716408,-1.1));
#861 = ( GEOMETRIC_REPRESENTATION_CONTEXT(2) 
PARAMETRIC_REPRESENTATION_CONTEXT() REPRESENTATION_CONTEXT('2D SPACE',''
  ) );
#862 = PCURVE('',#460,#863);
#863 = DEFINITIONAL_REPRESENTATION('',(#864),#868);
#864 = ELLIPSE('',#865,17.325379159085,12.164597913802);
#865 = AXIS2_PLACEMENT_2D('',#866,#867);
#866 = CARTESIAN_POINT('',(-2.189867392986,-15.));
#867 = DIRECTION('',(1.,0.));
#868 = ( GEOMETRIC_REPRESENTATION_CONTEXT(2) 
PARAMETRIC_REPRESENTATION_CONTEXT() REPRESENTATION_CONTEXT('2D SPACE',''
  ) );
#869 = ORIENTED_EDGE('',*,*,#870,.T.);
#870 = EDGE_CURVE('',#844,#871,#873,.T.);
#871 = VERTEX_POINT('',#872);
#872 = CARTESIAN_POINT('',(-2.,12.392494405648,-2.751686524338E-15));
#873 = SURFACE_CURVE('',#874,(#879,#889),.PCURVE_S1.);
#874 = ELLIPSE('',#875,18.345060500613,12.88054262162);
#875 = AXIS2_PLACEMENT_3D('',#876,#877,#878);
#876 = CARTESIAN_POINT('',(1.536959387296,-7.85362749788E-16,
    -3.536959387296));
#877 = DIRECTION('',(-0.707106781187,-1.570092458684E-16,-0.707106781187
    ));
#878 = DIRECTION('',(0.707106781187,-1.570092458684E-16,-0.707106781187)
  );
#879 = PCURVE('',#45,#880);
#880 = DEFINITIONAL_REPRESENTATION('',(#881),#888);
#881 = B_SPLINE_CURVE_WITH_KNOTS('',5,(#882,#883,#884,#885,#886,#887),
  .UNSPECIFIED.,.F.,.F.,(6,6),(4.346840711816,4.436229340963),
  .PIECEWISE_BEZIER_KNOTS.);
#882 = CARTESIAN_POINT('',(4.460176625016,-1.1));
#883 = CARTESIAN_POINT('',(4.478713519184,-0.883414299226));
#884 = CARTESIAN_POINT('',(4.49720254753,-0.664976057422));
#885 = CARTESIAN_POINT('',(4.515643493747,-0.444829490043));
#886 = CARTESIAN_POINT('',(4.534036217159,-0.223121281544));
#887 = CARTESIAN_POINT('',(4.552380649001,-9.490266021479E-15));
#888 = ( GEOMETRIC_REPRESENTATION_CONTEXT(2) 
PARAMETRIC_REPRESENTATION_CONTEXT() REPRESENTATION_CONTEXT('2D SPACE',''
  ) );
#889 = PCURVE('',#428,#890);
#890 = DEFINITIONAL_REPRESENTATION('',(#891),#895);
#891 = ELLIPSE('',#892,18.345060500613,12.88054262162);
#892 = AXIS2_PLACEMENT_2D('',#893,#894);
#893 = CARTESIAN_POINT('',(-5.002015935077,-15.));
#894 = DIRECTION('',(-1.,0.));
#895 = ( GEOMETRIC_REPRESENTATION_CONTEXT(2) 
PARAMETRIC_REPRESENTATION_CONTEXT() REPRESENTATION_CONTEXT('2D SPACE',''
  ) );
#896 = ORIENTED_EDGE('',*,*,#897,.T.);
#897 = EDGE_CURVE('',#871,#898,#900,.T.);
#898 = VERTEX_POINT('',#899);
#899 = CARTESIAN_POINT('',(2.,12.392494405648,-2.751686524338E-15));
#900 = SURFACE_CURVE('',#901,(#906,#913),.PCURVE_S1.);
#901 = CIRCLE('',#902,12.552845);
#902 = AXIS2_PLACEMENT_3D('',#903,#904,#905);
#903 = CARTESIAN_POINT('',(0.,0.,0.));
#904 = DIRECTION('',(0.,-2.22044604925E-16,-1.));
#905 = DIRECTION('',(1.,0.,0.));
#906 = PCURVE('',#45,#907);
#907 = DEFINITIONAL_REPRESENTATION('',(#908),#912);
#908 = LINE('',#909,#910);
#909 = CARTESIAN_POINT('',(0.,-0.));
#910 = VECTOR('',#911,1.);
#911 = DIRECTION('',(1.,-0.));
#912 = ( GEOMETRIC_REPRESENTATION_CONTEXT(2) 
PARAMETRIC_REPRESENTATION_CONTEXT() REPRESENTATION_CONTEXT('2D SPACE',''
  ) );
#913 = PCURVE('',#396,#914);
#914 = DEFINITIONAL_REPRESENTATION('',(#915),#919);
#915 = CIRCLE('',#916,12.552845);
#916 = AXIS2_PLACEMENT_2D('',#917,#918);
#917 = CARTESIAN_POINT('',(0.,0.));
#918 = DIRECTION('',(1.,-0.));
#919 = ( GEOMETRIC_REPRESENTATION_CONTEXT(2) 
PARAMETRIC_REPRESENTATION_CONTEXT() REPRESENTATION_CONTEXT('2D SPACE',''
  ) );
#920 = ORIENTED_EDGE('',*,*,#921,.T.);
#921 = EDGE_CURVE('',#898,#922,#924,.T.);
#922 = VERTEX_POINT('',#923);
#923 = CARTESIAN_POINT('',(3.,12.067035403354,1.));
#924 = SURFACE_CURVE('',#925,(#930,#940),.PCURVE_S1.);
#925 = ELLIPSE('',#926,18.345060500613,12.88054262162);
#926 = AXIS2_PLACEMENT_3D('',#927,#928,#929);
#927 = CARTESIAN_POINT('',(-1.536959387296,-7.85362749788E-16,
    -3.536959387296));
#928 = DIRECTION('',(0.707106781187,-1.570092458684E-16,-0.707106781187)
  );
#929 = DIRECTION('',(-0.707106781187,-1.570092458684E-16,-0.707106781187
    ));
#930 = PCURVE('',#45,#931);
#931 = DEFINITIONAL_REPRESENTATION('',(#932),#939);
#932 = B_SPLINE_CURVE_WITH_KNOTS('',5,(#933,#934,#935,#936,#937,#938),
  .UNSPECIFIED.,.F.,.F.,(6,6),(1.846955966216,1.936344595363),
  .PIECEWISE_BEZIER_KNOTS.);
#933 = CARTESIAN_POINT('',(4.872397311768,2.564533050193E-15));
#934 = CARTESIAN_POINT('',(4.89074174361,-0.223121281544));
#935 = CARTESIAN_POINT('',(4.909134467022,-0.444829490043));
#936 = CARTESIAN_POINT('',(4.927575413239,-0.664976057422));
#937 = CARTESIAN_POINT('',(4.946064441585,-0.883414299226));
#938 = CARTESIAN_POINT('',(4.964601335753,-1.1));
#939 = ( GEOMETRIC_REPRESENTATION_CONTEXT(2) 
PARAMETRIC_REPRESENTATION_CONTEXT() REPRESENTATION_CONTEXT('2D SPACE',''
  ) );
#940 = PCURVE('',#367,#941);
#941 = DEFINITIONAL_REPRESENTATION('',(#942),#946);
#942 = ELLIPSE('',#943,18.345060500613,12.88054262162);
#943 = AXIS2_PLACEMENT_2D('',#944,#945);
#944 = CARTESIAN_POINT('',(6.41622949745,-15.));
#945 = DIRECTION('',(1.,0.));
#946 = ( GEOMETRIC_REPRESENTATION_CONTEXT(2) 
PARAMETRIC_REPRESENTATION_CONTEXT() REPRESENTATION_CONTEXT('2D SPACE',''
  ) );
#947 = ORIENTED_EDGE('',*,*,#948,.T.);
#948 = EDGE_CURVE('',#922,#949,#951,.T.);
#949 = VERTEX_POINT('',#950);
#950 = CARTESIAN_POINT('',(4.,11.898483835936,-2.641994142557E-15));
#951 = SURFACE_CURVE('',#952,(#957,#967),.PCURVE_S1.);
#952 = ELLIPSE('',#953,17.325379159085,12.164597913802);
#953 = AXIS2_PLACEMENT_3D('',#954,#955,#956);
#954 = CARTESIAN_POINT('',(1.45152991652,5.658740328495E-16,
    2.54847008348));
#955 = DIRECTION('',(-0.707106781187,-1.570092458684E-16,-0.707106781187
    ));
#956 = DIRECTION('',(0.707106781187,-1.570092458684E-16,-0.707106781187)
  );
#957 = PCURVE('',#45,#958);
#958 = DEFINITIONAL_REPRESENTATION('',(#959),#966);
#959 = B_SPLINE_CURVE_WITH_KNOTS('',5,(#960,#961,#962,#963,#964,#965),
  .UNSPECIFIED.,.F.,.F.,(6,6),(4.83090003361,4.921942500717),
  .PIECEWISE_BEZIER_KNOTS.);
#960 = CARTESIAN_POINT('',(4.948010244362,-1.1));
#961 = CARTESIAN_POINT('',(4.96584069464,-0.878494357881));
#962 = CARTESIAN_POINT('',(4.983624057389,-0.657589014659));
#963 = CARTESIAN_POINT('',(5.001360834363,-0.437436970605));
#964 = CARTESIAN_POINT('',(5.019051581706,-0.218190395757));
#965 = CARTESIAN_POINT('',(5.036696904427,-3.89641162606E-15));
#966 = ( GEOMETRIC_REPRESENTATION_CONTEXT(2) 
PARAMETRIC_REPRESENTATION_CONTEXT() REPRESENTATION_CONTEXT('2D SPACE',''
  ) );
#967 = PCURVE('',#335,#968);
#968 = DEFINITIONAL_REPRESENTATION('',(#969),#973);
#969 = ELLIPSE('',#970,17.325379159085,12.164597913802);
#970 = AXIS2_PLACEMENT_2D('',#971,#972);
#971 = CARTESIAN_POINT('',(3.604080955359,-15.));
#972 = DIRECTION('',(-1.,0.));
#973 = ( GEOMETRIC_REPRESENTATION_CONTEXT(2) 
PARAMETRIC_REPRESENTATION_CONTEXT() REPRESENTATION_CONTEXT('2D SPACE',''
  ) );
#974 = ORIENTED_EDGE('',*,*,#975,.T.);
#975 = EDGE_CURVE('',#949,#976,#978,.T.);
#976 = VERTEX_POINT('',#977);
#977 = CARTESIAN_POINT('',(5.,11.514074760658,-2.556638181308E-15));
#978 = SURFACE_CURVE('',#979,(#984,#991),.PCURVE_S1.);
#979 = CIRCLE('',#980,12.552845);
#980 = AXIS2_PLACEMENT_3D('',#981,#982,#983);
#981 = CARTESIAN_POINT('',(0.,0.,0.));
#982 = DIRECTION('',(0.,-2.22044604925E-16,-1.));
#983 = DIRECTION('',(1.,0.,0.));
#984 = PCURVE('',#45,#985);
#985 = DEFINITIONAL_REPRESENTATION('',(#986),#990);
#986 = LINE('',#987,#988);
#987 = CARTESIAN_POINT('',(0.,-0.));
#988 = VECTOR('',#989,1.);
#989 = DIRECTION('',(1.,-0.));
#990 = ( GEOMETRIC_REPRESENTATION_CONTEXT(2) 
PARAMETRIC_REPRESENTATION_CONTEXT() REPRESENTATION_CONTEXT('2D SPACE',''
  ) );
#991 = PCURVE('',#303,#992);
#992 = DEFINITIONAL_REPRESENTATION('',(#993),#997);
#993 = CIRCLE('',#994,12.552845);
#994 = AXIS2_PLACEMENT_2D('',#995,#996);
#995 = CARTESIAN_POINT('',(0.,0.));
#996 = DIRECTION('',(1.,-0.));
#997 = ( GEOMETRIC_REPRESENTATION_CONTEXT(2) 
PARAMETRIC_REPRESENTATION_CONTEXT() REPRESENTATION_CONTEXT('2D SPACE',''
  ) );
#998 = ORIENTED_EDGE('',*,*,#999,.T.);
#999 = EDGE_CURVE('',#976,#1000,#1002,.T.);
#1000 = VERTEX_POINT('',#1001);
#1001 = CARTESIAN_POINT('',(6.,10.890975320228,1.));
#1002 = SURFACE_CURVE('',#1003,(#1008,#1018),.PCURVE_S1.);
#1003 = ELLIPSE('',#1004,18.854901171376,13.238514975529);
#1004 = AXIS2_PLACEMENT_3D('',#1005,#1006,#1007);
#1005 = CARTESIAN_POINT('',(-1.579674122684,-1.460981141107E-15,
    -6.579674122684));
#1006 = DIRECTION('',(0.707106781187,-1.570092458684E-16,-0.707106781187
    ));
#1007 = DIRECTION('',(-0.707106781187,-1.570092458684E-16,
    -0.707106781187));
#1008 = PCURVE('',#45,#1009);
#1009 = DEFINITIONAL_REPRESENTATION('',(#1010),#1017);
#1010 = B_SPLINE_CURVE_WITH_KNOTS('',5,(#1011,#1012,#1013,#1014,#1015,
    #1016),.UNSPECIFIED.,.F.,.F.,(6,6),(2.086916077354,2.18464118693),
  .PIECEWISE_BEZIER_KNOTS.);
#1011 = CARTESIAN_POINT('',(5.122069252969,-1.852916992604E-15));
#1012 = CARTESIAN_POINT('',(5.142681876268,-0.226639288555));
#1013 = CARTESIAN_POINT('',(5.1633496177,-0.450136718081));
#1014 = CARTESIAN_POINT('',(5.184071851552,-0.67031191653));
#1015 = CARTESIAN_POINT('',(5.204847837775,-0.886989518197));
#1016 = CARTESIAN_POINT('',(5.225676720344,-1.1));
#1017 = ( GEOMETRIC_REPRESENTATION_CONTEXT(2) 
PARAMETRIC_REPRESENTATION_CONTEXT() REPRESENTATION_CONTEXT('2D SPACE',''
  ) );
#1018 = PCURVE('',#274,#1019);
#1019 = DEFINITIONAL_REPRESENTATION('',(#1020),#1024);
#1020 = ELLIPSE('',#1021,18.854901171376,13.238514975529);
#1021 = AXIS2_PLACEMENT_2D('',#1022,#1023);
#1022 = CARTESIAN_POINT('',(10.719277942667,-15.));
#1023 = DIRECTION('',(1.,0.));
#1024 = ( GEOMETRIC_REPRESENTATION_CONTEXT(2) 
PARAMETRIC_REPRESENTATION_CONTEXT() REPRESENTATION_CONTEXT('2D SPACE',''
  ) );
#1025 = ORIENTED_EDGE('',*,*,#1026,.T.);
#1026 = EDGE_CURVE('',#1000,#1027,#1029,.T.);
#1027 = VERTEX_POINT('',#1028);
#1028 = CARTESIAN_POINT('',(7.,10.41988088195,-2.313678333798E-15));
#1029 = SURFACE_CURVE('',#1030,(#1035,#1045),.PCURVE_S1.);
#1030 = ELLIPSE('',#1031,16.815538488321,11.806625559893);
#1031 = AXIS2_PLACEMENT_3D('',#1032,#1033,#1034);
#1032 = CARTESIAN_POINT('',(1.408815181133,1.241492424168E-15,
    5.591184818867));
#1033 = DIRECTION('',(-0.707106781187,-1.570092458684E-16,
    -0.707106781187));
#1034 = DIRECTION('',(0.707106781187,-1.570092458684E-16,-0.707106781187
    ));
#1035 = PCURVE('',#45,#1036);
#1036 = DEFINITIONAL_REPRESENTATION('',(#1037),#1044);
#1037 = B_SPLINE_CURVE_WITH_KNOTS('',5,(#1038,#1039,#1040,#1041,#1042,
    #1043),.UNSPECIFIED.,.F.,.F.,(6,6),(5.099717078395,5.201937570149),
  .PIECEWISE_BEZIER_KNOTS.);
#1038 = CARTESIAN_POINT('',(5.207289555709,-1.1));
#1039 = CARTESIAN_POINT('',(5.226720069757,-0.874919458768));
#1040 = CARTESIAN_POINT('',(5.246098442602,-0.652185343369));
#1041 = CARTESIAN_POINT('',(5.265425772127,-0.431993644356));
#1042 = CARTESIAN_POINT('',(5.284703217606,-0.214536260968));
#1043 = CARTESIAN_POINT('',(5.303931991174,-2.696758563332E-15));
#1044 = ( GEOMETRIC_REPRESENTATION_CONTEXT(2) 
PARAMETRIC_REPRESENTATION_CONTEXT() REPRESENTATION_CONTEXT('2D SPACE',''
  ) );
#1045 = PCURVE('',#242,#1046);
#1046 = DEFINITIONAL_REPRESENTATION('',(#1047),#1051);
#1047 = ELLIPSE('',#1048,16.815538488321,11.806625559893);
#1048 = AXIS2_PLACEMENT_2D('',#1049,#1050);
#1049 = CARTESIAN_POINT('',(7.907129400577,-15.));
#1050 = DIRECTION('',(-1.,0.));
#1051 = ( GEOMETRIC_REPRESENTATION_CONTEXT(2) 
PARAMETRIC_REPRESENTATION_CONTEXT() REPRESENTATION_CONTEXT('2D SPACE',''
  ) );
#1052 = ORIENTED_EDGE('',*,*,#1053,.T.);
#1053 = EDGE_CURVE('',#1027,#1054,#1056,.T.);
#1054 = VERTEX_POINT('',#1055);
#1055 = CARTESIAN_POINT('',(8.,9.67336123558,-2.147917673852E-15));
#1056 = SURFACE_CURVE('',#1057,(#1062,#1069),.PCURVE_S1.);
#1057 = CIRCLE('',#1058,12.552845);
#1058 = AXIS2_PLACEMENT_3D('',#1059,#1060,#1061);
#1059 = CARTESIAN_POINT('',(0.,0.,0.));
#1060 = DIRECTION('',(0.,-2.22044604925E-16,-1.));
#1061 = DIRECTION('',(1.,0.,0.));
#1062 = PCURVE('',#45,#1063);
#1063 = DEFINITIONAL_REPRESENTATION('',(#1064),#1068);
#1064 = LINE('',#1065,#1066);
#1065 = CARTESIAN_POINT('',(0.,-0.));
#1066 = VECTOR('',#1067,1.);
#1067 = DIRECTION('',(1.,-0.));
#1068 = ( GEOMETRIC_REPRESENTATION_CONTEXT(2) 
PARAMETRIC_REPRESENTATION_CONTEXT() REPRESENTATION_CONTEXT('2D SPACE',''
  ) );
#1069 = PCURVE('',#210,#1070);
#1070 = DEFINITIONAL_REPRESENTATION('',(#1071),#1075);
#1071 = CIRCLE('',#1072,12.552845);
#1072 = AXIS2_PLACEMENT_2D('',#1073,#1074);
#1073 = CARTESIAN_POINT('',(0.,0.));
#1074 = DIRECTION('',(1.,-0.));
#1075 = ( GEOMETRIC_REPRESENTATION_CONTEXT(2) 
PARAMETRIC_REPRESENTATION_CONTEXT() REPRESENTATION_CONTEXT('2D SPACE',''
  ) );
#1076 = ORIENTED_EDGE('',*,*,#1077,.T.);
#1077 = EDGE_CURVE('',#1054,#1078,#1080,.T.);
#1078 = VERTEX_POINT('',#1079);
#1079 = CARTESIAN_POINT('',(9.,8.579821876112,1.));
#1080 = SURFACE_CURVE('',#1081,(#1086,#1096),.PCURVE_S1.);
#1081 = ELLIPSE('',#1082,19.36474184214,13.596487329438);
#1082 = AXIS2_PLACEMENT_3D('',#1083,#1084,#1085);
#1083 = CARTESIAN_POINT('',(-1.622388858071,-2.136599532425E-15,
    -9.622388858071));
#1084 = DIRECTION('',(0.707106781187,-1.570092458684E-16,-0.707106781187
    ));
#1085 = DIRECTION('',(-0.707106781187,-1.570092458684E-16,
    -0.707106781187));
#1086 = PCURVE('',#45,#1087);
#1087 = DEFINITIONAL_REPRESENTATION('',(#1088),#1095);
#1088 = B_SPLINE_CURVE_WITH_KNOTS('',5,(#1089,#1090,#1091,#1092,#1093,
    #1094),.UNSPECIFIED.,.F.,.F.,(6,6),(2.350018545242,2.470366477039),
  .PIECEWISE_BEZIER_KNOTS.);
#1089 = CARTESIAN_POINT('',(5.403385887344,-2.325737281773E-15));
#1090 = CARTESIAN_POINT('',(5.429456616805,-0.234485517434));
#1091 = CARTESIAN_POINT('',(5.455599472802,-0.462002682362));
#1092 = CARTESIAN_POINT('',(5.48181212978,-0.682268471973));
#1093 = CARTESIAN_POINT('',(5.508092000976,-0.895016711913));
#1094 = CARTESIAN_POINT('',(5.534436253939,-1.1));
#1095 = ( GEOMETRIC_REPRESENTATION_CONTEXT(2) 
PARAMETRIC_REPRESENTATION_CONTEXT() REPRESENTATION_CONTEXT('2D SPACE',''
  ) );
#1096 = PCURVE('',#181,#1097);
#1097 = DEFINITIONAL_REPRESENTATION('',(#1098),#1102);
#1098 = ELLIPSE('',#1099,19.36474184214,13.596487329438);
#1099 = AXIS2_PLACEMENT_2D('',#1100,#1101);
#1100 = CARTESIAN_POINT('',(15.022326387885,-15.));
#1101 = DIRECTION('',(1.,0.));
#1102 = ( GEOMETRIC_REPRESENTATION_CONTEXT(2) 
PARAMETRIC_REPRESENTATION_CONTEXT() REPRESENTATION_CONTEXT('2D SPACE',''
  ) );
#1103 = ORIENTED_EDGE('',*,*,#1104,.T.);
#1104 = EDGE_CURVE('',#1078,#58,#1105,.T.);
#1105 = SURFACE_CURVE('',#1106,(#1111,#1121),.PCURVE_S1.);
#1106 = ELLIPSE('',#1107,16.305697817557,11.448653205984);
#1107 = AXIS2_PLACEMENT_3D('',#1108,#1109,#1110);
#1108 = CARTESIAN_POINT('',(1.366100445745,1.917110815487E-15,
    8.633899554255));
#1109 = DIRECTION('',(-0.707106781187,-1.570092458684E-16,
    -0.707106781187));
#1110 = DIRECTION('',(0.707106781187,-1.570092458684E-16,-0.707106781187
    ));
#1111 = PCURVE('',#45,#1112);
#1112 = DEFINITIONAL_REPRESENTATION('',(#1113),#1120);
#1113 = B_SPLINE_CURVE_WITH_KNOTS('',5,(#1114,#1115,#1116,#1117,#1118,
    #1119),.UNSPECIFIED.,.F.,.F.,(6,6),(5.424488501067,5.558682303271),
  .PIECEWISE_BEZIER_KNOTS.);
#1114 = CARTESIAN_POINT('',(5.51107668428,-1.1));
#1115 = CARTESIAN_POINT('',(5.535811426741,-0.865750892717));
#1116 = CARTESIAN_POINT('',(5.560477090493,-0.638285298332));
#1117 = CARTESIAN_POINT('',(5.585076857305,-0.417954755552));
#1118 = CARTESIAN_POINT('',(5.609614017879,-0.205090401983));
#1119 = CARTESIAN_POINT('',(5.634091947844,-1.172843099918E-16));
#1120 = ( GEOMETRIC_REPRESENTATION_CONTEXT(2) 
PARAMETRIC_REPRESENTATION_CONTEXT() REPRESENTATION_CONTEXT('2D SPACE',''
  ) );
#1121 = PCURVE('',#95,#1122);
#1122 = DEFINITIONAL_REPRESENTATION('',(#1123),#1127);
#1123 = ELLIPSE('',#1124,16.305697817557,11.448653205984);
#1124 = AXIS2_PLACEMENT_2D('',#1125,#1126);
#1125 = CARTESIAN_POINT('',(12.210177845795,-15.));
#1126 = DIRECTION('',(-1.,0.));
#1127 = ( GEOMETRIC_REPRESENTATION_CONTEXT(2) 
PARAMETRIC_REPRESENTATION_CONTEXT() REPRESENTATION_CONTEXT('2D SPACE',''
  ) );
#1128 = ORIENTED_EDGE('',*,*,#57,.T.);
#1129 = ORIENTED_EDGE('',*,*,#110,.T.);
#1130 = ORIENTED_EDGE('',*,*,#1131,.F.);
#1131 = EDGE_CURVE('',#111,#111,#1132,.T.);
#1132 = SURFACE_CURVE('',#1133,(#1138,#1145),.PCURVE_S1.);
#1133 = CIRCLE('',#1134,7.813501);
#1134 = AXIS2_PLACEMENT_3D('',#1135,#1136,#1137);
#1135 = CARTESIAN_POINT('',(0.,8.881784197001E-15,40.));
#1136 = DIRECTION('',(0.,-2.22044604925E-16,-1.));
#1137 = DIRECTION('',(1.,0.,0.));
#1138 = PCURVE('',#45,#1139);
#1139 = DEFINITIONAL_REPRESENTATION('',(#1140),#1144);
#1140 = LINE('',#1141,#1142);
#1141 = CARTESIAN_POINT('',(0.,-40.));
#1142 = VECTOR('',#1143,1.);
#1143 = DIRECTION('',(1.,-0.));
#1144 = ( GEOMETRIC_REPRESENTATION_CONTEXT(2) 
PARAMETRIC_REPRESENTATION_CONTEXT() REPRESENTATION_CONTEXT('2D SPACE',''
  ) );
#1145 = PCURVE('',#1146,#1151);
#1146 = PLANE('',#1147);
#1147 = AXIS2_PLACEMENT_3D('',#1148,#1149,#1150);
#1148 = CARTESIAN_POINT('',(0.,8.881784197001E-15,40.));
#1149 = DIRECTION('',(-0.,-2.22044604925E-16,-1.));
#1150 = DIRECTION('',(1.,0.,0.));
#1151 = DEFINITIONAL_REPRESENTATION('',(#1152),#1156);
#1152 = CIRCLE('',#1153,7.813501);
#1153 = AXIS2_PLACEMENT_2D('',#1154,#1155);
#1154 = CARTESIAN_POINT('',(0.,0.));
#1155 = DIRECTION('',(1.,0.));
#1156 = ( GEOMETRIC_REPRESENTATION_CONTEXT(2) 
PARAMETRIC_REPRESENTATION_CONTEXT() REPRESENTATION_CONTEXT('2D SPACE',''
  ) );
#1157 = ADVANCED_FACE('',(#1158),#95,.T.);
#1158 = FACE_BOUND('',#1159,.T.);
#1159 = EDGE_LOOP('',(#1160,#1161,#1162,#1163));
#1160 = ORIENTED_EDGE('',*,*,#1104,.T.);
#1161 = ORIENTED_EDGE('',*,*,#81,.T.);
#1162 = ORIENTED_EDGE('',*,*,#134,.T.);
#1163 = ORIENTED_EDGE('',*,*,#1164,.F.);
#1164 = EDGE_CURVE('',#1078,#135,#1165,.T.);
#1165 = SURFACE_CURVE('',#1166,(#1170,#1177),.PCURVE_S1.);
#1166 = LINE('',#1167,#1168);
#1167 = CARTESIAN_POINT('',(9.,15.,1.));
#1168 = VECTOR('',#1169,1.);
#1169 = DIRECTION('',(0.,-1.,2.22044604925E-16));
#1170 = PCURVE('',#95,#1171);
#1171 = DEFINITIONAL_REPRESENTATION('',(#1172),#1176);
#1172 = LINE('',#1173,#1174);
#1173 = CARTESIAN_POINT('',(1.414213562373,-2.22044604925E-16));
#1174 = VECTOR('',#1175,1.);
#1175 = DIRECTION('',(0.,-1.));
#1176 = ( GEOMETRIC_REPRESENTATION_CONTEXT(2) 
PARAMETRIC_REPRESENTATION_CONTEXT() REPRESENTATION_CONTEXT('2D SPACE',''
  ) );
#1177 = PCURVE('',#181,#1178);
#1178 = DEFINITIONAL_REPRESENTATION('',(#1179),#1183);
#1179 = LINE('',#1180,#1181);
#1180 = CARTESIAN_POINT('',(-0.,0.));
#1181 = VECTOR('',#1182,1.);
#1182 = DIRECTION('',(0.,-1.));
#1183 = ( GEOMETRIC_REPRESENTATION_CONTEXT(2) 
PARAMETRIC_REPRESENTATION_CONTEXT() REPRESENTATION_CONTEXT('2D SPACE',''
  ) );
#1184 = ADVANCED_FACE('',(#1185,#1188),#1146,.F.);
#1185 = FACE_BOUND('',#1186,.F.);
#1186 = EDGE_LOOP('',(#1187));
#1187 = ORIENTED_EDGE('',*,*,#1131,.T.);
#1188 = FACE_BOUND('',#1189,.F.);
#1189 = EDGE_LOOP('',(#1190));
#1190 = ORIENTED_EDGE('',*,*,#1191,.T.);
#1191 = EDGE_CURVE('',#1192,#1192,#1194,.T.);
#1192 = VERTEX_POINT('',#1193);
#1193 = CARTESIAN_POINT('',(6.363333333247,8.437694987151E-15,40.));
#1194 = SURFACE_CURVE('',#1195,(#1200,#1211),.PCURVE_S1.);
#1195 = CIRCLE('',#1196,6.363333333247);
#1196 = AXIS2_PLACEMENT_3D('',#1197,#1198,#1199);
#1197 = CARTESIAN_POINT('',(0.,8.437694987151E-15,40.));
#1198 = DIRECTION('',(-0.,2.22044604925E-16,1.));
#1199 = DIRECTION('',(1.,0.,0.));
#1200 = PCURVE('',#1146,#1201);
#1201 = DEFINITIONAL_REPRESENTATION('',(#1202),#1210);
#1202 = ( BOUNDED_CURVE() B_SPLINE_CURVE(2,(#1203,#1204,#1205,#1206,
#1207,#1208,#1209),.UNSPECIFIED.,.T.,.F.) B_SPLINE_CURVE_WITH_KNOTS((1,2
    ,2,2,2,1),(-2.094395102393,0.,2.094395102393,4.188790204786,
6.28318530718,8.377580409573),.UNSPECIFIED.) CURVE() 
GEOMETRIC_REPRESENTATION_ITEM() RATIONAL_B_SPLINE_CURVE((1.,0.5,1.,0.5,
1.,0.5,1.)) REPRESENTATION_ITEM('') );
#1203 = CARTESIAN_POINT('',(6.363333333247,4.440892098501E-16));
#1204 = CARTESIAN_POINT('',(6.363333333247,-11.02161663868));
#1205 = CARTESIAN_POINT('',(-3.181666666624,-5.51080831934));
#1206 = CARTESIAN_POINT('',(-12.72666666649,-1.114477949844E-15));
#1207 = CARTESIAN_POINT('',(-3.181666666624,5.51080831934));
#1208 = CARTESIAN_POINT('',(6.363333333247,11.021616638681));
#1209 = CARTESIAN_POINT('',(6.363333333247,4.440892098501E-16));
#1210 = ( GEOMETRIC_REPRESENTATION_CONTEXT(2) 
PARAMETRIC_REPRESENTATION_CONTEXT() REPRESENTATION_CONTEXT('2D SPACE',''
  ) );
#1211 = PCURVE('',#1212,#1217);
#1212 = CONICAL_SURFACE('',#1213,6.125,1.833127977812E-02);
#1213 = AXIS2_PLACEMENT_3D('',#1214,#1215,#1216);
#1214 = CARTESIAN_POINT('',(0.,5.551115130942E-15,27.0000000352));
#1215 = DIRECTION('',(0.,2.22044604925E-16,1.));
#1216 = DIRECTION('',(1.,0.,0.));
#1217 = DEFINITIONAL_REPRESENTATION('',(#1218),#1222);
#1218 = LINE('',#1219,#1220);
#1219 = CARTESIAN_POINT('',(-6.28318530718,12.9999999648));
#1220 = VECTOR('',#1221,1.);
#1221 = DIRECTION('',(1.,-0.));
#1222 = ( GEOMETRIC_REPRESENTATION_CONTEXT(2) 
PARAMETRIC_REPRESENTATION_CONTEXT() REPRESENTATION_CONTEXT('2D SPACE',''
  ) );
#1223 = ADVANCED_FACE('',(#1224),#181,.T.);
#1224 = FACE_BOUND('',#1225,.T.);
#1225 = EDGE_LOOP('',(#1226,#1227,#1228,#1229));
#1226 = ORIENTED_EDGE('',*,*,#1077,.T.);
#1227 = ORIENTED_EDGE('',*,*,#1164,.T.);
#1228 = ORIENTED_EDGE('',*,*,#161,.T.);
#1229 = ORIENTED_EDGE('',*,*,#1230,.F.);
#1230 = EDGE_CURVE('',#1054,#162,#1231,.T.);
#1231 = SURFACE_CURVE('',#1232,(#1236,#1243),.PCURVE_S1.);
#1232 = LINE('',#1233,#1234);
#1233 = CARTESIAN_POINT('',(8.,15.,-3.330669073875E-15));
#1234 = VECTOR('',#1235,1.);
#1235 = DIRECTION('',(0.,-1.,2.22044604925E-16));
#1236 = PCURVE('',#181,#1237);
#1237 = DEFINITIONAL_REPRESENTATION('',(#1238),#1242);
#1238 = LINE('',#1239,#1240);
#1239 = CARTESIAN_POINT('',(1.414213562373,2.22044604925E-16));
#1240 = VECTOR('',#1241,1.);
#1241 = DIRECTION('',(0.,-1.));
#1242 = ( GEOMETRIC_REPRESENTATION_CONTEXT(2) 
PARAMETRIC_REPRESENTATION_CONTEXT() REPRESENTATION_CONTEXT('2D SPACE',''
  ) );
#1243 = PCURVE('',#210,#1244);
#1244 = DEFINITIONAL_REPRESENTATION('',(#1245),#1249);
#1245 = LINE('',#1246,#1247);
#1246 = CARTESIAN_POINT('',(8.,-15.));
#1247 = VECTOR('',#1248,1.);
#1248 = DIRECTION('',(-0.,1.));
#1249 = ( GEOMETRIC_REPRESENTATION_CONTEXT(2) 
PARAMETRIC_REPRESENTATION_CONTEXT() REPRESENTATION_CONTEXT('2D SPACE',''
  ) );
#1250 = ADVANCED_FACE('',(#1251),#210,.T.);
#1251 = FACE_BOUND('',#1252,.F.);
#1252 = EDGE_LOOP('',(#1253,#1254,#1255,#1256));
#1253 = ORIENTED_EDGE('',*,*,#193,.F.);
#1254 = ORIENTED_EDGE('',*,*,#1230,.F.);
#1255 = ORIENTED_EDGE('',*,*,#1053,.F.);
#1256 = ORIENTED_EDGE('',*,*,#1257,.T.);
#1257 = EDGE_CURVE('',#1027,#194,#1258,.T.);
#1258 = SURFACE_CURVE('',#1259,(#1263,#1270),.PCURVE_S1.);
#1259 = LINE('',#1260,#1261);
#1260 = CARTESIAN_POINT('',(7.,15.,-3.330669073875E-15));
#1261 = VECTOR('',#1262,1.);
#1262 = DIRECTION('',(0.,-1.,2.22044604925E-16));
#1263 = PCURVE('',#210,#1264);
#1264 = DEFINITIONAL_REPRESENTATION('',(#1265),#1269);
#1265 = LINE('',#1266,#1267);
#1266 = CARTESIAN_POINT('',(7.,-15.));
#1267 = VECTOR('',#1268,1.);
#1268 = DIRECTION('',(-0.,1.));
#1269 = ( GEOMETRIC_REPRESENTATION_CONTEXT(2) 
PARAMETRIC_REPRESENTATION_CONTEXT() REPRESENTATION_CONTEXT('2D SPACE',''
  ) );
#1270 = PCURVE('',#242,#1271);
#1271 = DEFINITIONAL_REPRESENTATION('',(#1272),#1276);
#1272 = LINE('',#1273,#1274);
#1273 = CARTESIAN_POINT('',(0.,0.));
#1274 = VECTOR('',#1275,1.);
#1275 = DIRECTION('',(0.,-1.));
#1276 = ( GEOMETRIC_REPRESENTATION_CONTEXT(2) 
PARAMETRIC_REPRESENTATION_CONTEXT() REPRESENTATION_CONTEXT('2D SPACE',''
  ) );
#1277 = ADVANCED_FACE('',(#1278),#242,.T.);
#1278 = FACE_BOUND('',#1279,.T.);
#1279 = EDGE_LOOP('',(#1280,#1281,#1282,#1283));
#1280 = ORIENTED_EDGE('',*,*,#1026,.T.);
#1281 = ORIENTED_EDGE('',*,*,#1257,.T.);
#1282 = ORIENTED_EDGE('',*,*,#222,.T.);
#1283 = ORIENTED_EDGE('',*,*,#1284,.F.);
#1284 = EDGE_CURVE('',#1000,#223,#1285,.T.);
#1285 = SURFACE_CURVE('',#1286,(#1290,#1297),.PCURVE_S1.);
#1286 = LINE('',#1287,#1288);
#1287 = CARTESIAN_POINT('',(6.,15.,1.));
#1288 = VECTOR('',#1289,1.);
#1289 = DIRECTION('',(0.,-1.,2.22044604925E-16));
#1290 = PCURVE('',#242,#1291);
#1291 = DEFINITIONAL_REPRESENTATION('',(#1292),#1296);
#1292 = LINE('',#1293,#1294);
#1293 = CARTESIAN_POINT('',(1.414213562373,-2.22044604925E-16));
#1294 = VECTOR('',#1295,1.);
#1295 = DIRECTION('',(0.,-1.));
#1296 = ( GEOMETRIC_REPRESENTATION_CONTEXT(2) 
PARAMETRIC_REPRESENTATION_CONTEXT() REPRESENTATION_CONTEXT('2D SPACE',''
  ) );
#1297 = PCURVE('',#274,#1298);
#1298 = DEFINITIONAL_REPRESENTATION('',(#1299),#1303);
#1299 = LINE('',#1300,#1301);
#1300 = CARTESIAN_POINT('',(-0.,0.));
#1301 = VECTOR('',#1302,1.);
#1302 = DIRECTION('',(0.,-1.));
#1303 = ( GEOMETRIC_REPRESENTATION_CONTEXT(2) 
PARAMETRIC_REPRESENTATION_CONTEXT() REPRESENTATION_CONTEXT('2D SPACE',''
  ) );
#1304 = ADVANCED_FACE('',(#1305),#274,.T.);
#1305 = FACE_BOUND('',#1306,.T.);
#1306 = EDGE_LOOP('',(#1307,#1308,#1309,#1310));
#1307 = ORIENTED_EDGE('',*,*,#999,.T.);
#1308 = ORIENTED_EDGE('',*,*,#1284,.T.);
#1309 = ORIENTED_EDGE('',*,*,#254,.T.);
#1310 = ORIENTED_EDGE('',*,*,#1311,.F.);
#1311 = EDGE_CURVE('',#976,#255,#1312,.T.);
#1312 = SURFACE_CURVE('',#1313,(#1317,#1324),.PCURVE_S1.);
#1313 = LINE('',#1314,#1315);
#1314 = CARTESIAN_POINT('',(5.,15.,-3.330669073875E-15));
#1315 = VECTOR('',#1316,1.);
#1316 = DIRECTION('',(0.,-1.,2.22044604925E-16));
#1317 = PCURVE('',#274,#1318);
#1318 = DEFINITIONAL_REPRESENTATION('',(#1319),#1323);
#1319 = LINE('',#1320,#1321);
#1320 = CARTESIAN_POINT('',(1.414213562373,2.22044604925E-16));
#1321 = VECTOR('',#1322,1.);
#1322 = DIRECTION('',(0.,-1.));
#1323 = ( GEOMETRIC_REPRESENTATION_CONTEXT(2) 
PARAMETRIC_REPRESENTATION_CONTEXT() REPRESENTATION_CONTEXT('2D SPACE',''
  ) );
#1324 = PCURVE('',#303,#1325);
#1325 = DEFINITIONAL_REPRESENTATION('',(#1326),#1330);
#1326 = LINE('',#1327,#1328);
#1327 = CARTESIAN_POINT('',(5.,-15.));
#1328 = VECTOR('',#1329,1.);
#1329 = DIRECTION('',(-0.,1.));
#1330 = ( GEOMETRIC_REPRESENTATION_CONTEXT(2) 
PARAMETRIC_REPRESENTATION_CONTEXT() REPRESENTATION_CONTEXT('2D SPACE',''
  ) );
#1331 = ADVANCED_FACE('',(#1332),#303,.T.);
#1332 = FACE_BOUND('',#1333,.F.);
#1333 = EDGE_LOOP('',(#1334,#1335,#1336,#1337));
#1334 = ORIENTED_EDGE('',*,*,#286,.F.);
#1335 = ORIENTED_EDGE('',*,*,#1311,.F.);
#1336 = ORIENTED_EDGE('',*,*,#975,.F.);
#1337 = ORIENTED_EDGE('',*,*,#1338,.T.);
#1338 = EDGE_CURVE('',#949,#287,#1339,.T.);
#1339 = SURFACE_CURVE('',#1340,(#1344,#1351),.PCURVE_S1.);
#1340 = LINE('',#1341,#1342);
#1341 = CARTESIAN_POINT('',(4.,15.,-3.330669073875E-15));
#1342 = VECTOR('',#1343,1.);
#1343 = DIRECTION('',(0.,-1.,2.22044604925E-16));
#1344 = PCURVE('',#303,#1345);
#1345 = DEFINITIONAL_REPRESENTATION('',(#1346),#1350);
#1346 = LINE('',#1347,#1348);
#1347 = CARTESIAN_POINT('',(4.,-15.));
#1348 = VECTOR('',#1349,1.);
#1349 = DIRECTION('',(-0.,1.));
#1350 = ( GEOMETRIC_REPRESENTATION_CONTEXT(2) 
PARAMETRIC_REPRESENTATION_CONTEXT() REPRESENTATION_CONTEXT('2D SPACE',''
  ) );
#1351 = PCURVE('',#335,#1352);
#1352 = DEFINITIONAL_REPRESENTATION('',(#1353),#1357);
#1353 = LINE('',#1354,#1355);
#1354 = CARTESIAN_POINT('',(0.,0.));
#1355 = VECTOR('',#1356,1.);
#1356 = DIRECTION('',(0.,-1.));
#1357 = ( GEOMETRIC_REPRESENTATION_CONTEXT(2) 
PARAMETRIC_REPRESENTATION_CONTEXT() REPRESENTATION_CONTEXT('2D SPACE',''
  ) );
#1358 = ADVANCED_FACE('',(#1359),#335,.T.);
#1359 = FACE_BOUND('',#1360,.T.);
#1360 = EDGE_LOOP('',(#1361,#1362,#1363,#1364));
#1361 = ORIENTED_EDGE('',*,*,#948,.T.);
#1362 = ORIENTED_EDGE('',*,*,#1338,.T.);
#1363 = ORIENTED_EDGE('',*,*,#315,.T.);
#1364 = ORIENTED_EDGE('',*,*,#1365,.F.);
#1365 = EDGE_CURVE('',#922,#316,#1366,.T.);
#1366 = SURFACE_CURVE('',#1367,(#1371,#1378),.PCURVE_S1.);
#1367 = LINE('',#1368,#1369);
#1368 = CARTESIAN_POINT('',(3.,15.,1.));
#1369 = VECTOR('',#1370,1.);
#1370 = DIRECTION('',(0.,-1.,2.22044604925E-16));
#1371 = PCURVE('',#335,#1372);
#1372 = DEFINITIONAL_REPRESENTATION('',(#1373),#1377);
#1373 = LINE('',#1374,#1375);
#1374 = CARTESIAN_POINT('',(1.414213562373,-2.22044604925E-16));
#1375 = VECTOR('',#1376,1.);
#1376 = DIRECTION('',(0.,-1.));
#1377 = ( GEOMETRIC_REPRESENTATION_CONTEXT(2) 
PARAMETRIC_REPRESENTATION_CONTEXT() REPRESENTATION_CONTEXT('2D SPACE',''
  ) );
#1378 = PCURVE('',#367,#1379);
#1379 = DEFINITIONAL_REPRESENTATION('',(#1380),#1384);
#1380 = LINE('',#1381,#1382);
#1381 = CARTESIAN_POINT('',(-0.,0.));
#1382 = VECTOR('',#1383,1.);
#1383 = DIRECTION('',(0.,-1.));
#1384 = ( GEOMETRIC_REPRESENTATION_CONTEXT(2) 
PARAMETRIC_REPRESENTATION_CONTEXT() REPRESENTATION_CONTEXT('2D SPACE',''
  ) );
#1385 = ADVANCED_FACE('',(#1386),#367,.T.);
#1386 = FACE_BOUND('',#1387,.T.);
#1387 = EDGE_LOOP('',(#1388,#1389,#1390,#1391));
#1388 = ORIENTED_EDGE('',*,*,#921,.T.);
#1389 = ORIENTED_EDGE('',*,*,#1365,.T.);
#1390 = ORIENTED_EDGE('',*,*,#347,.T.);
#1391 = ORIENTED_EDGE('',*,*,#1392,.F.);
#1392 = EDGE_CURVE('',#898,#348,#1393,.T.);
#1393 = SURFACE_CURVE('',#1394,(#1398,#1405),.PCURVE_S1.);
#1394 = LINE('',#1395,#1396);
#1395 = CARTESIAN_POINT('',(2.,15.,-3.330669073875E-15));
#1396 = VECTOR('',#1397,1.);
#1397 = DIRECTION('',(0.,-1.,2.22044604925E-16));
#1398 = PCURVE('',#367,#1399);
#1399 = DEFINITIONAL_REPRESENTATION('',(#1400),#1404);
#1400 = LINE('',#1401,#1402);
#1401 = CARTESIAN_POINT('',(1.414213562373,2.22044604925E-16));
#1402 = VECTOR('',#1403,1.);
#1403 = DIRECTION('',(0.,-1.));
#1404 = ( GEOMETRIC_REPRESENTATION_CONTEXT(2) 
PARAMETRIC_REPRESENTATION_CONTEXT() REPRESENTATION_CONTEXT('2D SPACE',''
  ) );
#1405 = PCURVE('',#396,#1406);
#1406 = DEFINITIONAL_REPRESENTATION('',(#1407),#1411);
#1407 = LINE('',#1408,#1409);
#1408 = CARTESIAN_POINT('',(2.,-15.));
#1409 = VECTOR('',#1410,1.);
#1410 = DIRECTION('',(-0.,1.));
#1411 = ( GEOMETRIC_REPRESENTATION_CONTEXT(2) 
PARAMETRIC_REPRESENTATION_CONTEXT() REPRESENTATION_CONTEXT('2D SPACE',''
  ) );
#1412 = ADVANCED_FACE('',(#1413),#396,.T.);
#1413 = FACE_BOUND('',#1414,.F.);
#1414 = EDGE_LOOP('',(#1415,#1416,#1417,#1418));
#1415 = ORIENTED_EDGE('',*,*,#379,.F.);
#1416 = ORIENTED_EDGE('',*,*,#1392,.F.);
#1417 = ORIENTED_EDGE('',*,*,#897,.F.);
#1418 = ORIENTED_EDGE('',*,*,#1419,.T.);
#1419 = EDGE_CURVE('',#871,#380,#1420,.T.);
#1420 = SURFACE_CURVE('',#1421,(#1425,#1432),.PCURVE_S1.);
#1421 = LINE('',#1422,#1423);
#1422 = CARTESIAN_POINT('',(-2.,15.,-3.330669073875E-15));
#1423 = VECTOR('',#1424,1.);
#1424 = DIRECTION('',(0.,-1.,2.22044604925E-16));
#1425 = PCURVE('',#396,#1426);
#1426 = DEFINITIONAL_REPRESENTATION('',(#1427),#1431);
#1427 = LINE('',#1428,#1429);
#1428 = CARTESIAN_POINT('',(-2.,-15.));
#1429 = VECTOR('',#1430,1.);
#1430 = DIRECTION('',(-0.,1.));
#1431 = ( GEOMETRIC_REPRESENTATION_CONTEXT(2) 
PARAMETRIC_REPRESENTATION_CONTEXT() REPRESENTATION_CONTEXT('2D SPACE',''
  ) );
#1432 = PCURVE('',#428,#1433);
#1433 = DEFINITIONAL_REPRESENTATION('',(#1434),#1438);
#1434 = LINE('',#1435,#1436);
#1435 = CARTESIAN_POINT('',(0.,0.));
#1436 = VECTOR('',#1437,1.);
#1437 = DIRECTION('',(0.,-1.));
#1438 = ( GEOMETRIC_REPRESENTATION_CONTEXT(2) 
PARAMETRIC_REPRESENTATION_CONTEXT() REPRESENTATION_CONTEXT('2D SPACE',''
  ) );
#1439 = ADVANCED_FACE('',(#1440),#428,.T.);
#1440 = FACE_BOUND('',#1441,.T.);
#1441 = EDGE_LOOP('',(#1442,#1443,#1444,#1445));
#1442 = ORIENTED_EDGE('',*,*,#870,.T.);
#1443 = ORIENTED_EDGE('',*,*,#1419,.T.);
#1444 = ORIENTED_EDGE('',*,*,#408,.T.);
#1445 = ORIENTED_EDGE('',*,*,#1446,.F.);
#1446 = EDGE_CURVE('',#844,#409,#1447,.T.);
#1447 = SURFACE_CURVE('',#1448,(#1452,#1459),.PCURVE_S1.);
#1448 = LINE('',#1449,#1450);
#1449 = CARTESIAN_POINT('',(-3.,15.,1.));
#1450 = VECTOR('',#1451,1.);
#1451 = DIRECTION('',(0.,-1.,2.22044604925E-16));
#1452 = PCURVE('',#428,#1453);
#1453 = DEFINITIONAL_REPRESENTATION('',(#1454),#1458);
#1454 = LINE('',#1455,#1456);
#1455 = CARTESIAN_POINT('',(1.414213562373,-2.22044604925E-16));
#1456 = VECTOR('',#1457,1.);
#1457 = DIRECTION('',(0.,-1.));
#1458 = ( GEOMETRIC_REPRESENTATION_CONTEXT(2) 
PARAMETRIC_REPRESENTATION_CONTEXT() REPRESENTATION_CONTEXT('2D SPACE',''
  ) );
#1459 = PCURVE('',#460,#1460);
#1460 = DEFINITIONAL_REPRESENTATION('',(#1461),#1465);
#1461 = LINE('',#1462,#1463);
#1462 = CARTESIAN_POINT('',(-0.,0.));
#1463 = VECTOR('',#1464,1.);
#1464 = DIRECTION('',(0.,-1.));
#1465 = ( GEOMETRIC_REPRESENTATION_CONTEXT(2) 
PARAMETRIC_REPRESENTATION_CONTEXT() REPRESENTATION_CONTEXT('2D SPACE',''
  ) );
#1466 = ADVANCED_FACE('',(#1467),#460,.T.);
#1467 = FACE_BOUND('',#1468,.T.);
#1468 = EDGE_LOOP('',(#1469,#1470,#1471,#1472));
#1469 = ORIENTED_EDGE('',*,*,#843,.T.);
#1470 = ORIENTED_EDGE('',*,*,#1446,.T.);
#1471 = ORIENTED_EDGE('',*,*,#440,.T.);
#1472 = ORIENTED_EDGE('',*,*,#1473,.F.);
#1473 = EDGE_CURVE('',#820,#441,#1474,.T.);
#1474 = SURFACE_CURVE('',#1475,(#1479,#1486),.PCURVE_S1.);
#1475 = LINE('',#1476,#1477);
#1476 = CARTESIAN_POINT('',(-4.,15.,-3.330669073875E-15));
#1477 = VECTOR('',#1478,1.);
#1478 = DIRECTION('',(0.,-1.,2.22044604925E-16));
#1479 = PCURVE('',#460,#1480);
#1480 = DEFINITIONAL_REPRESENTATION('',(#1481),#1485);
#1481 = LINE('',#1482,#1483);
#1482 = CARTESIAN_POINT('',(1.414213562373,2.22044604925E-16));
#1483 = VECTOR('',#1484,1.);
#1484 = DIRECTION('',(0.,-1.));
#1485 = ( GEOMETRIC_REPRESENTATION_CONTEXT(2) 
PARAMETRIC_REPRESENTATION_CONTEXT() REPRESENTATION_CONTEXT('2D SPACE',''
  ) );
#1486 = PCURVE('',#489,#1487);
#1487 = DEFINITIONAL_REPRESENTATION('',(#1488),#1492);
#1488 = LINE('',#1489,#1490);
#1489 = CARTESIAN_POINT('',(-4.,-15.));
#1490 = VECTOR('',#1491,1.);
#1491 = DIRECTION('',(-0.,1.));
#1492 = ( GEOMETRIC_REPRESENTATION_CONTEXT(2) 
PARAMETRIC_REPRESENTATION_CONTEXT() REPRESENTATION_CONTEXT('2D SPACE',''
  ) );
#1493 = ADVANCED_FACE('',(#1494),#489,.T.);
#1494 = FACE_BOUND('',#1495,.F.);
#1495 = EDGE_LOOP('',(#1496,#1497,#1498,#1499));
#1496 = ORIENTED_EDGE('',*,*,#472,.F.);
#1497 = ORIENTED_EDGE('',*,*,#1473,.F.);
#1498 = ORIENTED_EDGE('',*,*,#819,.F.);
#1499 = ORIENTED_EDGE('',*,*,#1500,.T.);
#1500 = EDGE_CURVE('',#793,#473,#1501,.T.);
#1501 = SURFACE_CURVE('',#1502,(#1506,#1513),.PCURVE_S1.);
#1502 = LINE('',#1503,#1504);
#1503 = CARTESIAN_POINT('',(-5.,15.,-3.330669073875E-15));
#1504 = VECTOR('',#1505,1.);
#1505 = DIRECTION('',(0.,-1.,2.22044604925E-16));
#1506 = PCURVE('',#489,#1507);
#1507 = DEFINITIONAL_REPRESENTATION('',(#1508),#1512);
#1508 = LINE('',#1509,#1510);
#1509 = CARTESIAN_POINT('',(-5.,-15.));
#1510 = VECTOR('',#1511,1.);
#1511 = DIRECTION('',(-0.,1.));
#1512 = ( GEOMETRIC_REPRESENTATION_CONTEXT(2) 
PARAMETRIC_REPRESENTATION_CONTEXT() REPRESENTATION_CONTEXT('2D SPACE',''
  ) );
#1513 = PCURVE('',#521,#1514);
#1514 = DEFINITIONAL_REPRESENTATION('',(#1515),#1519);
#1515 = LINE('',#1516,#1517);
#1516 = CARTESIAN_POINT('',(0.,0.));
#1517 = VECTOR('',#1518,1.);
#1518 = DIRECTION('',(0.,-1.));
#1519 = ( GEOMETRIC_REPRESENTATION_CONTEXT(2) 
PARAMETRIC_REPRESENTATION_CONTEXT() REPRESENTATION_CONTEXT('2D SPACE',''
  ) );
#1520 = ADVANCED_FACE('',(#1521),#521,.T.);
#1521 = FACE_BOUND('',#1522,.T.);
#1522 = EDGE_LOOP('',(#1523,#1524,#1525,#1526));
#1523 = ORIENTED_EDGE('',*,*,#792,.T.);
#1524 = ORIENTED_EDGE('',*,*,#1500,.T.);
#1525 = ORIENTED_EDGE('',*,*,#501,.T.);
#1526 = ORIENTED_EDGE('',*,*,#1527,.F.);
#1527 = EDGE_CURVE('',#766,#502,#1528,.T.);
#1528 = SURFACE_CURVE('',#1529,(#1533,#1540),.PCURVE_S1.);
#1529 = LINE('',#1530,#1531);
#1530 = CARTESIAN_POINT('',(-6.,15.,1.));
#1531 = VECTOR('',#1532,1.);
#1532 = DIRECTION('',(0.,-1.,2.22044604925E-16));
#1533 = PCURVE('',#521,#1534);
#1534 = DEFINITIONAL_REPRESENTATION('',(#1535),#1539);
#1535 = LINE('',#1536,#1537);
#1536 = CARTESIAN_POINT('',(1.414213562373,-2.22044604925E-16));
#1537 = VECTOR('',#1538,1.);
#1538 = DIRECTION('',(0.,-1.));
#1539 = ( GEOMETRIC_REPRESENTATION_CONTEXT(2) 
PARAMETRIC_REPRESENTATION_CONTEXT() REPRESENTATION_CONTEXT('2D SPACE',''
  ) );
#1540 = PCURVE('',#553,#1541);
#1541 = DEFINITIONAL_REPRESENTATION('',(#1542),#1546);
#1542 = LINE('',#1543,#1544);
#1543 = CARTESIAN_POINT('',(-0.,0.));
#1544 = VECTOR('',#1545,1.);
#1545 = DIRECTION('',(0.,-1.));
#1546 = ( GEOMETRIC_REPRESENTATION_CONTEXT(2) 
PARAMETRIC_REPRESENTATION_CONTEXT() REPRESENTATION_CONTEXT('2D SPACE',''
  ) );
#1547 = ADVANCED_FACE('',(#1548),#553,.T.);
#1548 = FACE_BOUND('',#1549,.T.);
#1549 = EDGE_LOOP('',(#1550,#1551,#1552,#1553));
#1550 = ORIENTED_EDGE('',*,*,#765,.T.);
#1551 = ORIENTED_EDGE('',*,*,#1527,.T.);
#1552 = ORIENTED_EDGE('',*,*,#533,.T.);
#1553 = ORIENTED_EDGE('',*,*,#1554,.F.);
#1554 = EDGE_CURVE('',#742,#534,#1555,.T.);
#1555 = SURFACE_CURVE('',#1556,(#1560,#1567),.PCURVE_S1.);
#1556 = LINE('',#1557,#1558);
#1557 = CARTESIAN_POINT('',(-7.,15.,-3.330669073875E-15));
#1558 = VECTOR('',#1559,1.);
#1559 = DIRECTION('',(0.,-1.,2.22044604925E-16));
#1560 = PCURVE('',#553,#1561);
#1561 = DEFINITIONAL_REPRESENTATION('',(#1562),#1566);
#1562 = LINE('',#1563,#1564);
#1563 = CARTESIAN_POINT('',(1.414213562373,2.22044604925E-16));
#1564 = VECTOR('',#1565,1.);
#1565 = DIRECTION('',(0.,-1.));
#1566 = ( GEOMETRIC_REPRESENTATION_CONTEXT(2) 
PARAMETRIC_REPRESENTATION_CONTEXT() REPRESENTATION_CONTEXT('2D SPACE',''
  ) );
#1567 = PCURVE('',#582,#1568);
#1568 = DEFINITIONAL_REPRESENTATION('',(#1569),#1573);
#1569 = LINE('',#1570,#1571);
#1570 = CARTESIAN_POINT('',(-7.,-15.));
#1571 = VECTOR('',#1572,1.);
#1572 = DIRECTION('',(-0.,1.));
#1573 = ( GEOMETRIC_REPRESENTATION_CONTEXT(2) 
PARAMETRIC_REPRESENTATION_CONTEXT() REPRESENTATION_CONTEXT('2D SPACE',''
  ) );
#1574 = ADVANCED_FACE('',(#1575),#582,.T.);
#1575 = FACE_BOUND('',#1576,.F.);
#1576 = EDGE_LOOP('',(#1577,#1578,#1579,#1580));
#1577 = ORIENTED_EDGE('',*,*,#565,.F.);
#1578 = ORIENTED_EDGE('',*,*,#1554,.F.);
#1579 = ORIENTED_EDGE('',*,*,#741,.F.);
#1580 = ORIENTED_EDGE('',*,*,#1581,.T.);
#1581 = EDGE_CURVE('',#715,#566,#1582,.T.);
#1582 = SURFACE_CURVE('',#1583,(#1587,#1594),.PCURVE_S1.);
#1583 = LINE('',#1584,#1585);
#1584 = CARTESIAN_POINT('',(-8.,15.,-3.330669073875E-15));
#1585 = VECTOR('',#1586,1.);
#1586 = DIRECTION('',(0.,-1.,2.22044604925E-16));
#1587 = PCURVE('',#582,#1588);
#1588 = DEFINITIONAL_REPRESENTATION('',(#1589),#1593);
#1589 = LINE('',#1590,#1591);
#1590 = CARTESIAN_POINT('',(-8.,-15.));
#1591 = VECTOR('',#1592,1.);
#1592 = DIRECTION('',(-0.,1.));
#1593 = ( GEOMETRIC_REPRESENTATION_CONTEXT(2) 
PARAMETRIC_REPRESENTATION_CONTEXT() REPRESENTATION_CONTEXT('2D SPACE',''
  ) );
#1594 = PCURVE('',#614,#1595);
#1595 = DEFINITIONAL_REPRESENTATION('',(#1596),#1600);
#1596 = LINE('',#1597,#1598);
#1597 = CARTESIAN_POINT('',(0.,0.));
#1598 = VECTOR('',#1599,1.);
#1599 = DIRECTION('',(0.,-1.));
#1600 = ( GEOMETRIC_REPRESENTATION_CONTEXT(2) 
PARAMETRIC_REPRESENTATION_CONTEXT() REPRESENTATION_CONTEXT('2D SPACE',''
  ) );
#1601 = ADVANCED_FACE('',(#1602),#614,.T.);
#1602 = FACE_BOUND('',#1603,.T.);
#1603 = EDGE_LOOP('',(#1604,#1605,#1606,#1607));
#1604 = ORIENTED_EDGE('',*,*,#714,.T.);
#1605 = ORIENTED_EDGE('',*,*,#1581,.T.);
#1606 = ORIENTED_EDGE('',*,*,#594,.T.);
#1607 = ORIENTED_EDGE('',*,*,#1608,.F.);
#1608 = EDGE_CURVE('',#688,#595,#1609,.T.);
#1609 = SURFACE_CURVE('',#1610,(#1614,#1621),.PCURVE_S1.);
#1610 = LINE('',#1611,#1612);
#1611 = CARTESIAN_POINT('',(-9.,15.,1.));
#1612 = VECTOR('',#1613,1.);
#1613 = DIRECTION('',(0.,-1.,2.22044604925E-16));
#1614 = PCURVE('',#614,#1615);
#1615 = DEFINITIONAL_REPRESENTATION('',(#1616),#1620);
#1616 = LINE('',#1617,#1618);
#1617 = CARTESIAN_POINT('',(1.414213562373,-2.22044604925E-16));
#1618 = VECTOR('',#1619,1.);
#1619 = DIRECTION('',(0.,-1.));
#1620 = ( GEOMETRIC_REPRESENTATION_CONTEXT(2) 
PARAMETRIC_REPRESENTATION_CONTEXT() REPRESENTATION_CONTEXT('2D SPACE',''
  ) );
#1621 = PCURVE('',#646,#1622);
#1622 = DEFINITIONAL_REPRESENTATION('',(#1623),#1627);
#1623 = LINE('',#1624,#1625);
#1624 = CARTESIAN_POINT('',(-0.,0.));
#1625 = VECTOR('',#1626,1.);
#1626 = DIRECTION('',(0.,-1.));
#1627 = ( GEOMETRIC_REPRESENTATION_CONTEXT(2) 
PARAMETRIC_REPRESENTATION_CONTEXT() REPRESENTATION_CONTEXT('2D SPACE',''
  ) );
#1628 = ADVANCED_FACE('',(#1629),#646,.T.);
#1629 = FACE_BOUND('',#1630,.T.);
#1630 = EDGE_LOOP('',(#1631,#1632,#1633,#1634));
#1631 = ORIENTED_EDGE('',*,*,#687,.T.);
#1632 = ORIENTED_EDGE('',*,*,#1608,.T.);
#1633 = ORIENTED_EDGE('',*,*,#626,.T.);
#1634 = ORIENTED_EDGE('',*,*,#1635,.F.);
#1635 = EDGE_CURVE('',#659,#627,#1636,.T.);
#1636 = SURFACE_CURVE('',#1637,(#1641,#1648),.PCURVE_S1.);
#1637 = LINE('',#1638,#1639);
#1638 = CARTESIAN_POINT('',(-10.,15.,-3.330669073875E-15));
#1639 = VECTOR('',#1640,1.);
#1640 = DIRECTION('',(0.,-1.,2.22044604925E-16));
#1641 = PCURVE('',#646,#1642);
#1642 = DEFINITIONAL_REPRESENTATION('',(#1643),#1647);
#1643 = LINE('',#1644,#1645);
#1644 = CARTESIAN_POINT('',(1.414213562373,2.22044604925E-16));
#1645 = VECTOR('',#1646,1.);
#1646 = DIRECTION('',(0.,-1.));
#1647 = ( GEOMETRIC_REPRESENTATION_CONTEXT(2) 
PARAMETRIC_REPRESENTATION_CONTEXT() REPRESENTATION_CONTEXT('2D SPACE',''
  ) );
#1648 = PCURVE('',#675,#1649);
#1649 = DEFINITIONAL_REPRESENTATION('',(#1650),#1654);
#1650 = LINE('',#1651,#1652);
#1651 = CARTESIAN_POINT('',(-10.,-15.));
#1652 = VECTOR('',#1653,1.);
#1653 = DIRECTION('',(-0.,1.));
#1654 = ( GEOMETRIC_REPRESENTATION_CONTEXT(2) 
PARAMETRIC_REPRESENTATION_CONTEXT() REPRESENTATION_CONTEXT('2D SPACE',''
  ) );
#1655 = ADVANCED_FACE('',(#1656),#675,.T.);
#1656 = FACE_BOUND('',#1657,.F.);
#1657 = EDGE_LOOP('',(#1658,#1659));
#1658 = ORIENTED_EDGE('',*,*,#658,.F.);
#1659 = ORIENTED_EDGE('',*,*,#1635,.F.);
#1660 = ADVANCED_FACE('',(#1661),#1212,.F.);
#1661 = FACE_BOUND('',#1662,.T.);
#1662 = EDGE_LOOP('',(#1663,#1686,#1713,#1714));
#1663 = ORIENTED_EDGE('',*,*,#1664,.F.);
#1664 = EDGE_CURVE('',#1665,#1192,#1667,.T.);
#1665 = VERTEX_POINT('',#1666);
#1666 = CARTESIAN_POINT('',(6.125,5.551115130942E-15,27.0000000352));
#1667 = SEAM_CURVE('',#1668,(#1672,#1679),.PCURVE_S1.);
#1668 = LINE('',#1669,#1670);
#1669 = CARTESIAN_POINT('',(6.125,5.551115130942E-15,27.0000000352));
#1670 = VECTOR('',#1671,1.);
#1671 = DIRECTION('',(1.833025313427E-02,2.220072984995E-16,
    0.999831986796));
#1672 = PCURVE('',#1212,#1673);
#1673 = DEFINITIONAL_REPRESENTATION('',(#1674),#1678);
#1674 = LINE('',#1675,#1676);
#1675 = CARTESIAN_POINT('',(-0.,0.));
#1676 = VECTOR('',#1677,1.);
#1677 = DIRECTION('',(-0.,1.));
#1678 = ( GEOMETRIC_REPRESENTATION_CONTEXT(2) 
PARAMETRIC_REPRESENTATION_CONTEXT() REPRESENTATION_CONTEXT('2D SPACE',''
  ) );
#1679 = PCURVE('',#1212,#1680);
#1680 = DEFINITIONAL_REPRESENTATION('',(#1681),#1685);
#1681 = LINE('',#1682,#1683);
#1682 = CARTESIAN_POINT('',(-6.28318530718,0.));
#1683 = VECTOR('',#1684,1.);
#1684 = DIRECTION('',(-0.,1.));
#1685 = ( GEOMETRIC_REPRESENTATION_CONTEXT(2) 
PARAMETRIC_REPRESENTATION_CONTEXT() REPRESENTATION_CONTEXT('2D SPACE',''
  ) );
#1686 = ORIENTED_EDGE('',*,*,#1687,.T.);
#1687 = EDGE_CURVE('',#1665,#1665,#1688,.T.);
#1688 = SURFACE_CURVE('',#1689,(#1694,#1701),.PCURVE_S1.);
#1689 = CIRCLE('',#1690,6.125);
#1690 = AXIS2_PLACEMENT_3D('',#1691,#1692,#1693);
#1691 = CARTESIAN_POINT('',(0.,5.551115130942E-15,27.0000000352));
#1692 = DIRECTION('',(0.,-2.22044604925E-16,-1.));
#1693 = DIRECTION('',(1.,0.,0.));
#1694 = PCURVE('',#1212,#1695);
#1695 = DEFINITIONAL_REPRESENTATION('',(#1696),#1700);
#1696 = LINE('',#1697,#1698);
#1697 = CARTESIAN_POINT('',(-0.,0.));
#1698 = VECTOR('',#1699,1.);
#1699 = DIRECTION('',(-1.,0.));
#1700 = ( GEOMETRIC_REPRESENTATION_CONTEXT(2) 
PARAMETRIC_REPRESENTATION_CONTEXT() REPRESENTATION_CONTEXT('2D SPACE',''
  ) );
#1701 = PCURVE('',#1702,#1707);
#1702 = CONICAL_SURFACE('',#1703,5.3,5.494464197788E-02);
#1703 = AXIS2_PLACEMENT_3D('',#1704,#1705,#1706);
#1704 = CARTESIAN_POINT('',(0.,2.22044604925E-15,12.));
#1705 = DIRECTION('',(0.,2.22044604925E-16,1.));
#1706 = DIRECTION('',(1.,0.,0.));
#1707 = DEFINITIONAL_REPRESENTATION('',(#1708),#1712);
#1708 = LINE('',#1709,#1710);
#1709 = CARTESIAN_POINT('',(-0.,15.0000000352));
#1710 = VECTOR('',#1711,1.);
#1711 = DIRECTION('',(-1.,0.));
#1712 = ( GEOMETRIC_REPRESENTATION_CONTEXT(2) 
PARAMETRIC_REPRESENTATION_CONTEXT() REPRESENTATION_CONTEXT('2D SPACE',''
  ) );
#1713 = ORIENTED_EDGE('',*,*,#1664,.T.);
#1714 = ORIENTED_EDGE('',*,*,#1191,.T.);
#1715 = ADVANCED_FACE('',(#1716),#1702,.F.);
#1716 = FACE_BOUND('',#1717,.T.);
#1717 = EDGE_LOOP('',(#1718,#1747,#1768,#1769));
#1718 = ORIENTED_EDGE('',*,*,#1719,.T.);
#1719 = EDGE_CURVE('',#1720,#1720,#1722,.T.);
#1720 = VERTEX_POINT('',#1721);
#1721 = CARTESIAN_POINT('',(5.3,2.22044604925E-15,12.));
#1722 = SURFACE_CURVE('',#1723,(#1728,#1735),.PCURVE_S1.);
#1723 = CIRCLE('',#1724,5.3);
#1724 = AXIS2_PLACEMENT_3D('',#1725,#1726,#1727);
#1725 = CARTESIAN_POINT('',(0.,2.22044604925E-15,12.));
#1726 = DIRECTION('',(0.,-2.22044604925E-16,-1.));
#1727 = DIRECTION('',(1.,0.,0.));
#1728 = PCURVE('',#1702,#1729);
#1729 = DEFINITIONAL_REPRESENTATION('',(#1730),#1734);
#1730 = LINE('',#1731,#1732);
#1731 = CARTESIAN_POINT('',(-0.,0.));
#1732 = VECTOR('',#1733,1.);
#1733 = DIRECTION('',(-1.,0.));
#1734 = ( GEOMETRIC_REPRESENTATION_CONTEXT(2) 
PARAMETRIC_REPRESENTATION_CONTEXT() REPRESENTATION_CONTEXT('2D SPACE',''
  ) );
#1735 = PCURVE('',#1736,#1741);
#1736 = CONICAL_SURFACE('',#1737,3.25,1.116952325273);
#1737 = AXIS2_PLACEMENT_3D('',#1738,#1739,#1740);
#1738 = CARTESIAN_POINT('',(0.,1.998401444325E-15,11.));
#1739 = DIRECTION('',(0.,2.22044604925E-16,1.));
#1740 = DIRECTION('',(1.,0.,0.));
#1741 = DEFINITIONAL_REPRESENTATION('',(#1742),#1746);
#1742 = LINE('',#1743,#1744);
#1743 = CARTESIAN_POINT('',(-0.,1.));
#1744 = VECTOR('',#1745,1.);
#1745 = DIRECTION('',(-1.,0.));
#1746 = ( GEOMETRIC_REPRESENTATION_CONTEXT(2) 
PARAMETRIC_REPRESENTATION_CONTEXT() REPRESENTATION_CONTEXT('2D SPACE',''
  ) );
#1747 = ORIENTED_EDGE('',*,*,#1748,.T.);
#1748 = EDGE_CURVE('',#1720,#1665,#1749,.T.);
#1749 = SEAM_CURVE('',#1750,(#1754,#1761),.PCURVE_S1.);
#1750 = LINE('',#1751,#1752);
#1751 = CARTESIAN_POINT('',(5.3,2.22044604925E-15,12.));
#1752 = VECTOR('',#1753,1.);
#1753 = DIRECTION('',(5.491700062865E-02,2.217095224886E-16,
    0.998490922864));
#1754 = PCURVE('',#1702,#1755);
#1755 = DEFINITIONAL_REPRESENTATION('',(#1756),#1760);
#1756 = LINE('',#1757,#1758);
#1757 = CARTESIAN_POINT('',(-0.,0.));
#1758 = VECTOR('',#1759,1.);
#1759 = DIRECTION('',(-0.,1.));
#1760 = ( GEOMETRIC_REPRESENTATION_CONTEXT(2) 
PARAMETRIC_REPRESENTATION_CONTEXT() REPRESENTATION_CONTEXT('2D SPACE',''
  ) );
#1761 = PCURVE('',#1702,#1762);
#1762 = DEFINITIONAL_REPRESENTATION('',(#1763),#1767);
#1763 = LINE('',#1764,#1765);
#1764 = CARTESIAN_POINT('',(-6.28318530718,0.));
#1765 = VECTOR('',#1766,1.);
#1766 = DIRECTION('',(-0.,1.));
#1767 = ( GEOMETRIC_REPRESENTATION_CONTEXT(2) 
PARAMETRIC_REPRESENTATION_CONTEXT() REPRESENTATION_CONTEXT('2D SPACE',''
  ) );
#1768 = ORIENTED_EDGE('',*,*,#1687,.F.);
#1769 = ORIENTED_EDGE('',*,*,#1748,.F.);
#1770 = ADVANCED_FACE('',(#1771),#1736,.F.);
#1771 = FACE_BOUND('',#1772,.T.);
#1772 = EDGE_LOOP('',(#1773,#1802,#1823,#1824));
#1773 = ORIENTED_EDGE('',*,*,#1774,.T.);
#1774 = EDGE_CURVE('',#1775,#1775,#1777,.T.);
#1775 = VERTEX_POINT('',#1776);
#1776 = CARTESIAN_POINT('',(3.25,1.998401444325E-15,11.));
#1777 = SURFACE_CURVE('',#1778,(#1783,#1790),.PCURVE_S1.);
#1778 = CIRCLE('',#1779,3.25);
#1779 = AXIS2_PLACEMENT_3D('',#1780,#1781,#1782);
#1780 = CARTESIAN_POINT('',(0.,1.998401444325E-15,11.));
#1781 = DIRECTION('',(0.,-2.22044604925E-16,-1.));
#1782 = DIRECTION('',(1.,0.,0.));
#1783 = PCURVE('',#1736,#1784);
#1784 = DEFINITIONAL_REPRESENTATION('',(#1785),#1789);
#1785 = LINE('',#1786,#1787);
#1786 = CARTESIAN_POINT('',(-0.,0.));
#1787 = VECTOR('',#1788,1.);
#1788 = DIRECTION('',(-1.,0.));
#1789 = ( GEOMETRIC_REPRESENTATION_CONTEXT(2) 
PARAMETRIC_REPRESENTATION_CONTEXT() REPRESENTATION_CONTEXT('2D SPACE',''
  ) );
#1790 = PCURVE('',#1791,#1796);
#1791 = CONICAL_SURFACE('',#1792,3.,3.569911267932E-02);
#1792 = AXIS2_PLACEMENT_3D('',#1793,#1794,#1795);
#1793 = CARTESIAN_POINT('',(0.,4.440892098501E-16,4.));
#1794 = DIRECTION('',(0.,2.22044604925E-16,1.));
#1795 = DIRECTION('',(1.,0.,0.));
#1796 = DEFINITIONAL_REPRESENTATION('',(#1797),#1801);
#1797 = LINE('',#1798,#1799);
#1798 = CARTESIAN_POINT('',(-0.,7.));
#1799 = VECTOR('',#1800,1.);
#1800 = DIRECTION('',(-1.,0.));
#1801 = ( GEOMETRIC_REPRESENTATION_CONTEXT(2) 
PARAMETRIC_REPRESENTATION_CONTEXT() REPRESENTATION_CONTEXT('2D SPACE',''
  ) );
#1802 = ORIENTED_EDGE('',*,*,#1803,.T.);
#1803 = EDGE_CURVE('',#1775,#1720,#1804,.T.);
#1804 = SEAM_CURVE('',#1805,(#1809,#1816),.PCURVE_S1.);
#1805 = LINE('',#1806,#1807);
#1806 = CARTESIAN_POINT('',(3.25,1.998401444325E-15,11.));
#1807 = VECTOR('',#1808,1.);
#1808 = DIRECTION('',(0.898768445644,9.734960216199E-17,0.438423632021)
  );
#1809 = PCURVE('',#1736,#1810);
#1810 = DEFINITIONAL_REPRESENTATION('',(#1811),#1815);
#1811 = LINE('',#1812,#1813);
#1812 = CARTESIAN_POINT('',(-0.,0.));
#1813 = VECTOR('',#1814,1.);
#1814 = DIRECTION('',(-0.,1.));
#1815 = ( GEOMETRIC_REPRESENTATION_CONTEXT(2) 
PARAMETRIC_REPRESENTATION_CONTEXT() REPRESENTATION_CONTEXT('2D SPACE',''
  ) );
#1816 = PCURVE('',#1736,#1817);
#1817 = DEFINITIONAL_REPRESENTATION('',(#1818),#1822);
#1818 = LINE('',#1819,#1820);
#1819 = CARTESIAN_POINT('',(-6.28318530718,0.));
#1820 = VECTOR('',#1821,1.);
#1821 = DIRECTION('',(-0.,1.));
#1822 = ( GEOMETRIC_REPRESENTATION_CONTEXT(2) 
PARAMETRIC_REPRESENTATION_CONTEXT() REPRESENTATION_CONTEXT('2D SPACE',''
  ) );
#1823 = ORIENTED_EDGE('',*,*,#1719,.F.);
#1824 = ORIENTED_EDGE('',*,*,#1803,.F.);
#1825 = ADVANCED_FACE('',(#1826),#1791,.F.);
#1826 = FACE_BOUND('',#1827,.T.);
#1827 = EDGE_LOOP('',(#1828,#1857,#1878,#1879));
#1828 = ORIENTED_EDGE('',*,*,#1829,.T.);
#1829 = EDGE_CURVE('',#1830,#1830,#1832,.T.);
#1830 = VERTEX_POINT('',#1831);
#1831 = CARTESIAN_POINT('',(3.,4.440892098501E-16,4.));
#1832 = SURFACE_CURVE('',#1833,(#1838,#1845),.PCURVE_S1.);
#1833 = CIRCLE('',#1834,3.);
#1834 = AXIS2_PLACEMENT_3D('',#1835,#1836,#1837);
#1835 = CARTESIAN_POINT('',(0.,4.440892098501E-16,4.));
#1836 = DIRECTION('',(0.,-2.22044604925E-16,-1.));
#1837 = DIRECTION('',(1.,0.,0.));
#1838 = PCURVE('',#1791,#1839);
#1839 = DEFINITIONAL_REPRESENTATION('',(#1840),#1844);
#1840 = LINE('',#1841,#1842);
#1841 = CARTESIAN_POINT('',(-0.,0.));
#1842 = VECTOR('',#1843,1.);
#1843 = DIRECTION('',(-1.,0.));
#1844 = ( GEOMETRIC_REPRESENTATION_CONTEXT(2) 
PARAMETRIC_REPRESENTATION_CONTEXT() REPRESENTATION_CONTEXT('2D SPACE',''
  ) );
#1845 = PCURVE('',#1846,#1851);
#1846 = PLANE('',#1847);
#1847 = AXIS2_PLACEMENT_3D('',#1848,#1849,#1850);
#1848 = CARTESIAN_POINT('',(0.,4.440892098501E-16,4.));
#1849 = DIRECTION('',(-0.,-2.22044604925E-16,-1.));
#1850 = DIRECTION('',(1.,0.,0.));
#1851 = DEFINITIONAL_REPRESENTATION('',(#1852),#1856);
#1852 = CIRCLE('',#1853,3.);
#1853 = AXIS2_PLACEMENT_2D('',#1854,#1855);
#1854 = CARTESIAN_POINT('',(0.,0.));
#1855 = DIRECTION('',(1.,-0.));
#1856 = ( GEOMETRIC_REPRESENTATION_CONTEXT(2) 
PARAMETRIC_REPRESENTATION_CONTEXT() REPRESENTATION_CONTEXT('2D SPACE',''
  ) );
#1857 = ORIENTED_EDGE('',*,*,#1858,.T.);
#1858 = EDGE_CURVE('',#1830,#1775,#1859,.T.);
#1859 = SEAM_CURVE('',#1860,(#1864,#1871),.PCURVE_S1.);
#1860 = LINE('',#1861,#1862);
#1861 = CARTESIAN_POINT('',(3.,4.440892098501E-16,4.));
#1862 = VECTOR('',#1863,1.);
#1863 = DIRECTION('',(3.569153051241E-02,2.219031301704E-16,
    0.999362854348));
#1864 = PCURVE('',#1791,#1865);
#1865 = DEFINITIONAL_REPRESENTATION('',(#1866),#1870);
#1866 = LINE('',#1867,#1868);
#1867 = CARTESIAN_POINT('',(-0.,0.));
#1868 = VECTOR('',#1869,1.);
#1869 = DIRECTION('',(-0.,1.));
#1870 = ( GEOMETRIC_REPRESENTATION_CONTEXT(2) 
PARAMETRIC_REPRESENTATION_CONTEXT() REPRESENTATION_CONTEXT('2D SPACE',''
  ) );
#1871 = PCURVE('',#1791,#1872);
#1872 = DEFINITIONAL_REPRESENTATION('',(#1873),#1877);
#1873 = LINE('',#1874,#1875);
#1874 = CARTESIAN_POINT('',(-6.28318530718,0.));
#1875 = VECTOR('',#1876,1.);
#1876 = DIRECTION('',(-0.,1.));
#1877 = ( GEOMETRIC_REPRESENTATION_CONTEXT(2) 
PARAMETRIC_REPRESENTATION_CONTEXT() REPRESENTATION_CONTEXT('2D SPACE',''
  ) );
#1878 = ORIENTED_EDGE('',*,*,#1774,.F.);
#1879 = ORIENTED_EDGE('',*,*,#1858,.F.);
#1880 = ADVANCED_FACE('',(#1881,#1912),#1846,.F.);
#1881 = FACE_BOUND('',#1882,.T.);
#1882 = EDGE_LOOP('',(#1883));
#1883 = ORIENTED_EDGE('',*,*,#1884,.T.);
#1884 = EDGE_CURVE('',#1885,#1885,#1887,.T.);
#1885 = VERTEX_POINT('',#1886);
#1886 = CARTESIAN_POINT('',(1.875,4.440892098501E-16,4.));
#1887 = SURFACE_CURVE('',#1888,(#1893,#1900),.PCURVE_S1.);
#1888 = CIRCLE('',#1889,1.875);
#1889 = AXIS2_PLACEMENT_3D('',#1890,#1891,#1892);
#1890 = CARTESIAN_POINT('',(0.,4.440892098501E-16,4.));
#1891 = DIRECTION('',(0.,-2.22044604925E-16,-1.));
#1892 = DIRECTION('',(1.,0.,0.));
#1893 = PCURVE('',#1846,#1894);
#1894 = DEFINITIONAL_REPRESENTATION('',(#1895),#1899);
#1895 = CIRCLE('',#1896,1.875);
#1896 = AXIS2_PLACEMENT_2D('',#1897,#1898);
#1897 = CARTESIAN_POINT('',(0.,0.));
#1898 = DIRECTION('',(1.,-0.));
#1899 = ( GEOMETRIC_REPRESENTATION_CONTEXT(2) 
PARAMETRIC_REPRESENTATION_CONTEXT() REPRESENTATION_CONTEXT('2D SPACE',''
  ) );
#1900 = PCURVE('',#1901,#1906);
#1901 = CYLINDRICAL_SURFACE('',#1902,1.875);
#1902 = AXIS2_PLACEMENT_3D('',#1903,#1904,#1905);
#1903 = CARTESIAN_POINT('',(0.,0.,2.));
#1904 = DIRECTION('',(0.,2.22044604925E-16,1.));
#1905 = DIRECTION('',(1.,0.,0.));
#1906 = DEFINITIONAL_REPRESENTATION('',(#1907),#1911);
#1907 = LINE('',#1908,#1909);
#1908 = CARTESIAN_POINT('',(-0.,2.));
#1909 = VECTOR('',#1910,1.);
#1910 = DIRECTION('',(-1.,0.));
#1911 = ( GEOMETRIC_REPRESENTATION_CONTEXT(2) 
PARAMETRIC_REPRESENTATION_CONTEXT() REPRESENTATION_CONTEXT('2D SPACE',''
  ) );
#1912 = FACE_BOUND('',#1913,.T.);
#1913 = EDGE_LOOP('',(#1914));
#1914 = ORIENTED_EDGE('',*,*,#1829,.F.);
#1915 = ADVANCED_FACE('',(#1916),#1901,.F.);
#1916 = FACE_BOUND('',#1917,.T.);
#1917 = EDGE_LOOP('',(#1918,#1947,#1968,#1969));
#1918 = ORIENTED_EDGE('',*,*,#1919,.T.);
#1919 = EDGE_CURVE('',#1920,#1920,#1922,.T.);
#1920 = VERTEX_POINT('',#1921);
#1921 = CARTESIAN_POINT('',(1.875,0.,2.));
#1922 = SURFACE_CURVE('',#1923,(#1928,#1935),.PCURVE_S1.);
#1923 = CIRCLE('',#1924,1.875);
#1924 = AXIS2_PLACEMENT_3D('',#1925,#1926,#1927);
#1925 = CARTESIAN_POINT('',(0.,0.,2.));
#1926 = DIRECTION('',(0.,-2.22044604925E-16,-1.));
#1927 = DIRECTION('',(1.,0.,0.));
#1928 = PCURVE('',#1901,#1929);
#1929 = DEFINITIONAL_REPRESENTATION('',(#1930),#1934);
#1930 = LINE('',#1931,#1932);
#1931 = CARTESIAN_POINT('',(-0.,0.));
#1932 = VECTOR('',#1933,1.);
#1933 = DIRECTION('',(-1.,0.));
#1934 = ( GEOMETRIC_REPRESENTATION_CONTEXT(2) 
PARAMETRIC_REPRESENTATION_CONTEXT() REPRESENTATION_CONTEXT('2D SPACE',''
  ) );
#1935 = PCURVE('',#1936,#1941);
#1936 = PLANE('',#1937);
#1937 = AXIS2_PLACEMENT_3D('',#1938,#1939,#1940);
#1938 = CARTESIAN_POINT('',(0.,0.,2.));
#1939 = DIRECTION('',(-0.,-2.22044604925E-16,-1.));
#1940 = DIRECTION('',(1.,0.,0.));
#1941 = DEFINITIONAL_REPRESENTATION('',(#1942),#1946);
#1942 = CIRCLE('',#1943,1.875);
#1943 = AXIS2_PLACEMENT_2D('',#1944,#1945);
#1944 = CARTESIAN_POINT('',(0.,0.));
#1945 = DIRECTION('',(1.,-0.));
#1946 = ( GEOMETRIC_REPRESENTATION_CONTEXT(2) 
PARAMETRIC_REPRESENTATION_CONTEXT() REPRESENTATION_CONTEXT('2D SPACE',''
  ) );
#1947 = ORIENTED_EDGE('',*,*,#1948,.T.);
#1948 = EDGE_CURVE('',#1920,#1885,#1949,.T.);
#1949 = SEAM_CURVE('',#1950,(#1954,#1961),.PCURVE_S1.);
#1950 = LINE('',#1951,#1952);
#1951 = CARTESIAN_POINT('',(1.875,0.,2.));
#1952 = VECTOR('',#1953,1.);
#1953 = DIRECTION('',(0.,2.22044604925E-16,1.));
#1954 = PCURVE('',#1901,#1955);
#1955 = DEFINITIONAL_REPRESENTATION('',(#1956),#1960);
#1956 = LINE('',#1957,#1958);
#1957 = CARTESIAN_POINT('',(-0.,0.));
#1958 = VECTOR('',#1959,1.);
#1959 = DIRECTION('',(-0.,1.));
#1960 = ( GEOMETRIC_REPRESENTATION_CONTEXT(2) 
PARAMETRIC_REPRESENTATION_CONTEXT() REPRESENTATION_CONTEXT('2D SPACE',''
  ) );
#1961 = PCURVE('',#1901,#1962);
#1962 = DEFINITIONAL_REPRESENTATION('',(#1963),#1967);
#1963 = LINE('',#1964,#1965);
#1964 = CARTESIAN_POINT('',(-6.28318530718,0.));
#1965 = VECTOR('',#1966,1.);
#1966 = DIRECTION('',(-0.,1.));
#1967 = ( GEOMETRIC_REPRESENTATION_CONTEXT(2) 
PARAMETRIC_REPRESENTATION_CONTEXT() REPRESENTATION_CONTEXT('2D SPACE',''
  ) );
#1968 = ORIENTED_EDGE('',*,*,#1884,.F.);
#1969 = ORIENTED_EDGE('',*,*,#1948,.F.);
#1970 = ADVANCED_FACE('',(#1971),#1936,.F.);
#1971 = FACE_BOUND('',#1972,.T.);
#1972 = EDGE_LOOP('',(#1973));
#1973 = ORIENTED_EDGE('',*,*,#1919,.F.);
#1974 = ( GEOMETRIC_REPRESENTATION_CONTEXT(3) 
GLOBAL_UNCERTAINTY_ASSIGNED_CONTEXT((#1978)) 
GLOBAL_UNIT_ASSIGNED_CONTEXT((#1975,#1976,#1977)) REPRESENTATION_CONTEXT
('Context #1','3D Context with UNIT and UNCERTAINTY') );
#1975 = ( LENGTH_UNIT() NAMED_UNIT(*) SI_UNIT(.MILLI.,.METRE.) );
#1976 = ( NAMED_UNIT(*) PLANE_ANGLE_UNIT() SI_UNIT($,.RADIAN.) );
#1977 = ( NAMED_UNIT(*) SI_UNIT($,.STERADIAN.) SOLID_ANGLE_UNIT() );
#1978 = UNCERTAINTY_MEASURE_WITH_UNIT(LENGTH_MEASURE(1.E-07),#1975,
  'distance_accuracy_value','confusion accuracy');
#1979 = PRODUCT_RELATED_PRODUCT_CATEGORY('part',$,(#7));
#1980 = MECHANICAL_DESIGN_GEOMETRIC_PRESENTATION_REPRESENTATION('',(
    #1981),#1974);
#1981 = STYLED_ITEM('color',(#1982),#15);
#1982 = PRESENTATION_STYLE_ASSIGNMENT((#1983,#1991));
#1983 = SURFACE_STYLE_USAGE(.BOTH.,#1984);
#1984 = SURFACE_SIDE_STYLE('',(#1985,#1989));
#1985 = SURFACE_STYLE_FILL_AREA(#1986);
#1986 = FILL_AREA_STYLE('',(#1987));
#1987 = FILL_AREA_STYLE_COLOUR('',#1988);
#1988 = COLOUR_RGB('',0.709803936702,0.921568637116,0.756862767111);
#1989 = SURFACE_STYLE_RENDERING_WITH_PROPERTIES(.NORMAL_SHADING.,#1988,(
    #1990));
#1990 = SURFACE_STYLE_TRANSPARENT(0.899999976158);
#1991 = CURVE_STYLE('',#1992,POSITIVE_LENGTH_MEASURE(0.1),#1993);
#1992 = DRAUGHTING_PRE_DEFINED_CURVE_FONT('continuous');
#1993 = COLOUR_RGB('',9.803921802644E-02,9.803921802644E-02,
  9.803921802644E-02);
ENDSEC;
END-ISO-10303-21;
