ISO-10303-21;
HEADER;
FILE_DESCRIPTION(('FreeCAD Model'),'2;1');
FILE_NAME('Open CASCADE Shape Model','2025-11-25T08:15:35',(''),(''),
  'Open CASCADE STEP processor 7.8','FreeCAD','Unknown');
FILE_SCHEMA(('AUTOMOTIVE_DESIGN { 1 0 10303 214 1 1 1 1 }'));
ENDSEC;
DATA;
#1 = APPLICATION_PROTOCOL_DEFINITION('international standard',
  'automotive_design',2000,#2);
#2 = APPLICATION_CONTEXT(
  'core data for automotive mechanical design processes');
#3 = SHAPE_DEFINITION_REPRESENTATION(#4,#10);
#4 = PRODUCT_DEFINITION_SHAPE('','',#5);
#5 = PRODUCT_DEFINITION('design','',#6,#9);
#6 = PRODUCT_DEFINITION_FORMATION('','',#7);
#7 = PRODUCT('knob-drill-adapter','knob-drill-adapter','',(#8));
#8 = PRODUCT_CONTEXT('',#2,'mechanical');
#9 = PRODUCT_DEFINITION_CONTEXT('part definition',#2,'design');
#10 = ADVANCED_BREP_SHAPE_REPRESENTATION('',(#11,#15),#2819);
#11 = AXIS2_PLACEMENT_3D('',#12,#13,#14);
#12 = CARTESIAN_POINT('',(0.,0.,0.));
#13 = DIRECTION('',(0.,0.,1.));
#14 = DIRECTION('',(1.,0.,-0.));
#15 = MANIFOLD_SOLID_BREP('',#16);
#16 = CLOSED_SHELL('',(#17,#109,#165,#327,#403,#452,#501,#550,#599,#626,
    #635,#670,#1401,#1495,#1575,#1628,#1677,#1708,#1788,#1841,#1890,
    #1921,#2001,#2054,#2103,#2134,#2214,#2267,#2316,#2347,#2427,#2480,
    #2529,#2560,#2640,#2693,#2742,#2773,#2777,#2784,#2791,#2798,#2805,
    #2812));
#17 = ADVANCED_FACE('',(#18),#31,.T.);
#18 = FACE_BOUND('',#19,.F.);
#19 = EDGE_LOOP('',(#20,#54,#77,#108));
#20 = ORIENTED_EDGE('',*,*,#21,.T.);
#21 = EDGE_CURVE('',#22,#22,#24,.T.);
#22 = VERTEX_POINT('',#23);
#23 = CARTESIAN_POINT('',(13.7292,0.,0.));
#24 = SURFACE_CURVE('',#25,(#30,#42),.PCURVE_S1.);
#25 = CIRCLE('',#26,13.7292);
#26 = AXIS2_PLACEMENT_3D('',#27,#28,#29);
#27 = CARTESIAN_POINT('',(0.,0.,0.));
#28 = DIRECTION('',(0.,-2.22044604925E-16,-1.));
#29 = DIRECTION('',(1.,0.,0.));
#30 = PCURVE('',#31,#36);
#31 = CYLINDRICAL_SURFACE('',#32,13.7292);
#32 = AXIS2_PLACEMENT_3D('',#33,#34,#35);
#33 = CARTESIAN_POINT('',(0.,0.,0.));
#34 = DIRECTION('',(0.,2.22044604925E-16,1.));
#35 = DIRECTION('',(1.,0.,0.));
#36 = DEFINITIONAL_REPRESENTATION('',(#37),#41);
#37 = LINE('',#38,#39);
#38 = CARTESIAN_POINT('',(-0.,0.));
#39 = VECTOR('',#40,1.);
#40 = DIRECTION('',(-1.,0.));
#41 = ( GEOMETRIC_REPRESENTATION_CONTEXT(2) 
PARAMETRIC_REPRESENTATION_CONTEXT() REPRESENTATION_CONTEXT('2D SPACE',''
  ) );
#42 = PCURVE('',#43,#48);
#43 = PLANE('',#44);
#44 = AXIS2_PLACEMENT_3D('',#45,#46,#47);
#45 = CARTESIAN_POINT('',(-7.968068831626E-16,-1.033166405163E-15,
    5.248235668293E-32));
#46 = DIRECTION('',(-0.,-0.,-1.));
#47 = DIRECTION('',(-1.,0.,0.));
#48 = DEFINITIONAL_REPRESENTATION('',(#49),#53);
#49 = CIRCLE('',#50,13.7292);
#50 = AXIS2_PLACEMENT_2D('',#51,#52);
#51 = CARTESIAN_POINT('',(-7.968068831626E-16,1.033166405163E-15));
#52 = DIRECTION('',(-1.,0.));
#53 = ( GEOMETRIC_REPRESENTATION_CONTEXT(2) 
PARAMETRIC_REPRESENTATION_CONTEXT() REPRESENTATION_CONTEXT('2D SPACE',''
  ) );
#54 = ORIENTED_EDGE('',*,*,#55,.T.);
#55 = EDGE_CURVE('',#22,#56,#58,.T.);
#56 = VERTEX_POINT('',#57);
#57 = CARTESIAN_POINT('',(13.7292,5.773159728051E-15,26.));
#58 = SEAM_CURVE('',#59,(#63,#70),.PCURVE_S1.);
#59 = LINE('',#60,#61);
#60 = CARTESIAN_POINT('',(13.7292,0.,0.));
#61 = VECTOR('',#62,1.);
#62 = DIRECTION('',(0.,2.22044604925E-16,1.));
#63 = PCURVE('',#31,#64);
#64 = DEFINITIONAL_REPRESENTATION('',(#65),#69);
#65 = LINE('',#66,#67);
#66 = CARTESIAN_POINT('',(-0.,0.));
#67 = VECTOR('',#68,1.);
#68 = DIRECTION('',(-0.,1.));
#69 = ( GEOMETRIC_REPRESENTATION_CONTEXT(2) 
PARAMETRIC_REPRESENTATION_CONTEXT() REPRESENTATION_CONTEXT('2D SPACE',''
  ) );
#70 = PCURVE('',#31,#71);
#71 = DEFINITIONAL_REPRESENTATION('',(#72),#76);
#72 = LINE('',#73,#74);
#73 = CARTESIAN_POINT('',(-6.28318530718,0.));
#74 = VECTOR('',#75,1.);
#75 = DIRECTION('',(-0.,1.));
#76 = ( GEOMETRIC_REPRESENTATION_CONTEXT(2) 
PARAMETRIC_REPRESENTATION_CONTEXT() REPRESENTATION_CONTEXT('2D SPACE',''
  ) );
#77 = ORIENTED_EDGE('',*,*,#78,.F.);
#78 = EDGE_CURVE('',#56,#56,#79,.T.);
#79 = SURFACE_CURVE('',#80,(#85,#92),.PCURVE_S1.);
#80 = CIRCLE('',#81,13.7292);
#81 = AXIS2_PLACEMENT_3D('',#82,#83,#84);
#82 = CARTESIAN_POINT('',(0.,5.773159728051E-15,26.));
#83 = DIRECTION('',(0.,-2.22044604925E-16,-1.));
#84 = DIRECTION('',(1.,0.,0.));
#85 = PCURVE('',#31,#86);
#86 = DEFINITIONAL_REPRESENTATION('',(#87),#91);
#87 = LINE('',#88,#89);
#88 = CARTESIAN_POINT('',(-0.,26.));
#89 = VECTOR('',#90,1.);
#90 = DIRECTION('',(-1.,0.));
#91 = ( GEOMETRIC_REPRESENTATION_CONTEXT(2) 
PARAMETRIC_REPRESENTATION_CONTEXT() REPRESENTATION_CONTEXT('2D SPACE',''
  ) );
#92 = PCURVE('',#93,#102);
#93 = SURFACE_OF_REVOLUTION('',#94,#99);
#94 = B_SPLINE_CURVE_WITH_KNOTS('',3,(#95,#96,#97,#98),.UNSPECIFIED.,.F.
  ,.F.,(4,4),(0.,1.),.PIECEWISE_BEZIER_KNOTS.);
#95 = CARTESIAN_POINT('',(5.235251,8.881784197001E-15,40.));
#96 = CARTESIAN_POINT('',(6.,7.439693305855E-15,33.5054));
#97 = CARTESIAN_POINT('',(14.,6.661338147751E-15,30.));
#98 = CARTESIAN_POINT('',(13.7292,5.773159728051E-15,26.));
#99 = AXIS1_PLACEMENT('',#100,#101);
#100 = CARTESIAN_POINT('',(0.,0.,0.));
#101 = DIRECTION('',(0.,-2.22044604925E-16,-1.));
#102 = DEFINITIONAL_REPRESENTATION('',(#103),#107);
#103 = LINE('',#104,#105);
#104 = CARTESIAN_POINT('',(0.,1.));
#105 = VECTOR('',#106,1.);
#106 = DIRECTION('',(1.,0.));
#107 = ( GEOMETRIC_REPRESENTATION_CONTEXT(2) 
PARAMETRIC_REPRESENTATION_CONTEXT() REPRESENTATION_CONTEXT('2D SPACE',''
  ) );
#108 = ORIENTED_EDGE('',*,*,#55,.F.);
#109 = ADVANCED_FACE('',(#110),#93,.T.);
#110 = FACE_BOUND('',#111,.T.);
#111 = EDGE_LOOP('',(#112,#141,#163,#164));
#112 = ORIENTED_EDGE('',*,*,#113,.T.);
#113 = EDGE_CURVE('',#114,#114,#116,.T.);
#114 = VERTEX_POINT('',#115);
#115 = CARTESIAN_POINT('',(5.235251,8.881784197001E-15,40.));
#116 = SURFACE_CURVE('',#117,(#122,#129),.PCURVE_S1.);
#117 = CIRCLE('',#118,5.235251);
#118 = AXIS2_PLACEMENT_3D('',#119,#120,#121);
#119 = CARTESIAN_POINT('',(0.,8.881784197001E-15,40.));
#120 = DIRECTION('',(0.,-2.22044604925E-16,-1.));
#121 = DIRECTION('',(1.,0.,0.));
#122 = PCURVE('',#93,#123);
#123 = DEFINITIONAL_REPRESENTATION('',(#124),#128);
#124 = LINE('',#125,#126);
#125 = CARTESIAN_POINT('',(0.,0.));
#126 = VECTOR('',#127,1.);
#127 = DIRECTION('',(1.,0.));
#128 = ( GEOMETRIC_REPRESENTATION_CONTEXT(2) 
PARAMETRIC_REPRESENTATION_CONTEXT() REPRESENTATION_CONTEXT('2D SPACE',''
  ) );
#129 = PCURVE('',#130,#135);
#130 = PLANE('',#131);
#131 = AXIS2_PLACEMENT_3D('',#132,#133,#134);
#132 = CARTESIAN_POINT('',(0.,8.881784197001E-15,40.));
#133 = DIRECTION('',(0.,-2.22044604925E-16,-1.));
#134 = DIRECTION('',(1.,0.,0.));
#135 = DEFINITIONAL_REPRESENTATION('',(#136),#140);
#136 = CIRCLE('',#137,5.235251);
#137 = AXIS2_PLACEMENT_2D('',#138,#139);
#138 = CARTESIAN_POINT('',(0.,0.));
#139 = DIRECTION('',(1.,-0.));
#140 = ( GEOMETRIC_REPRESENTATION_CONTEXT(2) 
PARAMETRIC_REPRESENTATION_CONTEXT() REPRESENTATION_CONTEXT('2D SPACE',''
  ) );
#141 = ORIENTED_EDGE('',*,*,#142,.T.);
#142 = EDGE_CURVE('',#114,#56,#143,.T.);
#143 = SEAM_CURVE('',#144,(#149,#156),.PCURVE_S1.);
#144 = B_SPLINE_CURVE_WITH_KNOTS('',3,(#145,#146,#147,#148),
  .UNSPECIFIED.,.F.,.F.,(4,4),(0.,1.),.PIECEWISE_BEZIER_KNOTS.);
#145 = CARTESIAN_POINT('',(5.235251,8.881784197001E-15,40.));
#146 = CARTESIAN_POINT('',(6.,7.439693305855E-15,33.5054));
#147 = CARTESIAN_POINT('',(14.,6.661338147751E-15,30.));
#148 = CARTESIAN_POINT('',(13.7292,5.773159728051E-15,26.));
#149 = PCURVE('',#93,#150);
#150 = DEFINITIONAL_REPRESENTATION('',(#151),#155);
#151 = LINE('',#152,#153);
#152 = CARTESIAN_POINT('',(0.,0.));
#153 = VECTOR('',#154,1.);
#154 = DIRECTION('',(0.,1.));
#155 = ( GEOMETRIC_REPRESENTATION_CONTEXT(2) 
PARAMETRIC_REPRESENTATION_CONTEXT() REPRESENTATION_CONTEXT('2D SPACE',''
  ) );
#156 = PCURVE('',#93,#157);
#157 = DEFINITIONAL_REPRESENTATION('',(#158),#162);
#158 = LINE('',#159,#160);
#159 = CARTESIAN_POINT('',(6.28318530718,0.));
#160 = VECTOR('',#161,1.);
#161 = DIRECTION('',(0.,1.));
#162 = ( GEOMETRIC_REPRESENTATION_CONTEXT(2) 
PARAMETRIC_REPRESENTATION_CONTEXT() REPRESENTATION_CONTEXT('2D SPACE',''
  ) );
#163 = ORIENTED_EDGE('',*,*,#78,.F.);
#164 = ORIENTED_EDGE('',*,*,#142,.F.);
#165 = ADVANCED_FACE('',(#166,#169),#130,.F.);
#166 = FACE_BOUND('',#167,.T.);
#167 = EDGE_LOOP('',(#168));
#168 = ORIENTED_EDGE('',*,*,#113,.F.);
#169 = FACE_BOUND('',#170,.T.);
#170 = EDGE_LOOP('',(#171,#199,#225,#251,#277,#303));
#171 = ORIENTED_EDGE('',*,*,#172,.T.);
#172 = EDGE_CURVE('',#173,#175,#177,.T.);
#173 = VERTEX_POINT('',#174);
#174 = CARTESIAN_POINT('',(-2.58,4.468691083528,40.));
#175 = VERTEX_POINT('',#176);
#176 = CARTESIAN_POINT('',(2.58,4.468691083528,40.));
#177 = SURFACE_CURVE('',#178,(#182,#188),.PCURVE_S1.);
#178 = LINE('',#179,#180);
#179 = CARTESIAN_POINT('',(1.29,4.468691083528,40.));
#180 = VECTOR('',#181,1.);
#181 = DIRECTION('',(1.,0.,0.));
#182 = PCURVE('',#130,#183);
#183 = DEFINITIONAL_REPRESENTATION('',(#184),#187);
#184 = B_SPLINE_CURVE_WITH_KNOTS('',1,(#185,#186),.UNSPECIFIED.,.F.,.F.,
  (2,2),(-3.87,1.29),.PIECEWISE_BEZIER_KNOTS.);
#185 = CARTESIAN_POINT('',(-2.58,-4.468691083528));
#186 = CARTESIAN_POINT('',(2.58,-4.468691083528));
#187 = ( GEOMETRIC_REPRESENTATION_CONTEXT(2) 
PARAMETRIC_REPRESENTATION_CONTEXT() REPRESENTATION_CONTEXT('2D SPACE',''
  ) );
#188 = PCURVE('',#189,#194);
#189 = PLANE('',#190);
#190 = AXIS2_PLACEMENT_3D('',#191,#192,#193);
#191 = CARTESIAN_POINT('',(2.58,4.468691083528,39.9));
#192 = DIRECTION('',(0.,-1.,0.));
#193 = DIRECTION('',(-1.,0.,0.));
#194 = DEFINITIONAL_REPRESENTATION('',(#195),#198);
#195 = B_SPLINE_CURVE_WITH_KNOTS('',1,(#196,#197),.UNSPECIFIED.,.F.,.F.,
  (2,2),(-3.87,1.29),.PIECEWISE_BEZIER_KNOTS.);
#196 = CARTESIAN_POINT('',(5.16,-0.1));
#197 = CARTESIAN_POINT('',(0.,-0.1));
#198 = ( GEOMETRIC_REPRESENTATION_CONTEXT(2) 
PARAMETRIC_REPRESENTATION_CONTEXT() REPRESENTATION_CONTEXT('2D SPACE',''
  ) );
#199 = ORIENTED_EDGE('',*,*,#200,.T.);
#200 = EDGE_CURVE('',#175,#201,#203,.T.);
#201 = VERTEX_POINT('',#202);
#202 = CARTESIAN_POINT('',(5.16,0.,40.));
#203 = SURFACE_CURVE('',#204,(#208,#214),.PCURVE_S1.);
#204 = LINE('',#205,#206);
#205 = CARTESIAN_POINT('',(4.515,1.117172770882,40.));
#206 = VECTOR('',#207,1.);
#207 = DIRECTION('',(0.5,-0.866025403784,1.922962686384E-16));
#208 = PCURVE('',#130,#209);
#209 = DEFINITIONAL_REPRESENTATION('',(#210),#213);
#210 = B_SPLINE_CURVE_WITH_KNOTS('',1,(#211,#212),.UNSPECIFIED.,.F.,.F.,
  (2,2),(-3.87,1.29),.PIECEWISE_BEZIER_KNOTS.);
#211 = CARTESIAN_POINT('',(2.58,-4.468691083528));
#212 = CARTESIAN_POINT('',(5.16,8.659739592076E-15));
#213 = ( GEOMETRIC_REPRESENTATION_CONTEXT(2) 
PARAMETRIC_REPRESENTATION_CONTEXT() REPRESENTATION_CONTEXT('2D SPACE',''
  ) );
#214 = PCURVE('',#215,#220);
#215 = PLANE('',#216);
#216 = AXIS2_PLACEMENT_3D('',#217,#218,#219);
#217 = CARTESIAN_POINT('',(5.16,0.,39.9));
#218 = DIRECTION('',(-0.866025403784,-0.5,0.));
#219 = DIRECTION('',(-0.5,0.866025403784,0.));
#220 = DEFINITIONAL_REPRESENTATION('',(#221),#224);
#221 = B_SPLINE_CURVE_WITH_KNOTS('',1,(#222,#223),.UNSPECIFIED.,.F.,.F.,
  (2,2),(-3.87,1.29),.PIECEWISE_BEZIER_KNOTS.);
#222 = CARTESIAN_POINT('',(5.16,-0.1));
#223 = CARTESIAN_POINT('',(0.,-0.1));
#224 = ( GEOMETRIC_REPRESENTATION_CONTEXT(2) 
PARAMETRIC_REPRESENTATION_CONTEXT() REPRESENTATION_CONTEXT('2D SPACE',''
  ) );
#225 = ORIENTED_EDGE('',*,*,#226,.T.);
#226 = EDGE_CURVE('',#201,#227,#229,.T.);
#227 = VERTEX_POINT('',#228);
#228 = CARTESIAN_POINT('',(2.58,-4.468691083528,40.));
#229 = SURFACE_CURVE('',#230,(#234,#240),.PCURVE_S1.);
#230 = LINE('',#231,#232);
#231 = CARTESIAN_POINT('',(3.225,-3.351518312646,40.));
#232 = VECTOR('',#233,1.);
#233 = DIRECTION('',(-0.5,-0.866025403784,1.922962686384E-16));
#234 = PCURVE('',#130,#235);
#235 = DEFINITIONAL_REPRESENTATION('',(#236),#239);
#236 = B_SPLINE_CURVE_WITH_KNOTS('',1,(#237,#238),.UNSPECIFIED.,.F.,.F.,
  (2,2),(-3.87,1.29),.PIECEWISE_BEZIER_KNOTS.);
#237 = CARTESIAN_POINT('',(5.16,8.437694987151E-15));
#238 = CARTESIAN_POINT('',(2.58,4.468691083528));
#239 = ( GEOMETRIC_REPRESENTATION_CONTEXT(2) 
PARAMETRIC_REPRESENTATION_CONTEXT() REPRESENTATION_CONTEXT('2D SPACE',''
  ) );
#240 = PCURVE('',#241,#246);
#241 = PLANE('',#242);
#242 = AXIS2_PLACEMENT_3D('',#243,#244,#245);
#243 = CARTESIAN_POINT('',(2.58,-4.468691083528,39.9));
#244 = DIRECTION('',(-0.866025403784,0.5,0.));
#245 = DIRECTION('',(0.5,0.866025403784,0.));
#246 = DEFINITIONAL_REPRESENTATION('',(#247),#250);
#247 = B_SPLINE_CURVE_WITH_KNOTS('',1,(#248,#249),.UNSPECIFIED.,.F.,.F.,
  (2,2),(-3.87,1.29),.PIECEWISE_BEZIER_KNOTS.);
#248 = CARTESIAN_POINT('',(5.16,-0.1));
#249 = CARTESIAN_POINT('',(0.,-0.1));
#250 = ( GEOMETRIC_REPRESENTATION_CONTEXT(2) 
PARAMETRIC_REPRESENTATION_CONTEXT() REPRESENTATION_CONTEXT('2D SPACE',''
  ) );
#251 = ORIENTED_EDGE('',*,*,#252,.T.);
#252 = EDGE_CURVE('',#227,#253,#255,.T.);
#253 = VERTEX_POINT('',#254);
#254 = CARTESIAN_POINT('',(-2.58,-4.468691083528,40.));
#255 = SURFACE_CURVE('',#256,(#260,#266),.PCURVE_S1.);
#256 = LINE('',#257,#258);
#257 = CARTESIAN_POINT('',(-1.29,-4.468691083528,40.));
#258 = VECTOR('',#259,1.);
#259 = DIRECTION('',(-1.,5.163828021512E-16,-1.146600152938E-31));
#260 = PCURVE('',#130,#261);
#261 = DEFINITIONAL_REPRESENTATION('',(#262),#265);
#262 = B_SPLINE_CURVE_WITH_KNOTS('',1,(#263,#264),.UNSPECIFIED.,.F.,.F.,
  (2,2),(-3.87,1.29),.PIECEWISE_BEZIER_KNOTS.);
#263 = CARTESIAN_POINT('',(2.58,4.468691083528));
#264 = CARTESIAN_POINT('',(-2.58,4.468691083528));
#265 = ( GEOMETRIC_REPRESENTATION_CONTEXT(2) 
PARAMETRIC_REPRESENTATION_CONTEXT() REPRESENTATION_CONTEXT('2D SPACE',''
  ) );
#266 = PCURVE('',#267,#272);
#267 = PLANE('',#268);
#268 = AXIS2_PLACEMENT_3D('',#269,#270,#271);
#269 = CARTESIAN_POINT('',(-2.58,-4.468691083528,39.9));
#270 = DIRECTION('',(5.163828021512E-16,1.,0.));
#271 = DIRECTION('',(1.,-5.163828021512E-16,0.));
#272 = DEFINITIONAL_REPRESENTATION('',(#273),#276);
#273 = B_SPLINE_CURVE_WITH_KNOTS('',1,(#274,#275),.UNSPECIFIED.,.F.,.F.,
  (2,2),(-3.87,1.29),.PIECEWISE_BEZIER_KNOTS.);
#274 = CARTESIAN_POINT('',(5.16,-0.1));
#275 = CARTESIAN_POINT('',(0.,-0.1));
#276 = ( GEOMETRIC_REPRESENTATION_CONTEXT(2) 
PARAMETRIC_REPRESENTATION_CONTEXT() REPRESENTATION_CONTEXT('2D SPACE',''
  ) );
#277 = ORIENTED_EDGE('',*,*,#278,.T.);
#278 = EDGE_CURVE('',#253,#279,#281,.T.);
#279 = VERTEX_POINT('',#280);
#280 = CARTESIAN_POINT('',(-5.16,8.881784197001E-16,40.));
#281 = SURFACE_CURVE('',#282,(#286,#292),.PCURVE_S1.);
#282 = LINE('',#283,#284);
#283 = CARTESIAN_POINT('',(-4.515,-1.117172770882,40.));
#284 = VECTOR('',#285,1.);
#285 = DIRECTION('',(-0.5,0.866025403784,-1.922962686384E-16));
#286 = PCURVE('',#130,#287);
#287 = DEFINITIONAL_REPRESENTATION('',(#288),#291);
#288 = B_SPLINE_CURVE_WITH_KNOTS('',1,(#289,#290),.UNSPECIFIED.,.F.,.F.,
  (2,2),(-3.87,1.29),.PIECEWISE_BEZIER_KNOTS.);
#289 = CARTESIAN_POINT('',(-2.58,4.468691083528));
#290 = CARTESIAN_POINT('',(-5.16,7.993605777301E-15));
#291 = ( GEOMETRIC_REPRESENTATION_CONTEXT(2) 
PARAMETRIC_REPRESENTATION_CONTEXT() REPRESENTATION_CONTEXT('2D SPACE',''
  ) );
#292 = PCURVE('',#293,#298);
#293 = PLANE('',#294);
#294 = AXIS2_PLACEMENT_3D('',#295,#296,#297);
#295 = CARTESIAN_POINT('',(-5.16,8.881784197001E-16,39.9));
#296 = DIRECTION('',(0.866025403784,0.5,0.));
#297 = DIRECTION('',(0.5,-0.866025403784,0.));
#298 = DEFINITIONAL_REPRESENTATION('',(#299),#302);
#299 = B_SPLINE_CURVE_WITH_KNOTS('',1,(#300,#301),.UNSPECIFIED.,.F.,.F.,
  (2,2),(-3.87,1.29),.PIECEWISE_BEZIER_KNOTS.);
#300 = CARTESIAN_POINT('',(5.16,-0.1));
#301 = CARTESIAN_POINT('',(0.,-0.1));
#302 = ( GEOMETRIC_REPRESENTATION_CONTEXT(2) 
PARAMETRIC_REPRESENTATION_CONTEXT() REPRESENTATION_CONTEXT('2D SPACE',''
  ) );
#303 = ORIENTED_EDGE('',*,*,#304,.T.);
#304 = EDGE_CURVE('',#279,#173,#305,.T.);
#305 = SURFACE_CURVE('',#306,(#310,#316),.PCURVE_S1.);
#306 = LINE('',#307,#308);
#307 = CARTESIAN_POINT('',(-3.225,3.351518312646,40.));
#308 = VECTOR('',#309,1.);
#309 = DIRECTION('',(0.5,0.866025403784,-1.922962686384E-16));
#310 = PCURVE('',#130,#311);
#311 = DEFINITIONAL_REPRESENTATION('',(#312),#315);
#312 = B_SPLINE_CURVE_WITH_KNOTS('',1,(#313,#314),.UNSPECIFIED.,.F.,.F.,
  (2,2),(-3.87,1.29),.PIECEWISE_BEZIER_KNOTS.);
#313 = CARTESIAN_POINT('',(-5.16,8.881784197001E-15));
#314 = CARTESIAN_POINT('',(-2.58,-4.468691083528));
#315 = ( GEOMETRIC_REPRESENTATION_CONTEXT(2) 
PARAMETRIC_REPRESENTATION_CONTEXT() REPRESENTATION_CONTEXT('2D SPACE',''
  ) );
#316 = PCURVE('',#317,#322);
#317 = PLANE('',#318);
#318 = AXIS2_PLACEMENT_3D('',#319,#320,#321);
#319 = CARTESIAN_POINT('',(-2.58,4.468691083528,39.9));
#320 = DIRECTION('',(0.866025403784,-0.5,0.));
#321 = DIRECTION('',(-0.5,-0.866025403784,0.));
#322 = DEFINITIONAL_REPRESENTATION('',(#323),#326);
#323 = B_SPLINE_CURVE_WITH_KNOTS('',1,(#324,#325),.UNSPECIFIED.,.F.,.F.,
  (2,2),(-3.87,1.29),.PIECEWISE_BEZIER_KNOTS.);
#324 = CARTESIAN_POINT('',(5.16,-0.1));
#325 = CARTESIAN_POINT('',(0.,-0.1));
#326 = ( GEOMETRIC_REPRESENTATION_CONTEXT(2) 
PARAMETRIC_REPRESENTATION_CONTEXT() REPRESENTATION_CONTEXT('2D SPACE',''
  ) );
#327 = ADVANCED_FACE('',(#328),#189,.F.);
#328 = FACE_BOUND('',#329,.F.);
#329 = EDGE_LOOP('',(#330,#331,#354,#382));
#330 = ORIENTED_EDGE('',*,*,#172,.T.);
#331 = ORIENTED_EDGE('',*,*,#332,.T.);
#332 = EDGE_CURVE('',#175,#333,#335,.T.);
#333 = VERTEX_POINT('',#334);
#334 = CARTESIAN_POINT('',(2.58,4.468691083528,64.9));
#335 = SURFACE_CURVE('',#336,(#340,#347),.PCURVE_S1.);
#336 = LINE('',#337,#338);
#337 = CARTESIAN_POINT('',(2.58,4.468691083528,39.9));
#338 = VECTOR('',#339,1.);
#339 = DIRECTION('',(0.,0.,1.));
#340 = PCURVE('',#189,#341);
#341 = DEFINITIONAL_REPRESENTATION('',(#342),#346);
#342 = LINE('',#343,#344);
#343 = CARTESIAN_POINT('',(0.,-0.));
#344 = VECTOR('',#345,1.);
#345 = DIRECTION('',(0.,-1.));
#346 = ( GEOMETRIC_REPRESENTATION_CONTEXT(2) 
PARAMETRIC_REPRESENTATION_CONTEXT() REPRESENTATION_CONTEXT('2D SPACE',''
  ) );
#347 = PCURVE('',#215,#348);
#348 = DEFINITIONAL_REPRESENTATION('',(#349),#353);
#349 = LINE('',#350,#351);
#350 = CARTESIAN_POINT('',(5.16,0.));
#351 = VECTOR('',#352,1.);
#352 = DIRECTION('',(0.,-1.));
#353 = ( GEOMETRIC_REPRESENTATION_CONTEXT(2) 
PARAMETRIC_REPRESENTATION_CONTEXT() REPRESENTATION_CONTEXT('2D SPACE',''
  ) );
#354 = ORIENTED_EDGE('',*,*,#355,.T.);
#355 = EDGE_CURVE('',#333,#356,#358,.T.);
#356 = VERTEX_POINT('',#357);
#357 = CARTESIAN_POINT('',(-2.58,4.468691083528,64.9));
#358 = SURFACE_CURVE('',#359,(#363,#370),.PCURVE_S1.);
#359 = LINE('',#360,#361);
#360 = CARTESIAN_POINT('',(2.58,4.468691083528,64.9));
#361 = VECTOR('',#362,1.);
#362 = DIRECTION('',(-1.,0.,0.));
#363 = PCURVE('',#189,#364);
#364 = DEFINITIONAL_REPRESENTATION('',(#365),#369);
#365 = LINE('',#366,#367);
#366 = CARTESIAN_POINT('',(0.,-25.));
#367 = VECTOR('',#368,1.);
#368 = DIRECTION('',(1.,0.));
#369 = ( GEOMETRIC_REPRESENTATION_CONTEXT(2) 
PARAMETRIC_REPRESENTATION_CONTEXT() REPRESENTATION_CONTEXT('2D SPACE',''
  ) );
#370 = PCURVE('',#371,#376);
#371 = PLANE('',#372);
#372 = AXIS2_PLACEMENT_3D('',#373,#374,#375);
#373 = CARTESIAN_POINT('',(-1.721276007171E-16,-5.737586690569E-17,64.9)
  );
#374 = DIRECTION('',(0.,0.,1.));
#375 = DIRECTION('',(1.,0.,0.));
#376 = DEFINITIONAL_REPRESENTATION('',(#377),#381);
#377 = LINE('',#378,#379);
#378 = CARTESIAN_POINT('',(2.58,4.468691083528));
#379 = VECTOR('',#380,1.);
#380 = DIRECTION('',(-1.,0.));
#381 = ( GEOMETRIC_REPRESENTATION_CONTEXT(2) 
PARAMETRIC_REPRESENTATION_CONTEXT() REPRESENTATION_CONTEXT('2D SPACE',''
  ) );
#382 = ORIENTED_EDGE('',*,*,#383,.F.);
#383 = EDGE_CURVE('',#173,#356,#384,.T.);
#384 = SURFACE_CURVE('',#385,(#389,#396),.PCURVE_S1.);
#385 = LINE('',#386,#387);
#386 = CARTESIAN_POINT('',(-2.58,4.468691083528,39.9));
#387 = VECTOR('',#388,1.);
#388 = DIRECTION('',(0.,0.,1.));
#389 = PCURVE('',#189,#390);
#390 = DEFINITIONAL_REPRESENTATION('',(#391),#395);
#391 = LINE('',#392,#393);
#392 = CARTESIAN_POINT('',(5.16,0.));
#393 = VECTOR('',#394,1.);
#394 = DIRECTION('',(0.,-1.));
#395 = ( GEOMETRIC_REPRESENTATION_CONTEXT(2) 
PARAMETRIC_REPRESENTATION_CONTEXT() REPRESENTATION_CONTEXT('2D SPACE',''
  ) );
#396 = PCURVE('',#317,#397);
#397 = DEFINITIONAL_REPRESENTATION('',(#398),#402);
#398 = LINE('',#399,#400);
#399 = CARTESIAN_POINT('',(0.,0.));
#400 = VECTOR('',#401,1.);
#401 = DIRECTION('',(0.,-1.));
#402 = ( GEOMETRIC_REPRESENTATION_CONTEXT(2) 
PARAMETRIC_REPRESENTATION_CONTEXT() REPRESENTATION_CONTEXT('2D SPACE',''
  ) );
#403 = ADVANCED_FACE('',(#404),#317,.F.);
#404 = FACE_BOUND('',#405,.F.);
#405 = EDGE_LOOP('',(#406,#407,#408,#431));
#406 = ORIENTED_EDGE('',*,*,#304,.T.);
#407 = ORIENTED_EDGE('',*,*,#383,.T.);
#408 = ORIENTED_EDGE('',*,*,#409,.T.);
#409 = EDGE_CURVE('',#356,#410,#412,.T.);
#410 = VERTEX_POINT('',#411);
#411 = CARTESIAN_POINT('',(-5.16,8.881784197001E-16,64.9));
#412 = SURFACE_CURVE('',#413,(#417,#424),.PCURVE_S1.);
#413 = LINE('',#414,#415);
#414 = CARTESIAN_POINT('',(-2.58,4.468691083528,64.9));
#415 = VECTOR('',#416,1.);
#416 = DIRECTION('',(-0.5,-0.866025403784,0.));
#417 = PCURVE('',#317,#418);
#418 = DEFINITIONAL_REPRESENTATION('',(#419),#423);
#419 = LINE('',#420,#421);
#420 = CARTESIAN_POINT('',(0.,-25.));
#421 = VECTOR('',#422,1.);
#422 = DIRECTION('',(1.,-0.));
#423 = ( GEOMETRIC_REPRESENTATION_CONTEXT(2) 
PARAMETRIC_REPRESENTATION_CONTEXT() REPRESENTATION_CONTEXT('2D SPACE',''
  ) );
#424 = PCURVE('',#371,#425);
#425 = DEFINITIONAL_REPRESENTATION('',(#426),#430);
#426 = LINE('',#427,#428);
#427 = CARTESIAN_POINT('',(-2.58,4.468691083528));
#428 = VECTOR('',#429,1.);
#429 = DIRECTION('',(-0.5,-0.866025403784));
#430 = ( GEOMETRIC_REPRESENTATION_CONTEXT(2) 
PARAMETRIC_REPRESENTATION_CONTEXT() REPRESENTATION_CONTEXT('2D SPACE',''
  ) );
#431 = ORIENTED_EDGE('',*,*,#432,.F.);
#432 = EDGE_CURVE('',#279,#410,#433,.T.);
#433 = SURFACE_CURVE('',#434,(#438,#445),.PCURVE_S1.);
#434 = LINE('',#435,#436);
#435 = CARTESIAN_POINT('',(-5.16,8.881784197001E-16,39.9));
#436 = VECTOR('',#437,1.);
#437 = DIRECTION('',(0.,0.,1.));
#438 = PCURVE('',#317,#439);
#439 = DEFINITIONAL_REPRESENTATION('',(#440),#444);
#440 = LINE('',#441,#442);
#441 = CARTESIAN_POINT('',(5.16,-0.));
#442 = VECTOR('',#443,1.);
#443 = DIRECTION('',(0.,-1.));
#444 = ( GEOMETRIC_REPRESENTATION_CONTEXT(2) 
PARAMETRIC_REPRESENTATION_CONTEXT() REPRESENTATION_CONTEXT('2D SPACE',''
  ) );
#445 = PCURVE('',#293,#446);
#446 = DEFINITIONAL_REPRESENTATION('',(#447),#451);
#447 = LINE('',#448,#449);
#448 = CARTESIAN_POINT('',(0.,0.));
#449 = VECTOR('',#450,1.);
#450 = DIRECTION('',(0.,-1.));
#451 = ( GEOMETRIC_REPRESENTATION_CONTEXT(2) 
PARAMETRIC_REPRESENTATION_CONTEXT() REPRESENTATION_CONTEXT('2D SPACE',''
  ) );
#452 = ADVANCED_FACE('',(#453),#293,.F.);
#453 = FACE_BOUND('',#454,.F.);
#454 = EDGE_LOOP('',(#455,#456,#457,#480));
#455 = ORIENTED_EDGE('',*,*,#278,.T.);
#456 = ORIENTED_EDGE('',*,*,#432,.T.);
#457 = ORIENTED_EDGE('',*,*,#458,.T.);
#458 = EDGE_CURVE('',#410,#459,#461,.T.);
#459 = VERTEX_POINT('',#460);
#460 = CARTESIAN_POINT('',(-2.58,-4.468691083528,64.9));
#461 = SURFACE_CURVE('',#462,(#466,#473),.PCURVE_S1.);
#462 = LINE('',#463,#464);
#463 = CARTESIAN_POINT('',(-5.16,8.881784197001E-16,64.9));
#464 = VECTOR('',#465,1.);
#465 = DIRECTION('',(0.5,-0.866025403784,0.));
#466 = PCURVE('',#293,#467);
#467 = DEFINITIONAL_REPRESENTATION('',(#468),#472);
#468 = LINE('',#469,#470);
#469 = CARTESIAN_POINT('',(0.,-25.));
#470 = VECTOR('',#471,1.);
#471 = DIRECTION('',(1.,0.));
#472 = ( GEOMETRIC_REPRESENTATION_CONTEXT(2) 
PARAMETRIC_REPRESENTATION_CONTEXT() REPRESENTATION_CONTEXT('2D SPACE',''
  ) );
#473 = PCURVE('',#371,#474);
#474 = DEFINITIONAL_REPRESENTATION('',(#475),#479);
#475 = LINE('',#476,#477);
#476 = CARTESIAN_POINT('',(-5.16,9.455542866058E-16));
#477 = VECTOR('',#478,1.);
#478 = DIRECTION('',(0.5,-0.866025403784));
#479 = ( GEOMETRIC_REPRESENTATION_CONTEXT(2) 
PARAMETRIC_REPRESENTATION_CONTEXT() REPRESENTATION_CONTEXT('2D SPACE',''
  ) );
#480 = ORIENTED_EDGE('',*,*,#481,.F.);
#481 = EDGE_CURVE('',#253,#459,#482,.T.);
#482 = SURFACE_CURVE('',#483,(#487,#494),.PCURVE_S1.);
#483 = LINE('',#484,#485);
#484 = CARTESIAN_POINT('',(-2.58,-4.468691083528,39.9));
#485 = VECTOR('',#486,1.);
#486 = DIRECTION('',(0.,0.,1.));
#487 = PCURVE('',#293,#488);
#488 = DEFINITIONAL_REPRESENTATION('',(#489),#493);
#489 = LINE('',#490,#491);
#490 = CARTESIAN_POINT('',(5.16,0.));
#491 = VECTOR('',#492,1.);
#492 = DIRECTION('',(0.,-1.));
#493 = ( GEOMETRIC_REPRESENTATION_CONTEXT(2) 
PARAMETRIC_REPRESENTATION_CONTEXT() REPRESENTATION_CONTEXT('2D SPACE',''
  ) );
#494 = PCURVE('',#267,#495);
#495 = DEFINITIONAL_REPRESENTATION('',(#496),#500);
#496 = LINE('',#497,#498);
#497 = CARTESIAN_POINT('',(0.,0.));
#498 = VECTOR('',#499,1.);
#499 = DIRECTION('',(0.,-1.));
#500 = ( GEOMETRIC_REPRESENTATION_CONTEXT(2) 
PARAMETRIC_REPRESENTATION_CONTEXT() REPRESENTATION_CONTEXT('2D SPACE',''
  ) );
#501 = ADVANCED_FACE('',(#502),#267,.F.);
#502 = FACE_BOUND('',#503,.F.);
#503 = EDGE_LOOP('',(#504,#505,#506,#529));
#504 = ORIENTED_EDGE('',*,*,#252,.T.);
#505 = ORIENTED_EDGE('',*,*,#481,.T.);
#506 = ORIENTED_EDGE('',*,*,#507,.T.);
#507 = EDGE_CURVE('',#459,#508,#510,.T.);
#508 = VERTEX_POINT('',#509);
#509 = CARTESIAN_POINT('',(2.58,-4.468691083528,64.9));
#510 = SURFACE_CURVE('',#511,(#515,#522),.PCURVE_S1.);
#511 = LINE('',#512,#513);
#512 = CARTESIAN_POINT('',(-2.58,-4.468691083528,64.9));
#513 = VECTOR('',#514,1.);
#514 = DIRECTION('',(1.,-5.163828021512E-16,0.));
#515 = PCURVE('',#267,#516);
#516 = DEFINITIONAL_REPRESENTATION('',(#517),#521);
#517 = LINE('',#518,#519);
#518 = CARTESIAN_POINT('',(0.,-25.));
#519 = VECTOR('',#520,1.);
#520 = DIRECTION('',(1.,0.));
#521 = ( GEOMETRIC_REPRESENTATION_CONTEXT(2) 
PARAMETRIC_REPRESENTATION_CONTEXT() REPRESENTATION_CONTEXT('2D SPACE',''
  ) );
#522 = PCURVE('',#371,#523);
#523 = DEFINITIONAL_REPRESENTATION('',(#524),#528);
#524 = LINE('',#525,#526);
#525 = CARTESIAN_POINT('',(-2.58,-4.468691083528));
#526 = VECTOR('',#527,1.);
#527 = DIRECTION('',(1.,-5.163828021512E-16));
#528 = ( GEOMETRIC_REPRESENTATION_CONTEXT(2) 
PARAMETRIC_REPRESENTATION_CONTEXT() REPRESENTATION_CONTEXT('2D SPACE',''
  ) );
#529 = ORIENTED_EDGE('',*,*,#530,.F.);
#530 = EDGE_CURVE('',#227,#508,#531,.T.);
#531 = SURFACE_CURVE('',#532,(#536,#543),.PCURVE_S1.);
#532 = LINE('',#533,#534);
#533 = CARTESIAN_POINT('',(2.58,-4.468691083528,39.9));
#534 = VECTOR('',#535,1.);
#535 = DIRECTION('',(0.,0.,1.));
#536 = PCURVE('',#267,#537);
#537 = DEFINITIONAL_REPRESENTATION('',(#538),#542);
#538 = LINE('',#539,#540);
#539 = CARTESIAN_POINT('',(5.16,0.));
#540 = VECTOR('',#541,1.);
#541 = DIRECTION('',(0.,-1.));
#542 = ( GEOMETRIC_REPRESENTATION_CONTEXT(2) 
PARAMETRIC_REPRESENTATION_CONTEXT() REPRESENTATION_CONTEXT('2D SPACE',''
  ) );
#543 = PCURVE('',#241,#544);
#544 = DEFINITIONAL_REPRESENTATION('',(#545),#549);
#545 = LINE('',#546,#547);
#546 = CARTESIAN_POINT('',(0.,0.));
#547 = VECTOR('',#548,1.);
#548 = DIRECTION('',(0.,-1.));
#549 = ( GEOMETRIC_REPRESENTATION_CONTEXT(2) 
PARAMETRIC_REPRESENTATION_CONTEXT() REPRESENTATION_CONTEXT('2D SPACE',''
  ) );
#550 = ADVANCED_FACE('',(#551),#241,.F.);
#551 = FACE_BOUND('',#552,.F.);
#552 = EDGE_LOOP('',(#553,#554,#555,#578));
#553 = ORIENTED_EDGE('',*,*,#226,.T.);
#554 = ORIENTED_EDGE('',*,*,#530,.T.);
#555 = ORIENTED_EDGE('',*,*,#556,.T.);
#556 = EDGE_CURVE('',#508,#557,#559,.T.);
#557 = VERTEX_POINT('',#558);
#558 = CARTESIAN_POINT('',(5.16,0.,64.9));
#559 = SURFACE_CURVE('',#560,(#564,#571),.PCURVE_S1.);
#560 = LINE('',#561,#562);
#561 = CARTESIAN_POINT('',(2.58,-4.468691083528,64.9));
#562 = VECTOR('',#563,1.);
#563 = DIRECTION('',(0.5,0.866025403784,0.));
#564 = PCURVE('',#241,#565);
#565 = DEFINITIONAL_REPRESENTATION('',(#566),#570);
#566 = LINE('',#567,#568);
#567 = CARTESIAN_POINT('',(0.,-25.));
#568 = VECTOR('',#569,1.);
#569 = DIRECTION('',(1.,0.));
#570 = ( GEOMETRIC_REPRESENTATION_CONTEXT(2) 
PARAMETRIC_REPRESENTATION_CONTEXT() REPRESENTATION_CONTEXT('2D SPACE',''
  ) );
#571 = PCURVE('',#371,#572);
#572 = DEFINITIONAL_REPRESENTATION('',(#573),#577);
#573 = LINE('',#574,#575);
#574 = CARTESIAN_POINT('',(2.58,-4.468691083528));
#575 = VECTOR('',#576,1.);
#576 = DIRECTION('',(0.5,0.866025403784));
#577 = ( GEOMETRIC_REPRESENTATION_CONTEXT(2) 
PARAMETRIC_REPRESENTATION_CONTEXT() REPRESENTATION_CONTEXT('2D SPACE',''
  ) );
#578 = ORIENTED_EDGE('',*,*,#579,.F.);
#579 = EDGE_CURVE('',#201,#557,#580,.T.);
#580 = SURFACE_CURVE('',#581,(#585,#592),.PCURVE_S1.);
#581 = LINE('',#582,#583);
#582 = CARTESIAN_POINT('',(5.16,0.,39.9));
#583 = VECTOR('',#584,1.);
#584 = DIRECTION('',(0.,0.,1.));
#585 = PCURVE('',#241,#586);
#586 = DEFINITIONAL_REPRESENTATION('',(#587),#591);
#587 = LINE('',#588,#589);
#588 = CARTESIAN_POINT('',(5.16,0.));
#589 = VECTOR('',#590,1.);
#590 = DIRECTION('',(0.,-1.));
#591 = ( GEOMETRIC_REPRESENTATION_CONTEXT(2) 
PARAMETRIC_REPRESENTATION_CONTEXT() REPRESENTATION_CONTEXT('2D SPACE',''
  ) );
#592 = PCURVE('',#215,#593);
#593 = DEFINITIONAL_REPRESENTATION('',(#594),#598);
#594 = LINE('',#595,#596);
#595 = CARTESIAN_POINT('',(0.,0.));
#596 = VECTOR('',#597,1.);
#597 = DIRECTION('',(0.,-1.));
#598 = ( GEOMETRIC_REPRESENTATION_CONTEXT(2) 
PARAMETRIC_REPRESENTATION_CONTEXT() REPRESENTATION_CONTEXT('2D SPACE',''
  ) );
#599 = ADVANCED_FACE('',(#600),#215,.F.);
#600 = FACE_BOUND('',#601,.F.);
#601 = EDGE_LOOP('',(#602,#603,#604,#625));
#602 = ORIENTED_EDGE('',*,*,#200,.T.);
#603 = ORIENTED_EDGE('',*,*,#579,.T.);
#604 = ORIENTED_EDGE('',*,*,#605,.T.);
#605 = EDGE_CURVE('',#557,#333,#606,.T.);
#606 = SURFACE_CURVE('',#607,(#611,#618),.PCURVE_S1.);
#607 = LINE('',#608,#609);
#608 = CARTESIAN_POINT('',(5.16,0.,64.9));
#609 = VECTOR('',#610,1.);
#610 = DIRECTION('',(-0.5,0.866025403784,0.));
#611 = PCURVE('',#215,#612);
#612 = DEFINITIONAL_REPRESENTATION('',(#613),#617);
#613 = LINE('',#614,#615);
#614 = CARTESIAN_POINT('',(0.,-25.));
#615 = VECTOR('',#616,1.);
#616 = DIRECTION('',(1.,0.));
#617 = ( GEOMETRIC_REPRESENTATION_CONTEXT(2) 
PARAMETRIC_REPRESENTATION_CONTEXT() REPRESENTATION_CONTEXT('2D SPACE',''
  ) );
#618 = PCURVE('',#371,#619);
#619 = DEFINITIONAL_REPRESENTATION('',(#620),#624);
#620 = LINE('',#621,#622);
#621 = CARTESIAN_POINT('',(5.16,5.737586690569E-17));
#622 = VECTOR('',#623,1.);
#623 = DIRECTION('',(-0.5,0.866025403784));
#624 = ( GEOMETRIC_REPRESENTATION_CONTEXT(2) 
PARAMETRIC_REPRESENTATION_CONTEXT() REPRESENTATION_CONTEXT('2D SPACE',''
  ) );
#625 = ORIENTED_EDGE('',*,*,#332,.F.);
#626 = ADVANCED_FACE('',(#627),#371,.T.);
#627 = FACE_BOUND('',#628,.T.);
#628 = EDGE_LOOP('',(#629,#630,#631,#632,#633,#634));
#629 = ORIENTED_EDGE('',*,*,#605,.T.);
#630 = ORIENTED_EDGE('',*,*,#355,.T.);
#631 = ORIENTED_EDGE('',*,*,#409,.T.);
#632 = ORIENTED_EDGE('',*,*,#458,.T.);
#633 = ORIENTED_EDGE('',*,*,#507,.T.);
#634 = ORIENTED_EDGE('',*,*,#556,.T.);
#635 = ADVANCED_FACE('',(#636,#639),#43,.T.);
#636 = FACE_BOUND('',#637,.T.);
#637 = EDGE_LOOP('',(#638));
#638 = ORIENTED_EDGE('',*,*,#21,.T.);
#639 = FACE_BOUND('',#640,.T.);
#640 = EDGE_LOOP('',(#641));
#641 = ORIENTED_EDGE('',*,*,#642,.F.);
#642 = EDGE_CURVE('',#643,#643,#645,.T.);
#643 = VERTEX_POINT('',#644);
#644 = CARTESIAN_POINT('',(8.2802,0.,0.));
#645 = SURFACE_CURVE('',#646,(#651,#658),.PCURVE_S1.);
#646 = CIRCLE('',#647,8.2802);
#647 = AXIS2_PLACEMENT_3D('',#648,#649,#650);
#648 = CARTESIAN_POINT('',(0.,0.,0.));
#649 = DIRECTION('',(0.,-2.22044604925E-16,-1.));
#650 = DIRECTION('',(1.,0.,0.));
#651 = PCURVE('',#43,#652);
#652 = DEFINITIONAL_REPRESENTATION('',(#653),#657);
#653 = CIRCLE('',#654,8.2802);
#654 = AXIS2_PLACEMENT_2D('',#655,#656);
#655 = CARTESIAN_POINT('',(-7.968068831626E-16,1.033166405163E-15));
#656 = DIRECTION('',(-1.,0.));
#657 = ( GEOMETRIC_REPRESENTATION_CONTEXT(2) 
PARAMETRIC_REPRESENTATION_CONTEXT() REPRESENTATION_CONTEXT('2D SPACE',''
  ) );
#658 = PCURVE('',#659,#664);
#659 = CYLINDRICAL_SURFACE('',#660,8.2802);
#660 = AXIS2_PLACEMENT_3D('',#661,#662,#663);
#661 = CARTESIAN_POINT('',(0.,0.,0.));
#662 = DIRECTION('',(0.,2.22044604925E-16,1.));
#663 = DIRECTION('',(1.,0.,0.));
#664 = DEFINITIONAL_REPRESENTATION('',(#665),#669);
#665 = LINE('',#666,#667);
#666 = CARTESIAN_POINT('',(-0.,0.));
#667 = VECTOR('',#668,1.);
#668 = DIRECTION('',(-1.,0.));
#669 = ( GEOMETRIC_REPRESENTATION_CONTEXT(2) 
PARAMETRIC_REPRESENTATION_CONTEXT() REPRESENTATION_CONTEXT('2D SPACE',''
  ) );
#670 = ADVANCED_FACE('',(#671,#729,#841,#953,#1065,#1177,#1289),#659,.F.
  );
#671 = FACE_BOUND('',#672,.T.);
#672 = EDGE_LOOP('',(#673,#696,#697,#698));
#673 = ORIENTED_EDGE('',*,*,#674,.F.);
#674 = EDGE_CURVE('',#643,#675,#677,.T.);
#675 = VERTEX_POINT('',#676);
#676 = CARTESIAN_POINT('',(8.2802,4.884981308351E-15,22.));
#677 = SEAM_CURVE('',#678,(#682,#689),.PCURVE_S1.);
#678 = LINE('',#679,#680);
#679 = CARTESIAN_POINT('',(8.2802,0.,0.));
#680 = VECTOR('',#681,1.);
#681 = DIRECTION('',(0.,2.22044604925E-16,1.));
#682 = PCURVE('',#659,#683);
#683 = DEFINITIONAL_REPRESENTATION('',(#684),#688);
#684 = LINE('',#685,#686);
#685 = CARTESIAN_POINT('',(-0.,0.));
#686 = VECTOR('',#687,1.);
#687 = DIRECTION('',(-0.,1.));
#688 = ( GEOMETRIC_REPRESENTATION_CONTEXT(2) 
PARAMETRIC_REPRESENTATION_CONTEXT() REPRESENTATION_CONTEXT('2D SPACE',''
  ) );
#689 = PCURVE('',#659,#690);
#690 = DEFINITIONAL_REPRESENTATION('',(#691),#695);
#691 = LINE('',#692,#693);
#692 = CARTESIAN_POINT('',(-6.28318530718,0.));
#693 = VECTOR('',#694,1.);
#694 = DIRECTION('',(-0.,1.));
#695 = ( GEOMETRIC_REPRESENTATION_CONTEXT(2) 
PARAMETRIC_REPRESENTATION_CONTEXT() REPRESENTATION_CONTEXT('2D SPACE',''
  ) );
#696 = ORIENTED_EDGE('',*,*,#642,.T.);
#697 = ORIENTED_EDGE('',*,*,#674,.T.);
#698 = ORIENTED_EDGE('',*,*,#699,.F.);
#699 = EDGE_CURVE('',#675,#675,#700,.T.);
#700 = SURFACE_CURVE('',#701,(#706,#713),.PCURVE_S1.);
#701 = CIRCLE('',#702,8.2802);
#702 = AXIS2_PLACEMENT_3D('',#703,#704,#705);
#703 = CARTESIAN_POINT('',(0.,4.884981308351E-15,22.));
#704 = DIRECTION('',(0.,-2.22044604925E-16,-1.));
#705 = DIRECTION('',(1.,0.,0.));
#706 = PCURVE('',#659,#707);
#707 = DEFINITIONAL_REPRESENTATION('',(#708),#712);
#708 = LINE('',#709,#710);
#709 = CARTESIAN_POINT('',(-0.,22.));
#710 = VECTOR('',#711,1.);
#711 = DIRECTION('',(-1.,0.));
#712 = ( GEOMETRIC_REPRESENTATION_CONTEXT(2) 
PARAMETRIC_REPRESENTATION_CONTEXT() REPRESENTATION_CONTEXT('2D SPACE',''
  ) );
#713 = PCURVE('',#714,#723);
#714 = SURFACE_OF_REVOLUTION('',#715,#720);
#715 = B_SPLINE_CURVE_WITH_KNOTS('',3,(#716,#717,#718,#719),
  .UNSPECIFIED.,.F.,.F.,(4,4),(0.,1.),.PIECEWISE_BEZIER_KNOTS.);
#716 = CARTESIAN_POINT('',(0.,8.881784197001E-15,40.));
#717 = CARTESIAN_POINT('',(1.,7.327471962526E-15,33.));
#718 = CARTESIAN_POINT('',(8.54967,6.097589100307E-15,27.4611));
#719 = CARTESIAN_POINT('',(8.2802,4.884981308351E-15,22.));
#720 = AXIS1_PLACEMENT('',#721,#722);
#721 = CARTESIAN_POINT('',(0.,0.,0.));
#722 = DIRECTION('',(0.,-2.22044604925E-16,-1.));
#723 = DEFINITIONAL_REPRESENTATION('',(#724),#728);
#724 = LINE('',#725,#726);
#725 = CARTESIAN_POINT('',(0.,1.));
#726 = VECTOR('',#727,1.);
#727 = DIRECTION('',(1.,0.));
#728 = ( GEOMETRIC_REPRESENTATION_CONTEXT(2) 
PARAMETRIC_REPRESENTATION_CONTEXT() REPRESENTATION_CONTEXT('2D SPACE',''
  ) );
#729 = FACE_BOUND('',#730,.T.);
#730 = EDGE_LOOP('',(#731,#759,#788,#814));
#731 = ORIENTED_EDGE('',*,*,#732,.F.);
#732 = EDGE_CURVE('',#733,#735,#737,.T.);
#733 = VERTEX_POINT('',#734);
#734 = CARTESIAN_POINT('',(6.480738784464,-5.153807994827,6.));
#735 = VERTEX_POINT('',#736);
#736 = CARTESIAN_POINT('',(6.480738784464,-5.153807994827,16.));
#737 = SURFACE_CURVE('',#738,(#742,#748),.PCURVE_S1.);
#738 = LINE('',#739,#740);
#739 = CARTESIAN_POINT('',(6.480738784464,-5.153807994827,
    1.272573815396E-15));
#740 = VECTOR('',#741,1.);
#741 = DIRECTION('',(0.,2.22044604925E-16,1.));
#742 = PCURVE('',#659,#743);
#743 = DEFINITIONAL_REPRESENTATION('',(#744),#747);
#744 = B_SPLINE_CURVE_WITH_KNOTS('',1,(#745,#746),.UNSPECIFIED.,.F.,.F.,
  (2,2),(5.,17.),.PIECEWISE_BEZIER_KNOTS.);
#745 = CARTESIAN_POINT('',(-0.671837927333,5.));
#746 = CARTESIAN_POINT('',(-0.671837927333,17.));
#747 = ( GEOMETRIC_REPRESENTATION_CONTEXT(2) 
PARAMETRIC_REPRESENTATION_CONTEXT() REPRESENTATION_CONTEXT('2D SPACE',''
  ) );
#748 = PCURVE('',#749,#754);
#749 = PLANE('',#750);
#750 = AXIS2_PLACEMENT_3D('',#751,#752,#753);
#751 = CARTESIAN_POINT('',(7.08123013406,-5.73494962772,6.));
#752 = DIRECTION('',(-0.695434386983,-0.718589600121,0.));
#753 = DIRECTION('',(-0.718589600121,0.695434386983,0.));
#754 = DEFINITIONAL_REPRESENTATION('',(#755),#758);
#755 = B_SPLINE_CURVE_WITH_KNOTS('',1,(#756,#757),.UNSPECIFIED.,.F.,.F.,
  (2,2),(5.,17.),.PIECEWISE_BEZIER_KNOTS.);
#756 = CARTESIAN_POINT('',(0.835652714004,1.));
#757 = CARTESIAN_POINT('',(0.835652714004,-11.));
#758 = ( GEOMETRIC_REPRESENTATION_CONTEXT(2) 
PARAMETRIC_REPRESENTATION_CONTEXT() REPRESENTATION_CONTEXT('2D SPACE',''
  ) );
#759 = ORIENTED_EDGE('',*,*,#760,.T.);
#760 = EDGE_CURVE('',#733,#761,#763,.T.);
#761 = VERTEX_POINT('',#762);
#762 = CARTESIAN_POINT('',(7.692149732592,-3.064725849303,6.));
#763 = SURFACE_CURVE('',#764,(#769,#776),.PCURVE_S1.);
#764 = CIRCLE('',#765,8.2802);
#765 = AXIS2_PLACEMENT_3D('',#766,#767,#768);
#766 = CARTESIAN_POINT('',(0.,1.33226762955E-15,6.));
#767 = DIRECTION('',(0.,2.22044604925E-16,1.));
#768 = DIRECTION('',(1.,0.,-0.));
#769 = PCURVE('',#659,#770);
#770 = DEFINITIONAL_REPRESENTATION('',(#771),#775);
#771 = LINE('',#772,#773);
#772 = CARTESIAN_POINT('',(-6.28318530718,6.));
#773 = VECTOR('',#774,1.);
#774 = DIRECTION('',(1.,-0.));
#775 = ( GEOMETRIC_REPRESENTATION_CONTEXT(2) 
PARAMETRIC_REPRESENTATION_CONTEXT() REPRESENTATION_CONTEXT('2D SPACE',''
  ) );
#776 = PCURVE('',#777,#782);
#777 = PLANE('',#778);
#778 = AXIS2_PLACEMENT_3D('',#779,#780,#781);
#779 = CARTESIAN_POINT('',(6.887440702723,-3.989997238136,6.));
#780 = DIRECTION('',(0.,0.,1.));
#781 = DIRECTION('',(-0.5,-0.866025403784,0.));
#782 = DEFINITIONAL_REPRESENTATION('',(#783),#787);
#783 = CIRCLE('',#784,8.2802);
#784 = AXIS2_PLACEMENT_2D('',#785,#786);
#785 = CARTESIAN_POINT('',(-1.171861789381E-02,-7.959697234685));
#786 = DIRECTION('',(-0.5,0.866025403784));
#787 = ( GEOMETRIC_REPRESENTATION_CONTEXT(2) 
PARAMETRIC_REPRESENTATION_CONTEXT() REPRESENTATION_CONTEXT('2D SPACE',''
  ) );
#788 = ORIENTED_EDGE('',*,*,#789,.T.);
#789 = EDGE_CURVE('',#761,#790,#792,.T.);
#790 = VERTEX_POINT('',#791);
#791 = CARTESIAN_POINT('',(7.692149732592,-3.064725849303,16.));
#792 = SURFACE_CURVE('',#793,(#797,#803),.PCURVE_S1.);
#793 = LINE('',#794,#795);
#794 = CARTESIAN_POINT('',(7.692149732592,-3.064725849303,
    3.085437975839E-16));
#795 = VECTOR('',#796,1.);
#796 = DIRECTION('',(0.,2.22044604925E-16,1.));
#797 = PCURVE('',#659,#798);
#798 = DEFINITIONAL_REPRESENTATION('',(#799),#802);
#799 = B_SPLINE_CURVE_WITH_KNOTS('',1,(#800,#801),.UNSPECIFIED.,.F.,.F.,
  (2,2),(5.,17.),.PIECEWISE_BEZIER_KNOTS.);
#800 = CARTESIAN_POINT('',(-0.379145760189,5.));
#801 = CARTESIAN_POINT('',(-0.379145760189,17.));
#802 = ( GEOMETRIC_REPRESENTATION_CONTEXT(2) 
PARAMETRIC_REPRESENTATION_CONTEXT() REPRESENTATION_CONTEXT('2D SPACE',''
  ) );
#803 = PCURVE('',#804,#809);
#804 = PLANE('',#805);
#805 = AXIS2_PLACEMENT_3D('',#806,#807,#808);
#806 = CARTESIAN_POINT('',(6.283652728366,-2.819578217351,6.));
#807 = DIRECTION('',(0.171471276795,0.985189119527,0.));
#808 = DIRECTION('',(0.985189119527,-0.171471276795,0.));
#809 = DEFINITIONAL_REPRESENTATION('',(#810),#813);
#810 = B_SPLINE_CURVE_WITH_KNOTS('',1,(#811,#812),.UNSPECIFIED.,.F.,.F.,
  (2,2),(5.,17.),.PIECEWISE_BEZIER_KNOTS.);
#811 = CARTESIAN_POINT('',(1.429671700904,1.));
#812 = CARTESIAN_POINT('',(1.429671700904,-11.));
#813 = ( GEOMETRIC_REPRESENTATION_CONTEXT(2) 
PARAMETRIC_REPRESENTATION_CONTEXT() REPRESENTATION_CONTEXT('2D SPACE',''
  ) );
#814 = ORIENTED_EDGE('',*,*,#815,.F.);
#815 = EDGE_CURVE('',#735,#790,#816,.T.);
#816 = SURFACE_CURVE('',#817,(#822,#829),.PCURVE_S1.);
#817 = CIRCLE('',#818,8.2802);
#818 = AXIS2_PLACEMENT_3D('',#819,#820,#821);
#819 = CARTESIAN_POINT('',(0.,3.552713678801E-15,16.));
#820 = DIRECTION('',(0.,2.22044604925E-16,1.));
#821 = DIRECTION('',(1.,0.,-0.));
#822 = PCURVE('',#659,#823);
#823 = DEFINITIONAL_REPRESENTATION('',(#824),#828);
#824 = LINE('',#825,#826);
#825 = CARTESIAN_POINT('',(-6.28318530718,16.));
#826 = VECTOR('',#827,1.);
#827 = DIRECTION('',(1.,-0.));
#828 = ( GEOMETRIC_REPRESENTATION_CONTEXT(2) 
PARAMETRIC_REPRESENTATION_CONTEXT() REPRESENTATION_CONTEXT('2D SPACE',''
  ) );
#829 = PCURVE('',#830,#835);
#830 = PLANE('',#831);
#831 = AXIS2_PLACEMENT_3D('',#832,#833,#834);
#832 = CARTESIAN_POINT('',(6.887440702723,-3.989997238136,16.));
#833 = DIRECTION('',(0.,0.,1.));
#834 = DIRECTION('',(-0.5,-0.866025403784,0.));
#835 = DEFINITIONAL_REPRESENTATION('',(#836),#840);
#836 = CIRCLE('',#837,8.2802);
#837 = AXIS2_PLACEMENT_2D('',#838,#839);
#838 = CARTESIAN_POINT('',(-1.171861789382E-02,-7.959697234685));
#839 = DIRECTION('',(-0.5,0.866025403784));
#840 = ( GEOMETRIC_REPRESENTATION_CONTEXT(2) 
PARAMETRIC_REPRESENTATION_CONTEXT() REPRESENTATION_CONTEXT('2D SPACE',''
  ) );
#841 = FACE_BOUND('',#842,.T.);
#842 = EDGE_LOOP('',(#843,#871,#900,#926));
#843 = ORIENTED_EDGE('',*,*,#844,.F.);
#844 = EDGE_CURVE('',#845,#847,#849,.T.);
#845 = VERTEX_POINT('',#846);
#846 = CARTESIAN_POINT('',(-1.222959257515,-8.189388420051,6.));
#847 = VERTEX_POINT('',#848);
#848 = CARTESIAN_POINT('',(-1.222959257515,-8.189388420051,16.));
#849 = SURFACE_CURVE('',#850,(#854,#860),.PCURVE_S1.);
#850 = LINE('',#851,#852);
#851 = CARTESIAN_POINT('',(-1.222959257515,-8.189388420051,
    1.775063104606E-15));
#852 = VECTOR('',#853,1.);
#853 = DIRECTION('',(0.,2.22044604925E-16,1.));
#854 = PCURVE('',#659,#855);
#855 = DEFINITIONAL_REPRESENTATION('',(#856),#859);
#856 = B_SPLINE_CURVE_WITH_KNOTS('',1,(#857,#858),.UNSPECIFIED.,.F.,.F.,
  (2,2),(5.,17.),.PIECEWISE_BEZIER_KNOTS.);
#857 = CARTESIAN_POINT('',(-1.71903547853,5.));
#858 = CARTESIAN_POINT('',(-1.71903547853,17.));
#859 = ( GEOMETRIC_REPRESENTATION_CONTEXT(2) 
PARAMETRIC_REPRESENTATION_CONTEXT() REPRESENTATION_CONTEXT('2D SPACE',''
  ) );
#860 = PCURVE('',#861,#866);
#861 = PLANE('',#862);
#862 = AXIS2_PLACEMENT_3D('',#863,#864,#865);
#863 = CARTESIAN_POINT('',(-1.425997,-9.,6.));
#864 = DIRECTION('',(-0.970034042091,0.242969045732,0.));
#865 = DIRECTION('',(0.242969045732,0.970034042091,0.));
#866 = DEFINITIONAL_REPRESENTATION('',(#867),#870);
#867 = B_SPLINE_CURVE_WITH_KNOTS('',1,(#868,#869),.UNSPECIFIED.,.F.,.F.,
  (2,2),(5.,17.),.PIECEWISE_BEZIER_KNOTS.);
#868 = CARTESIAN_POINT('',(0.835652714004,1.));
#869 = CARTESIAN_POINT('',(0.835652714004,-11.));
#870 = ( GEOMETRIC_REPRESENTATION_CONTEXT(2) 
PARAMETRIC_REPRESENTATION_CONTEXT() REPRESENTATION_CONTEXT('2D SPACE',''
  ) );
#871 = ORIENTED_EDGE('',*,*,#872,.T.);
#872 = EDGE_CURVE('',#845,#873,#875,.T.);
#873 = VERTEX_POINT('',#874);
#874 = CARTESIAN_POINT('',(1.191944425165,-8.19396000279,6.));
#875 = SURFACE_CURVE('',#876,(#881,#888),.PCURVE_S1.);
#876 = CIRCLE('',#877,8.2802);
#877 = AXIS2_PLACEMENT_3D('',#878,#879,#880);
#878 = CARTESIAN_POINT('',(0.,1.33226762955E-15,6.));
#879 = DIRECTION('',(0.,2.22044604925E-16,1.));
#880 = DIRECTION('',(1.,0.,-0.));
#881 = PCURVE('',#659,#882);
#882 = DEFINITIONAL_REPRESENTATION('',(#883),#887);
#883 = LINE('',#884,#885);
#884 = CARTESIAN_POINT('',(-6.28318530718,6.));
#885 = VECTOR('',#886,1.);
#886 = DIRECTION('',(1.,-0.));
#887 = ( GEOMETRIC_REPRESENTATION_CONTEXT(2) 
PARAMETRIC_REPRESENTATION_CONTEXT() REPRESENTATION_CONTEXT('2D SPACE',''
  ) );
#888 = PCURVE('',#889,#894);
#889 = PLANE('',#890);
#890 = AXIS2_PLACEMENT_3D('',#891,#892,#893);
#891 = CARTESIAN_POINT('',(-1.171861789381E-02,-7.959697234685,6.));
#892 = DIRECTION('',(0.,0.,1.));
#893 = DIRECTION('',(-1.,1.224646799147E-16,0.));
#894 = DEFINITIONAL_REPRESENTATION('',(#895),#899);
#895 = CIRCLE('',#896,8.2802);
#896 = AXIS2_PLACEMENT_2D('',#897,#898);
#897 = CARTESIAN_POINT('',(-1.171861789381E-02,-7.959697234685));
#898 = DIRECTION('',(-1.,-1.224646799147E-16));
#899 = ( GEOMETRIC_REPRESENTATION_CONTEXT(2) 
PARAMETRIC_REPRESENTATION_CONTEXT() REPRESENTATION_CONTEXT('2D SPACE',''
  ) );
#900 = ORIENTED_EDGE('',*,*,#901,.T.);
#901 = EDGE_CURVE('',#873,#902,#904,.T.);
#902 = VERTEX_POINT('',#903);
#903 = CARTESIAN_POINT('',(1.191944425165,-8.19396000279,16.));
#904 = SURFACE_CURVE('',#905,(#909,#915),.PCURVE_S1.);
#905 = LINE('',#906,#907);
#906 = CARTESIAN_POINT('',(1.191944425165,-8.19396000279,
    1.689509778408E-15));
#907 = VECTOR('',#908,1.);
#908 = DIRECTION('',(0.,2.22044604925E-16,1.));
#909 = PCURVE('',#659,#910);
#910 = DEFINITIONAL_REPRESENTATION('',(#911),#914);
#911 = B_SPLINE_CURVE_WITH_KNOTS('',1,(#912,#913),.UNSPECIFIED.,.F.,.F.,
  (2,2),(5.,17.),.PIECEWISE_BEZIER_KNOTS.);
#912 = CARTESIAN_POINT('',(-1.426343311385,5.));
#913 = CARTESIAN_POINT('',(-1.426343311385,17.));
#914 = ( GEOMETRIC_REPRESENTATION_CONTEXT(2) 
PARAMETRIC_REPRESENTATION_CONTEXT() REPRESENTATION_CONTEXT('2D SPACE',''
  ) );
#915 = PCURVE('',#916,#921);
#916 = PLANE('',#917);
#917 = AXIS2_PLACEMENT_3D('',#918,#919,#920);
#918 = CARTESIAN_POINT('',(0.7,-6.851592,6.));
#919 = DIRECTION('',(0.93893444344,0.34409607804,0.));
#920 = DIRECTION('',(0.34409607804,-0.93893444344,0.));
#921 = DEFINITIONAL_REPRESENTATION('',(#922),#925);
#922 = B_SPLINE_CURVE_WITH_KNOTS('',1,(#923,#924),.UNSPECIFIED.,.F.,.F.,
  (2,2),(5.,17.),.PIECEWISE_BEZIER_KNOTS.);
#923 = CARTESIAN_POINT('',(1.429671700904,1.));
#924 = CARTESIAN_POINT('',(1.429671700904,-11.));
#925 = ( GEOMETRIC_REPRESENTATION_CONTEXT(2) 
PARAMETRIC_REPRESENTATION_CONTEXT() REPRESENTATION_CONTEXT('2D SPACE',''
  ) );
#926 = ORIENTED_EDGE('',*,*,#927,.F.);
#927 = EDGE_CURVE('',#847,#902,#928,.T.);
#928 = SURFACE_CURVE('',#929,(#934,#941),.PCURVE_S1.);
#929 = CIRCLE('',#930,8.2802);
#930 = AXIS2_PLACEMENT_3D('',#931,#932,#933);
#931 = CARTESIAN_POINT('',(0.,3.552713678801E-15,16.));
#932 = DIRECTION('',(0.,2.22044604925E-16,1.));
#933 = DIRECTION('',(1.,0.,-0.));
#934 = PCURVE('',#659,#935);
#935 = DEFINITIONAL_REPRESENTATION('',(#936),#940);
#936 = LINE('',#937,#938);
#937 = CARTESIAN_POINT('',(-6.28318530718,16.));
#938 = VECTOR('',#939,1.);
#939 = DIRECTION('',(1.,-0.));
#940 = ( GEOMETRIC_REPRESENTATION_CONTEXT(2) 
PARAMETRIC_REPRESENTATION_CONTEXT() REPRESENTATION_CONTEXT('2D SPACE',''
  ) );
#941 = PCURVE('',#942,#947);
#942 = PLANE('',#943);
#943 = AXIS2_PLACEMENT_3D('',#944,#945,#946);
#944 = CARTESIAN_POINT('',(-1.171861789381E-02,-7.959697234685,16.));
#945 = DIRECTION('',(0.,0.,1.));
#946 = DIRECTION('',(-1.,1.224646799147E-16,0.));
#947 = DEFINITIONAL_REPRESENTATION('',(#948),#952);
#948 = CIRCLE('',#949,8.2802);
#949 = AXIS2_PLACEMENT_2D('',#950,#951);
#950 = CARTESIAN_POINT('',(-1.171861789381E-02,-7.959697234685));
#951 = DIRECTION('',(-1.,-1.224646799147E-16));
#952 = ( GEOMETRIC_REPRESENTATION_CONTEXT(2) 
PARAMETRIC_REPRESENTATION_CONTEXT() REPRESENTATION_CONTEXT('2D SPACE',''
  ) );
#953 = FACE_BOUND('',#954,.T.);
#954 = EDGE_LOOP('',(#955,#983,#1012,#1038));
#955 = ORIENTED_EDGE('',*,*,#956,.F.);
#956 = EDGE_CURVE('',#957,#959,#961,.T.);
#957 = VERTEX_POINT('',#958);
#958 = CARTESIAN_POINT('',(-7.703698041979,-3.035580425224,6.));
#959 = VERTEX_POINT('',#960);
#960 = CARTESIAN_POINT('',(-7.703698041979,-3.035580425224,16.));
#961 = SURFACE_CURVE('',#962,(#966,#972),.PCURVE_S1.);
#962 = LINE('',#963,#964);
#963 = CARTESIAN_POINT('',(-7.703698041979,-3.035580425224,
    5.024892892101E-16));
#964 = VECTOR('',#965,1.);
#965 = DIRECTION('',(0.,2.22044604925E-16,1.));
#966 = PCURVE('',#659,#967);
#967 = DEFINITIONAL_REPRESENTATION('',(#968),#971);
#968 = B_SPLINE_CURVE_WITH_KNOTS('',1,(#969,#970),.UNSPECIFIED.,.F.,.F.,
  (2,2),(5.,17.),.PIECEWISE_BEZIER_KNOTS.);
#969 = CARTESIAN_POINT('',(-2.766233029727,5.));
#970 = CARTESIAN_POINT('',(-2.766233029727,17.));
#971 = ( GEOMETRIC_REPRESENTATION_CONTEXT(2) 
PARAMETRIC_REPRESENTATION_CONTEXT() REPRESENTATION_CONTEXT('2D SPACE',''
  ) );
#972 = PCURVE('',#973,#978);
#973 = PLANE('',#974);
#974 = AXIS2_PLACEMENT_3D('',#975,#976,#977);
#975 = CARTESIAN_POINT('',(-8.50722713406,-3.26505037228,6.));
#976 = DIRECTION('',(-0.274599655108,0.961558645853,0.));
#977 = DIRECTION('',(0.961558645853,0.274599655108,0.));
#978 = DEFINITIONAL_REPRESENTATION('',(#979),#982);
#979 = B_SPLINE_CURVE_WITH_KNOTS('',1,(#980,#981),.UNSPECIFIED.,.F.,.F.,
  (2,2),(5.,17.),.PIECEWISE_BEZIER_KNOTS.);
#980 = CARTESIAN_POINT('',(0.835652714004,1.));
#981 = CARTESIAN_POINT('',(0.835652714004,-11.));
#982 = ( GEOMETRIC_REPRESENTATION_CONTEXT(2) 
PARAMETRIC_REPRESENTATION_CONTEXT() REPRESENTATION_CONTEXT('2D SPACE',''
  ) );
#983 = ORIENTED_EDGE('',*,*,#984,.T.);
#984 = EDGE_CURVE('',#957,#985,#987,.T.);
#985 = VERTEX_POINT('',#986);
#986 = CARTESIAN_POINT('',(-6.500205307427,-5.129234153487,6.));
#987 = SURFACE_CURVE('',#988,(#993,#1000),.PCURVE_S1.);
#988 = CIRCLE('',#989,8.2802);
#989 = AXIS2_PLACEMENT_3D('',#990,#991,#992);
#990 = CARTESIAN_POINT('',(0.,1.33226762955E-15,6.));
#991 = DIRECTION('',(0.,2.22044604925E-16,1.));
#992 = DIRECTION('',(1.,0.,-0.));
#993 = PCURVE('',#659,#994);
#994 = DEFINITIONAL_REPRESENTATION('',(#995),#999);
#995 = LINE('',#996,#997);
#996 = CARTESIAN_POINT('',(-6.28318530718,6.));
#997 = VECTOR('',#998,1.);
#998 = DIRECTION('',(1.,-0.));
#999 = ( GEOMETRIC_REPRESENTATION_CONTEXT(2) 
PARAMETRIC_REPRESENTATION_CONTEXT() REPRESENTATION_CONTEXT('2D SPACE',''
  ) );
#1000 = PCURVE('',#1001,#1006);
#1001 = PLANE('',#1002);
#1002 = AXIS2_PLACEMENT_3D('',#1003,#1004,#1005);
#1003 = CARTESIAN_POINT('',(-6.899159320617,-3.969699996549,6.));
#1004 = DIRECTION('',(0.,0.,1.));
#1005 = DIRECTION('',(-0.5,0.866025403784,0.));
#1006 = DEFINITIONAL_REPRESENTATION('',(#1007),#1011);
#1007 = CIRCLE('',#1008,8.2802);
#1008 = AXIS2_PLACEMENT_2D('',#1009,#1010);
#1009 = CARTESIAN_POINT('',(-1.171861789381E-02,-7.959697234685));
#1010 = DIRECTION('',(-0.5,-0.866025403784));
#1011 = ( GEOMETRIC_REPRESENTATION_CONTEXT(2) 
PARAMETRIC_REPRESENTATION_CONTEXT() REPRESENTATION_CONTEXT('2D SPACE',''
  ) );
#1012 = ORIENTED_EDGE('',*,*,#1013,.T.);
#1013 = EDGE_CURVE('',#985,#1014,#1016,.T.);
#1014 = VERTEX_POINT('',#1015);
#1015 = CARTESIAN_POINT('',(-6.500205307427,-5.129234153487,16.));
#1016 = SURFACE_CURVE('',#1017,(#1021,#1027),.PCURVE_S1.);
#1017 = LINE('',#1018,#1019);
#1018 = CARTESIAN_POINT('',(-6.500205307427,-5.129234153487,
    1.380965980824E-15));
#1019 = VECTOR('',#1020,1.);
#1020 = DIRECTION('',(0.,2.22044604925E-16,1.));
#1021 = PCURVE('',#659,#1022);
#1022 = DEFINITIONAL_REPRESENTATION('',(#1023),#1026);
#1023 = B_SPLINE_CURVE_WITH_KNOTS('',1,(#1024,#1025),.UNSPECIFIED.,.F.,
  .F.,(2,2),(5.,17.),.PIECEWISE_BEZIER_KNOTS.);
#1024 = CARTESIAN_POINT('',(-2.473540862582,5.));
#1025 = CARTESIAN_POINT('',(-2.473540862582,17.));
#1026 = ( GEOMETRIC_REPRESENTATION_CONTEXT(2) 
PARAMETRIC_REPRESENTATION_CONTEXT() REPRESENTATION_CONTEXT('2D SPACE',''
  ) );
#1027 = PCURVE('',#1028,#1033);
#1028 = PLANE('',#1029);
#1029 = AXIS2_PLACEMENT_3D('',#1030,#1031,#1032);
#1030 = CARTESIAN_POINT('',(-5.583652728366,-4.032013782649,6.));
#1031 = DIRECTION('',(0.767463166645,-0.641093041487,0.));
#1032 = DIRECTION('',(-0.641093041487,-0.767463166645,0.));
#1033 = DEFINITIONAL_REPRESENTATION('',(#1034),#1037);
#1034 = B_SPLINE_CURVE_WITH_KNOTS('',1,(#1035,#1036),.UNSPECIFIED.,.F.,
  .F.,(2,2),(5.,17.),.PIECEWISE_BEZIER_KNOTS.);
#1035 = CARTESIAN_POINT('',(1.429671700904,1.));
#1036 = CARTESIAN_POINT('',(1.429671700904,-11.));
#1037 = ( GEOMETRIC_REPRESENTATION_CONTEXT(2) 
PARAMETRIC_REPRESENTATION_CONTEXT() REPRESENTATION_CONTEXT('2D SPACE',''
  ) );
#1038 = ORIENTED_EDGE('',*,*,#1039,.F.);
#1039 = EDGE_CURVE('',#959,#1014,#1040,.T.);
#1040 = SURFACE_CURVE('',#1041,(#1046,#1053),.PCURVE_S1.);
#1041 = CIRCLE('',#1042,8.2802);
#1042 = AXIS2_PLACEMENT_3D('',#1043,#1044,#1045);
#1043 = CARTESIAN_POINT('',(0.,3.552713678801E-15,16.));
#1044 = DIRECTION('',(0.,2.22044604925E-16,1.));
#1045 = DIRECTION('',(1.,0.,-0.));
#1046 = PCURVE('',#659,#1047);
#1047 = DEFINITIONAL_REPRESENTATION('',(#1048),#1052);
#1048 = LINE('',#1049,#1050);
#1049 = CARTESIAN_POINT('',(-6.28318530718,16.));
#1050 = VECTOR('',#1051,1.);
#1051 = DIRECTION('',(1.,-0.));
#1052 = ( GEOMETRIC_REPRESENTATION_CONTEXT(2) 
PARAMETRIC_REPRESENTATION_CONTEXT() REPRESENTATION_CONTEXT('2D SPACE',''
  ) );
#1053 = PCURVE('',#1054,#1059);
#1054 = PLANE('',#1055);
#1055 = AXIS2_PLACEMENT_3D('',#1056,#1057,#1058);
#1056 = CARTESIAN_POINT('',(-6.899159320617,-3.969699996549,16.));
#1057 = DIRECTION('',(0.,0.,1.));
#1058 = DIRECTION('',(-0.5,0.866025403784,0.));
#1059 = DEFINITIONAL_REPRESENTATION('',(#1060),#1064);
#1060 = CIRCLE('',#1061,8.2802);
#1061 = AXIS2_PLACEMENT_2D('',#1062,#1063);
#1062 = CARTESIAN_POINT('',(-1.171861789381E-02,-7.959697234685));
#1063 = DIRECTION('',(-0.5,-0.866025403784));
#1064 = ( GEOMETRIC_REPRESENTATION_CONTEXT(2) 
PARAMETRIC_REPRESENTATION_CONTEXT() REPRESENTATION_CONTEXT('2D SPACE',''
  ) );
#1065 = FACE_BOUND('',#1066,.T.);
#1066 = EDGE_LOOP('',(#1067,#1095,#1124,#1150));
#1067 = ORIENTED_EDGE('',*,*,#1068,.F.);
#1068 = EDGE_CURVE('',#1069,#1071,#1073,.T.);
#1069 = VERTEX_POINT('',#1070);
#1070 = CARTESIAN_POINT('',(-6.480738784464,5.153807994827,6.));
#1071 = VERTEX_POINT('',#1072);
#1072 = CARTESIAN_POINT('',(-6.480738784464,5.153807994827,16.));
#1073 = SURFACE_CURVE('',#1074,(#1078,#1084),.PCURVE_S1.);
#1074 = LINE('',#1075,#1076);
#1075 = CARTESIAN_POINT('',(-6.480738784464,5.153807994827,
    -1.272573815396E-15));
#1076 = VECTOR('',#1077,1.);
#1077 = DIRECTION('',(0.,2.22044604925E-16,1.));
#1078 = PCURVE('',#659,#1079);
#1079 = DEFINITIONAL_REPRESENTATION('',(#1080),#1083);
#1080 = B_SPLINE_CURVE_WITH_KNOTS('',1,(#1081,#1082),.UNSPECIFIED.,.F.,
  .F.,(2,2),(5.,17.),.PIECEWISE_BEZIER_KNOTS.);
#1081 = CARTESIAN_POINT('',(-3.813430580923,5.));
#1082 = CARTESIAN_POINT('',(-3.813430580923,17.));
#1083 = ( GEOMETRIC_REPRESENTATION_CONTEXT(2) 
PARAMETRIC_REPRESENTATION_CONTEXT() REPRESENTATION_CONTEXT('2D SPACE',''
  ) );
#1084 = PCURVE('',#1085,#1090);
#1085 = PLANE('',#1086);
#1086 = AXIS2_PLACEMENT_3D('',#1087,#1088,#1089);
#1087 = CARTESIAN_POINT('',(-7.08123013406,5.73494962772,6.));
#1088 = DIRECTION('',(0.695434386983,0.718589600121,0.));
#1089 = DIRECTION('',(0.718589600121,-0.695434386983,0.));
#1090 = DEFINITIONAL_REPRESENTATION('',(#1091),#1094);
#1091 = B_SPLINE_CURVE_WITH_KNOTS('',1,(#1092,#1093),.UNSPECIFIED.,.F.,
  .F.,(2,2),(5.,17.),.PIECEWISE_BEZIER_KNOTS.);
#1092 = CARTESIAN_POINT('',(0.835652714004,1.));
#1093 = CARTESIAN_POINT('',(0.835652714004,-11.));
#1094 = ( GEOMETRIC_REPRESENTATION_CONTEXT(2) 
PARAMETRIC_REPRESENTATION_CONTEXT() REPRESENTATION_CONTEXT('2D SPACE',''
  ) );
#1095 = ORIENTED_EDGE('',*,*,#1096,.T.);
#1096 = EDGE_CURVE('',#1069,#1097,#1099,.T.);
#1097 = VERTEX_POINT('',#1098);
#1098 = CARTESIAN_POINT('',(-7.692149732592,3.064725849303,6.));
#1099 = SURFACE_CURVE('',#1100,(#1105,#1112),.PCURVE_S1.);
#1100 = CIRCLE('',#1101,8.2802);
#1101 = AXIS2_PLACEMENT_3D('',#1102,#1103,#1104);
#1102 = CARTESIAN_POINT('',(0.,1.33226762955E-15,6.));
#1103 = DIRECTION('',(0.,2.22044604925E-16,1.));
#1104 = DIRECTION('',(1.,0.,-0.));
#1105 = PCURVE('',#659,#1106);
#1106 = DEFINITIONAL_REPRESENTATION('',(#1107),#1111);
#1107 = LINE('',#1108,#1109);
#1108 = CARTESIAN_POINT('',(-6.28318530718,6.));
#1109 = VECTOR('',#1110,1.);
#1110 = DIRECTION('',(1.,-0.));
#1111 = ( GEOMETRIC_REPRESENTATION_CONTEXT(2) 
PARAMETRIC_REPRESENTATION_CONTEXT() REPRESENTATION_CONTEXT('2D SPACE',''
  ) );
#1112 = PCURVE('',#1113,#1118);
#1113 = PLANE('',#1114);
#1114 = AXIS2_PLACEMENT_3D('',#1115,#1116,#1117);
#1115 = CARTESIAN_POINT('',(-6.887440702723,3.989997238136,6.));
#1116 = DIRECTION('',(0.,0.,1.));
#1117 = DIRECTION('',(0.5,0.866025403784,0.));
#1118 = DEFINITIONAL_REPRESENTATION('',(#1119),#1123);
#1119 = CIRCLE('',#1120,8.2802);
#1120 = AXIS2_PLACEMENT_2D('',#1121,#1122);
#1121 = CARTESIAN_POINT('',(-1.171861789381E-02,-7.959697234685));
#1122 = DIRECTION('',(0.5,-0.866025403784));
#1123 = ( GEOMETRIC_REPRESENTATION_CONTEXT(2) 
PARAMETRIC_REPRESENTATION_CONTEXT() REPRESENTATION_CONTEXT('2D SPACE',''
  ) );
#1124 = ORIENTED_EDGE('',*,*,#1125,.T.);
#1125 = EDGE_CURVE('',#1097,#1126,#1128,.T.);
#1126 = VERTEX_POINT('',#1127);
#1127 = CARTESIAN_POINT('',(-7.692149732592,3.064725849303,16.));
#1128 = SURFACE_CURVE('',#1129,(#1133,#1139),.PCURVE_S1.);
#1129 = LINE('',#1130,#1131);
#1130 = CARTESIAN_POINT('',(-7.692149732592,3.064725849303,
    -3.085437975839E-16));
#1131 = VECTOR('',#1132,1.);
#1132 = DIRECTION('',(0.,2.22044604925E-16,1.));
#1133 = PCURVE('',#659,#1134);
#1134 = DEFINITIONAL_REPRESENTATION('',(#1135),#1138);
#1135 = B_SPLINE_CURVE_WITH_KNOTS('',1,(#1136,#1137),.UNSPECIFIED.,.F.,
  .F.,(2,2),(5.,17.),.PIECEWISE_BEZIER_KNOTS.);
#1136 = CARTESIAN_POINT('',(-3.520738413779,5.));
#1137 = CARTESIAN_POINT('',(-3.520738413779,17.));
#1138 = ( GEOMETRIC_REPRESENTATION_CONTEXT(2) 
PARAMETRIC_REPRESENTATION_CONTEXT() REPRESENTATION_CONTEXT('2D SPACE',''
  ) );
#1139 = PCURVE('',#1140,#1145);
#1140 = PLANE('',#1141);
#1141 = AXIS2_PLACEMENT_3D('',#1142,#1143,#1144);
#1142 = CARTESIAN_POINT('',(-6.283652728366,2.819578217351,6.));
#1143 = DIRECTION('',(-0.171471276795,-0.985189119527,0.));
#1144 = DIRECTION('',(-0.985189119527,0.171471276795,0.));
#1145 = DEFINITIONAL_REPRESENTATION('',(#1146),#1149);
#1146 = B_SPLINE_CURVE_WITH_KNOTS('',1,(#1147,#1148),.UNSPECIFIED.,.F.,
  .F.,(2,2),(5.,17.),.PIECEWISE_BEZIER_KNOTS.);
#1147 = CARTESIAN_POINT('',(1.429671700904,1.));
#1148 = CARTESIAN_POINT('',(1.429671700904,-11.));
#1149 = ( GEOMETRIC_REPRESENTATION_CONTEXT(2) 
PARAMETRIC_REPRESENTATION_CONTEXT() REPRESENTATION_CONTEXT('2D SPACE',''
  ) );
#1150 = ORIENTED_EDGE('',*,*,#1151,.F.);
#1151 = EDGE_CURVE('',#1071,#1126,#1152,.T.);
#1152 = SURFACE_CURVE('',#1153,(#1158,#1165),.PCURVE_S1.);
#1153 = CIRCLE('',#1154,8.2802);
#1154 = AXIS2_PLACEMENT_3D('',#1155,#1156,#1157);
#1155 = CARTESIAN_POINT('',(0.,3.552713678801E-15,16.));
#1156 = DIRECTION('',(0.,2.22044604925E-16,1.));
#1157 = DIRECTION('',(1.,0.,-0.));
#1158 = PCURVE('',#659,#1159);
#1159 = DEFINITIONAL_REPRESENTATION('',(#1160),#1164);
#1160 = LINE('',#1161,#1162);
#1161 = CARTESIAN_POINT('',(-6.28318530718,16.));
#1162 = VECTOR('',#1163,1.);
#1163 = DIRECTION('',(1.,-0.));
#1164 = ( GEOMETRIC_REPRESENTATION_CONTEXT(2) 
PARAMETRIC_REPRESENTATION_CONTEXT() REPRESENTATION_CONTEXT('2D SPACE',''
  ) );
#1165 = PCURVE('',#1166,#1171);
#1166 = PLANE('',#1167);
#1167 = AXIS2_PLACEMENT_3D('',#1168,#1169,#1170);
#1168 = CARTESIAN_POINT('',(-6.887440702723,3.989997238136,16.));
#1169 = DIRECTION('',(0.,0.,1.));
#1170 = DIRECTION('',(0.5,0.866025403784,0.));
#1171 = DEFINITIONAL_REPRESENTATION('',(#1172),#1176);
#1172 = CIRCLE('',#1173,8.2802);
#1173 = AXIS2_PLACEMENT_2D('',#1174,#1175);
#1174 = CARTESIAN_POINT('',(-1.171861789381E-02,-7.959697234685));
#1175 = DIRECTION('',(0.5,-0.866025403784));
#1176 = ( GEOMETRIC_REPRESENTATION_CONTEXT(2) 
PARAMETRIC_REPRESENTATION_CONTEXT() REPRESENTATION_CONTEXT('2D SPACE',''
  ) );
#1177 = FACE_BOUND('',#1178,.T.);
#1178 = EDGE_LOOP('',(#1179,#1207,#1236,#1262));
#1179 = ORIENTED_EDGE('',*,*,#1180,.F.);
#1180 = EDGE_CURVE('',#1181,#1183,#1185,.T.);
#1181 = VERTEX_POINT('',#1182);
#1182 = CARTESIAN_POINT('',(1.222959257515,8.189388420051,6.));
#1183 = VERTEX_POINT('',#1184);
#1184 = CARTESIAN_POINT('',(1.222959257515,8.189388420051,16.));
#1185 = SURFACE_CURVE('',#1186,(#1190,#1196),.PCURVE_S1.);
#1186 = LINE('',#1187,#1188);
#1187 = CARTESIAN_POINT('',(1.222959257515,8.189388420051,
    -1.775063104606E-15));
#1188 = VECTOR('',#1189,1.);
#1189 = DIRECTION('',(0.,2.22044604925E-16,1.));
#1190 = PCURVE('',#659,#1191);
#1191 = DEFINITIONAL_REPRESENTATION('',(#1192),#1195);
#1192 = B_SPLINE_CURVE_WITH_KNOTS('',1,(#1193,#1194),.UNSPECIFIED.,.F.,
  .F.,(2,2),(5.,17.),.PIECEWISE_BEZIER_KNOTS.);
#1193 = CARTESIAN_POINT('',(-4.86062813212,5.));
#1194 = CARTESIAN_POINT('',(-4.86062813212,17.));
#1195 = ( GEOMETRIC_REPRESENTATION_CONTEXT(2) 
PARAMETRIC_REPRESENTATION_CONTEXT() REPRESENTATION_CONTEXT('2D SPACE',''
  ) );
#1196 = PCURVE('',#1197,#1202);
#1197 = PLANE('',#1198);
#1198 = AXIS2_PLACEMENT_3D('',#1199,#1200,#1201);
#1199 = CARTESIAN_POINT('',(1.425997,9.,6.));
#1200 = DIRECTION('',(0.970034042091,-0.242969045732,0.));
#1201 = DIRECTION('',(-0.242969045732,-0.970034042091,0.));
#1202 = DEFINITIONAL_REPRESENTATION('',(#1203),#1206);
#1203 = B_SPLINE_CURVE_WITH_KNOTS('',1,(#1204,#1205),.UNSPECIFIED.,.F.,
  .F.,(2,2),(5.,17.),.PIECEWISE_BEZIER_KNOTS.);
#1204 = CARTESIAN_POINT('',(0.835652714004,1.));
#1205 = CARTESIAN_POINT('',(0.835652714004,-11.));
#1206 = ( GEOMETRIC_REPRESENTATION_CONTEXT(2) 
PARAMETRIC_REPRESENTATION_CONTEXT() REPRESENTATION_CONTEXT('2D SPACE',''
  ) );
#1207 = ORIENTED_EDGE('',*,*,#1208,.T.);
#1208 = EDGE_CURVE('',#1181,#1209,#1211,.T.);
#1209 = VERTEX_POINT('',#1210);
#1210 = CARTESIAN_POINT('',(-1.191944425165,8.19396000279,6.));
#1211 = SURFACE_CURVE('',#1212,(#1217,#1224),.PCURVE_S1.);
#1212 = CIRCLE('',#1213,8.2802);
#1213 = AXIS2_PLACEMENT_3D('',#1214,#1215,#1216);
#1214 = CARTESIAN_POINT('',(0.,1.33226762955E-15,6.));
#1215 = DIRECTION('',(0.,2.22044604925E-16,1.));
#1216 = DIRECTION('',(1.,0.,-0.));
#1217 = PCURVE('',#659,#1218);
#1218 = DEFINITIONAL_REPRESENTATION('',(#1219),#1223);
#1219 = LINE('',#1220,#1221);
#1220 = CARTESIAN_POINT('',(-6.28318530718,6.));
#1221 = VECTOR('',#1222,1.);
#1222 = DIRECTION('',(1.,-0.));
#1223 = ( GEOMETRIC_REPRESENTATION_CONTEXT(2) 
PARAMETRIC_REPRESENTATION_CONTEXT() REPRESENTATION_CONTEXT('2D SPACE',''
  ) );
#1224 = PCURVE('',#1225,#1230);
#1225 = PLANE('',#1226);
#1226 = AXIS2_PLACEMENT_3D('',#1227,#1228,#1229);
#1227 = CARTESIAN_POINT('',(1.171861789381E-02,7.959697234685,6.));
#1228 = DIRECTION('',(0.,0.,1.));
#1229 = DIRECTION('',(1.,0.,0.));
#1230 = DEFINITIONAL_REPRESENTATION('',(#1231),#1235);
#1231 = CIRCLE('',#1232,8.2802);
#1232 = AXIS2_PLACEMENT_2D('',#1233,#1234);
#1233 = CARTESIAN_POINT('',(-1.171861789381E-02,-7.959697234685));
#1234 = DIRECTION('',(1.,0.));
#1235 = ( GEOMETRIC_REPRESENTATION_CONTEXT(2) 
PARAMETRIC_REPRESENTATION_CONTEXT() REPRESENTATION_CONTEXT('2D SPACE',''
  ) );
#1236 = ORIENTED_EDGE('',*,*,#1237,.T.);
#1237 = EDGE_CURVE('',#1209,#1238,#1240,.T.);
#1238 = VERTEX_POINT('',#1239);
#1239 = CARTESIAN_POINT('',(-1.191944425165,8.19396000279,16.));
#1240 = SURFACE_CURVE('',#1241,(#1245,#1251),.PCURVE_S1.);
#1241 = LINE('',#1242,#1243);
#1242 = CARTESIAN_POINT('',(-1.191944425165,8.19396000279,
    -1.689509778408E-15));
#1243 = VECTOR('',#1244,1.);
#1244 = DIRECTION('',(0.,2.22044604925E-16,1.));
#1245 = PCURVE('',#659,#1246);
#1246 = DEFINITIONAL_REPRESENTATION('',(#1247),#1250);
#1247 = B_SPLINE_CURVE_WITH_KNOTS('',1,(#1248,#1249),.UNSPECIFIED.,.F.,
  .F.,(2,2),(5.,17.),.PIECEWISE_BEZIER_KNOTS.);
#1248 = CARTESIAN_POINT('',(-4.567935964975,5.));
#1249 = CARTESIAN_POINT('',(-4.567935964975,17.));
#1250 = ( GEOMETRIC_REPRESENTATION_CONTEXT(2) 
PARAMETRIC_REPRESENTATION_CONTEXT() REPRESENTATION_CONTEXT('2D SPACE',''
  ) );
#1251 = PCURVE('',#1252,#1257);
#1252 = PLANE('',#1253);
#1253 = AXIS2_PLACEMENT_3D('',#1254,#1255,#1256);
#1254 = CARTESIAN_POINT('',(-0.7,6.851592,6.));
#1255 = DIRECTION('',(-0.93893444344,-0.34409607804,0.));
#1256 = DIRECTION('',(-0.34409607804,0.93893444344,0.));
#1257 = DEFINITIONAL_REPRESENTATION('',(#1258),#1261);
#1258 = B_SPLINE_CURVE_WITH_KNOTS('',1,(#1259,#1260),.UNSPECIFIED.,.F.,
  .F.,(2,2),(5.,17.),.PIECEWISE_BEZIER_KNOTS.);
#1259 = CARTESIAN_POINT('',(1.429671700904,1.));
#1260 = CARTESIAN_POINT('',(1.429671700904,-11.));
#1261 = ( GEOMETRIC_REPRESENTATION_CONTEXT(2) 
PARAMETRIC_REPRESENTATION_CONTEXT() REPRESENTATION_CONTEXT('2D SPACE',''
  ) );
#1262 = ORIENTED_EDGE('',*,*,#1263,.F.);
#1263 = EDGE_CURVE('',#1183,#1238,#1264,.T.);
#1264 = SURFACE_CURVE('',#1265,(#1270,#1277),.PCURVE_S1.);
#1265 = CIRCLE('',#1266,8.2802);
#1266 = AXIS2_PLACEMENT_3D('',#1267,#1268,#1269);
#1267 = CARTESIAN_POINT('',(0.,3.552713678801E-15,16.));
#1268 = DIRECTION('',(0.,2.22044604925E-16,1.));
#1269 = DIRECTION('',(1.,0.,-0.));
#1270 = PCURVE('',#659,#1271);
#1271 = DEFINITIONAL_REPRESENTATION('',(#1272),#1276);
#1272 = LINE('',#1273,#1274);
#1273 = CARTESIAN_POINT('',(-6.28318530718,16.));
#1274 = VECTOR('',#1275,1.);
#1275 = DIRECTION('',(1.,-0.));
#1276 = ( GEOMETRIC_REPRESENTATION_CONTEXT(2) 
PARAMETRIC_REPRESENTATION_CONTEXT() REPRESENTATION_CONTEXT('2D SPACE',''
  ) );
#1277 = PCURVE('',#1278,#1283);
#1278 = PLANE('',#1279);
#1279 = AXIS2_PLACEMENT_3D('',#1280,#1281,#1282);
#1280 = CARTESIAN_POINT('',(1.171861789381E-02,7.959697234685,16.));
#1281 = DIRECTION('',(0.,0.,1.));
#1282 = DIRECTION('',(1.,0.,0.));
#1283 = DEFINITIONAL_REPRESENTATION('',(#1284),#1288);
#1284 = CIRCLE('',#1285,8.2802);
#1285 = AXIS2_PLACEMENT_2D('',#1286,#1287);
#1286 = CARTESIAN_POINT('',(-1.171861789381E-02,-7.959697234685));
#1287 = DIRECTION('',(1.,0.));
#1288 = ( GEOMETRIC_REPRESENTATION_CONTEXT(2) 
PARAMETRIC_REPRESENTATION_CONTEXT() REPRESENTATION_CONTEXT('2D SPACE',''
  ) );
#1289 = FACE_BOUND('',#1290,.T.);
#1290 = EDGE_LOOP('',(#1291,#1319,#1348,#1374));
#1291 = ORIENTED_EDGE('',*,*,#1292,.F.);
#1292 = EDGE_CURVE('',#1293,#1295,#1297,.T.);
#1293 = VERTEX_POINT('',#1294);
#1294 = CARTESIAN_POINT('',(7.703698041979,3.035580425224,6.));
#1295 = VERTEX_POINT('',#1296);
#1296 = CARTESIAN_POINT('',(7.703698041979,3.035580425224,16.));
#1297 = SURFACE_CURVE('',#1298,(#1302,#1308),.PCURVE_S1.);
#1298 = LINE('',#1299,#1300);
#1299 = CARTESIAN_POINT('',(7.703698041979,3.035580425224,
    -5.024892892101E-16));
#1300 = VECTOR('',#1301,1.);
#1301 = DIRECTION('',(0.,2.22044604925E-16,1.));
#1302 = PCURVE('',#659,#1303);
#1303 = DEFINITIONAL_REPRESENTATION('',(#1304),#1307);
#1304 = B_SPLINE_CURVE_WITH_KNOTS('',1,(#1305,#1306),.UNSPECIFIED.,.F.,
  .F.,(2,2),(5.,17.),.PIECEWISE_BEZIER_KNOTS.);
#1305 = CARTESIAN_POINT('',(-5.907825683316,5.));
#1306 = CARTESIAN_POINT('',(-5.907825683316,17.));
#1307 = ( GEOMETRIC_REPRESENTATION_CONTEXT(2) 
PARAMETRIC_REPRESENTATION_CONTEXT() REPRESENTATION_CONTEXT('2D SPACE',''
  ) );
#1308 = PCURVE('',#1309,#1314);
#1309 = PLANE('',#1310);
#1310 = AXIS2_PLACEMENT_3D('',#1311,#1312,#1313);
#1311 = CARTESIAN_POINT('',(8.50722713406,3.26505037228,6.));
#1312 = DIRECTION('',(0.274599655108,-0.961558645853,0.));
#1313 = DIRECTION('',(-0.961558645853,-0.274599655108,0.));
#1314 = DEFINITIONAL_REPRESENTATION('',(#1315),#1318);
#1315 = B_SPLINE_CURVE_WITH_KNOTS('',1,(#1316,#1317),.UNSPECIFIED.,.F.,
  .F.,(2,2),(5.,17.),.PIECEWISE_BEZIER_KNOTS.);
#1316 = CARTESIAN_POINT('',(0.835652714004,1.));
#1317 = CARTESIAN_POINT('',(0.835652714004,-11.));
#1318 = ( GEOMETRIC_REPRESENTATION_CONTEXT(2) 
PARAMETRIC_REPRESENTATION_CONTEXT() REPRESENTATION_CONTEXT('2D SPACE',''
  ) );
#1319 = ORIENTED_EDGE('',*,*,#1320,.T.);
#1320 = EDGE_CURVE('',#1293,#1321,#1323,.T.);
#1321 = VERTEX_POINT('',#1322);
#1322 = CARTESIAN_POINT('',(6.500205307427,5.129234153487,6.));
#1323 = SURFACE_CURVE('',#1324,(#1329,#1336),.PCURVE_S1.);
#1324 = CIRCLE('',#1325,8.2802);
#1325 = AXIS2_PLACEMENT_3D('',#1326,#1327,#1328);
#1326 = CARTESIAN_POINT('',(0.,1.33226762955E-15,6.));
#1327 = DIRECTION('',(0.,2.22044604925E-16,1.));
#1328 = DIRECTION('',(1.,0.,-0.));
#1329 = PCURVE('',#659,#1330);
#1330 = DEFINITIONAL_REPRESENTATION('',(#1331),#1335);
#1331 = LINE('',#1332,#1333);
#1332 = CARTESIAN_POINT('',(-6.28318530718,6.));
#1333 = VECTOR('',#1334,1.);
#1334 = DIRECTION('',(1.,-0.));
#1335 = ( GEOMETRIC_REPRESENTATION_CONTEXT(2) 
PARAMETRIC_REPRESENTATION_CONTEXT() REPRESENTATION_CONTEXT('2D SPACE',''
  ) );
#1336 = PCURVE('',#1337,#1342);
#1337 = PLANE('',#1338);
#1338 = AXIS2_PLACEMENT_3D('',#1339,#1340,#1341);
#1339 = CARTESIAN_POINT('',(6.899159320617,3.969699996549,6.));
#1340 = DIRECTION('',(0.,0.,1.));
#1341 = DIRECTION('',(0.5,-0.866025403784,0.));
#1342 = DEFINITIONAL_REPRESENTATION('',(#1343),#1347);
#1343 = CIRCLE('',#1344,8.2802);
#1344 = AXIS2_PLACEMENT_2D('',#1345,#1346);
#1345 = CARTESIAN_POINT('',(-1.171861789381E-02,-7.959697234685));
#1346 = DIRECTION('',(0.5,0.866025403784));
#1347 = ( GEOMETRIC_REPRESENTATION_CONTEXT(2) 
PARAMETRIC_REPRESENTATION_CONTEXT() REPRESENTATION_CONTEXT('2D SPACE',''
  ) );
#1348 = ORIENTED_EDGE('',*,*,#1349,.T.);
#1349 = EDGE_CURVE('',#1321,#1350,#1352,.T.);
#1350 = VERTEX_POINT('',#1351);
#1351 = CARTESIAN_POINT('',(6.500205307427,5.129234153487,16.));
#1352 = SURFACE_CURVE('',#1353,(#1357,#1363),.PCURVE_S1.);
#1353 = LINE('',#1354,#1355);
#1354 = CARTESIAN_POINT('',(6.500205307427,5.129234153487,
    -1.380965980824E-15));
#1355 = VECTOR('',#1356,1.);
#1356 = DIRECTION('',(0.,2.22044604925E-16,1.));
#1357 = PCURVE('',#659,#1358);
#1358 = DEFINITIONAL_REPRESENTATION('',(#1359),#1362);
#1359 = B_SPLINE_CURVE_WITH_KNOTS('',1,(#1360,#1361),.UNSPECIFIED.,.F.,
  .F.,(2,2),(5.,17.),.PIECEWISE_BEZIER_KNOTS.);
#1360 = CARTESIAN_POINT('',(-5.615133516172,5.));
#1361 = CARTESIAN_POINT('',(-5.615133516172,17.));
#1362 = ( GEOMETRIC_REPRESENTATION_CONTEXT(2) 
PARAMETRIC_REPRESENTATION_CONTEXT() REPRESENTATION_CONTEXT('2D SPACE',''
  ) );
#1363 = PCURVE('',#1364,#1369);
#1364 = PLANE('',#1365);
#1365 = AXIS2_PLACEMENT_3D('',#1366,#1367,#1368);
#1366 = CARTESIAN_POINT('',(5.583652728366,4.032013782649,6.));
#1367 = DIRECTION('',(-0.767463166645,0.641093041487,0.));
#1368 = DIRECTION('',(0.641093041487,0.767463166645,0.));
#1369 = DEFINITIONAL_REPRESENTATION('',(#1370),#1373);
#1370 = B_SPLINE_CURVE_WITH_KNOTS('',1,(#1371,#1372),.UNSPECIFIED.,.F.,
  .F.,(2,2),(5.,17.),.PIECEWISE_BEZIER_KNOTS.);
#1371 = CARTESIAN_POINT('',(1.429671700904,1.));
#1372 = CARTESIAN_POINT('',(1.429671700904,-11.));
#1373 = ( GEOMETRIC_REPRESENTATION_CONTEXT(2) 
PARAMETRIC_REPRESENTATION_CONTEXT() REPRESENTATION_CONTEXT('2D SPACE',''
  ) );
#1374 = ORIENTED_EDGE('',*,*,#1375,.F.);
#1375 = EDGE_CURVE('',#1295,#1350,#1376,.T.);
#1376 = SURFACE_CURVE('',#1377,(#1382,#1389),.PCURVE_S1.);
#1377 = CIRCLE('',#1378,8.2802);
#1378 = AXIS2_PLACEMENT_3D('',#1379,#1380,#1381);
#1379 = CARTESIAN_POINT('',(0.,3.552713678801E-15,16.));
#1380 = DIRECTION('',(0.,2.22044604925E-16,1.));
#1381 = DIRECTION('',(1.,0.,-0.));
#1382 = PCURVE('',#659,#1383);
#1383 = DEFINITIONAL_REPRESENTATION('',(#1384),#1388);
#1384 = LINE('',#1385,#1386);
#1385 = CARTESIAN_POINT('',(-6.28318530718,16.));
#1386 = VECTOR('',#1387,1.);
#1387 = DIRECTION('',(1.,-0.));
#1388 = ( GEOMETRIC_REPRESENTATION_CONTEXT(2) 
PARAMETRIC_REPRESENTATION_CONTEXT() REPRESENTATION_CONTEXT('2D SPACE',''
  ) );
#1389 = PCURVE('',#1390,#1395);
#1390 = PLANE('',#1391);
#1391 = AXIS2_PLACEMENT_3D('',#1392,#1393,#1394);
#1392 = CARTESIAN_POINT('',(6.899159320617,3.969699996549,16.));
#1393 = DIRECTION('',(0.,0.,1.));
#1394 = DIRECTION('',(0.5,-0.866025403784,0.));
#1395 = DEFINITIONAL_REPRESENTATION('',(#1396),#1400);
#1396 = CIRCLE('',#1397,8.2802);
#1397 = AXIS2_PLACEMENT_2D('',#1398,#1399);
#1398 = CARTESIAN_POINT('',(-1.171861789382E-02,-7.959697234685));
#1399 = DIRECTION('',(0.5,0.866025403784));
#1400 = ( GEOMETRIC_REPRESENTATION_CONTEXT(2) 
PARAMETRIC_REPRESENTATION_CONTEXT() REPRESENTATION_CONTEXT('2D SPACE',''
  ) );
#1401 = ADVANCED_FACE('',(#1402),#714,.F.);
#1402 = FACE_BOUND('',#1403,.F.);
#1403 = EDGE_LOOP('',(#1404,#1471,#1493,#1494));
#1404 = ORIENTED_EDGE('',*,*,#1405,.F.);
#1405 = EDGE_CURVE('',#1406,#1406,#1408,.T.);
#1406 = VERTEX_POINT('',#1407);
#1407 = CARTESIAN_POINT('',(1.474480655405E-02,8.859579736509E-15,39.9)
  );
#1408 = SURFACE_CURVE('',#1409,(#1426,#1446),.PCURVE_S1.);
#1409 = B_SPLINE_CURVE_WITH_KNOTS('',8,(#1410,#1411,#1412,#1413,#1414,
    #1415,#1416,#1417,#1418,#1419,#1420,#1421,#1422,#1423,#1424,#1425),
  .UNSPECIFIED.,.T.,.F.,(9,7,9),(0.,0.5,1.),.UNSPECIFIED.);
#1410 = CARTESIAN_POINT('',(1.474480655405E-02,8.862572246567E-15,39.9)
  );
#1411 = CARTESIAN_POINT('',(1.474496319795E-02,5.79021122229E-03,39.9));
#1412 = CARTESIAN_POINT('',(1.21451998975E-02,1.158069983605E-02,39.9));
#1413 = CARTESIAN_POINT('',(6.951992666349E-03,1.60096742594E-02,39.9));
#1414 = CARTESIAN_POINT('',(2.296561412186E-14,1.77203463834E-02,39.9));
#1415 = CARTESIAN_POINT('',(-6.951992666387E-03,1.600967425942E-02,39.9)
  );
#1416 = CARTESIAN_POINT('',(-1.214519989747E-02,1.158069983602E-02,39.9)
  );
#1417 = CARTESIAN_POINT('',(-1.474496319795E-02,5.790211222301E-03,39.9)
  );
#1418 = CARTESIAN_POINT('',(-1.474496319795E-02,-5.790211222285E-03,39.9
    ));
#1419 = CARTESIAN_POINT('',(-1.214519989751E-02,-1.158069983598E-02,39.9
    ));
#1420 = CARTESIAN_POINT('',(-6.951992666331E-03,-1.600967425945E-02,39.9
    ));
#1421 = CARTESIAN_POINT('',(-3.386045750419E-14,-1.77203463833E-02,39.9)
  );
#1422 = CARTESIAN_POINT('',(6.951992666382E-03,-1.600967425946E-02,39.9)
  );
#1423 = CARTESIAN_POINT('',(1.214519989748E-02,-1.158069983598E-02,39.9)
  );
#1424 = CARTESIAN_POINT('',(1.474496319795E-02,-5.790211222289E-03,39.9)
  );
#1425 = CARTESIAN_POINT('',(1.474480655405E-02,8.859102799615E-15,39.9)
  );
#1426 = PCURVE('',#714,#1427);
#1427 = DEFINITIONAL_REPRESENTATION('',(#1428),#1445);
#1428 = B_SPLINE_CURVE_WITH_KNOTS('',8,(#1429,#1430,#1431,#1432,#1433,
    #1434,#1435,#1436,#1437,#1438,#1439,#1440,#1441,#1442,#1443,#1444),
  .UNSPECIFIED.,.F.,.F.,(9,7,9),(0.,0.5,1.),.UNSPECIFIED.);
#1429 = CARTESIAN_POINT('',(6.28318530718,4.766640120126E-03));
#1430 = CARTESIAN_POINT('',(5.890489312399,4.766640120126E-03));
#1431 = CARTESIAN_POINT('',(5.497785019078,4.766640120126E-03));
#1432 = CARTESIAN_POINT('',(5.105083953395,4.766640120126E-03));
#1433 = CARTESIAN_POINT('',(4.712388980384,4.766640120126E-03));
#1434 = CARTESIAN_POINT('',(4.319694007376,4.766640120126E-03));
#1435 = CARTESIAN_POINT('',(3.92699294169,4.766640120126E-03));
#1436 = CARTESIAN_POINT('',(3.534288648371,4.766640120126E-03));
#1437 = CARTESIAN_POINT('',(2.74889665881,4.766640120126E-03));
#1438 = CARTESIAN_POINT('',(2.356192365486,4.766640120127E-03));
#1439 = CARTESIAN_POINT('',(1.963491299814,4.766640120125E-03));
#1440 = CARTESIAN_POINT('',(1.570796326781,4.766640120129E-03));
#1441 = CARTESIAN_POINT('',(1.178101353798,4.766640120124E-03));
#1442 = CARTESIAN_POINT('',(0.785400288094,4.766640120128E-03));
#1443 = CARTESIAN_POINT('',(0.392695994783,4.766640120126E-03));
#1444 = CARTESIAN_POINT('',(0.,4.766640120127E-03));
#1445 = ( GEOMETRIC_REPRESENTATION_CONTEXT(2) 
PARAMETRIC_REPRESENTATION_CONTEXT() REPRESENTATION_CONTEXT('2D SPACE',''
  ) );
#1446 = PCURVE('',#1447,#1452);
#1447 = PLANE('',#1448);
#1448 = AXIS2_PLACEMENT_3D('',#1449,#1450,#1451);
#1449 = CARTESIAN_POINT('',(-1.721276007171E-16,-5.737586690569E-17,39.9
    ));
#1450 = DIRECTION('',(0.,0.,1.));
#1451 = DIRECTION('',(1.,0.,0.));
#1452 = DEFINITIONAL_REPRESENTATION('',(#1453),#1470);
#1453 = B_SPLINE_CURVE_WITH_KNOTS('',8,(#1454,#1455,#1456,#1457,#1458,
    #1459,#1460,#1461,#1462,#1463,#1464,#1465,#1466,#1467,#1468,#1469),
  .UNSPECIFIED.,.F.,.F.,(9,7,9),(0.,0.5,1.),.UNSPECIFIED.);
#1454 = CARTESIAN_POINT('',(1.474480655405E-02,8.919948113473E-15));
#1455 = CARTESIAN_POINT('',(1.474496319795E-02,5.79021122229E-03));
#1456 = CARTESIAN_POINT('',(1.21451998975E-02,1.158069983605E-02));
#1457 = CARTESIAN_POINT('',(6.95199266635E-03,1.60096742594E-02));
#1458 = CARTESIAN_POINT('',(2.313774172258E-14,1.77203463834E-02));
#1459 = CARTESIAN_POINT('',(-6.951992666387E-03,1.600967425942E-02));
#1460 = CARTESIAN_POINT('',(-1.214519989747E-02,1.158069983602E-02));
#1461 = CARTESIAN_POINT('',(-1.474496319795E-02,5.790211222301E-03));
#1462 = CARTESIAN_POINT('',(-1.474496319795E-02,-5.790211222285E-03));
#1463 = CARTESIAN_POINT('',(-1.214519989751E-02,-1.158069983598E-02));
#1464 = CARTESIAN_POINT('',(-6.951992666331E-03,-1.600967425945E-02));
#1465 = CARTESIAN_POINT('',(-3.368832990347E-14,-1.77203463833E-02));
#1466 = CARTESIAN_POINT('',(6.951992666382E-03,-1.600967425946E-02));
#1467 = CARTESIAN_POINT('',(1.214519989748E-02,-1.158069983598E-02));
#1468 = CARTESIAN_POINT('',(1.474496319795E-02,-5.790211222289E-03));
#1469 = CARTESIAN_POINT('',(1.474480655405E-02,8.916478666521E-15));
#1470 = ( GEOMETRIC_REPRESENTATION_CONTEXT(2) 
PARAMETRIC_REPRESENTATION_CONTEXT() REPRESENTATION_CONTEXT('2D SPACE',''
  ) );
#1471 = ORIENTED_EDGE('',*,*,#1472,.T.);
#1472 = EDGE_CURVE('',#1406,#675,#1473,.T.);
#1473 = SEAM_CURVE('',#1474,(#1479,#1486),.PCURVE_S1.);
#1474 = B_SPLINE_CURVE_WITH_KNOTS('',3,(#1475,#1476,#1477,#1478),
  .UNSPECIFIED.,.F.,.F.,(4,4),(0.,1.),.PIECEWISE_BEZIER_KNOTS.);
#1475 = CARTESIAN_POINT('',(0.,8.881784197001E-15,40.));
#1476 = CARTESIAN_POINT('',(1.,7.327471962526E-15,33.));
#1477 = CARTESIAN_POINT('',(8.54967,6.097589100307E-15,27.4611));
#1478 = CARTESIAN_POINT('',(8.2802,4.884981308351E-15,22.));
#1479 = PCURVE('',#714,#1480);
#1480 = DEFINITIONAL_REPRESENTATION('',(#1481),#1485);
#1481 = LINE('',#1482,#1483);
#1482 = CARTESIAN_POINT('',(0.,0.));
#1483 = VECTOR('',#1484,1.);
#1484 = DIRECTION('',(0.,1.));
#1485 = ( GEOMETRIC_REPRESENTATION_CONTEXT(2) 
PARAMETRIC_REPRESENTATION_CONTEXT() REPRESENTATION_CONTEXT('2D SPACE',''
  ) );
#1486 = PCURVE('',#714,#1487);
#1487 = DEFINITIONAL_REPRESENTATION('',(#1488),#1492);
#1488 = LINE('',#1489,#1490);
#1489 = CARTESIAN_POINT('',(6.28318530718,0.));
#1490 = VECTOR('',#1491,1.);
#1491 = DIRECTION('',(0.,1.));
#1492 = ( GEOMETRIC_REPRESENTATION_CONTEXT(2) 
PARAMETRIC_REPRESENTATION_CONTEXT() REPRESENTATION_CONTEXT('2D SPACE',''
  ) );
#1493 = ORIENTED_EDGE('',*,*,#699,.F.);
#1494 = ORIENTED_EDGE('',*,*,#1472,.F.);
#1495 = ADVANCED_FACE('',(#1496),#749,.T.);
#1496 = FACE_BOUND('',#1497,.T.);
#1497 = EDGE_LOOP('',(#1498,#1499,#1522,#1554));
#1498 = ORIENTED_EDGE('',*,*,#732,.T.);
#1499 = ORIENTED_EDGE('',*,*,#1500,.T.);
#1500 = EDGE_CURVE('',#735,#1501,#1503,.T.);
#1501 = VERTEX_POINT('',#1502);
#1502 = CARTESIAN_POINT('',(5.525575286113,-4.229422863406,16.));
#1503 = SURFACE_CURVE('',#1504,(#1508,#1515),.PCURVE_S1.);
#1504 = LINE('',#1505,#1506);
#1505 = CARTESIAN_POINT('',(7.08123013406,-5.73494962772,16.));
#1506 = VECTOR('',#1507,1.);
#1507 = DIRECTION('',(-0.718589600121,0.695434386983,0.));
#1508 = PCURVE('',#749,#1509);
#1509 = DEFINITIONAL_REPRESENTATION('',(#1510),#1514);
#1510 = LINE('',#1511,#1512);
#1511 = CARTESIAN_POINT('',(0.,-10.));
#1512 = VECTOR('',#1513,1.);
#1513 = DIRECTION('',(1.,-0.));
#1514 = ( GEOMETRIC_REPRESENTATION_CONTEXT(2) 
PARAMETRIC_REPRESENTATION_CONTEXT() REPRESENTATION_CONTEXT('2D SPACE',''
  ) );
#1515 = PCURVE('',#830,#1516);
#1516 = DEFINITIONAL_REPRESENTATION('',(#1517),#1521);
#1517 = LINE('',#1518,#1519);
#1518 = CARTESIAN_POINT('',(1.414278382106,1.040302765315));
#1519 = VECTOR('',#1520,1.);
#1520 = DIRECTION('',(-0.242969045732,-0.970034042091));
#1521 = ( GEOMETRIC_REPRESENTATION_CONTEXT(2) 
PARAMETRIC_REPRESENTATION_CONTEXT() REPRESENTATION_CONTEXT('2D SPACE',''
  ) );
#1522 = ORIENTED_EDGE('',*,*,#1523,.F.);
#1523 = EDGE_CURVE('',#1524,#1501,#1526,.T.);
#1524 = VERTEX_POINT('',#1525);
#1525 = CARTESIAN_POINT('',(5.525575286113,-4.229422863406,6.));
#1526 = SURFACE_CURVE('',#1527,(#1531,#1538),.PCURVE_S1.);
#1527 = LINE('',#1528,#1529);
#1528 = CARTESIAN_POINT('',(5.525575286113,-4.229422863406,6.));
#1529 = VECTOR('',#1530,1.);
#1530 = DIRECTION('',(0.,0.,1.));
#1531 = PCURVE('',#749,#1532);
#1532 = DEFINITIONAL_REPRESENTATION('',(#1533),#1537);
#1533 = LINE('',#1534,#1535);
#1534 = CARTESIAN_POINT('',(2.16487247754,-0.));
#1535 = VECTOR('',#1536,1.);
#1536 = DIRECTION('',(0.,-1.));
#1537 = ( GEOMETRIC_REPRESENTATION_CONTEXT(2) 
PARAMETRIC_REPRESENTATION_CONTEXT() REPRESENTATION_CONTEXT('2D SPACE',''
  ) );
#1538 = PCURVE('',#1539,#1548);
#1539 = SURFACE_OF_LINEAR_EXTRUSION('',#1540,#1546);
#1540 = B_SPLINE_CURVE_WITH_KNOTS('',3,(#1541,#1542,#1543,#1544,#1545),
  .UNSPECIFIED.,.F.,.F.,(4,1,4),(0.,0.5,1.),.QUASI_UNIFORM_KNOTS.);
#1541 = CARTESIAN_POINT('',(6.283652728366,-2.819578217351,6.));
#1542 = CARTESIAN_POINT('',(5.980456184375,-2.743861565167,6.));
#1543 = CARTESIAN_POINT('',(5.309254179044,-3.044405855951,6.));
#1544 = CARTESIAN_POINT('',(5.290724281223,-3.81841632737,6.));
#1545 = CARTESIAN_POINT('',(5.525575286113,-4.229422863406,6.));
#1546 = VECTOR('',#1547,1.);
#1547 = DIRECTION('',(0.,0.,-1.));
#1548 = DEFINITIONAL_REPRESENTATION('',(#1549),#1553);
#1549 = LINE('',#1550,#1551);
#1550 = CARTESIAN_POINT('',(1.,0.));
#1551 = VECTOR('',#1552,1.);
#1552 = DIRECTION('',(0.,-1.));
#1553 = ( GEOMETRIC_REPRESENTATION_CONTEXT(2) 
PARAMETRIC_REPRESENTATION_CONTEXT() REPRESENTATION_CONTEXT('2D SPACE',''
  ) );
#1554 = ORIENTED_EDGE('',*,*,#1555,.F.);
#1555 = EDGE_CURVE('',#733,#1524,#1556,.T.);
#1556 = SURFACE_CURVE('',#1557,(#1561,#1568),.PCURVE_S1.);
#1557 = LINE('',#1558,#1559);
#1558 = CARTESIAN_POINT('',(7.08123013406,-5.73494962772,6.));
#1559 = VECTOR('',#1560,1.);
#1560 = DIRECTION('',(-0.718589600121,0.695434386983,0.));
#1561 = PCURVE('',#749,#1562);
#1562 = DEFINITIONAL_REPRESENTATION('',(#1563),#1567);
#1563 = LINE('',#1564,#1565);
#1564 = CARTESIAN_POINT('',(0.,0.));
#1565 = VECTOR('',#1566,1.);
#1566 = DIRECTION('',(1.,-0.));
#1567 = ( GEOMETRIC_REPRESENTATION_CONTEXT(2) 
PARAMETRIC_REPRESENTATION_CONTEXT() REPRESENTATION_CONTEXT('2D SPACE',''
  ) );
#1568 = PCURVE('',#777,#1569);
#1569 = DEFINITIONAL_REPRESENTATION('',(#1570),#1574);
#1570 = LINE('',#1571,#1572);
#1571 = CARTESIAN_POINT('',(1.414278382106,1.040302765315));
#1572 = VECTOR('',#1573,1.);
#1573 = DIRECTION('',(-0.242969045732,-0.970034042091));
#1574 = ( GEOMETRIC_REPRESENTATION_CONTEXT(2) 
PARAMETRIC_REPRESENTATION_CONTEXT() REPRESENTATION_CONTEXT('2D SPACE',''
  ) );
#1575 = ADVANCED_FACE('',(#1576),#830,.T.);
#1576 = FACE_BOUND('',#1577,.T.);
#1577 = EDGE_LOOP('',(#1578,#1579,#1602,#1627));
#1578 = ORIENTED_EDGE('',*,*,#815,.T.);
#1579 = ORIENTED_EDGE('',*,*,#1580,.F.);
#1580 = EDGE_CURVE('',#1581,#790,#1583,.T.);
#1581 = VERTEX_POINT('',#1582);
#1582 = CARTESIAN_POINT('',(6.283652728366,-2.819578217351,16.));
#1583 = SURFACE_CURVE('',#1584,(#1588,#1595),.PCURVE_S1.);
#1584 = LINE('',#1585,#1586);
#1585 = CARTESIAN_POINT('',(6.283652728366,-2.819578217351,16.));
#1586 = VECTOR('',#1587,1.);
#1587 = DIRECTION('',(0.985189119527,-0.171471276795,0.));
#1588 = PCURVE('',#830,#1589);
#1589 = DEFINITIONAL_REPRESENTATION('',(#1590),#1594);
#1590 = LINE('',#1591,#1592);
#1591 = CARTESIAN_POINT('',(-0.711718617894,-1.108105234685));
#1592 = VECTOR('',#1593,1.);
#1593 = DIRECTION('',(-0.34409607804,0.93893444344));
#1594 = ( GEOMETRIC_REPRESENTATION_CONTEXT(2) 
PARAMETRIC_REPRESENTATION_CONTEXT() REPRESENTATION_CONTEXT('2D SPACE',''
  ) );
#1595 = PCURVE('',#804,#1596);
#1596 = DEFINITIONAL_REPRESENTATION('',(#1597),#1601);
#1597 = LINE('',#1598,#1599);
#1598 = CARTESIAN_POINT('',(0.,-10.));
#1599 = VECTOR('',#1600,1.);
#1600 = DIRECTION('',(1.,0.));
#1601 = ( GEOMETRIC_REPRESENTATION_CONTEXT(2) 
PARAMETRIC_REPRESENTATION_CONTEXT() REPRESENTATION_CONTEXT('2D SPACE',''
  ) );
#1602 = ORIENTED_EDGE('',*,*,#1603,.T.);
#1603 = EDGE_CURVE('',#1581,#1501,#1604,.T.);
#1604 = SURFACE_CURVE('',#1605,(#1611,#1620),.PCURVE_S1.);
#1605 = B_SPLINE_CURVE_WITH_KNOTS('',3,(#1606,#1607,#1608,#1609,#1610),
  .UNSPECIFIED.,.F.,.F.,(4,1,4),(0.,0.5,1.),.QUASI_UNIFORM_KNOTS.);
#1606 = CARTESIAN_POINT('',(6.283652728366,-2.819578217351,16.));
#1607 = CARTESIAN_POINT('',(5.980456184375,-2.743861565167,16.));
#1608 = CARTESIAN_POINT('',(5.309254179044,-3.044405855951,16.));
#1609 = CARTESIAN_POINT('',(5.290724281223,-3.81841632737,16.));
#1610 = CARTESIAN_POINT('',(5.525575286113,-4.229422863406,16.));
#1611 = PCURVE('',#830,#1612);
#1612 = DEFINITIONAL_REPRESENTATION('',(#1613),#1619);
#1613 = B_SPLINE_CURVE_WITH_KNOTS('',3,(#1614,#1615,#1616,#1617,#1618),
  .UNSPECIFIED.,.F.,.F.,(4,1,4),(0.,0.5,1.),.QUASI_UNIFORM_KNOTS.);
#1614 = CARTESIAN_POINT('',(-0.711718617894,-1.108105234685));
#1615 = CARTESIAN_POINT('',(-0.625692890179,-1.408539470213));
#1616 = CARTESIAN_POINT('',(-2.981289673196E-02,-1.839545312509));
#1617 = CARTESIAN_POINT('',(0.649764783222,-1.468587439042));
#1618 = CARTESIAN_POINT('',(0.888281382106,-1.059697234685));
#1619 = ( GEOMETRIC_REPRESENTATION_CONTEXT(2) 
PARAMETRIC_REPRESENTATION_CONTEXT() REPRESENTATION_CONTEXT('2D SPACE',''
  ) );
#1620 = PCURVE('',#1539,#1621);
#1621 = DEFINITIONAL_REPRESENTATION('',(#1622),#1626);
#1622 = LINE('',#1623,#1624);
#1623 = CARTESIAN_POINT('',(0.,-10.));
#1624 = VECTOR('',#1625,1.);
#1625 = DIRECTION('',(1.,0.));
#1626 = ( GEOMETRIC_REPRESENTATION_CONTEXT(2) 
PARAMETRIC_REPRESENTATION_CONTEXT() REPRESENTATION_CONTEXT('2D SPACE',''
  ) );
#1627 = ORIENTED_EDGE('',*,*,#1500,.F.);
#1628 = ADVANCED_FACE('',(#1629),#804,.T.);
#1629 = FACE_BOUND('',#1630,.T.);
#1630 = EDGE_LOOP('',(#1631,#1654,#1675,#1676));
#1631 = ORIENTED_EDGE('',*,*,#1632,.F.);
#1632 = EDGE_CURVE('',#1633,#761,#1635,.T.);
#1633 = VERTEX_POINT('',#1634);
#1634 = CARTESIAN_POINT('',(6.283652728366,-2.819578217351,6.));
#1635 = SURFACE_CURVE('',#1636,(#1640,#1647),.PCURVE_S1.);
#1636 = LINE('',#1637,#1638);
#1637 = CARTESIAN_POINT('',(6.283652728366,-2.819578217351,6.));
#1638 = VECTOR('',#1639,1.);
#1639 = DIRECTION('',(0.985189119527,-0.171471276795,0.));
#1640 = PCURVE('',#804,#1641);
#1641 = DEFINITIONAL_REPRESENTATION('',(#1642),#1646);
#1642 = LINE('',#1643,#1644);
#1643 = CARTESIAN_POINT('',(0.,0.));
#1644 = VECTOR('',#1645,1.);
#1645 = DIRECTION('',(1.,0.));
#1646 = ( GEOMETRIC_REPRESENTATION_CONTEXT(2) 
PARAMETRIC_REPRESENTATION_CONTEXT() REPRESENTATION_CONTEXT('2D SPACE',''
  ) );
#1647 = PCURVE('',#777,#1648);
#1648 = DEFINITIONAL_REPRESENTATION('',(#1649),#1653);
#1649 = LINE('',#1650,#1651);
#1650 = CARTESIAN_POINT('',(-0.711718617894,-1.108105234685));
#1651 = VECTOR('',#1652,1.);
#1652 = DIRECTION('',(-0.34409607804,0.93893444344));
#1653 = ( GEOMETRIC_REPRESENTATION_CONTEXT(2) 
PARAMETRIC_REPRESENTATION_CONTEXT() REPRESENTATION_CONTEXT('2D SPACE',''
  ) );
#1654 = ORIENTED_EDGE('',*,*,#1655,.T.);
#1655 = EDGE_CURVE('',#1633,#1581,#1656,.T.);
#1656 = SURFACE_CURVE('',#1657,(#1661,#1668),.PCURVE_S1.);
#1657 = LINE('',#1658,#1659);
#1658 = CARTESIAN_POINT('',(6.283652728366,-2.819578217351,6.));
#1659 = VECTOR('',#1660,1.);
#1660 = DIRECTION('',(0.,0.,1.));
#1661 = PCURVE('',#804,#1662);
#1662 = DEFINITIONAL_REPRESENTATION('',(#1663),#1667);
#1663 = LINE('',#1664,#1665);
#1664 = CARTESIAN_POINT('',(0.,0.));
#1665 = VECTOR('',#1666,1.);
#1666 = DIRECTION('',(0.,-1.));
#1667 = ( GEOMETRIC_REPRESENTATION_CONTEXT(2) 
PARAMETRIC_REPRESENTATION_CONTEXT() REPRESENTATION_CONTEXT('2D SPACE',''
  ) );
#1668 = PCURVE('',#1539,#1669);
#1669 = DEFINITIONAL_REPRESENTATION('',(#1670),#1674);
#1670 = LINE('',#1671,#1672);
#1671 = CARTESIAN_POINT('',(0.,0.));
#1672 = VECTOR('',#1673,1.);
#1673 = DIRECTION('',(0.,-1.));
#1674 = ( GEOMETRIC_REPRESENTATION_CONTEXT(2) 
PARAMETRIC_REPRESENTATION_CONTEXT() REPRESENTATION_CONTEXT('2D SPACE',''
  ) );
#1675 = ORIENTED_EDGE('',*,*,#1580,.T.);
#1676 = ORIENTED_EDGE('',*,*,#789,.F.);
#1677 = ADVANCED_FACE('',(#1678),#777,.F.);
#1678 = FACE_BOUND('',#1679,.F.);
#1679 = EDGE_LOOP('',(#1680,#1681,#1682,#1683));
#1680 = ORIENTED_EDGE('',*,*,#1555,.F.);
#1681 = ORIENTED_EDGE('',*,*,#760,.T.);
#1682 = ORIENTED_EDGE('',*,*,#1632,.F.);
#1683 = ORIENTED_EDGE('',*,*,#1684,.T.);
#1684 = EDGE_CURVE('',#1633,#1524,#1685,.T.);
#1685 = SURFACE_CURVE('',#1686,(#1692,#1701),.PCURVE_S1.);
#1686 = B_SPLINE_CURVE_WITH_KNOTS('',3,(#1687,#1688,#1689,#1690,#1691),
  .UNSPECIFIED.,.F.,.F.,(4,1,4),(0.,0.5,1.),.QUASI_UNIFORM_KNOTS.);
#1687 = CARTESIAN_POINT('',(6.283652728366,-2.819578217351,6.));
#1688 = CARTESIAN_POINT('',(5.980456184375,-2.743861565167,6.));
#1689 = CARTESIAN_POINT('',(5.309254179044,-3.044405855951,6.));
#1690 = CARTESIAN_POINT('',(5.290724281223,-3.81841632737,6.));
#1691 = CARTESIAN_POINT('',(5.525575286113,-4.229422863406,6.));
#1692 = PCURVE('',#777,#1693);
#1693 = DEFINITIONAL_REPRESENTATION('',(#1694),#1700);
#1694 = B_SPLINE_CURVE_WITH_KNOTS('',3,(#1695,#1696,#1697,#1698,#1699),
  .UNSPECIFIED.,.F.,.F.,(4,1,4),(0.,0.5,1.),.QUASI_UNIFORM_KNOTS.);
#1695 = CARTESIAN_POINT('',(-0.711718617894,-1.108105234685));
#1696 = CARTESIAN_POINT('',(-0.625692890179,-1.408539470213));
#1697 = CARTESIAN_POINT('',(-2.981289673196E-02,-1.839545312509));
#1698 = CARTESIAN_POINT('',(0.649764783222,-1.468587439042));
#1699 = CARTESIAN_POINT('',(0.888281382106,-1.059697234685));
#1700 = ( GEOMETRIC_REPRESENTATION_CONTEXT(2) 
PARAMETRIC_REPRESENTATION_CONTEXT() REPRESENTATION_CONTEXT('2D SPACE',''
  ) );
#1701 = PCURVE('',#1539,#1702);
#1702 = DEFINITIONAL_REPRESENTATION('',(#1703),#1707);
#1703 = LINE('',#1704,#1705);
#1704 = CARTESIAN_POINT('',(0.,0.));
#1705 = VECTOR('',#1706,1.);
#1706 = DIRECTION('',(1.,0.));
#1707 = ( GEOMETRIC_REPRESENTATION_CONTEXT(2) 
PARAMETRIC_REPRESENTATION_CONTEXT() REPRESENTATION_CONTEXT('2D SPACE',''
  ) );
#1708 = ADVANCED_FACE('',(#1709),#861,.T.);
#1709 = FACE_BOUND('',#1710,.T.);
#1710 = EDGE_LOOP('',(#1711,#1712,#1735,#1767));
#1711 = ORIENTED_EDGE('',*,*,#844,.T.);
#1712 = ORIENTED_EDGE('',*,*,#1713,.T.);
#1713 = EDGE_CURVE('',#847,#1714,#1716,.T.);
#1714 = VERTEX_POINT('',#1715);
#1715 = CARTESIAN_POINT('',(-0.9,-6.9,16.));
#1716 = SURFACE_CURVE('',#1717,(#1721,#1728),.PCURVE_S1.);
#1717 = LINE('',#1718,#1719);
#1718 = CARTESIAN_POINT('',(-1.425997,-9.,16.));
#1719 = VECTOR('',#1720,1.);
#1720 = DIRECTION('',(0.242969045732,0.970034042091,0.));
#1721 = PCURVE('',#861,#1722);
#1722 = DEFINITIONAL_REPRESENTATION('',(#1723),#1727);
#1723 = LINE('',#1724,#1725);
#1724 = CARTESIAN_POINT('',(0.,-10.));
#1725 = VECTOR('',#1726,1.);
#1726 = DIRECTION('',(1.,-0.));
#1727 = ( GEOMETRIC_REPRESENTATION_CONTEXT(2) 
PARAMETRIC_REPRESENTATION_CONTEXT() REPRESENTATION_CONTEXT('2D SPACE',''
  ) );
#1728 = PCURVE('',#942,#1729);
#1729 = DEFINITIONAL_REPRESENTATION('',(#1730),#1734);
#1730 = LINE('',#1731,#1732);
#1731 = CARTESIAN_POINT('',(1.414278382106,1.040302765315));
#1732 = VECTOR('',#1733,1.);
#1733 = DIRECTION('',(-0.242969045732,-0.970034042091));
#1734 = ( GEOMETRIC_REPRESENTATION_CONTEXT(2) 
PARAMETRIC_REPRESENTATION_CONTEXT() REPRESENTATION_CONTEXT('2D SPACE',''
  ) );
#1735 = ORIENTED_EDGE('',*,*,#1736,.F.);
#1736 = EDGE_CURVE('',#1737,#1714,#1739,.T.);
#1737 = VERTEX_POINT('',#1738);
#1738 = CARTESIAN_POINT('',(-0.9,-6.9,6.));
#1739 = SURFACE_CURVE('',#1740,(#1744,#1751),.PCURVE_S1.);
#1740 = LINE('',#1741,#1742);
#1741 = CARTESIAN_POINT('',(-0.9,-6.9,6.));
#1742 = VECTOR('',#1743,1.);
#1743 = DIRECTION('',(0.,0.,1.));
#1744 = PCURVE('',#861,#1745);
#1745 = DEFINITIONAL_REPRESENTATION('',(#1746),#1750);
#1746 = LINE('',#1747,#1748);
#1747 = CARTESIAN_POINT('',(2.16487247754,-0.));
#1748 = VECTOR('',#1749,1.);
#1749 = DIRECTION('',(0.,-1.));
#1750 = ( GEOMETRIC_REPRESENTATION_CONTEXT(2) 
PARAMETRIC_REPRESENTATION_CONTEXT() REPRESENTATION_CONTEXT('2D SPACE',''
  ) );
#1751 = PCURVE('',#1752,#1761);
#1752 = SURFACE_OF_LINEAR_EXTRUSION('',#1753,#1759);
#1753 = B_SPLINE_CURVE_WITH_KNOTS('',3,(#1754,#1755,#1756,#1757,#1758),
  .UNSPECIFIED.,.F.,.F.,(4,1,4),(0.,0.5,1.),.QUASI_UNIFORM_KNOTS.);
#1754 = CARTESIAN_POINT('',(0.7,-6.851592,6.));
#1755 = CARTESIAN_POINT('',(0.613974272285,-6.551157764472,6.));
#1756 = CARTESIAN_POINT('',(1.809427883815E-02,-6.120151922176,6.));
#1757 = CARTESIAN_POINT('',(-0.661483401116,-6.491109795643,6.));
#1758 = CARTESIAN_POINT('',(-0.9,-6.9,6.));
#1759 = VECTOR('',#1760,1.);
#1760 = DIRECTION('',(0.,0.,-1.));
#1761 = DEFINITIONAL_REPRESENTATION('',(#1762),#1766);
#1762 = LINE('',#1763,#1764);
#1763 = CARTESIAN_POINT('',(1.,0.));
#1764 = VECTOR('',#1765,1.);
#1765 = DIRECTION('',(0.,-1.));
#1766 = ( GEOMETRIC_REPRESENTATION_CONTEXT(2) 
PARAMETRIC_REPRESENTATION_CONTEXT() REPRESENTATION_CONTEXT('2D SPACE',''
  ) );
#1767 = ORIENTED_EDGE('',*,*,#1768,.F.);
#1768 = EDGE_CURVE('',#845,#1737,#1769,.T.);
#1769 = SURFACE_CURVE('',#1770,(#1774,#1781),.PCURVE_S1.);
#1770 = LINE('',#1771,#1772);
#1771 = CARTESIAN_POINT('',(-1.425997,-9.,6.));
#1772 = VECTOR('',#1773,1.);
#1773 = DIRECTION('',(0.242969045732,0.970034042091,0.));
#1774 = PCURVE('',#861,#1775);
#1775 = DEFINITIONAL_REPRESENTATION('',(#1776),#1780);
#1776 = LINE('',#1777,#1778);
#1777 = CARTESIAN_POINT('',(0.,0.));
#1778 = VECTOR('',#1779,1.);
#1779 = DIRECTION('',(1.,-0.));
#1780 = ( GEOMETRIC_REPRESENTATION_CONTEXT(2) 
PARAMETRIC_REPRESENTATION_CONTEXT() REPRESENTATION_CONTEXT('2D SPACE',''
  ) );
#1781 = PCURVE('',#889,#1782);
#1782 = DEFINITIONAL_REPRESENTATION('',(#1783),#1787);
#1783 = LINE('',#1784,#1785);
#1784 = CARTESIAN_POINT('',(1.414278382106,1.040302765315));
#1785 = VECTOR('',#1786,1.);
#1786 = DIRECTION('',(-0.242969045732,-0.970034042091));
#1787 = ( GEOMETRIC_REPRESENTATION_CONTEXT(2) 
PARAMETRIC_REPRESENTATION_CONTEXT() REPRESENTATION_CONTEXT('2D SPACE',''
  ) );
#1788 = ADVANCED_FACE('',(#1789),#942,.T.);
#1789 = FACE_BOUND('',#1790,.T.);
#1790 = EDGE_LOOP('',(#1791,#1792,#1815,#1840));
#1791 = ORIENTED_EDGE('',*,*,#927,.T.);
#1792 = ORIENTED_EDGE('',*,*,#1793,.F.);
#1793 = EDGE_CURVE('',#1794,#902,#1796,.T.);
#1794 = VERTEX_POINT('',#1795);
#1795 = CARTESIAN_POINT('',(0.7,-6.851592,16.));
#1796 = SURFACE_CURVE('',#1797,(#1801,#1808),.PCURVE_S1.);
#1797 = LINE('',#1798,#1799);
#1798 = CARTESIAN_POINT('',(0.7,-6.851592,16.));
#1799 = VECTOR('',#1800,1.);
#1800 = DIRECTION('',(0.34409607804,-0.93893444344,0.));
#1801 = PCURVE('',#942,#1802);
#1802 = DEFINITIONAL_REPRESENTATION('',(#1803),#1807);
#1803 = LINE('',#1804,#1805);
#1804 = CARTESIAN_POINT('',(-0.711718617894,-1.108105234685));
#1805 = VECTOR('',#1806,1.);
#1806 = DIRECTION('',(-0.34409607804,0.93893444344));
#1807 = ( GEOMETRIC_REPRESENTATION_CONTEXT(2) 
PARAMETRIC_REPRESENTATION_CONTEXT() REPRESENTATION_CONTEXT('2D SPACE',''
  ) );
#1808 = PCURVE('',#916,#1809);
#1809 = DEFINITIONAL_REPRESENTATION('',(#1810),#1814);
#1810 = LINE('',#1811,#1812);
#1811 = CARTESIAN_POINT('',(0.,-10.));
#1812 = VECTOR('',#1813,1.);
#1813 = DIRECTION('',(1.,0.));
#1814 = ( GEOMETRIC_REPRESENTATION_CONTEXT(2) 
PARAMETRIC_REPRESENTATION_CONTEXT() REPRESENTATION_CONTEXT('2D SPACE',''
  ) );
#1815 = ORIENTED_EDGE('',*,*,#1816,.T.);
#1816 = EDGE_CURVE('',#1794,#1714,#1817,.T.);
#1817 = SURFACE_CURVE('',#1818,(#1824,#1833),.PCURVE_S1.);
#1818 = B_SPLINE_CURVE_WITH_KNOTS('',3,(#1819,#1820,#1821,#1822,#1823),
  .UNSPECIFIED.,.F.,.F.,(4,1,4),(0.,0.5,1.),.QUASI_UNIFORM_KNOTS.);
#1819 = CARTESIAN_POINT('',(0.7,-6.851592,16.));
#1820 = CARTESIAN_POINT('',(0.613974272285,-6.551157764472,16.));
#1821 = CARTESIAN_POINT('',(1.809427883815E-02,-6.120151922176,16.));
#1822 = CARTESIAN_POINT('',(-0.661483401116,-6.491109795643,16.));
#1823 = CARTESIAN_POINT('',(-0.9,-6.9,16.));
#1824 = PCURVE('',#942,#1825);
#1825 = DEFINITIONAL_REPRESENTATION('',(#1826),#1832);
#1826 = B_SPLINE_CURVE_WITH_KNOTS('',3,(#1827,#1828,#1829,#1830,#1831),
  .UNSPECIFIED.,.F.,.F.,(4,1,4),(0.,0.5,1.),.QUASI_UNIFORM_KNOTS.);
#1827 = CARTESIAN_POINT('',(-0.711718617894,-1.108105234685));
#1828 = CARTESIAN_POINT('',(-0.625692890179,-1.408539470213));
#1829 = CARTESIAN_POINT('',(-2.981289673196E-02,-1.839545312509));
#1830 = CARTESIAN_POINT('',(0.649764783222,-1.468587439042));
#1831 = CARTESIAN_POINT('',(0.888281382106,-1.059697234685));
#1832 = ( GEOMETRIC_REPRESENTATION_CONTEXT(2) 
PARAMETRIC_REPRESENTATION_CONTEXT() REPRESENTATION_CONTEXT('2D SPACE',''
  ) );
#1833 = PCURVE('',#1752,#1834);
#1834 = DEFINITIONAL_REPRESENTATION('',(#1835),#1839);
#1835 = LINE('',#1836,#1837);
#1836 = CARTESIAN_POINT('',(0.,-10.));
#1837 = VECTOR('',#1838,1.);
#1838 = DIRECTION('',(1.,0.));
#1839 = ( GEOMETRIC_REPRESENTATION_CONTEXT(2) 
PARAMETRIC_REPRESENTATION_CONTEXT() REPRESENTATION_CONTEXT('2D SPACE',''
  ) );
#1840 = ORIENTED_EDGE('',*,*,#1713,.F.);
#1841 = ADVANCED_FACE('',(#1842),#916,.T.);
#1842 = FACE_BOUND('',#1843,.T.);
#1843 = EDGE_LOOP('',(#1844,#1867,#1888,#1889));
#1844 = ORIENTED_EDGE('',*,*,#1845,.F.);
#1845 = EDGE_CURVE('',#1846,#873,#1848,.T.);
#1846 = VERTEX_POINT('',#1847);
#1847 = CARTESIAN_POINT('',(0.7,-6.851592,6.));
#1848 = SURFACE_CURVE('',#1849,(#1853,#1860),.PCURVE_S1.);
#1849 = LINE('',#1850,#1851);
#1850 = CARTESIAN_POINT('',(0.7,-6.851592,6.));
#1851 = VECTOR('',#1852,1.);
#1852 = DIRECTION('',(0.34409607804,-0.93893444344,0.));
#1853 = PCURVE('',#916,#1854);
#1854 = DEFINITIONAL_REPRESENTATION('',(#1855),#1859);
#1855 = LINE('',#1856,#1857);
#1856 = CARTESIAN_POINT('',(0.,0.));
#1857 = VECTOR('',#1858,1.);
#1858 = DIRECTION('',(1.,0.));
#1859 = ( GEOMETRIC_REPRESENTATION_CONTEXT(2) 
PARAMETRIC_REPRESENTATION_CONTEXT() REPRESENTATION_CONTEXT('2D SPACE',''
  ) );
#1860 = PCURVE('',#889,#1861);
#1861 = DEFINITIONAL_REPRESENTATION('',(#1862),#1866);
#1862 = LINE('',#1863,#1864);
#1863 = CARTESIAN_POINT('',(-0.711718617894,-1.108105234685));
#1864 = VECTOR('',#1865,1.);
#1865 = DIRECTION('',(-0.34409607804,0.93893444344));
#1866 = ( GEOMETRIC_REPRESENTATION_CONTEXT(2) 
PARAMETRIC_REPRESENTATION_CONTEXT() REPRESENTATION_CONTEXT('2D SPACE',''
  ) );
#1867 = ORIENTED_EDGE('',*,*,#1868,.T.);
#1868 = EDGE_CURVE('',#1846,#1794,#1869,.T.);
#1869 = SURFACE_CURVE('',#1870,(#1874,#1881),.PCURVE_S1.);
#1870 = LINE('',#1871,#1872);
#1871 = CARTESIAN_POINT('',(0.7,-6.851592,6.));
#1872 = VECTOR('',#1873,1.);
#1873 = DIRECTION('',(0.,0.,1.));
#1874 = PCURVE('',#916,#1875);
#1875 = DEFINITIONAL_REPRESENTATION('',(#1876),#1880);
#1876 = LINE('',#1877,#1878);
#1877 = CARTESIAN_POINT('',(0.,0.));
#1878 = VECTOR('',#1879,1.);
#1879 = DIRECTION('',(0.,-1.));
#1880 = ( GEOMETRIC_REPRESENTATION_CONTEXT(2) 
PARAMETRIC_REPRESENTATION_CONTEXT() REPRESENTATION_CONTEXT('2D SPACE',''
  ) );
#1881 = PCURVE('',#1752,#1882);
#1882 = DEFINITIONAL_REPRESENTATION('',(#1883),#1887);
#1883 = LINE('',#1884,#1885);
#1884 = CARTESIAN_POINT('',(0.,0.));
#1885 = VECTOR('',#1886,1.);
#1886 = DIRECTION('',(0.,-1.));
#1887 = ( GEOMETRIC_REPRESENTATION_CONTEXT(2) 
PARAMETRIC_REPRESENTATION_CONTEXT() REPRESENTATION_CONTEXT('2D SPACE',''
  ) );
#1888 = ORIENTED_EDGE('',*,*,#1793,.T.);
#1889 = ORIENTED_EDGE('',*,*,#901,.F.);
#1890 = ADVANCED_FACE('',(#1891),#889,.F.);
#1891 = FACE_BOUND('',#1892,.F.);
#1892 = EDGE_LOOP('',(#1893,#1894,#1895,#1896));
#1893 = ORIENTED_EDGE('',*,*,#1768,.F.);
#1894 = ORIENTED_EDGE('',*,*,#872,.T.);
#1895 = ORIENTED_EDGE('',*,*,#1845,.F.);
#1896 = ORIENTED_EDGE('',*,*,#1897,.T.);
#1897 = EDGE_CURVE('',#1846,#1737,#1898,.T.);
#1898 = SURFACE_CURVE('',#1899,(#1905,#1914),.PCURVE_S1.);
#1899 = B_SPLINE_CURVE_WITH_KNOTS('',3,(#1900,#1901,#1902,#1903,#1904),
  .UNSPECIFIED.,.F.,.F.,(4,1,4),(0.,0.5,1.),.QUASI_UNIFORM_KNOTS.);
#1900 = CARTESIAN_POINT('',(0.7,-6.851592,6.));
#1901 = CARTESIAN_POINT('',(0.613974272285,-6.551157764472,6.));
#1902 = CARTESIAN_POINT('',(1.809427883815E-02,-6.120151922176,6.));
#1903 = CARTESIAN_POINT('',(-0.661483401116,-6.491109795643,6.));
#1904 = CARTESIAN_POINT('',(-0.9,-6.9,6.));
#1905 = PCURVE('',#889,#1906);
#1906 = DEFINITIONAL_REPRESENTATION('',(#1907),#1913);
#1907 = B_SPLINE_CURVE_WITH_KNOTS('',3,(#1908,#1909,#1910,#1911,#1912),
  .UNSPECIFIED.,.F.,.F.,(4,1,4),(0.,0.5,1.),.QUASI_UNIFORM_KNOTS.);
#1908 = CARTESIAN_POINT('',(-0.711718617894,-1.108105234685));
#1909 = CARTESIAN_POINT('',(-0.625692890179,-1.408539470213));
#1910 = CARTESIAN_POINT('',(-2.981289673196E-02,-1.839545312509));
#1911 = CARTESIAN_POINT('',(0.649764783222,-1.468587439042));
#1912 = CARTESIAN_POINT('',(0.888281382106,-1.059697234685));
#1913 = ( GEOMETRIC_REPRESENTATION_CONTEXT(2) 
PARAMETRIC_REPRESENTATION_CONTEXT() REPRESENTATION_CONTEXT('2D SPACE',''
  ) );
#1914 = PCURVE('',#1752,#1915);
#1915 = DEFINITIONAL_REPRESENTATION('',(#1916),#1920);
#1916 = LINE('',#1917,#1918);
#1917 = CARTESIAN_POINT('',(0.,0.));
#1918 = VECTOR('',#1919,1.);
#1919 = DIRECTION('',(1.,0.));
#1920 = ( GEOMETRIC_REPRESENTATION_CONTEXT(2) 
PARAMETRIC_REPRESENTATION_CONTEXT() REPRESENTATION_CONTEXT('2D SPACE',''
  ) );
#1921 = ADVANCED_FACE('',(#1922),#973,.T.);
#1922 = FACE_BOUND('',#1923,.T.);
#1923 = EDGE_LOOP('',(#1924,#1925,#1948,#1980));
#1924 = ORIENTED_EDGE('',*,*,#956,.T.);
#1925 = ORIENTED_EDGE('',*,*,#1926,.T.);
#1926 = EDGE_CURVE('',#959,#1927,#1929,.T.);
#1927 = VERTEX_POINT('',#1928);
#1928 = CARTESIAN_POINT('',(-6.425575286113,-2.670577136594,16.));
#1929 = SURFACE_CURVE('',#1930,(#1934,#1941),.PCURVE_S1.);
#1930 = LINE('',#1931,#1932);
#1931 = CARTESIAN_POINT('',(-8.50722713406,-3.26505037228,16.));
#1932 = VECTOR('',#1933,1.);
#1933 = DIRECTION('',(0.961558645853,0.274599655108,0.));
#1934 = PCURVE('',#973,#1935);
#1935 = DEFINITIONAL_REPRESENTATION('',(#1936),#1940);
#1936 = LINE('',#1937,#1938);
#1937 = CARTESIAN_POINT('',(0.,-10.));
#1938 = VECTOR('',#1939,1.);
#1939 = DIRECTION('',(1.,-0.));
#1940 = ( GEOMETRIC_REPRESENTATION_CONTEXT(2) 
PARAMETRIC_REPRESENTATION_CONTEXT() REPRESENTATION_CONTEXT('2D SPACE',''
  ) );
#1941 = PCURVE('',#1054,#1942);
#1942 = DEFINITIONAL_REPRESENTATION('',(#1943),#1947);
#1943 = LINE('',#1944,#1945);
#1944 = CARTESIAN_POINT('',(1.414278382106,1.040302765315));
#1945 = VECTOR('',#1946,1.);
#1946 = DIRECTION('',(-0.242969045732,-0.970034042091));
#1947 = ( GEOMETRIC_REPRESENTATION_CONTEXT(2) 
PARAMETRIC_REPRESENTATION_CONTEXT() REPRESENTATION_CONTEXT('2D SPACE',''
  ) );
#1948 = ORIENTED_EDGE('',*,*,#1949,.F.);
#1949 = EDGE_CURVE('',#1950,#1927,#1952,.T.);
#1950 = VERTEX_POINT('',#1951);
#1951 = CARTESIAN_POINT('',(-6.425575286113,-2.670577136594,6.));
#1952 = SURFACE_CURVE('',#1953,(#1957,#1964),.PCURVE_S1.);
#1953 = LINE('',#1954,#1955);
#1954 = CARTESIAN_POINT('',(-6.425575286113,-2.670577136594,6.));
#1955 = VECTOR('',#1956,1.);
#1956 = DIRECTION('',(0.,0.,1.));
#1957 = PCURVE('',#973,#1958);
#1958 = DEFINITIONAL_REPRESENTATION('',(#1959),#1963);
#1959 = LINE('',#1960,#1961);
#1960 = CARTESIAN_POINT('',(2.16487247754,-0.));
#1961 = VECTOR('',#1962,1.);
#1962 = DIRECTION('',(0.,-1.));
#1963 = ( GEOMETRIC_REPRESENTATION_CONTEXT(2) 
PARAMETRIC_REPRESENTATION_CONTEXT() REPRESENTATION_CONTEXT('2D SPACE',''
  ) );
#1964 = PCURVE('',#1965,#1974);
#1965 = SURFACE_OF_LINEAR_EXTRUSION('',#1966,#1972);
#1966 = B_SPLINE_CURVE_WITH_KNOTS('',3,(#1967,#1968,#1969,#1970,#1971),
  .UNSPECIFIED.,.F.,.F.,(4,1,4),(0.,0.5,1.),.QUASI_UNIFORM_KNOTS.);
#1967 = CARTESIAN_POINT('',(-5.583652728366,-4.032013782649,6.));
#1968 = CARTESIAN_POINT('',(-5.36648191209,-3.807296199305,6.));
#1969 = CARTESIAN_POINT('',(-5.291159900206,-3.075746066225,6.));
#1970 = CARTESIAN_POINT('',(-5.952207682339,-2.672693468273,6.));
#1971 = CARTESIAN_POINT('',(-6.425575286113,-2.670577136594,6.));
#1972 = VECTOR('',#1973,1.);
#1973 = DIRECTION('',(0.,0.,-1.));
#1974 = DEFINITIONAL_REPRESENTATION('',(#1975),#1979);
#1975 = LINE('',#1976,#1977);
#1976 = CARTESIAN_POINT('',(1.,0.));
#1977 = VECTOR('',#1978,1.);
#1978 = DIRECTION('',(0.,-1.));
#1979 = ( GEOMETRIC_REPRESENTATION_CONTEXT(2) 
PARAMETRIC_REPRESENTATION_CONTEXT() REPRESENTATION_CONTEXT('2D SPACE',''
  ) );
#1980 = ORIENTED_EDGE('',*,*,#1981,.F.);
#1981 = EDGE_CURVE('',#957,#1950,#1982,.T.);
#1982 = SURFACE_CURVE('',#1983,(#1987,#1994),.PCURVE_S1.);
#1983 = LINE('',#1984,#1985);
#1984 = CARTESIAN_POINT('',(-8.50722713406,-3.26505037228,6.));
#1985 = VECTOR('',#1986,1.);
#1986 = DIRECTION('',(0.961558645853,0.274599655108,0.));
#1987 = PCURVE('',#973,#1988);
#1988 = DEFINITIONAL_REPRESENTATION('',(#1989),#1993);
#1989 = LINE('',#1990,#1991);
#1990 = CARTESIAN_POINT('',(0.,0.));
#1991 = VECTOR('',#1992,1.);
#1992 = DIRECTION('',(1.,-0.));
#1993 = ( GEOMETRIC_REPRESENTATION_CONTEXT(2) 
PARAMETRIC_REPRESENTATION_CONTEXT() REPRESENTATION_CONTEXT('2D SPACE',''
  ) );
#1994 = PCURVE('',#1001,#1995);
#1995 = DEFINITIONAL_REPRESENTATION('',(#1996),#2000);
#1996 = LINE('',#1997,#1998);
#1997 = CARTESIAN_POINT('',(1.414278382106,1.040302765315));
#1998 = VECTOR('',#1999,1.);
#1999 = DIRECTION('',(-0.242969045732,-0.970034042091));
#2000 = ( GEOMETRIC_REPRESENTATION_CONTEXT(2) 
PARAMETRIC_REPRESENTATION_CONTEXT() REPRESENTATION_CONTEXT('2D SPACE',''
  ) );
#2001 = ADVANCED_FACE('',(#2002),#1054,.T.);
#2002 = FACE_BOUND('',#2003,.T.);
#2003 = EDGE_LOOP('',(#2004,#2005,#2028,#2053));
#2004 = ORIENTED_EDGE('',*,*,#1039,.T.);
#2005 = ORIENTED_EDGE('',*,*,#2006,.F.);
#2006 = EDGE_CURVE('',#2007,#1014,#2009,.T.);
#2007 = VERTEX_POINT('',#2008);
#2008 = CARTESIAN_POINT('',(-5.583652728366,-4.032013782649,16.));
#2009 = SURFACE_CURVE('',#2010,(#2014,#2021),.PCURVE_S1.);
#2010 = LINE('',#2011,#2012);
#2011 = CARTESIAN_POINT('',(-5.583652728366,-4.032013782649,16.));
#2012 = VECTOR('',#2013,1.);
#2013 = DIRECTION('',(-0.641093041487,-0.767463166645,0.));
#2014 = PCURVE('',#1054,#2015);
#2015 = DEFINITIONAL_REPRESENTATION('',(#2016),#2020);
#2016 = LINE('',#2017,#2018);
#2017 = CARTESIAN_POINT('',(-0.711718617894,-1.108105234685));
#2018 = VECTOR('',#2019,1.);
#2019 = DIRECTION('',(-0.34409607804,0.93893444344));
#2020 = ( GEOMETRIC_REPRESENTATION_CONTEXT(2) 
PARAMETRIC_REPRESENTATION_CONTEXT() REPRESENTATION_CONTEXT('2D SPACE',''
  ) );
#2021 = PCURVE('',#1028,#2022);
#2022 = DEFINITIONAL_REPRESENTATION('',(#2023),#2027);
#2023 = LINE('',#2024,#2025);
#2024 = CARTESIAN_POINT('',(0.,-10.));
#2025 = VECTOR('',#2026,1.);
#2026 = DIRECTION('',(1.,0.));
#2027 = ( GEOMETRIC_REPRESENTATION_CONTEXT(2) 
PARAMETRIC_REPRESENTATION_CONTEXT() REPRESENTATION_CONTEXT('2D SPACE',''
  ) );
#2028 = ORIENTED_EDGE('',*,*,#2029,.T.);
#2029 = EDGE_CURVE('',#2007,#1927,#2030,.T.);
#2030 = SURFACE_CURVE('',#2031,(#2037,#2046),.PCURVE_S1.);
#2031 = B_SPLINE_CURVE_WITH_KNOTS('',3,(#2032,#2033,#2034,#2035,#2036),
  .UNSPECIFIED.,.F.,.F.,(4,1,4),(0.,0.5,1.),.QUASI_UNIFORM_KNOTS.);
#2032 = CARTESIAN_POINT('',(-5.583652728366,-4.032013782649,16.));
#2033 = CARTESIAN_POINT('',(-5.36648191209,-3.807296199305,16.));
#2034 = CARTESIAN_POINT('',(-5.291159900206,-3.075746066225,16.));
#2035 = CARTESIAN_POINT('',(-5.952207682339,-2.672693468273,16.));
#2036 = CARTESIAN_POINT('',(-6.425575286113,-2.670577136594,16.));
#2037 = PCURVE('',#1054,#2038);
#2038 = DEFINITIONAL_REPRESENTATION('',(#2039),#2045);
#2039 = B_SPLINE_CURVE_WITH_KNOTS('',3,(#2040,#2041,#2042,#2043,#2044),
  .UNSPECIFIED.,.F.,.F.,(4,1,4),(0.,0.5,1.),.QUASI_UNIFORM_KNOTS.);
#2040 = CARTESIAN_POINT('',(-0.711718617894,-1.108105234685));
#2041 = CARTESIAN_POINT('',(-0.625692890179,-1.408539470213));
#2042 = CARTESIAN_POINT('',(-2.981289673196E-02,-1.839545312509));
#2043 = CARTESIAN_POINT('',(0.649764783222,-1.468587439042));
#2044 = CARTESIAN_POINT('',(0.888281382106,-1.059697234685));
#2045 = ( GEOMETRIC_REPRESENTATION_CONTEXT(2) 
PARAMETRIC_REPRESENTATION_CONTEXT() REPRESENTATION_CONTEXT('2D SPACE',''
  ) );
#2046 = PCURVE('',#1965,#2047);
#2047 = DEFINITIONAL_REPRESENTATION('',(#2048),#2052);
#2048 = LINE('',#2049,#2050);
#2049 = CARTESIAN_POINT('',(0.,-10.));
#2050 = VECTOR('',#2051,1.);
#2051 = DIRECTION('',(1.,0.));
#2052 = ( GEOMETRIC_REPRESENTATION_CONTEXT(2) 
PARAMETRIC_REPRESENTATION_CONTEXT() REPRESENTATION_CONTEXT('2D SPACE',''
  ) );
#2053 = ORIENTED_EDGE('',*,*,#1926,.F.);
#2054 = ADVANCED_FACE('',(#2055),#1028,.T.);
#2055 = FACE_BOUND('',#2056,.T.);
#2056 = EDGE_LOOP('',(#2057,#2080,#2101,#2102));
#2057 = ORIENTED_EDGE('',*,*,#2058,.F.);
#2058 = EDGE_CURVE('',#2059,#985,#2061,.T.);
#2059 = VERTEX_POINT('',#2060);
#2060 = CARTESIAN_POINT('',(-5.583652728366,-4.032013782649,6.));
#2061 = SURFACE_CURVE('',#2062,(#2066,#2073),.PCURVE_S1.);
#2062 = LINE('',#2063,#2064);
#2063 = CARTESIAN_POINT('',(-5.583652728366,-4.032013782649,6.));
#2064 = VECTOR('',#2065,1.);
#2065 = DIRECTION('',(-0.641093041487,-0.767463166645,0.));
#2066 = PCURVE('',#1028,#2067);
#2067 = DEFINITIONAL_REPRESENTATION('',(#2068),#2072);
#2068 = LINE('',#2069,#2070);
#2069 = CARTESIAN_POINT('',(0.,0.));
#2070 = VECTOR('',#2071,1.);
#2071 = DIRECTION('',(1.,0.));
#2072 = ( GEOMETRIC_REPRESENTATION_CONTEXT(2) 
PARAMETRIC_REPRESENTATION_CONTEXT() REPRESENTATION_CONTEXT('2D SPACE',''
  ) );
#2073 = PCURVE('',#1001,#2074);
#2074 = DEFINITIONAL_REPRESENTATION('',(#2075),#2079);
#2075 = LINE('',#2076,#2077);
#2076 = CARTESIAN_POINT('',(-0.711718617894,-1.108105234685));
#2077 = VECTOR('',#2078,1.);
#2078 = DIRECTION('',(-0.34409607804,0.93893444344));
#2079 = ( GEOMETRIC_REPRESENTATION_CONTEXT(2) 
PARAMETRIC_REPRESENTATION_CONTEXT() REPRESENTATION_CONTEXT('2D SPACE',''
  ) );
#2080 = ORIENTED_EDGE('',*,*,#2081,.T.);
#2081 = EDGE_CURVE('',#2059,#2007,#2082,.T.);
#2082 = SURFACE_CURVE('',#2083,(#2087,#2094),.PCURVE_S1.);
#2083 = LINE('',#2084,#2085);
#2084 = CARTESIAN_POINT('',(-5.583652728366,-4.032013782649,6.));
#2085 = VECTOR('',#2086,1.);
#2086 = DIRECTION('',(0.,0.,1.));
#2087 = PCURVE('',#1028,#2088);
#2088 = DEFINITIONAL_REPRESENTATION('',(#2089),#2093);
#2089 = LINE('',#2090,#2091);
#2090 = CARTESIAN_POINT('',(0.,0.));
#2091 = VECTOR('',#2092,1.);
#2092 = DIRECTION('',(0.,-1.));
#2093 = ( GEOMETRIC_REPRESENTATION_CONTEXT(2) 
PARAMETRIC_REPRESENTATION_CONTEXT() REPRESENTATION_CONTEXT('2D SPACE',''
  ) );
#2094 = PCURVE('',#1965,#2095);
#2095 = DEFINITIONAL_REPRESENTATION('',(#2096),#2100);
#2096 = LINE('',#2097,#2098);
#2097 = CARTESIAN_POINT('',(0.,0.));
#2098 = VECTOR('',#2099,1.);
#2099 = DIRECTION('',(0.,-1.));
#2100 = ( GEOMETRIC_REPRESENTATION_CONTEXT(2) 
PARAMETRIC_REPRESENTATION_CONTEXT() REPRESENTATION_CONTEXT('2D SPACE',''
  ) );
#2101 = ORIENTED_EDGE('',*,*,#2006,.T.);
#2102 = ORIENTED_EDGE('',*,*,#1013,.F.);
#2103 = ADVANCED_FACE('',(#2104),#1001,.F.);
#2104 = FACE_BOUND('',#2105,.F.);
#2105 = EDGE_LOOP('',(#2106,#2107,#2108,#2109));
#2106 = ORIENTED_EDGE('',*,*,#1981,.F.);
#2107 = ORIENTED_EDGE('',*,*,#984,.T.);
#2108 = ORIENTED_EDGE('',*,*,#2058,.F.);
#2109 = ORIENTED_EDGE('',*,*,#2110,.T.);
#2110 = EDGE_CURVE('',#2059,#1950,#2111,.T.);
#2111 = SURFACE_CURVE('',#2112,(#2118,#2127),.PCURVE_S1.);
#2112 = B_SPLINE_CURVE_WITH_KNOTS('',3,(#2113,#2114,#2115,#2116,#2117),
  .UNSPECIFIED.,.F.,.F.,(4,1,4),(0.,0.5,1.),.QUASI_UNIFORM_KNOTS.);
#2113 = CARTESIAN_POINT('',(-5.583652728366,-4.032013782649,6.));
#2114 = CARTESIAN_POINT('',(-5.36648191209,-3.807296199305,6.));
#2115 = CARTESIAN_POINT('',(-5.291159900206,-3.075746066225,6.));
#2116 = CARTESIAN_POINT('',(-5.952207682339,-2.672693468273,6.));
#2117 = CARTESIAN_POINT('',(-6.425575286113,-2.670577136594,6.));
#2118 = PCURVE('',#1001,#2119);
#2119 = DEFINITIONAL_REPRESENTATION('',(#2120),#2126);
#2120 = B_SPLINE_CURVE_WITH_KNOTS('',3,(#2121,#2122,#2123,#2124,#2125),
  .UNSPECIFIED.,.F.,.F.,(4,1,4),(0.,0.5,1.),.QUASI_UNIFORM_KNOTS.);
#2121 = CARTESIAN_POINT('',(-0.711718617894,-1.108105234685));
#2122 = CARTESIAN_POINT('',(-0.625692890179,-1.408539470213));
#2123 = CARTESIAN_POINT('',(-2.981289673196E-02,-1.839545312509));
#2124 = CARTESIAN_POINT('',(0.649764783222,-1.468587439042));
#2125 = CARTESIAN_POINT('',(0.888281382106,-1.059697234685));
#2126 = ( GEOMETRIC_REPRESENTATION_CONTEXT(2) 
PARAMETRIC_REPRESENTATION_CONTEXT() REPRESENTATION_CONTEXT('2D SPACE',''
  ) );
#2127 = PCURVE('',#1965,#2128);
#2128 = DEFINITIONAL_REPRESENTATION('',(#2129),#2133);
#2129 = LINE('',#2130,#2131);
#2130 = CARTESIAN_POINT('',(0.,0.));
#2131 = VECTOR('',#2132,1.);
#2132 = DIRECTION('',(1.,0.));
#2133 = ( GEOMETRIC_REPRESENTATION_CONTEXT(2) 
PARAMETRIC_REPRESENTATION_CONTEXT() REPRESENTATION_CONTEXT('2D SPACE',''
  ) );
#2134 = ADVANCED_FACE('',(#2135),#1085,.T.);
#2135 = FACE_BOUND('',#2136,.T.);
#2136 = EDGE_LOOP('',(#2137,#2138,#2161,#2193));
#2137 = ORIENTED_EDGE('',*,*,#1068,.T.);
#2138 = ORIENTED_EDGE('',*,*,#2139,.T.);
#2139 = EDGE_CURVE('',#1071,#2140,#2142,.T.);
#2140 = VERTEX_POINT('',#2141);
#2141 = CARTESIAN_POINT('',(-5.525575286113,4.229422863406,16.));
#2142 = SURFACE_CURVE('',#2143,(#2147,#2154),.PCURVE_S1.);
#2143 = LINE('',#2144,#2145);
#2144 = CARTESIAN_POINT('',(-7.08123013406,5.73494962772,16.));
#2145 = VECTOR('',#2146,1.);
#2146 = DIRECTION('',(0.718589600121,-0.695434386983,0.));
#2147 = PCURVE('',#1085,#2148);
#2148 = DEFINITIONAL_REPRESENTATION('',(#2149),#2153);
#2149 = LINE('',#2150,#2151);
#2150 = CARTESIAN_POINT('',(0.,-10.));
#2151 = VECTOR('',#2152,1.);
#2152 = DIRECTION('',(1.,-0.));
#2153 = ( GEOMETRIC_REPRESENTATION_CONTEXT(2) 
PARAMETRIC_REPRESENTATION_CONTEXT() REPRESENTATION_CONTEXT('2D SPACE',''
  ) );
#2154 = PCURVE('',#1166,#2155);
#2155 = DEFINITIONAL_REPRESENTATION('',(#2156),#2160);
#2156 = LINE('',#2157,#2158);
#2157 = CARTESIAN_POINT('',(1.414278382106,1.040302765315));
#2158 = VECTOR('',#2159,1.);
#2159 = DIRECTION('',(-0.242969045732,-0.970034042091));
#2160 = ( GEOMETRIC_REPRESENTATION_CONTEXT(2) 
PARAMETRIC_REPRESENTATION_CONTEXT() REPRESENTATION_CONTEXT('2D SPACE',''
  ) );
#2161 = ORIENTED_EDGE('',*,*,#2162,.F.);
#2162 = EDGE_CURVE('',#2163,#2140,#2165,.T.);
#2163 = VERTEX_POINT('',#2164);
#2164 = CARTESIAN_POINT('',(-5.525575286113,4.229422863406,6.));
#2165 = SURFACE_CURVE('',#2166,(#2170,#2177),.PCURVE_S1.);
#2166 = LINE('',#2167,#2168);
#2167 = CARTESIAN_POINT('',(-5.525575286113,4.229422863406,6.));
#2168 = VECTOR('',#2169,1.);
#2169 = DIRECTION('',(0.,0.,1.));
#2170 = PCURVE('',#1085,#2171);
#2171 = DEFINITIONAL_REPRESENTATION('',(#2172),#2176);
#2172 = LINE('',#2173,#2174);
#2173 = CARTESIAN_POINT('',(2.16487247754,-0.));
#2174 = VECTOR('',#2175,1.);
#2175 = DIRECTION('',(0.,-1.));
#2176 = ( GEOMETRIC_REPRESENTATION_CONTEXT(2) 
PARAMETRIC_REPRESENTATION_CONTEXT() REPRESENTATION_CONTEXT('2D SPACE',''
  ) );
#2177 = PCURVE('',#2178,#2187);
#2178 = SURFACE_OF_LINEAR_EXTRUSION('',#2179,#2185);
#2179 = B_SPLINE_CURVE_WITH_KNOTS('',3,(#2180,#2181,#2182,#2183,#2184),
  .UNSPECIFIED.,.F.,.F.,(4,1,4),(0.,0.5,1.),.QUASI_UNIFORM_KNOTS.);
#2180 = CARTESIAN_POINT('',(-6.283652728366,2.819578217351,6.));
#2181 = CARTESIAN_POINT('',(-5.980456184375,2.743861565167,6.));
#2182 = CARTESIAN_POINT('',(-5.309254179044,3.044405855951,6.));
#2183 = CARTESIAN_POINT('',(-5.290724281223,3.81841632737,6.));
#2184 = CARTESIAN_POINT('',(-5.525575286113,4.229422863406,6.));
#2185 = VECTOR('',#2186,1.);
#2186 = DIRECTION('',(0.,-0.,-1.));
#2187 = DEFINITIONAL_REPRESENTATION('',(#2188),#2192);
#2188 = LINE('',#2189,#2190);
#2189 = CARTESIAN_POINT('',(1.,0.));
#2190 = VECTOR('',#2191,1.);
#2191 = DIRECTION('',(0.,-1.));
#2192 = ( GEOMETRIC_REPRESENTATION_CONTEXT(2) 
PARAMETRIC_REPRESENTATION_CONTEXT() REPRESENTATION_CONTEXT('2D SPACE',''
  ) );
#2193 = ORIENTED_EDGE('',*,*,#2194,.F.);
#2194 = EDGE_CURVE('',#1069,#2163,#2195,.T.);
#2195 = SURFACE_CURVE('',#2196,(#2200,#2207),.PCURVE_S1.);
#2196 = LINE('',#2197,#2198);
#2197 = CARTESIAN_POINT('',(-7.08123013406,5.73494962772,6.));
#2198 = VECTOR('',#2199,1.);
#2199 = DIRECTION('',(0.718589600121,-0.695434386983,0.));
#2200 = PCURVE('',#1085,#2201);
#2201 = DEFINITIONAL_REPRESENTATION('',(#2202),#2206);
#2202 = LINE('',#2203,#2204);
#2203 = CARTESIAN_POINT('',(0.,0.));
#2204 = VECTOR('',#2205,1.);
#2205 = DIRECTION('',(1.,-0.));
#2206 = ( GEOMETRIC_REPRESENTATION_CONTEXT(2) 
PARAMETRIC_REPRESENTATION_CONTEXT() REPRESENTATION_CONTEXT('2D SPACE',''
  ) );
#2207 = PCURVE('',#1113,#2208);
#2208 = DEFINITIONAL_REPRESENTATION('',(#2209),#2213);
#2209 = LINE('',#2210,#2211);
#2210 = CARTESIAN_POINT('',(1.414278382106,1.040302765315));
#2211 = VECTOR('',#2212,1.);
#2212 = DIRECTION('',(-0.242969045732,-0.970034042091));
#2213 = ( GEOMETRIC_REPRESENTATION_CONTEXT(2) 
PARAMETRIC_REPRESENTATION_CONTEXT() REPRESENTATION_CONTEXT('2D SPACE',''
  ) );
#2214 = ADVANCED_FACE('',(#2215),#1166,.T.);
#2215 = FACE_BOUND('',#2216,.T.);
#2216 = EDGE_LOOP('',(#2217,#2218,#2241,#2266));
#2217 = ORIENTED_EDGE('',*,*,#1151,.T.);
#2218 = ORIENTED_EDGE('',*,*,#2219,.F.);
#2219 = EDGE_CURVE('',#2220,#1126,#2222,.T.);
#2220 = VERTEX_POINT('',#2221);
#2221 = CARTESIAN_POINT('',(-6.283652728366,2.819578217351,16.));
#2222 = SURFACE_CURVE('',#2223,(#2227,#2234),.PCURVE_S1.);
#2223 = LINE('',#2224,#2225);
#2224 = CARTESIAN_POINT('',(-6.283652728366,2.819578217351,16.));
#2225 = VECTOR('',#2226,1.);
#2226 = DIRECTION('',(-0.985189119527,0.171471276795,0.));
#2227 = PCURVE('',#1166,#2228);
#2228 = DEFINITIONAL_REPRESENTATION('',(#2229),#2233);
#2229 = LINE('',#2230,#2231);
#2230 = CARTESIAN_POINT('',(-0.711718617894,-1.108105234685));
#2231 = VECTOR('',#2232,1.);
#2232 = DIRECTION('',(-0.34409607804,0.93893444344));
#2233 = ( GEOMETRIC_REPRESENTATION_CONTEXT(2) 
PARAMETRIC_REPRESENTATION_CONTEXT() REPRESENTATION_CONTEXT('2D SPACE',''
  ) );
#2234 = PCURVE('',#1140,#2235);
#2235 = DEFINITIONAL_REPRESENTATION('',(#2236),#2240);
#2236 = LINE('',#2237,#2238);
#2237 = CARTESIAN_POINT('',(0.,-10.));
#2238 = VECTOR('',#2239,1.);
#2239 = DIRECTION('',(1.,0.));
#2240 = ( GEOMETRIC_REPRESENTATION_CONTEXT(2) 
PARAMETRIC_REPRESENTATION_CONTEXT() REPRESENTATION_CONTEXT('2D SPACE',''
  ) );
#2241 = ORIENTED_EDGE('',*,*,#2242,.T.);
#2242 = EDGE_CURVE('',#2220,#2140,#2243,.T.);
#2243 = SURFACE_CURVE('',#2244,(#2250,#2259),.PCURVE_S1.);
#2244 = B_SPLINE_CURVE_WITH_KNOTS('',3,(#2245,#2246,#2247,#2248,#2249),
  .UNSPECIFIED.,.F.,.F.,(4,1,4),(0.,0.5,1.),.QUASI_UNIFORM_KNOTS.);
#2245 = CARTESIAN_POINT('',(-6.283652728366,2.819578217351,16.));
#2246 = CARTESIAN_POINT('',(-5.980456184375,2.743861565167,16.));
#2247 = CARTESIAN_POINT('',(-5.309254179044,3.044405855951,16.));
#2248 = CARTESIAN_POINT('',(-5.290724281223,3.81841632737,16.));
#2249 = CARTESIAN_POINT('',(-5.525575286113,4.229422863406,16.));
#2250 = PCURVE('',#1166,#2251);
#2251 = DEFINITIONAL_REPRESENTATION('',(#2252),#2258);
#2252 = B_SPLINE_CURVE_WITH_KNOTS('',3,(#2253,#2254,#2255,#2256,#2257),
  .UNSPECIFIED.,.F.,.F.,(4,1,4),(0.,0.5,1.),.QUASI_UNIFORM_KNOTS.);
#2253 = CARTESIAN_POINT('',(-0.711718617894,-1.108105234685));
#2254 = CARTESIAN_POINT('',(-0.625692890179,-1.408539470213));
#2255 = CARTESIAN_POINT('',(-2.981289673196E-02,-1.839545312509));
#2256 = CARTESIAN_POINT('',(0.649764783222,-1.468587439042));
#2257 = CARTESIAN_POINT('',(0.888281382106,-1.059697234685));
#2258 = ( GEOMETRIC_REPRESENTATION_CONTEXT(2) 
PARAMETRIC_REPRESENTATION_CONTEXT() REPRESENTATION_CONTEXT('2D SPACE',''
  ) );
#2259 = PCURVE('',#2178,#2260);
#2260 = DEFINITIONAL_REPRESENTATION('',(#2261),#2265);
#2261 = LINE('',#2262,#2263);
#2262 = CARTESIAN_POINT('',(0.,-10.));
#2263 = VECTOR('',#2264,1.);
#2264 = DIRECTION('',(1.,0.));
#2265 = ( GEOMETRIC_REPRESENTATION_CONTEXT(2) 
PARAMETRIC_REPRESENTATION_CONTEXT() REPRESENTATION_CONTEXT('2D SPACE',''
  ) );
#2266 = ORIENTED_EDGE('',*,*,#2139,.F.);
#2267 = ADVANCED_FACE('',(#2268),#1140,.T.);
#2268 = FACE_BOUND('',#2269,.T.);
#2269 = EDGE_LOOP('',(#2270,#2293,#2314,#2315));
#2270 = ORIENTED_EDGE('',*,*,#2271,.F.);
#2271 = EDGE_CURVE('',#2272,#1097,#2274,.T.);
#2272 = VERTEX_POINT('',#2273);
#2273 = CARTESIAN_POINT('',(-6.283652728366,2.819578217351,6.));
#2274 = SURFACE_CURVE('',#2275,(#2279,#2286),.PCURVE_S1.);
#2275 = LINE('',#2276,#2277);
#2276 = CARTESIAN_POINT('',(-6.283652728366,2.819578217351,6.));
#2277 = VECTOR('',#2278,1.);
#2278 = DIRECTION('',(-0.985189119527,0.171471276795,0.));
#2279 = PCURVE('',#1140,#2280);
#2280 = DEFINITIONAL_REPRESENTATION('',(#2281),#2285);
#2281 = LINE('',#2282,#2283);
#2282 = CARTESIAN_POINT('',(0.,0.));
#2283 = VECTOR('',#2284,1.);
#2284 = DIRECTION('',(1.,0.));
#2285 = ( GEOMETRIC_REPRESENTATION_CONTEXT(2) 
PARAMETRIC_REPRESENTATION_CONTEXT() REPRESENTATION_CONTEXT('2D SPACE',''
  ) );
#2286 = PCURVE('',#1113,#2287);
#2287 = DEFINITIONAL_REPRESENTATION('',(#2288),#2292);
#2288 = LINE('',#2289,#2290);
#2289 = CARTESIAN_POINT('',(-0.711718617894,-1.108105234685));
#2290 = VECTOR('',#2291,1.);
#2291 = DIRECTION('',(-0.34409607804,0.93893444344));
#2292 = ( GEOMETRIC_REPRESENTATION_CONTEXT(2) 
PARAMETRIC_REPRESENTATION_CONTEXT() REPRESENTATION_CONTEXT('2D SPACE',''
  ) );
#2293 = ORIENTED_EDGE('',*,*,#2294,.T.);
#2294 = EDGE_CURVE('',#2272,#2220,#2295,.T.);
#2295 = SURFACE_CURVE('',#2296,(#2300,#2307),.PCURVE_S1.);
#2296 = LINE('',#2297,#2298);
#2297 = CARTESIAN_POINT('',(-6.283652728366,2.819578217351,6.));
#2298 = VECTOR('',#2299,1.);
#2299 = DIRECTION('',(0.,0.,1.));
#2300 = PCURVE('',#1140,#2301);
#2301 = DEFINITIONAL_REPRESENTATION('',(#2302),#2306);
#2302 = LINE('',#2303,#2304);
#2303 = CARTESIAN_POINT('',(0.,0.));
#2304 = VECTOR('',#2305,1.);
#2305 = DIRECTION('',(0.,-1.));
#2306 = ( GEOMETRIC_REPRESENTATION_CONTEXT(2) 
PARAMETRIC_REPRESENTATION_CONTEXT() REPRESENTATION_CONTEXT('2D SPACE',''
  ) );
#2307 = PCURVE('',#2178,#2308);
#2308 = DEFINITIONAL_REPRESENTATION('',(#2309),#2313);
#2309 = LINE('',#2310,#2311);
#2310 = CARTESIAN_POINT('',(0.,0.));
#2311 = VECTOR('',#2312,1.);
#2312 = DIRECTION('',(0.,-1.));
#2313 = ( GEOMETRIC_REPRESENTATION_CONTEXT(2) 
PARAMETRIC_REPRESENTATION_CONTEXT() REPRESENTATION_CONTEXT('2D SPACE',''
  ) );
#2314 = ORIENTED_EDGE('',*,*,#2219,.T.);
#2315 = ORIENTED_EDGE('',*,*,#1125,.F.);
#2316 = ADVANCED_FACE('',(#2317),#1113,.F.);
#2317 = FACE_BOUND('',#2318,.F.);
#2318 = EDGE_LOOP('',(#2319,#2320,#2321,#2322));
#2319 = ORIENTED_EDGE('',*,*,#2194,.F.);
#2320 = ORIENTED_EDGE('',*,*,#1096,.T.);
#2321 = ORIENTED_EDGE('',*,*,#2271,.F.);
#2322 = ORIENTED_EDGE('',*,*,#2323,.T.);
#2323 = EDGE_CURVE('',#2272,#2163,#2324,.T.);
#2324 = SURFACE_CURVE('',#2325,(#2331,#2340),.PCURVE_S1.);
#2325 = B_SPLINE_CURVE_WITH_KNOTS('',3,(#2326,#2327,#2328,#2329,#2330),
  .UNSPECIFIED.,.F.,.F.,(4,1,4),(0.,0.5,1.),.QUASI_UNIFORM_KNOTS.);
#2326 = CARTESIAN_POINT('',(-6.283652728366,2.819578217351,6.));
#2327 = CARTESIAN_POINT('',(-5.980456184375,2.743861565167,6.));
#2328 = CARTESIAN_POINT('',(-5.309254179044,3.044405855951,6.));
#2329 = CARTESIAN_POINT('',(-5.290724281223,3.81841632737,6.));
#2330 = CARTESIAN_POINT('',(-5.525575286113,4.229422863406,6.));
#2331 = PCURVE('',#1113,#2332);
#2332 = DEFINITIONAL_REPRESENTATION('',(#2333),#2339);
#2333 = B_SPLINE_CURVE_WITH_KNOTS('',3,(#2334,#2335,#2336,#2337,#2338),
  .UNSPECIFIED.,.F.,.F.,(4,1,4),(0.,0.5,1.),.QUASI_UNIFORM_KNOTS.);
#2334 = CARTESIAN_POINT('',(-0.711718617894,-1.108105234685));
#2335 = CARTESIAN_POINT('',(-0.625692890179,-1.408539470213));
#2336 = CARTESIAN_POINT('',(-2.981289673196E-02,-1.839545312509));
#2337 = CARTESIAN_POINT('',(0.649764783222,-1.468587439042));
#2338 = CARTESIAN_POINT('',(0.888281382106,-1.059697234685));
#2339 = ( GEOMETRIC_REPRESENTATION_CONTEXT(2) 
PARAMETRIC_REPRESENTATION_CONTEXT() REPRESENTATION_CONTEXT('2D SPACE',''
  ) );
#2340 = PCURVE('',#2178,#2341);
#2341 = DEFINITIONAL_REPRESENTATION('',(#2342),#2346);
#2342 = LINE('',#2343,#2344);
#2343 = CARTESIAN_POINT('',(0.,0.));
#2344 = VECTOR('',#2345,1.);
#2345 = DIRECTION('',(1.,0.));
#2346 = ( GEOMETRIC_REPRESENTATION_CONTEXT(2) 
PARAMETRIC_REPRESENTATION_CONTEXT() REPRESENTATION_CONTEXT('2D SPACE',''
  ) );
#2347 = ADVANCED_FACE('',(#2348),#1197,.T.);
#2348 = FACE_BOUND('',#2349,.T.);
#2349 = EDGE_LOOP('',(#2350,#2351,#2374,#2406));
#2350 = ORIENTED_EDGE('',*,*,#1180,.T.);
#2351 = ORIENTED_EDGE('',*,*,#2352,.T.);
#2352 = EDGE_CURVE('',#1183,#2353,#2355,.T.);
#2353 = VERTEX_POINT('',#2354);
#2354 = CARTESIAN_POINT('',(0.9,6.9,16.));
#2355 = SURFACE_CURVE('',#2356,(#2360,#2367),.PCURVE_S1.);
#2356 = LINE('',#2357,#2358);
#2357 = CARTESIAN_POINT('',(1.425997,9.,16.));
#2358 = VECTOR('',#2359,1.);
#2359 = DIRECTION('',(-0.242969045732,-0.970034042091,0.));
#2360 = PCURVE('',#1197,#2361);
#2361 = DEFINITIONAL_REPRESENTATION('',(#2362),#2366);
#2362 = LINE('',#2363,#2364);
#2363 = CARTESIAN_POINT('',(0.,-10.));
#2364 = VECTOR('',#2365,1.);
#2365 = DIRECTION('',(1.,-0.));
#2366 = ( GEOMETRIC_REPRESENTATION_CONTEXT(2) 
PARAMETRIC_REPRESENTATION_CONTEXT() REPRESENTATION_CONTEXT('2D SPACE',''
  ) );
#2367 = PCURVE('',#1278,#2368);
#2368 = DEFINITIONAL_REPRESENTATION('',(#2369),#2373);
#2369 = LINE('',#2370,#2371);
#2370 = CARTESIAN_POINT('',(1.414278382106,1.040302765315));
#2371 = VECTOR('',#2372,1.);
#2372 = DIRECTION('',(-0.242969045732,-0.970034042091));
#2373 = ( GEOMETRIC_REPRESENTATION_CONTEXT(2) 
PARAMETRIC_REPRESENTATION_CONTEXT() REPRESENTATION_CONTEXT('2D SPACE',''
  ) );
#2374 = ORIENTED_EDGE('',*,*,#2375,.F.);
#2375 = EDGE_CURVE('',#2376,#2353,#2378,.T.);
#2376 = VERTEX_POINT('',#2377);
#2377 = CARTESIAN_POINT('',(0.9,6.9,6.));
#2378 = SURFACE_CURVE('',#2379,(#2383,#2390),.PCURVE_S1.);
#2379 = LINE('',#2380,#2381);
#2380 = CARTESIAN_POINT('',(0.9,6.9,6.));
#2381 = VECTOR('',#2382,1.);
#2382 = DIRECTION('',(0.,0.,1.));
#2383 = PCURVE('',#1197,#2384);
#2384 = DEFINITIONAL_REPRESENTATION('',(#2385),#2389);
#2385 = LINE('',#2386,#2387);
#2386 = CARTESIAN_POINT('',(2.16487247754,-0.));
#2387 = VECTOR('',#2388,1.);
#2388 = DIRECTION('',(0.,-1.));
#2389 = ( GEOMETRIC_REPRESENTATION_CONTEXT(2) 
PARAMETRIC_REPRESENTATION_CONTEXT() REPRESENTATION_CONTEXT('2D SPACE',''
  ) );
#2390 = PCURVE('',#2391,#2400);
#2391 = SURFACE_OF_LINEAR_EXTRUSION('',#2392,#2398);
#2392 = B_SPLINE_CURVE_WITH_KNOTS('',3,(#2393,#2394,#2395,#2396,#2397),
  .UNSPECIFIED.,.F.,.F.,(4,1,4),(0.,0.5,1.),.QUASI_UNIFORM_KNOTS.);
#2393 = CARTESIAN_POINT('',(-0.7,6.851592,6.));
#2394 = CARTESIAN_POINT('',(-0.613974272285,6.551157764472,6.));
#2395 = CARTESIAN_POINT('',(-1.809427883815E-02,6.120151922176,6.));
#2396 = CARTESIAN_POINT('',(0.661483401116,6.491109795643,6.));
#2397 = CARTESIAN_POINT('',(0.9,6.9,6.));
#2398 = VECTOR('',#2399,1.);
#2399 = DIRECTION('',(-0.,-0.,-1.));
#2400 = DEFINITIONAL_REPRESENTATION('',(#2401),#2405);
#2401 = LINE('',#2402,#2403);
#2402 = CARTESIAN_POINT('',(1.,0.));
#2403 = VECTOR('',#2404,1.);
#2404 = DIRECTION('',(0.,-1.));
#2405 = ( GEOMETRIC_REPRESENTATION_CONTEXT(2) 
PARAMETRIC_REPRESENTATION_CONTEXT() REPRESENTATION_CONTEXT('2D SPACE',''
  ) );
#2406 = ORIENTED_EDGE('',*,*,#2407,.F.);
#2407 = EDGE_CURVE('',#1181,#2376,#2408,.T.);
#2408 = SURFACE_CURVE('',#2409,(#2413,#2420),.PCURVE_S1.);
#2409 = LINE('',#2410,#2411);
#2410 = CARTESIAN_POINT('',(1.425997,9.,6.));
#2411 = VECTOR('',#2412,1.);
#2412 = DIRECTION('',(-0.242969045732,-0.970034042091,0.));
#2413 = PCURVE('',#1197,#2414);
#2414 = DEFINITIONAL_REPRESENTATION('',(#2415),#2419);
#2415 = LINE('',#2416,#2417);
#2416 = CARTESIAN_POINT('',(0.,0.));
#2417 = VECTOR('',#2418,1.);
#2418 = DIRECTION('',(1.,-0.));
#2419 = ( GEOMETRIC_REPRESENTATION_CONTEXT(2) 
PARAMETRIC_REPRESENTATION_CONTEXT() REPRESENTATION_CONTEXT('2D SPACE',''
  ) );
#2420 = PCURVE('',#1225,#2421);
#2421 = DEFINITIONAL_REPRESENTATION('',(#2422),#2426);
#2422 = LINE('',#2423,#2424);
#2423 = CARTESIAN_POINT('',(1.414278382106,1.040302765315));
#2424 = VECTOR('',#2425,1.);
#2425 = DIRECTION('',(-0.242969045732,-0.970034042091));
#2426 = ( GEOMETRIC_REPRESENTATION_CONTEXT(2) 
PARAMETRIC_REPRESENTATION_CONTEXT() REPRESENTATION_CONTEXT('2D SPACE',''
  ) );
#2427 = ADVANCED_FACE('',(#2428),#1278,.T.);
#2428 = FACE_BOUND('',#2429,.T.);
#2429 = EDGE_LOOP('',(#2430,#2431,#2454,#2479));
#2430 = ORIENTED_EDGE('',*,*,#1263,.T.);
#2431 = ORIENTED_EDGE('',*,*,#2432,.F.);
#2432 = EDGE_CURVE('',#2433,#1238,#2435,.T.);
#2433 = VERTEX_POINT('',#2434);
#2434 = CARTESIAN_POINT('',(-0.7,6.851592,16.));
#2435 = SURFACE_CURVE('',#2436,(#2440,#2447),.PCURVE_S1.);
#2436 = LINE('',#2437,#2438);
#2437 = CARTESIAN_POINT('',(-0.7,6.851592,16.));
#2438 = VECTOR('',#2439,1.);
#2439 = DIRECTION('',(-0.34409607804,0.93893444344,0.));
#2440 = PCURVE('',#1278,#2441);
#2441 = DEFINITIONAL_REPRESENTATION('',(#2442),#2446);
#2442 = LINE('',#2443,#2444);
#2443 = CARTESIAN_POINT('',(-0.711718617894,-1.108105234685));
#2444 = VECTOR('',#2445,1.);
#2445 = DIRECTION('',(-0.34409607804,0.93893444344));
#2446 = ( GEOMETRIC_REPRESENTATION_CONTEXT(2) 
PARAMETRIC_REPRESENTATION_CONTEXT() REPRESENTATION_CONTEXT('2D SPACE',''
  ) );
#2447 = PCURVE('',#1252,#2448);
#2448 = DEFINITIONAL_REPRESENTATION('',(#2449),#2453);
#2449 = LINE('',#2450,#2451);
#2450 = CARTESIAN_POINT('',(0.,-10.));
#2451 = VECTOR('',#2452,1.);
#2452 = DIRECTION('',(1.,0.));
#2453 = ( GEOMETRIC_REPRESENTATION_CONTEXT(2) 
PARAMETRIC_REPRESENTATION_CONTEXT() REPRESENTATION_CONTEXT('2D SPACE',''
  ) );
#2454 = ORIENTED_EDGE('',*,*,#2455,.T.);
#2455 = EDGE_CURVE('',#2433,#2353,#2456,.T.);
#2456 = SURFACE_CURVE('',#2457,(#2463,#2472),.PCURVE_S1.);
#2457 = B_SPLINE_CURVE_WITH_KNOTS('',3,(#2458,#2459,#2460,#2461,#2462),
  .UNSPECIFIED.,.F.,.F.,(4,1,4),(0.,0.5,1.),.QUASI_UNIFORM_KNOTS.);
#2458 = CARTESIAN_POINT('',(-0.7,6.851592,16.));
#2459 = CARTESIAN_POINT('',(-0.613974272285,6.551157764472,16.));
#2460 = CARTESIAN_POINT('',(-1.809427883815E-02,6.120151922176,16.));
#2461 = CARTESIAN_POINT('',(0.661483401116,6.491109795643,16.));
#2462 = CARTESIAN_POINT('',(0.9,6.9,16.));
#2463 = PCURVE('',#1278,#2464);
#2464 = DEFINITIONAL_REPRESENTATION('',(#2465),#2471);
#2465 = B_SPLINE_CURVE_WITH_KNOTS('',3,(#2466,#2467,#2468,#2469,#2470),
  .UNSPECIFIED.,.F.,.F.,(4,1,4),(0.,0.5,1.),.QUASI_UNIFORM_KNOTS.);
#2466 = CARTESIAN_POINT('',(-0.711718617894,-1.108105234685));
#2467 = CARTESIAN_POINT('',(-0.625692890179,-1.408539470213));
#2468 = CARTESIAN_POINT('',(-2.981289673196E-02,-1.839545312509));
#2469 = CARTESIAN_POINT('',(0.649764783222,-1.468587439042));
#2470 = CARTESIAN_POINT('',(0.888281382106,-1.059697234685));
#2471 = ( GEOMETRIC_REPRESENTATION_CONTEXT(2) 
PARAMETRIC_REPRESENTATION_CONTEXT() REPRESENTATION_CONTEXT('2D SPACE',''
  ) );
#2472 = PCURVE('',#2391,#2473);
#2473 = DEFINITIONAL_REPRESENTATION('',(#2474),#2478);
#2474 = LINE('',#2475,#2476);
#2475 = CARTESIAN_POINT('',(0.,-10.));
#2476 = VECTOR('',#2477,1.);
#2477 = DIRECTION('',(1.,0.));
#2478 = ( GEOMETRIC_REPRESENTATION_CONTEXT(2) 
PARAMETRIC_REPRESENTATION_CONTEXT() REPRESENTATION_CONTEXT('2D SPACE',''
  ) );
#2479 = ORIENTED_EDGE('',*,*,#2352,.F.);
#2480 = ADVANCED_FACE('',(#2481),#1252,.T.);
#2481 = FACE_BOUND('',#2482,.T.);
#2482 = EDGE_LOOP('',(#2483,#2506,#2527,#2528));
#2483 = ORIENTED_EDGE('',*,*,#2484,.F.);
#2484 = EDGE_CURVE('',#2485,#1209,#2487,.T.);
#2485 = VERTEX_POINT('',#2486);
#2486 = CARTESIAN_POINT('',(-0.7,6.851592,6.));
#2487 = SURFACE_CURVE('',#2488,(#2492,#2499),.PCURVE_S1.);
#2488 = LINE('',#2489,#2490);
#2489 = CARTESIAN_POINT('',(-0.7,6.851592,6.));
#2490 = VECTOR('',#2491,1.);
#2491 = DIRECTION('',(-0.34409607804,0.93893444344,0.));
#2492 = PCURVE('',#1252,#2493);
#2493 = DEFINITIONAL_REPRESENTATION('',(#2494),#2498);
#2494 = LINE('',#2495,#2496);
#2495 = CARTESIAN_POINT('',(0.,0.));
#2496 = VECTOR('',#2497,1.);
#2497 = DIRECTION('',(1.,0.));
#2498 = ( GEOMETRIC_REPRESENTATION_CONTEXT(2) 
PARAMETRIC_REPRESENTATION_CONTEXT() REPRESENTATION_CONTEXT('2D SPACE',''
  ) );
#2499 = PCURVE('',#1225,#2500);
#2500 = DEFINITIONAL_REPRESENTATION('',(#2501),#2505);
#2501 = LINE('',#2502,#2503);
#2502 = CARTESIAN_POINT('',(-0.711718617894,-1.108105234685));
#2503 = VECTOR('',#2504,1.);
#2504 = DIRECTION('',(-0.34409607804,0.93893444344));
#2505 = ( GEOMETRIC_REPRESENTATION_CONTEXT(2) 
PARAMETRIC_REPRESENTATION_CONTEXT() REPRESENTATION_CONTEXT('2D SPACE',''
  ) );
#2506 = ORIENTED_EDGE('',*,*,#2507,.T.);
#2507 = EDGE_CURVE('',#2485,#2433,#2508,.T.);
#2508 = SURFACE_CURVE('',#2509,(#2513,#2520),.PCURVE_S1.);
#2509 = LINE('',#2510,#2511);
#2510 = CARTESIAN_POINT('',(-0.7,6.851592,6.));
#2511 = VECTOR('',#2512,1.);
#2512 = DIRECTION('',(0.,0.,1.));
#2513 = PCURVE('',#1252,#2514);
#2514 = DEFINITIONAL_REPRESENTATION('',(#2515),#2519);
#2515 = LINE('',#2516,#2517);
#2516 = CARTESIAN_POINT('',(0.,0.));
#2517 = VECTOR('',#2518,1.);
#2518 = DIRECTION('',(0.,-1.));
#2519 = ( GEOMETRIC_REPRESENTATION_CONTEXT(2) 
PARAMETRIC_REPRESENTATION_CONTEXT() REPRESENTATION_CONTEXT('2D SPACE',''
  ) );
#2520 = PCURVE('',#2391,#2521);
#2521 = DEFINITIONAL_REPRESENTATION('',(#2522),#2526);
#2522 = LINE('',#2523,#2524);
#2523 = CARTESIAN_POINT('',(0.,0.));
#2524 = VECTOR('',#2525,1.);
#2525 = DIRECTION('',(0.,-1.));
#2526 = ( GEOMETRIC_REPRESENTATION_CONTEXT(2) 
PARAMETRIC_REPRESENTATION_CONTEXT() REPRESENTATION_CONTEXT('2D SPACE',''
  ) );
#2527 = ORIENTED_EDGE('',*,*,#2432,.T.);
#2528 = ORIENTED_EDGE('',*,*,#1237,.F.);
#2529 = ADVANCED_FACE('',(#2530),#1225,.F.);
#2530 = FACE_BOUND('',#2531,.F.);
#2531 = EDGE_LOOP('',(#2532,#2533,#2534,#2535));
#2532 = ORIENTED_EDGE('',*,*,#2407,.F.);
#2533 = ORIENTED_EDGE('',*,*,#1208,.T.);
#2534 = ORIENTED_EDGE('',*,*,#2484,.F.);
#2535 = ORIENTED_EDGE('',*,*,#2536,.T.);
#2536 = EDGE_CURVE('',#2485,#2376,#2537,.T.);
#2537 = SURFACE_CURVE('',#2538,(#2544,#2553),.PCURVE_S1.);
#2538 = B_SPLINE_CURVE_WITH_KNOTS('',3,(#2539,#2540,#2541,#2542,#2543),
  .UNSPECIFIED.,.F.,.F.,(4,1,4),(0.,0.5,1.),.QUASI_UNIFORM_KNOTS.);
#2539 = CARTESIAN_POINT('',(-0.7,6.851592,6.));
#2540 = CARTESIAN_POINT('',(-0.613974272285,6.551157764472,6.));
#2541 = CARTESIAN_POINT('',(-1.809427883815E-02,6.120151922176,6.));
#2542 = CARTESIAN_POINT('',(0.661483401116,6.491109795643,6.));
#2543 = CARTESIAN_POINT('',(0.9,6.9,6.));
#2544 = PCURVE('',#1225,#2545);
#2545 = DEFINITIONAL_REPRESENTATION('',(#2546),#2552);
#2546 = B_SPLINE_CURVE_WITH_KNOTS('',3,(#2547,#2548,#2549,#2550,#2551),
  .UNSPECIFIED.,.F.,.F.,(4,1,4),(0.,0.5,1.),.QUASI_UNIFORM_KNOTS.);
#2547 = CARTESIAN_POINT('',(-0.711718617894,-1.108105234685));
#2548 = CARTESIAN_POINT('',(-0.625692890179,-1.408539470213));
#2549 = CARTESIAN_POINT('',(-2.981289673196E-02,-1.839545312509));
#2550 = CARTESIAN_POINT('',(0.649764783222,-1.468587439042));
#2551 = CARTESIAN_POINT('',(0.888281382106,-1.059697234685));
#2552 = ( GEOMETRIC_REPRESENTATION_CONTEXT(2) 
PARAMETRIC_REPRESENTATION_CONTEXT() REPRESENTATION_CONTEXT('2D SPACE',''
  ) );
#2553 = PCURVE('',#2391,#2554);
#2554 = DEFINITIONAL_REPRESENTATION('',(#2555),#2559);
#2555 = LINE('',#2556,#2557);
#2556 = CARTESIAN_POINT('',(0.,0.));
#2557 = VECTOR('',#2558,1.);
#2558 = DIRECTION('',(1.,0.));
#2559 = ( GEOMETRIC_REPRESENTATION_CONTEXT(2) 
PARAMETRIC_REPRESENTATION_CONTEXT() REPRESENTATION_CONTEXT('2D SPACE',''
  ) );
#2560 = ADVANCED_FACE('',(#2561),#1309,.T.);
#2561 = FACE_BOUND('',#2562,.T.);
#2562 = EDGE_LOOP('',(#2563,#2564,#2587,#2619));
#2563 = ORIENTED_EDGE('',*,*,#1292,.T.);
#2564 = ORIENTED_EDGE('',*,*,#2565,.T.);
#2565 = EDGE_CURVE('',#1295,#2566,#2568,.T.);
#2566 = VERTEX_POINT('',#2567);
#2567 = CARTESIAN_POINT('',(6.425575286113,2.670577136594,16.));
#2568 = SURFACE_CURVE('',#2569,(#2573,#2580),.PCURVE_S1.);
#2569 = LINE('',#2570,#2571);
#2570 = CARTESIAN_POINT('',(8.50722713406,3.26505037228,16.));
#2571 = VECTOR('',#2572,1.);
#2572 = DIRECTION('',(-0.961558645853,-0.274599655108,0.));
#2573 = PCURVE('',#1309,#2574);
#2574 = DEFINITIONAL_REPRESENTATION('',(#2575),#2579);
#2575 = LINE('',#2576,#2577);
#2576 = CARTESIAN_POINT('',(0.,-10.));
#2577 = VECTOR('',#2578,1.);
#2578 = DIRECTION('',(1.,-0.));
#2579 = ( GEOMETRIC_REPRESENTATION_CONTEXT(2) 
PARAMETRIC_REPRESENTATION_CONTEXT() REPRESENTATION_CONTEXT('2D SPACE',''
  ) );
#2580 = PCURVE('',#1390,#2581);
#2581 = DEFINITIONAL_REPRESENTATION('',(#2582),#2586);
#2582 = LINE('',#2583,#2584);
#2583 = CARTESIAN_POINT('',(1.414278382106,1.040302765315));
#2584 = VECTOR('',#2585,1.);
#2585 = DIRECTION('',(-0.242969045732,-0.970034042091));
#2586 = ( GEOMETRIC_REPRESENTATION_CONTEXT(2) 
PARAMETRIC_REPRESENTATION_CONTEXT() REPRESENTATION_CONTEXT('2D SPACE',''
  ) );
#2587 = ORIENTED_EDGE('',*,*,#2588,.F.);
#2588 = EDGE_CURVE('',#2589,#2566,#2591,.T.);
#2589 = VERTEX_POINT('',#2590);
#2590 = CARTESIAN_POINT('',(6.425575286113,2.670577136594,6.));
#2591 = SURFACE_CURVE('',#2592,(#2596,#2603),.PCURVE_S1.);
#2592 = LINE('',#2593,#2594);
#2593 = CARTESIAN_POINT('',(6.425575286113,2.670577136594,6.));
#2594 = VECTOR('',#2595,1.);
#2595 = DIRECTION('',(0.,0.,1.));
#2596 = PCURVE('',#1309,#2597);
#2597 = DEFINITIONAL_REPRESENTATION('',(#2598),#2602);
#2598 = LINE('',#2599,#2600);
#2599 = CARTESIAN_POINT('',(2.16487247754,-0.));
#2600 = VECTOR('',#2601,1.);
#2601 = DIRECTION('',(0.,-1.));
#2602 = ( GEOMETRIC_REPRESENTATION_CONTEXT(2) 
PARAMETRIC_REPRESENTATION_CONTEXT() REPRESENTATION_CONTEXT('2D SPACE',''
  ) );
#2603 = PCURVE('',#2604,#2613);
#2604 = SURFACE_OF_LINEAR_EXTRUSION('',#2605,#2611);
#2605 = B_SPLINE_CURVE_WITH_KNOTS('',3,(#2606,#2607,#2608,#2609,#2610),
  .UNSPECIFIED.,.F.,.F.,(4,1,4),(0.,0.5,1.),.QUASI_UNIFORM_KNOTS.);
#2606 = CARTESIAN_POINT('',(5.583652728366,4.032013782649,6.));
#2607 = CARTESIAN_POINT('',(5.36648191209,3.807296199305,6.));
#2608 = CARTESIAN_POINT('',(5.291159900206,3.075746066225,6.));
#2609 = CARTESIAN_POINT('',(5.952207682339,2.672693468273,6.));
#2610 = CARTESIAN_POINT('',(6.425575286113,2.670577136594,6.));
#2611 = VECTOR('',#2612,1.);
#2612 = DIRECTION('',(-0.,0.,-1.));
#2613 = DEFINITIONAL_REPRESENTATION('',(#2614),#2618);
#2614 = LINE('',#2615,#2616);
#2615 = CARTESIAN_POINT('',(1.,0.));
#2616 = VECTOR('',#2617,1.);
#2617 = DIRECTION('',(0.,-1.));
#2618 = ( GEOMETRIC_REPRESENTATION_CONTEXT(2) 
PARAMETRIC_REPRESENTATION_CONTEXT() REPRESENTATION_CONTEXT('2D SPACE',''
  ) );
#2619 = ORIENTED_EDGE('',*,*,#2620,.F.);
#2620 = EDGE_CURVE('',#1293,#2589,#2621,.T.);
#2621 = SURFACE_CURVE('',#2622,(#2626,#2633),.PCURVE_S1.);
#2622 = LINE('',#2623,#2624);
#2623 = CARTESIAN_POINT('',(8.50722713406,3.26505037228,6.));
#2624 = VECTOR('',#2625,1.);
#2625 = DIRECTION('',(-0.961558645853,-0.274599655108,0.));
#2626 = PCURVE('',#1309,#2627);
#2627 = DEFINITIONAL_REPRESENTATION('',(#2628),#2632);
#2628 = LINE('',#2629,#2630);
#2629 = CARTESIAN_POINT('',(0.,0.));
#2630 = VECTOR('',#2631,1.);
#2631 = DIRECTION('',(1.,-0.));
#2632 = ( GEOMETRIC_REPRESENTATION_CONTEXT(2) 
PARAMETRIC_REPRESENTATION_CONTEXT() REPRESENTATION_CONTEXT('2D SPACE',''
  ) );
#2633 = PCURVE('',#1337,#2634);
#2634 = DEFINITIONAL_REPRESENTATION('',(#2635),#2639);
#2635 = LINE('',#2636,#2637);
#2636 = CARTESIAN_POINT('',(1.414278382106,1.040302765315));
#2637 = VECTOR('',#2638,1.);
#2638 = DIRECTION('',(-0.242969045732,-0.970034042091));
#2639 = ( GEOMETRIC_REPRESENTATION_CONTEXT(2) 
PARAMETRIC_REPRESENTATION_CONTEXT() REPRESENTATION_CONTEXT('2D SPACE',''
  ) );
#2640 = ADVANCED_FACE('',(#2641),#1390,.T.);
#2641 = FACE_BOUND('',#2642,.T.);
#2642 = EDGE_LOOP('',(#2643,#2644,#2667,#2692));
#2643 = ORIENTED_EDGE('',*,*,#1375,.T.);
#2644 = ORIENTED_EDGE('',*,*,#2645,.F.);
#2645 = EDGE_CURVE('',#2646,#1350,#2648,.T.);
#2646 = VERTEX_POINT('',#2647);
#2647 = CARTESIAN_POINT('',(5.583652728366,4.032013782649,16.));
#2648 = SURFACE_CURVE('',#2649,(#2653,#2660),.PCURVE_S1.);
#2649 = LINE('',#2650,#2651);
#2650 = CARTESIAN_POINT('',(5.583652728366,4.032013782649,16.));
#2651 = VECTOR('',#2652,1.);
#2652 = DIRECTION('',(0.641093041487,0.767463166645,0.));
#2653 = PCURVE('',#1390,#2654);
#2654 = DEFINITIONAL_REPRESENTATION('',(#2655),#2659);
#2655 = LINE('',#2656,#2657);
#2656 = CARTESIAN_POINT('',(-0.711718617894,-1.108105234685));
#2657 = VECTOR('',#2658,1.);
#2658 = DIRECTION('',(-0.34409607804,0.93893444344));
#2659 = ( GEOMETRIC_REPRESENTATION_CONTEXT(2) 
PARAMETRIC_REPRESENTATION_CONTEXT() REPRESENTATION_CONTEXT('2D SPACE',''
  ) );
#2660 = PCURVE('',#1364,#2661);
#2661 = DEFINITIONAL_REPRESENTATION('',(#2662),#2666);
#2662 = LINE('',#2663,#2664);
#2663 = CARTESIAN_POINT('',(0.,-10.));
#2664 = VECTOR('',#2665,1.);
#2665 = DIRECTION('',(1.,0.));
#2666 = ( GEOMETRIC_REPRESENTATION_CONTEXT(2) 
PARAMETRIC_REPRESENTATION_CONTEXT() REPRESENTATION_CONTEXT('2D SPACE',''
  ) );
#2667 = ORIENTED_EDGE('',*,*,#2668,.T.);
#2668 = EDGE_CURVE('',#2646,#2566,#2669,.T.);
#2669 = SURFACE_CURVE('',#2670,(#2676,#2685),.PCURVE_S1.);
#2670 = B_SPLINE_CURVE_WITH_KNOTS('',3,(#2671,#2672,#2673,#2674,#2675),
  .UNSPECIFIED.,.F.,.F.,(4,1,4),(0.,0.5,1.),.QUASI_UNIFORM_KNOTS.);
#2671 = CARTESIAN_POINT('',(5.583652728366,4.032013782649,16.));
#2672 = CARTESIAN_POINT('',(5.36648191209,3.807296199305,16.));
#2673 = CARTESIAN_POINT('',(5.291159900206,3.075746066225,16.));
#2674 = CARTESIAN_POINT('',(5.952207682339,2.672693468273,16.));
#2675 = CARTESIAN_POINT('',(6.425575286113,2.670577136594,16.));
#2676 = PCURVE('',#1390,#2677);
#2677 = DEFINITIONAL_REPRESENTATION('',(#2678),#2684);
#2678 = B_SPLINE_CURVE_WITH_KNOTS('',3,(#2679,#2680,#2681,#2682,#2683),
  .UNSPECIFIED.,.F.,.F.,(4,1,4),(0.,0.5,1.),.QUASI_UNIFORM_KNOTS.);
#2679 = CARTESIAN_POINT('',(-0.711718617894,-1.108105234685));
#2680 = CARTESIAN_POINT('',(-0.625692890179,-1.408539470213));
#2681 = CARTESIAN_POINT('',(-2.981289673196E-02,-1.839545312509));
#2682 = CARTESIAN_POINT('',(0.649764783222,-1.468587439042));
#2683 = CARTESIAN_POINT('',(0.888281382106,-1.059697234685));
#2684 = ( GEOMETRIC_REPRESENTATION_CONTEXT(2) 
PARAMETRIC_REPRESENTATION_CONTEXT() REPRESENTATION_CONTEXT('2D SPACE',''
  ) );
#2685 = PCURVE('',#2604,#2686);
#2686 = DEFINITIONAL_REPRESENTATION('',(#2687),#2691);
#2687 = LINE('',#2688,#2689);
#2688 = CARTESIAN_POINT('',(0.,-10.));
#2689 = VECTOR('',#2690,1.);
#2690 = DIRECTION('',(1.,0.));
#2691 = ( GEOMETRIC_REPRESENTATION_CONTEXT(2) 
PARAMETRIC_REPRESENTATION_CONTEXT() REPRESENTATION_CONTEXT('2D SPACE',''
  ) );
#2692 = ORIENTED_EDGE('',*,*,#2565,.F.);
#2693 = ADVANCED_FACE('',(#2694),#1364,.T.);
#2694 = FACE_BOUND('',#2695,.T.);
#2695 = EDGE_LOOP('',(#2696,#2719,#2740,#2741));
#2696 = ORIENTED_EDGE('',*,*,#2697,.F.);
#2697 = EDGE_CURVE('',#2698,#1321,#2700,.T.);
#2698 = VERTEX_POINT('',#2699);
#2699 = CARTESIAN_POINT('',(5.583652728366,4.032013782649,6.));
#2700 = SURFACE_CURVE('',#2701,(#2705,#2712),.PCURVE_S1.);
#2701 = LINE('',#2702,#2703);
#2702 = CARTESIAN_POINT('',(5.583652728366,4.032013782649,6.));
#2703 = VECTOR('',#2704,1.);
#2704 = DIRECTION('',(0.641093041487,0.767463166645,0.));
#2705 = PCURVE('',#1364,#2706);
#2706 = DEFINITIONAL_REPRESENTATION('',(#2707),#2711);
#2707 = LINE('',#2708,#2709);
#2708 = CARTESIAN_POINT('',(0.,0.));
#2709 = VECTOR('',#2710,1.);
#2710 = DIRECTION('',(1.,0.));
#2711 = ( GEOMETRIC_REPRESENTATION_CONTEXT(2) 
PARAMETRIC_REPRESENTATION_CONTEXT() REPRESENTATION_CONTEXT('2D SPACE',''
  ) );
#2712 = PCURVE('',#1337,#2713);
#2713 = DEFINITIONAL_REPRESENTATION('',(#2714),#2718);
#2714 = LINE('',#2715,#2716);
#2715 = CARTESIAN_POINT('',(-0.711718617894,-1.108105234685));
#2716 = VECTOR('',#2717,1.);
#2717 = DIRECTION('',(-0.34409607804,0.93893444344));
#2718 = ( GEOMETRIC_REPRESENTATION_CONTEXT(2) 
PARAMETRIC_REPRESENTATION_CONTEXT() REPRESENTATION_CONTEXT('2D SPACE',''
  ) );
#2719 = ORIENTED_EDGE('',*,*,#2720,.T.);
#2720 = EDGE_CURVE('',#2698,#2646,#2721,.T.);
#2721 = SURFACE_CURVE('',#2722,(#2726,#2733),.PCURVE_S1.);
#2722 = LINE('',#2723,#2724);
#2723 = CARTESIAN_POINT('',(5.583652728366,4.032013782649,6.));
#2724 = VECTOR('',#2725,1.);
#2725 = DIRECTION('',(0.,0.,1.));
#2726 = PCURVE('',#1364,#2727);
#2727 = DEFINITIONAL_REPRESENTATION('',(#2728),#2732);
#2728 = LINE('',#2729,#2730);
#2729 = CARTESIAN_POINT('',(0.,0.));
#2730 = VECTOR('',#2731,1.);
#2731 = DIRECTION('',(0.,-1.));
#2732 = ( GEOMETRIC_REPRESENTATION_CONTEXT(2) 
PARAMETRIC_REPRESENTATION_CONTEXT() REPRESENTATION_CONTEXT('2D SPACE',''
  ) );
#2733 = PCURVE('',#2604,#2734);
#2734 = DEFINITIONAL_REPRESENTATION('',(#2735),#2739);
#2735 = LINE('',#2736,#2737);
#2736 = CARTESIAN_POINT('',(0.,0.));
#2737 = VECTOR('',#2738,1.);
#2738 = DIRECTION('',(0.,-1.));
#2739 = ( GEOMETRIC_REPRESENTATION_CONTEXT(2) 
PARAMETRIC_REPRESENTATION_CONTEXT() REPRESENTATION_CONTEXT('2D SPACE',''
  ) );
#2740 = ORIENTED_EDGE('',*,*,#2645,.T.);
#2741 = ORIENTED_EDGE('',*,*,#1349,.F.);
#2742 = ADVANCED_FACE('',(#2743),#1337,.F.);
#2743 = FACE_BOUND('',#2744,.F.);
#2744 = EDGE_LOOP('',(#2745,#2746,#2747,#2748));
#2745 = ORIENTED_EDGE('',*,*,#2620,.F.);
#2746 = ORIENTED_EDGE('',*,*,#1320,.T.);
#2747 = ORIENTED_EDGE('',*,*,#2697,.F.);
#2748 = ORIENTED_EDGE('',*,*,#2749,.T.);
#2749 = EDGE_CURVE('',#2698,#2589,#2750,.T.);
#2750 = SURFACE_CURVE('',#2751,(#2757,#2766),.PCURVE_S1.);
#2751 = B_SPLINE_CURVE_WITH_KNOTS('',3,(#2752,#2753,#2754,#2755,#2756),
  .UNSPECIFIED.,.F.,.F.,(4,1,4),(0.,0.5,1.),.QUASI_UNIFORM_KNOTS.);
#2752 = CARTESIAN_POINT('',(5.583652728366,4.032013782649,6.));
#2753 = CARTESIAN_POINT('',(5.36648191209,3.807296199305,6.));
#2754 = CARTESIAN_POINT('',(5.291159900206,3.075746066225,6.));
#2755 = CARTESIAN_POINT('',(5.952207682339,2.672693468273,6.));
#2756 = CARTESIAN_POINT('',(6.425575286113,2.670577136594,6.));
#2757 = PCURVE('',#1337,#2758);
#2758 = DEFINITIONAL_REPRESENTATION('',(#2759),#2765);
#2759 = B_SPLINE_CURVE_WITH_KNOTS('',3,(#2760,#2761,#2762,#2763,#2764),
  .UNSPECIFIED.,.F.,.F.,(4,1,4),(0.,0.5,1.),.QUASI_UNIFORM_KNOTS.);
#2760 = CARTESIAN_POINT('',(-0.711718617894,-1.108105234685));
#2761 = CARTESIAN_POINT('',(-0.625692890179,-1.408539470213));
#2762 = CARTESIAN_POINT('',(-2.981289673196E-02,-1.839545312509));
#2763 = CARTESIAN_POINT('',(0.649764783222,-1.468587439042));
#2764 = CARTESIAN_POINT('',(0.888281382106,-1.059697234685));
#2765 = ( GEOMETRIC_REPRESENTATION_CONTEXT(2) 
PARAMETRIC_REPRESENTATION_CONTEXT() REPRESENTATION_CONTEXT('2D SPACE',''
  ) );
#2766 = PCURVE('',#2604,#2767);
#2767 = DEFINITIONAL_REPRESENTATION('',(#2768),#2772);
#2768 = LINE('',#2769,#2770);
#2769 = CARTESIAN_POINT('',(0.,0.));
#2770 = VECTOR('',#2771,1.);
#2771 = DIRECTION('',(1.,0.));
#2772 = ( GEOMETRIC_REPRESENTATION_CONTEXT(2) 
PARAMETRIC_REPRESENTATION_CONTEXT() REPRESENTATION_CONTEXT('2D SPACE',''
  ) );
#2773 = ADVANCED_FACE('',(#2774),#1447,.F.);
#2774 = FACE_BOUND('',#2775,.F.);
#2775 = EDGE_LOOP('',(#2776));
#2776 = ORIENTED_EDGE('',*,*,#1405,.T.);
#2777 = ADVANCED_FACE('',(#2778),#1539,.F.);
#2778 = FACE_BOUND('',#2779,.F.);
#2779 = EDGE_LOOP('',(#2780,#2781,#2782,#2783));
#2780 = ORIENTED_EDGE('',*,*,#1655,.T.);
#2781 = ORIENTED_EDGE('',*,*,#1603,.T.);
#2782 = ORIENTED_EDGE('',*,*,#1523,.F.);
#2783 = ORIENTED_EDGE('',*,*,#1684,.F.);
#2784 = ADVANCED_FACE('',(#2785),#1752,.F.);
#2785 = FACE_BOUND('',#2786,.F.);
#2786 = EDGE_LOOP('',(#2787,#2788,#2789,#2790));
#2787 = ORIENTED_EDGE('',*,*,#1868,.T.);
#2788 = ORIENTED_EDGE('',*,*,#1816,.T.);
#2789 = ORIENTED_EDGE('',*,*,#1736,.F.);
#2790 = ORIENTED_EDGE('',*,*,#1897,.F.);
#2791 = ADVANCED_FACE('',(#2792),#1965,.F.);
#2792 = FACE_BOUND('',#2793,.F.);
#2793 = EDGE_LOOP('',(#2794,#2795,#2796,#2797));
#2794 = ORIENTED_EDGE('',*,*,#2081,.T.);
#2795 = ORIENTED_EDGE('',*,*,#2029,.T.);
#2796 = ORIENTED_EDGE('',*,*,#1949,.F.);
#2797 = ORIENTED_EDGE('',*,*,#2110,.F.);
#2798 = ADVANCED_FACE('',(#2799),#2178,.F.);
#2799 = FACE_BOUND('',#2800,.F.);
#2800 = EDGE_LOOP('',(#2801,#2802,#2803,#2804));
#2801 = ORIENTED_EDGE('',*,*,#2294,.T.);
#2802 = ORIENTED_EDGE('',*,*,#2242,.T.);
#2803 = ORIENTED_EDGE('',*,*,#2162,.F.);
#2804 = ORIENTED_EDGE('',*,*,#2323,.F.);
#2805 = ADVANCED_FACE('',(#2806),#2391,.F.);
#2806 = FACE_BOUND('',#2807,.F.);
#2807 = EDGE_LOOP('',(#2808,#2809,#2810,#2811));
#2808 = ORIENTED_EDGE('',*,*,#2507,.T.);
#2809 = ORIENTED_EDGE('',*,*,#2455,.T.);
#2810 = ORIENTED_EDGE('',*,*,#2375,.F.);
#2811 = ORIENTED_EDGE('',*,*,#2536,.F.);
#2812 = ADVANCED_FACE('',(#2813),#2604,.F.);
#2813 = FACE_BOUND('',#2814,.F.);
#2814 = EDGE_LOOP('',(#2815,#2816,#2817,#2818));
#2815 = ORIENTED_EDGE('',*,*,#2720,.T.);
#2816 = ORIENTED_EDGE('',*,*,#2668,.T.);
#2817 = ORIENTED_EDGE('',*,*,#2588,.F.);
#2818 = ORIENTED_EDGE('',*,*,#2749,.F.);
#2819 = ( GEOMETRIC_REPRESENTATION_CONTEXT(3) 
GLOBAL_UNCERTAINTY_ASSIGNED_CONTEXT((#2823)) 
GLOBAL_UNIT_ASSIGNED_CONTEXT((#2820,#2821,#2822)) REPRESENTATION_CONTEXT
('Context #1','3D Context with UNIT and UNCERTAINTY') );
#2820 = ( LENGTH_UNIT() NAMED_UNIT(*) SI_UNIT(.MILLI.,.METRE.) );
#2821 = ( NAMED_UNIT(*) PLANE_ANGLE_UNIT() SI_UNIT($,.RADIAN.) );
#2822 = ( NAMED_UNIT(*) SI_UNIT($,.STERADIAN.) SOLID_ANGLE_UNIT() );
#2823 = UNCERTAINTY_MEASURE_WITH_UNIT(LENGTH_MEASURE(2.E-06),#2820,
  'distance_accuracy_value','confusion accuracy');
#2824 = PRODUCT_RELATED_PRODUCT_CATEGORY('part',$,(#7));
#2825 = MECHANICAL_DESIGN_GEOMETRIC_PRESENTATION_REPRESENTATION('',(
    #2826,#2839,#2848,#2857,#2866,#2876,#2885,#2894,#2903,#2912,#2921,
    #2930,#2939,#2948,#2957,#2967,#2976,#2985,#2994,#3003,#3012,#3021,
    #3030,#3039,#3048,#3057,#3066,#3075,#3084,#3093,#3102,#3111,#3120,
    #3129,#3138,#3147,#3156,#3165,#3174,#3183,#3192,#3201,#3210,#3219,
    #3228),#2819);
#2826 = STYLED_ITEM('color',(#2827),#15);
#2827 = PRESENTATION_STYLE_ASSIGNMENT((#2828,#2836));
#2828 = SURFACE_STYLE_USAGE(.BOTH.,#2829);
#2829 = SURFACE_SIDE_STYLE('',(#2830,#2834));
#2830 = SURFACE_STYLE_FILL_AREA(#2831);
#2831 = FILL_AREA_STYLE('',(#2832));
#2832 = FILL_AREA_STYLE_COLOUR('',#2833);
#2833 = COLOUR_RGB('',5.098040245156E-02,0.12548999257,7.05882030422E-02
  );
#2834 = SURFACE_STYLE_RENDERING_WITH_PROPERTIES(.NORMAL_SHADING.,#2833,(
    #2835));
#2835 = SURFACE_STYLE_TRANSPARENT(0.899999976158);
#2836 = CURVE_STYLE('',#2837,POSITIVE_LENGTH_MEASURE(0.1),#2838);
#2837 = DRAUGHTING_PRE_DEFINED_CURVE_FONT('continuous');
#2838 = COLOUR_RGB('',9.803921802644E-02,9.803921802644E-02,
  9.803921802644E-02);
#2839 = OVER_RIDING_STYLED_ITEM('overriding color',(#2840),#17,#2826);
#2840 = PRESENTATION_STYLE_ASSIGNMENT((#2841));
#2841 = SURFACE_STYLE_USAGE(.BOTH.,#2842);
#2842 = SURFACE_SIDE_STYLE('',(#2843,#2846));
#2843 = SURFACE_STYLE_FILL_AREA(#2844);
#2844 = FILL_AREA_STYLE('',(#2845));
#2845 = FILL_AREA_STYLE_COLOUR('',#2833);
#2846 = SURFACE_STYLE_RENDERING_WITH_PROPERTIES(.NORMAL_SHADING.,#2833,(
    #2847));
#2847 = SURFACE_STYLE_TRANSPARENT(1.);
#2848 = OVER_RIDING_STYLED_ITEM('overriding color',(#2849),#109,#2826);
#2849 = PRESENTATION_STYLE_ASSIGNMENT((#2850));
#2850 = SURFACE_STYLE_USAGE(.BOTH.,#2851);
#2851 = SURFACE_SIDE_STYLE('',(#2852,#2855));
#2852 = SURFACE_STYLE_FILL_AREA(#2853);
#2853 = FILL_AREA_STYLE('',(#2854));
#2854 = FILL_AREA_STYLE_COLOUR('',#2833);
#2855 = SURFACE_STYLE_RENDERING_WITH_PROPERTIES(.NORMAL_SHADING.,#2833,(
    #2856));
#2856 = SURFACE_STYLE_TRANSPARENT(1.);
#2857 = OVER_RIDING_STYLED_ITEM('overriding color',(#2858),#165,#2826);
#2858 = PRESENTATION_STYLE_ASSIGNMENT((#2859));
#2859 = SURFACE_STYLE_USAGE(.BOTH.,#2860);
#2860 = SURFACE_SIDE_STYLE('',(#2861,#2864));
#2861 = SURFACE_STYLE_FILL_AREA(#2862);
#2862 = FILL_AREA_STYLE('',(#2863));
#2863 = FILL_AREA_STYLE_COLOUR('',#2833);
#2864 = SURFACE_STYLE_RENDERING_WITH_PROPERTIES(.NORMAL_SHADING.,#2833,(
    #2865));
#2865 = SURFACE_STYLE_TRANSPARENT(1.);
#2866 = OVER_RIDING_STYLED_ITEM('overriding color',(#2867),#327,#2826);
#2867 = PRESENTATION_STYLE_ASSIGNMENT((#2868));
#2868 = SURFACE_STYLE_USAGE(.BOTH.,#2869);
#2869 = SURFACE_SIDE_STYLE('',(#2870,#2874));
#2870 = SURFACE_STYLE_FILL_AREA(#2871);
#2871 = FILL_AREA_STYLE('',(#2872));
#2872 = FILL_AREA_STYLE_COLOUR('',#2873);
#2873 = COLOUR_RGB('',0.364706011816,9.80391996994E-02,0.368627014454);
#2874 = SURFACE_STYLE_RENDERING_WITH_PROPERTIES(.NORMAL_SHADING.,#2873,(
    #2875));
#2875 = SURFACE_STYLE_TRANSPARENT(1.);
#2876 = OVER_RIDING_STYLED_ITEM('overriding color',(#2877),#403,#2826);
#2877 = PRESENTATION_STYLE_ASSIGNMENT((#2878));
#2878 = SURFACE_STYLE_USAGE(.BOTH.,#2879);
#2879 = SURFACE_SIDE_STYLE('',(#2880,#2883));
#2880 = SURFACE_STYLE_FILL_AREA(#2881);
#2881 = FILL_AREA_STYLE('',(#2882));
#2882 = FILL_AREA_STYLE_COLOUR('',#2873);
#2883 = SURFACE_STYLE_RENDERING_WITH_PROPERTIES(.NORMAL_SHADING.,#2873,(
    #2884));
#2884 = SURFACE_STYLE_TRANSPARENT(1.);
#2885 = OVER_RIDING_STYLED_ITEM('overriding color',(#2886),#452,#2826);
#2886 = PRESENTATION_STYLE_ASSIGNMENT((#2887));
#2887 = SURFACE_STYLE_USAGE(.BOTH.,#2888);
#2888 = SURFACE_SIDE_STYLE('',(#2889,#2892));
#2889 = SURFACE_STYLE_FILL_AREA(#2890);
#2890 = FILL_AREA_STYLE('',(#2891));
#2891 = FILL_AREA_STYLE_COLOUR('',#2873);
#2892 = SURFACE_STYLE_RENDERING_WITH_PROPERTIES(.NORMAL_SHADING.,#2873,(
    #2893));
#2893 = SURFACE_STYLE_TRANSPARENT(1.);
#2894 = OVER_RIDING_STYLED_ITEM('overriding color',(#2895),#501,#2826);
#2895 = PRESENTATION_STYLE_ASSIGNMENT((#2896));
#2896 = SURFACE_STYLE_USAGE(.BOTH.,#2897);
#2897 = SURFACE_SIDE_STYLE('',(#2898,#2901));
#2898 = SURFACE_STYLE_FILL_AREA(#2899);
#2899 = FILL_AREA_STYLE('',(#2900));
#2900 = FILL_AREA_STYLE_COLOUR('',#2873);
#2901 = SURFACE_STYLE_RENDERING_WITH_PROPERTIES(.NORMAL_SHADING.,#2873,(
    #2902));
#2902 = SURFACE_STYLE_TRANSPARENT(1.);
#2903 = OVER_RIDING_STYLED_ITEM('overriding color',(#2904),#550,#2826);
#2904 = PRESENTATION_STYLE_ASSIGNMENT((#2905));
#2905 = SURFACE_STYLE_USAGE(.BOTH.,#2906);
#2906 = SURFACE_SIDE_STYLE('',(#2907,#2910));
#2907 = SURFACE_STYLE_FILL_AREA(#2908);
#2908 = FILL_AREA_STYLE('',(#2909));
#2909 = FILL_AREA_STYLE_COLOUR('',#2873);
#2910 = SURFACE_STYLE_RENDERING_WITH_PROPERTIES(.NORMAL_SHADING.,#2873,(
    #2911));
#2911 = SURFACE_STYLE_TRANSPARENT(1.);
#2912 = OVER_RIDING_STYLED_ITEM('overriding color',(#2913),#599,#2826);
#2913 = PRESENTATION_STYLE_ASSIGNMENT((#2914));
#2914 = SURFACE_STYLE_USAGE(.BOTH.,#2915);
#2915 = SURFACE_SIDE_STYLE('',(#2916,#2919));
#2916 = SURFACE_STYLE_FILL_AREA(#2917);
#2917 = FILL_AREA_STYLE('',(#2918));
#2918 = FILL_AREA_STYLE_COLOUR('',#2873);
#2919 = SURFACE_STYLE_RENDERING_WITH_PROPERTIES(.NORMAL_SHADING.,#2873,(
    #2920));
#2920 = SURFACE_STYLE_TRANSPARENT(1.);
#2921 = OVER_RIDING_STYLED_ITEM('overriding color',(#2922),#626,#2826);
#2922 = PRESENTATION_STYLE_ASSIGNMENT((#2923));
#2923 = SURFACE_STYLE_USAGE(.BOTH.,#2924);
#2924 = SURFACE_SIDE_STYLE('',(#2925,#2928));
#2925 = SURFACE_STYLE_FILL_AREA(#2926);
#2926 = FILL_AREA_STYLE('',(#2927));
#2927 = FILL_AREA_STYLE_COLOUR('',#2873);
#2928 = SURFACE_STYLE_RENDERING_WITH_PROPERTIES(.NORMAL_SHADING.,#2873,(
    #2929));
#2929 = SURFACE_STYLE_TRANSPARENT(1.);
#2930 = OVER_RIDING_STYLED_ITEM('overriding color',(#2931),#635,#2826);
#2931 = PRESENTATION_STYLE_ASSIGNMENT((#2932));
#2932 = SURFACE_STYLE_USAGE(.BOTH.,#2933);
#2933 = SURFACE_SIDE_STYLE('',(#2934,#2937));
#2934 = SURFACE_STYLE_FILL_AREA(#2935);
#2935 = FILL_AREA_STYLE('',(#2936));
#2936 = FILL_AREA_STYLE_COLOUR('',#2833);
#2937 = SURFACE_STYLE_RENDERING_WITH_PROPERTIES(.NORMAL_SHADING.,#2833,(
    #2938));
#2938 = SURFACE_STYLE_TRANSPARENT(1.);
#2939 = OVER_RIDING_STYLED_ITEM('overriding color',(#2940),#670,#2826);
#2940 = PRESENTATION_STYLE_ASSIGNMENT((#2941));
#2941 = SURFACE_STYLE_USAGE(.BOTH.,#2942);
#2942 = SURFACE_SIDE_STYLE('',(#2943,#2946));
#2943 = SURFACE_STYLE_FILL_AREA(#2944);
#2944 = FILL_AREA_STYLE('',(#2945));
#2945 = FILL_AREA_STYLE_COLOUR('',#2833);
#2946 = SURFACE_STYLE_RENDERING_WITH_PROPERTIES(.NORMAL_SHADING.,#2833,(
    #2947));
#2947 = SURFACE_STYLE_TRANSPARENT(1.);
#2948 = OVER_RIDING_STYLED_ITEM('overriding color',(#2949),#1401,#2826);
#2949 = PRESENTATION_STYLE_ASSIGNMENT((#2950));
#2950 = SURFACE_STYLE_USAGE(.BOTH.,#2951);
#2951 = SURFACE_SIDE_STYLE('',(#2952,#2955));
#2952 = SURFACE_STYLE_FILL_AREA(#2953);
#2953 = FILL_AREA_STYLE('',(#2954));
#2954 = FILL_AREA_STYLE_COLOUR('',#2833);
#2955 = SURFACE_STYLE_RENDERING_WITH_PROPERTIES(.NORMAL_SHADING.,#2833,(
    #2956));
#2956 = SURFACE_STYLE_TRANSPARENT(1.);
#2957 = OVER_RIDING_STYLED_ITEM('overriding color',(#2958),#1495,#2826);
#2958 = PRESENTATION_STYLE_ASSIGNMENT((#2959));
#2959 = SURFACE_STYLE_USAGE(.BOTH.,#2960);
#2960 = SURFACE_SIDE_STYLE('',(#2961,#2965));
#2961 = SURFACE_STYLE_FILL_AREA(#2962);
#2962 = FILL_AREA_STYLE('',(#2963));
#2963 = FILL_AREA_STYLE_COLOUR('',#2964);
#2964 = COLOUR_RGB('',7.05882030422E-02,0.19215700297,0.243136999339);
#2965 = SURFACE_STYLE_RENDERING_WITH_PROPERTIES(.NORMAL_SHADING.,#2964,(
    #2966));
#2966 = SURFACE_STYLE_TRANSPARENT(1.);
#2967 = OVER_RIDING_STYLED_ITEM('overriding color',(#2968),#1575,#2826);
#2968 = PRESENTATION_STYLE_ASSIGNMENT((#2969));
#2969 = SURFACE_STYLE_USAGE(.BOTH.,#2970);
#2970 = SURFACE_SIDE_STYLE('',(#2971,#2974));
#2971 = SURFACE_STYLE_FILL_AREA(#2972);
#2972 = FILL_AREA_STYLE('',(#2973));
#2973 = FILL_AREA_STYLE_COLOUR('',#2964);
#2974 = SURFACE_STYLE_RENDERING_WITH_PROPERTIES(.NORMAL_SHADING.,#2964,(
    #2975));
#2975 = SURFACE_STYLE_TRANSPARENT(1.);
#2976 = OVER_RIDING_STYLED_ITEM('overriding color',(#2977),#1628,#2826);
#2977 = PRESENTATION_STYLE_ASSIGNMENT((#2978));
#2978 = SURFACE_STYLE_USAGE(.BOTH.,#2979);
#2979 = SURFACE_SIDE_STYLE('',(#2980,#2983));
#2980 = SURFACE_STYLE_FILL_AREA(#2981);
#2981 = FILL_AREA_STYLE('',(#2982));
#2982 = FILL_AREA_STYLE_COLOUR('',#2964);
#2983 = SURFACE_STYLE_RENDERING_WITH_PROPERTIES(.NORMAL_SHADING.,#2964,(
    #2984));
#2984 = SURFACE_STYLE_TRANSPARENT(1.);
#2985 = OVER_RIDING_STYLED_ITEM('overriding color',(#2986),#1677,#2826);
#2986 = PRESENTATION_STYLE_ASSIGNMENT((#2987));
#2987 = SURFACE_STYLE_USAGE(.BOTH.,#2988);
#2988 = SURFACE_SIDE_STYLE('',(#2989,#2992));
#2989 = SURFACE_STYLE_FILL_AREA(#2990);
#2990 = FILL_AREA_STYLE('',(#2991));
#2991 = FILL_AREA_STYLE_COLOUR('',#2964);
#2992 = SURFACE_STYLE_RENDERING_WITH_PROPERTIES(.NORMAL_SHADING.,#2964,(
    #2993));
#2993 = SURFACE_STYLE_TRANSPARENT(1.);
#2994 = OVER_RIDING_STYLED_ITEM('overriding color',(#2995),#1708,#2826);
#2995 = PRESENTATION_STYLE_ASSIGNMENT((#2996));
#2996 = SURFACE_STYLE_USAGE(.BOTH.,#2997);
#2997 = SURFACE_SIDE_STYLE('',(#2998,#3001));
#2998 = SURFACE_STYLE_FILL_AREA(#2999);
#2999 = FILL_AREA_STYLE('',(#3000));
#3000 = FILL_AREA_STYLE_COLOUR('',#2964);
#3001 = SURFACE_STYLE_RENDERING_WITH_PROPERTIES(.NORMAL_SHADING.,#2964,(
    #3002));
#3002 = SURFACE_STYLE_TRANSPARENT(1.);
#3003 = OVER_RIDING_STYLED_ITEM('overriding color',(#3004),#1788,#2826);
#3004 = PRESENTATION_STYLE_ASSIGNMENT((#3005));
#3005 = SURFACE_STYLE_USAGE(.BOTH.,#3006);
#3006 = SURFACE_SIDE_STYLE('',(#3007,#3010));
#3007 = SURFACE_STYLE_FILL_AREA(#3008);
#3008 = FILL_AREA_STYLE('',(#3009));
#3009 = FILL_AREA_STYLE_COLOUR('',#2964);
#3010 = SURFACE_STYLE_RENDERING_WITH_PROPERTIES(.NORMAL_SHADING.,#2964,(
    #3011));
#3011 = SURFACE_STYLE_TRANSPARENT(1.);
#3012 = OVER_RIDING_STYLED_ITEM('overriding color',(#3013),#1841,#2826);
#3013 = PRESENTATION_STYLE_ASSIGNMENT((#3014));
#3014 = SURFACE_STYLE_USAGE(.BOTH.,#3015);
#3015 = SURFACE_SIDE_STYLE('',(#3016,#3019));
#3016 = SURFACE_STYLE_FILL_AREA(#3017);
#3017 = FILL_AREA_STYLE('',(#3018));
#3018 = FILL_AREA_STYLE_COLOUR('',#2964);
#3019 = SURFACE_STYLE_RENDERING_WITH_PROPERTIES(.NORMAL_SHADING.,#2964,(
    #3020));
#3020 = SURFACE_STYLE_TRANSPARENT(1.);
#3021 = OVER_RIDING_STYLED_ITEM('overriding color',(#3022),#1890,#2826);
#3022 = PRESENTATION_STYLE_ASSIGNMENT((#3023));
#3023 = SURFACE_STYLE_USAGE(.BOTH.,#3024);
#3024 = SURFACE_SIDE_STYLE('',(#3025,#3028));
#3025 = SURFACE_STYLE_FILL_AREA(#3026);
#3026 = FILL_AREA_STYLE('',(#3027));
#3027 = FILL_AREA_STYLE_COLOUR('',#2964);
#3028 = SURFACE_STYLE_RENDERING_WITH_PROPERTIES(.NORMAL_SHADING.,#2964,(
    #3029));
#3029 = SURFACE_STYLE_TRANSPARENT(1.);
#3030 = OVER_RIDING_STYLED_ITEM('overriding color',(#3031),#1921,#2826);
#3031 = PRESENTATION_STYLE_ASSIGNMENT((#3032));
#3032 = SURFACE_STYLE_USAGE(.BOTH.,#3033);
#3033 = SURFACE_SIDE_STYLE('',(#3034,#3037));
#3034 = SURFACE_STYLE_FILL_AREA(#3035);
#3035 = FILL_AREA_STYLE('',(#3036));
#3036 = FILL_AREA_STYLE_COLOUR('',#2964);
#3037 = SURFACE_STYLE_RENDERING_WITH_PROPERTIES(.NORMAL_SHADING.,#2964,(
    #3038));
#3038 = SURFACE_STYLE_TRANSPARENT(1.);
#3039 = OVER_RIDING_STYLED_ITEM('overriding color',(#3040),#2001,#2826);
#3040 = PRESENTATION_STYLE_ASSIGNMENT((#3041));
#3041 = SURFACE_STYLE_USAGE(.BOTH.,#3042);
#3042 = SURFACE_SIDE_STYLE('',(#3043,#3046));
#3043 = SURFACE_STYLE_FILL_AREA(#3044);
#3044 = FILL_AREA_STYLE('',(#3045));
#3045 = FILL_AREA_STYLE_COLOUR('',#2964);
#3046 = SURFACE_STYLE_RENDERING_WITH_PROPERTIES(.NORMAL_SHADING.,#2964,(
    #3047));
#3047 = SURFACE_STYLE_TRANSPARENT(1.);
#3048 = OVER_RIDING_STYLED_ITEM('overriding color',(#3049),#2054,#2826);
#3049 = PRESENTATION_STYLE_ASSIGNMENT((#3050));
#3050 = SURFACE_STYLE_USAGE(.BOTH.,#3051);
#3051 = SURFACE_SIDE_STYLE('',(#3052,#3055));
#3052 = SURFACE_STYLE_FILL_AREA(#3053);
#3053 = FILL_AREA_STYLE('',(#3054));
#3054 = FILL_AREA_STYLE_COLOUR('',#2964);
#3055 = SURFACE_STYLE_RENDERING_WITH_PROPERTIES(.NORMAL_SHADING.,#2964,(
    #3056));
#3056 = SURFACE_STYLE_TRANSPARENT(1.);
#3057 = OVER_RIDING_STYLED_ITEM('overriding color',(#3058),#2103,#2826);
#3058 = PRESENTATION_STYLE_ASSIGNMENT((#3059));
#3059 = SURFACE_STYLE_USAGE(.BOTH.,#3060);
#3060 = SURFACE_SIDE_STYLE('',(#3061,#3064));
#3061 = SURFACE_STYLE_FILL_AREA(#3062);
#3062 = FILL_AREA_STYLE('',(#3063));
#3063 = FILL_AREA_STYLE_COLOUR('',#2964);
#3064 = SURFACE_STYLE_RENDERING_WITH_PROPERTIES(.NORMAL_SHADING.,#2964,(
    #3065));
#3065 = SURFACE_STYLE_TRANSPARENT(1.);
#3066 = OVER_RIDING_STYLED_ITEM('overriding color',(#3067),#2134,#2826);
#3067 = PRESENTATION_STYLE_ASSIGNMENT((#3068));
#3068 = SURFACE_STYLE_USAGE(.BOTH.,#3069);
#3069 = SURFACE_SIDE_STYLE('',(#3070,#3073));
#3070 = SURFACE_STYLE_FILL_AREA(#3071);
#3071 = FILL_AREA_STYLE('',(#3072));
#3072 = FILL_AREA_STYLE_COLOUR('',#2964);
#3073 = SURFACE_STYLE_RENDERING_WITH_PROPERTIES(.NORMAL_SHADING.,#2964,(
    #3074));
#3074 = SURFACE_STYLE_TRANSPARENT(1.);
#3075 = OVER_RIDING_STYLED_ITEM('overriding color',(#3076),#2214,#2826);
#3076 = PRESENTATION_STYLE_ASSIGNMENT((#3077));
#3077 = SURFACE_STYLE_USAGE(.BOTH.,#3078);
#3078 = SURFACE_SIDE_STYLE('',(#3079,#3082));
#3079 = SURFACE_STYLE_FILL_AREA(#3080);
#3080 = FILL_AREA_STYLE('',(#3081));
#3081 = FILL_AREA_STYLE_COLOUR('',#2964);
#3082 = SURFACE_STYLE_RENDERING_WITH_PROPERTIES(.NORMAL_SHADING.,#2964,(
    #3083));
#3083 = SURFACE_STYLE_TRANSPARENT(1.);
#3084 = OVER_RIDING_STYLED_ITEM('overriding color',(#3085),#2267,#2826);
#3085 = PRESENTATION_STYLE_ASSIGNMENT((#3086));
#3086 = SURFACE_STYLE_USAGE(.BOTH.,#3087);
#3087 = SURFACE_SIDE_STYLE('',(#3088,#3091));
#3088 = SURFACE_STYLE_FILL_AREA(#3089);
#3089 = FILL_AREA_STYLE('',(#3090));
#3090 = FILL_AREA_STYLE_COLOUR('',#2964);
#3091 = SURFACE_STYLE_RENDERING_WITH_PROPERTIES(.NORMAL_SHADING.,#2964,(
    #3092));
#3092 = SURFACE_STYLE_TRANSPARENT(1.);
#3093 = OVER_RIDING_STYLED_ITEM('overriding color',(#3094),#2316,#2826);
#3094 = PRESENTATION_STYLE_ASSIGNMENT((#3095));
#3095 = SURFACE_STYLE_USAGE(.BOTH.,#3096);
#3096 = SURFACE_SIDE_STYLE('',(#3097,#3100));
#3097 = SURFACE_STYLE_FILL_AREA(#3098);
#3098 = FILL_AREA_STYLE('',(#3099));
#3099 = FILL_AREA_STYLE_COLOUR('',#2964);
#3100 = SURFACE_STYLE_RENDERING_WITH_PROPERTIES(.NORMAL_SHADING.,#2964,(
    #3101));
#3101 = SURFACE_STYLE_TRANSPARENT(1.);
#3102 = OVER_RIDING_STYLED_ITEM('overriding color',(#3103),#2347,#2826);
#3103 = PRESENTATION_STYLE_ASSIGNMENT((#3104));
#3104 = SURFACE_STYLE_USAGE(.BOTH.,#3105);
#3105 = SURFACE_SIDE_STYLE('',(#3106,#3109));
#3106 = SURFACE_STYLE_FILL_AREA(#3107);
#3107 = FILL_AREA_STYLE('',(#3108));
#3108 = FILL_AREA_STYLE_COLOUR('',#2964);
#3109 = SURFACE_STYLE_RENDERING_WITH_PROPERTIES(.NORMAL_SHADING.,#2964,(
    #3110));
#3110 = SURFACE_STYLE_TRANSPARENT(1.);
#3111 = OVER_RIDING_STYLED_ITEM('overriding color',(#3112),#2427,#2826);
#3112 = PRESENTATION_STYLE_ASSIGNMENT((#3113));
#3113 = SURFACE_STYLE_USAGE(.BOTH.,#3114);
#3114 = SURFACE_SIDE_STYLE('',(#3115,#3118));
#3115 = SURFACE_STYLE_FILL_AREA(#3116);
#3116 = FILL_AREA_STYLE('',(#3117));
#3117 = FILL_AREA_STYLE_COLOUR('',#2964);
#3118 = SURFACE_STYLE_RENDERING_WITH_PROPERTIES(.NORMAL_SHADING.,#2964,(
    #3119));
#3119 = SURFACE_STYLE_TRANSPARENT(1.);
#3120 = OVER_RIDING_STYLED_ITEM('overriding color',(#3121),#2480,#2826);
#3121 = PRESENTATION_STYLE_ASSIGNMENT((#3122));
#3122 = SURFACE_STYLE_USAGE(.BOTH.,#3123);
#3123 = SURFACE_SIDE_STYLE('',(#3124,#3127));
#3124 = SURFACE_STYLE_FILL_AREA(#3125);
#3125 = FILL_AREA_STYLE('',(#3126));
#3126 = FILL_AREA_STYLE_COLOUR('',#2964);
#3127 = SURFACE_STYLE_RENDERING_WITH_PROPERTIES(.NORMAL_SHADING.,#2964,(
    #3128));
#3128 = SURFACE_STYLE_TRANSPARENT(1.);
#3129 = OVER_RIDING_STYLED_ITEM('overriding color',(#3130),#2529,#2826);
#3130 = PRESENTATION_STYLE_ASSIGNMENT((#3131));
#3131 = SURFACE_STYLE_USAGE(.BOTH.,#3132);
#3132 = SURFACE_SIDE_STYLE('',(#3133,#3136));
#3133 = SURFACE_STYLE_FILL_AREA(#3134);
#3134 = FILL_AREA_STYLE('',(#3135));
#3135 = FILL_AREA_STYLE_COLOUR('',#2964);
#3136 = SURFACE_STYLE_RENDERING_WITH_PROPERTIES(.NORMAL_SHADING.,#2964,(
    #3137));
#3137 = SURFACE_STYLE_TRANSPARENT(1.);
#3138 = OVER_RIDING_STYLED_ITEM('overriding color',(#3139),#2560,#2826);
#3139 = PRESENTATION_STYLE_ASSIGNMENT((#3140));
#3140 = SURFACE_STYLE_USAGE(.BOTH.,#3141);
#3141 = SURFACE_SIDE_STYLE('',(#3142,#3145));
#3142 = SURFACE_STYLE_FILL_AREA(#3143);
#3143 = FILL_AREA_STYLE('',(#3144));
#3144 = FILL_AREA_STYLE_COLOUR('',#2964);
#3145 = SURFACE_STYLE_RENDERING_WITH_PROPERTIES(.NORMAL_SHADING.,#2964,(
    #3146));
#3146 = SURFACE_STYLE_TRANSPARENT(1.);
#3147 = OVER_RIDING_STYLED_ITEM('overriding color',(#3148),#2640,#2826);
#3148 = PRESENTATION_STYLE_ASSIGNMENT((#3149));
#3149 = SURFACE_STYLE_USAGE(.BOTH.,#3150);
#3150 = SURFACE_SIDE_STYLE('',(#3151,#3154));
#3151 = SURFACE_STYLE_FILL_AREA(#3152);
#3152 = FILL_AREA_STYLE('',(#3153));
#3153 = FILL_AREA_STYLE_COLOUR('',#2964);
#3154 = SURFACE_STYLE_RENDERING_WITH_PROPERTIES(.NORMAL_SHADING.,#2964,(
    #3155));
#3155 = SURFACE_STYLE_TRANSPARENT(1.);
#3156 = OVER_RIDING_STYLED_ITEM('overriding color',(#3157),#2693,#2826);
#3157 = PRESENTATION_STYLE_ASSIGNMENT((#3158));
#3158 = SURFACE_STYLE_USAGE(.BOTH.,#3159);
#3159 = SURFACE_SIDE_STYLE('',(#3160,#3163));
#3160 = SURFACE_STYLE_FILL_AREA(#3161);
#3161 = FILL_AREA_STYLE('',(#3162));
#3162 = FILL_AREA_STYLE_COLOUR('',#2964);
#3163 = SURFACE_STYLE_RENDERING_WITH_PROPERTIES(.NORMAL_SHADING.,#2964,(
    #3164));
#3164 = SURFACE_STYLE_TRANSPARENT(1.);
#3165 = OVER_RIDING_STYLED_ITEM('overriding color',(#3166),#2742,#2826);
#3166 = PRESENTATION_STYLE_ASSIGNMENT((#3167));
#3167 = SURFACE_STYLE_USAGE(.BOTH.,#3168);
#3168 = SURFACE_SIDE_STYLE('',(#3169,#3172));
#3169 = SURFACE_STYLE_FILL_AREA(#3170);
#3170 = FILL_AREA_STYLE('',(#3171));
#3171 = FILL_AREA_STYLE_COLOUR('',#2964);
#3172 = SURFACE_STYLE_RENDERING_WITH_PROPERTIES(.NORMAL_SHADING.,#2964,(
    #3173));
#3173 = SURFACE_STYLE_TRANSPARENT(1.);
#3174 = OVER_RIDING_STYLED_ITEM('overriding color',(#3175),#2773,#2826);
#3175 = PRESENTATION_STYLE_ASSIGNMENT((#3176));
#3176 = SURFACE_STYLE_USAGE(.BOTH.,#3177);
#3177 = SURFACE_SIDE_STYLE('',(#3178,#3181));
#3178 = SURFACE_STYLE_FILL_AREA(#3179);
#3179 = FILL_AREA_STYLE('',(#3180));
#3180 = FILL_AREA_STYLE_COLOUR('',#2873);
#3181 = SURFACE_STYLE_RENDERING_WITH_PROPERTIES(.NORMAL_SHADING.,#2873,(
    #3182));
#3182 = SURFACE_STYLE_TRANSPARENT(1.);
#3183 = OVER_RIDING_STYLED_ITEM('overriding color',(#3184),#2777,#2826);
#3184 = PRESENTATION_STYLE_ASSIGNMENT((#3185));
#3185 = SURFACE_STYLE_USAGE(.BOTH.,#3186);
#3186 = SURFACE_SIDE_STYLE('',(#3187,#3190));
#3187 = SURFACE_STYLE_FILL_AREA(#3188);
#3188 = FILL_AREA_STYLE('',(#3189));
#3189 = FILL_AREA_STYLE_COLOUR('',#2964);
#3190 = SURFACE_STYLE_RENDERING_WITH_PROPERTIES(.NORMAL_SHADING.,#2964,(
    #3191));
#3191 = SURFACE_STYLE_TRANSPARENT(1.);
#3192 = OVER_RIDING_STYLED_ITEM('overriding color',(#3193),#2784,#2826);
#3193 = PRESENTATION_STYLE_ASSIGNMENT((#3194));
#3194 = SURFACE_STYLE_USAGE(.BOTH.,#3195);
#3195 = SURFACE_SIDE_STYLE('',(#3196,#3199));
#3196 = SURFACE_STYLE_FILL_AREA(#3197);
#3197 = FILL_AREA_STYLE('',(#3198));
#3198 = FILL_AREA_STYLE_COLOUR('',#2964);
#3199 = SURFACE_STYLE_RENDERING_WITH_PROPERTIES(.NORMAL_SHADING.,#2964,(
    #3200));
#3200 = SURFACE_STYLE_TRANSPARENT(1.);
#3201 = OVER_RIDING_STYLED_ITEM('overriding color',(#3202),#2791,#2826);
#3202 = PRESENTATION_STYLE_ASSIGNMENT((#3203));
#3203 = SURFACE_STYLE_USAGE(.BOTH.,#3204);
#3204 = SURFACE_SIDE_STYLE('',(#3205,#3208));
#3205 = SURFACE_STYLE_FILL_AREA(#3206);
#3206 = FILL_AREA_STYLE('',(#3207));
#3207 = FILL_AREA_STYLE_COLOUR('',#2964);
#3208 = SURFACE_STYLE_RENDERING_WITH_PROPERTIES(.NORMAL_SHADING.,#2964,(
    #3209));
#3209 = SURFACE_STYLE_TRANSPARENT(1.);
#3210 = OVER_RIDING_STYLED_ITEM('overriding color',(#3211),#2798,#2826);
#3211 = PRESENTATION_STYLE_ASSIGNMENT((#3212));
#3212 = SURFACE_STYLE_USAGE(.BOTH.,#3213);
#3213 = SURFACE_SIDE_STYLE('',(#3214,#3217));
#3214 = SURFACE_STYLE_FILL_AREA(#3215);
#3215 = FILL_AREA_STYLE('',(#3216));
#3216 = FILL_AREA_STYLE_COLOUR('',#2964);
#3217 = SURFACE_STYLE_RENDERING_WITH_PROPERTIES(.NORMAL_SHADING.,#2964,(
    #3218));
#3218 = SURFACE_STYLE_TRANSPARENT(1.);
#3219 = OVER_RIDING_STYLED_ITEM('overriding color',(#3220),#2805,#2826);
#3220 = PRESENTATION_STYLE_ASSIGNMENT((#3221));
#3221 = SURFACE_STYLE_USAGE(.BOTH.,#3222);
#3222 = SURFACE_SIDE_STYLE('',(#3223,#3226));
#3223 = SURFACE_STYLE_FILL_AREA(#3224);
#3224 = FILL_AREA_STYLE('',(#3225));
#3225 = FILL_AREA_STYLE_COLOUR('',#2964);
#3226 = SURFACE_STYLE_RENDERING_WITH_PROPERTIES(.NORMAL_SHADING.,#2964,(
    #3227));
#3227 = SURFACE_STYLE_TRANSPARENT(1.);
#3228 = OVER_RIDING_STYLED_ITEM('overriding color',(#3229),#2812,#2826);
#3229 = PRESENTATION_STYLE_ASSIGNMENT((#3230));
#3230 = SURFACE_STYLE_USAGE(.BOTH.,#3231);
#3231 = SURFACE_SIDE_STYLE('',(#3232,#3235));
#3232 = SURFACE_STYLE_FILL_AREA(#3233);
#3233 = FILL_AREA_STYLE('',(#3234));
#3234 = FILL_AREA_STYLE_COLOUR('',#2964);
#3235 = SURFACE_STYLE_RENDERING_WITH_PROPERTIES(.NORMAL_SHADING.,#2964,(
    #3236));
#3236 = SURFACE_STYLE_TRANSPARENT(1.);
ENDSEC;
END-ISO-10303-21;
