ISO-10303-21;
HEADER;
FILE_DESCRIPTION(('FreeCAD Model'),'2;1');
FILE_NAME('Open CASCADE Shape Model','2025-12-14T07:57:22',(''),(''),
  'Open CASCADE STEP processor 7.8','FreeCAD','Unknown');
FILE_SCHEMA(('AUTOMOTIVE_DESIGN { 1 0 10303 214 1 1 1 1 }'));
ENDSEC;
DATA;
#1 = APPLICATION_PROTOCOL_DEFINITION('international standard',
  'automotive_design',2000,#2);
#2 = APPLICATION_CONTEXT(
  'core data for automotive mechanical design processes');
#3 = SHAPE_DEFINITION_REPRESENTATION(#4,#10);
#4 = PRODUCT_DEFINITION_SHAPE('','',#5);
#5 = PRODUCT_DEFINITION('design','',#6,#9);
#6 = PRODUCT_DEFINITION_FORMATION('','',#7);
#7 = PRODUCT('jig','jig','',(#8));
#8 = PRODUCT_CONTEXT('',#2,'mechanical');
#9 = PRODUCT_DEFINITION_CONTEXT('part definition',#2,'design');
#10 = ADVANCED_BREP_SHAPE_REPRESENTATION('',(#11,#15),#9023);
#11 = AXIS2_PLACEMENT_3D('',#12,#13,#14);
#12 = CARTESIAN_POINT('',(0.,0.,0.));
#13 = DIRECTION('',(0.,0.,1.));
#14 = DIRECTION('',(1.,0.,-0.));
#15 = MANIFOLD_SOLID_BREP('',#16);
#16 = CLOSED_SHELL('',(#17,#1415,#1523,#1629,#1994,#2098,#2150,#2467,
    #2499,#2531,#2563,#2615,#2692,#3052,#3157,#3239,#3513,#3574,#3635,
    #3696,#3755,#4151,#4183,#4215,#4521,#4627,#5355,#5416,#5477,#5538,
    #5644,#5847,#5906,#5913,#6148,#6538,#6618,#6694,#6743,#6792,#6861,
    #6910,#6990,#7066,#7115,#7164,#7211,#7217,#7222,#7227,#7232,#7238,
    #7318,#7394,#7443,#7492,#7561,#7610,#7690,#7766,#7815,#7864,#7911,
    #7918,#7924,#7930,#7936,#7966,#7995,#8042,#8071,#8102,#8133,#8204,
    #8233,#8266,#8293,#8322,#8355,#8387,#8419,#8451,#8502,#8532,#8559,
    #8586,#8613,#8640,#8667,#8694,#8721,#8748,#8775,#8801,#8829,#8837,
    #8863,#8891,#8899,#8925,#8953,#8961,#8987,#9015));
#17 = ADVANCED_FACE('',(#18,#801,#832,#1384),#33,.T.);
#18 = FACE_BOUND('',#19,.T.);
#19 = EDGE_LOOP('',(#20,#56,#84,#113,#137,#160,#189,#213,#236,#265,#289,
    #312,#341,#365,#394,#422,#451,#480,#508,#537,#560,#589,#612,#641,
    #664,#693,#722,#750,#779));
#20 = ORIENTED_EDGE('',*,*,#21,.F.);
#21 = EDGE_CURVE('',#22,#24,#26,.T.);
#22 = VERTEX_POINT('',#23);
#23 = CARTESIAN_POINT('',(10.,109.31727003433,8.));
#24 = VERTEX_POINT('',#25);
#25 = CARTESIAN_POINT('',(11.75,113.,8.));
#26 = SURFACE_CURVE('',#27,(#32,#44),.PCURVE_S1.);
#27 = CIRCLE('',#28,4.75);
#28 = AXIS2_PLACEMENT_3D('',#29,#30,#31);
#29 = CARTESIAN_POINT('',(7.,113.,8.));
#30 = DIRECTION('',(0.,0.,1.));
#31 = DIRECTION('',(1.,0.,0.));
#32 = PCURVE('',#33,#38);
#33 = PLANE('',#34);
#34 = AXIS2_PLACEMENT_3D('',#35,#36,#37);
#35 = CARTESIAN_POINT('',(90.018824025884,59.994730524735,8.));
#36 = DIRECTION('',(0.,0.,1.));
#37 = DIRECTION('',(1.,0.,0.));
#38 = DEFINITIONAL_REPRESENTATION('',(#39),#43);
#39 = CIRCLE('',#40,4.75);
#40 = AXIS2_PLACEMENT_2D('',#41,#42);
#41 = CARTESIAN_POINT('',(-83.01882402588,53.005269475265));
#42 = DIRECTION('',(1.,0.));
#43 = ( GEOMETRIC_REPRESENTATION_CONTEXT(2) 
PARAMETRIC_REPRESENTATION_CONTEXT() REPRESENTATION_CONTEXT('2D SPACE',''
  ) );
#44 = PCURVE('',#45,#50);
#45 = CYLINDRICAL_SURFACE('',#46,4.75);
#46 = AXIS2_PLACEMENT_3D('',#47,#48,#49);
#47 = CARTESIAN_POINT('',(7.,113.,16.2));
#48 = DIRECTION('',(0.,0.,1.));
#49 = DIRECTION('',(1.,0.,0.));
#50 = DEFINITIONAL_REPRESENTATION('',(#51),#55);
#51 = LINE('',#52,#53);
#52 = CARTESIAN_POINT('',(-6.28318530718,-8.2));
#53 = VECTOR('',#54,1.);
#54 = DIRECTION('',(1.,-0.));
#55 = ( GEOMETRIC_REPRESENTATION_CONTEXT(2) 
PARAMETRIC_REPRESENTATION_CONTEXT() REPRESENTATION_CONTEXT('2D SPACE',''
  ) );
#56 = ORIENTED_EDGE('',*,*,#57,.T.);
#57 = EDGE_CURVE('',#22,#58,#60,.T.);
#58 = VERTEX_POINT('',#59);
#59 = CARTESIAN_POINT('',(10.,90.182729965664,8.));
#60 = SURFACE_CURVE('',#61,(#65,#72),.PCURVE_S1.);
#61 = LINE('',#62,#63);
#62 = CARTESIAN_POINT('',(10.,114.88880142016,8.));
#63 = VECTOR('',#64,1.);
#64 = DIRECTION('',(0.,-1.,0.));
#65 = PCURVE('',#33,#66);
#66 = DEFINITIONAL_REPRESENTATION('',(#67),#71);
#67 = LINE('',#68,#69);
#68 = CARTESIAN_POINT('',(-80.01882402588,54.894070895431));
#69 = VECTOR('',#70,1.);
#70 = DIRECTION('',(0.,-1.));
#71 = ( GEOMETRIC_REPRESENTATION_CONTEXT(2) 
PARAMETRIC_REPRESENTATION_CONTEXT() REPRESENTATION_CONTEXT('2D SPACE',''
  ) );
#72 = PCURVE('',#73,#78);
#73 = PLANE('',#74);
#74 = AXIS2_PLACEMENT_3D('',#75,#76,#77);
#75 = CARTESIAN_POINT('',(10.,114.88880142016,0.));
#76 = DIRECTION('',(1.,0.,0.));
#77 = DIRECTION('',(0.,-1.,0.));
#78 = DEFINITIONAL_REPRESENTATION('',(#79),#83);
#79 = LINE('',#80,#81);
#80 = CARTESIAN_POINT('',(0.,-8.));
#81 = VECTOR('',#82,1.);
#82 = DIRECTION('',(1.,0.));
#83 = ( GEOMETRIC_REPRESENTATION_CONTEXT(2) 
PARAMETRIC_REPRESENTATION_CONTEXT() REPRESENTATION_CONTEXT('2D SPACE',''
  ) );
#84 = ORIENTED_EDGE('',*,*,#85,.F.);
#85 = EDGE_CURVE('',#86,#58,#88,.T.);
#86 = VERTEX_POINT('',#87);
#87 = CARTESIAN_POINT('',(11.75,86.5,8.));
#88 = SURFACE_CURVE('',#89,(#94,#101),.PCURVE_S1.);
#89 = CIRCLE('',#90,4.75);
#90 = AXIS2_PLACEMENT_3D('',#91,#92,#93);
#91 = CARTESIAN_POINT('',(7.,86.5,8.));
#92 = DIRECTION('',(0.,0.,1.));
#93 = DIRECTION('',(1.,0.,0.));
#94 = PCURVE('',#33,#95);
#95 = DEFINITIONAL_REPRESENTATION('',(#96),#100);
#96 = CIRCLE('',#97,4.75);
#97 = AXIS2_PLACEMENT_2D('',#98,#99);
#98 = CARTESIAN_POINT('',(-83.01882402588,26.505269475265));
#99 = DIRECTION('',(1.,0.));
#100 = ( GEOMETRIC_REPRESENTATION_CONTEXT(2) 
PARAMETRIC_REPRESENTATION_CONTEXT() REPRESENTATION_CONTEXT('2D SPACE',''
  ) );
#101 = PCURVE('',#102,#107);
#102 = CYLINDRICAL_SURFACE('',#103,4.75);
#103 = AXIS2_PLACEMENT_3D('',#104,#105,#106);
#104 = CARTESIAN_POINT('',(7.,86.5,16.2));
#105 = DIRECTION('',(0.,0.,1.));
#106 = DIRECTION('',(1.,0.,0.));
#107 = DEFINITIONAL_REPRESENTATION('',(#108),#112);
#108 = LINE('',#109,#110);
#109 = CARTESIAN_POINT('',(-0.,-8.2));
#110 = VECTOR('',#111,1.);
#111 = DIRECTION('',(1.,-0.));
#112 = ( GEOMETRIC_REPRESENTATION_CONTEXT(2) 
PARAMETRIC_REPRESENTATION_CONTEXT() REPRESENTATION_CONTEXT('2D SPACE',''
  ) );
#113 = ORIENTED_EDGE('',*,*,#114,.F.);
#114 = EDGE_CURVE('',#115,#86,#117,.T.);
#115 = VERTEX_POINT('',#116);
#116 = CARTESIAN_POINT('',(10.,82.817270034336,8.));
#117 = SURFACE_CURVE('',#118,(#123,#130),.PCURVE_S1.);
#118 = CIRCLE('',#119,4.75);
#119 = AXIS2_PLACEMENT_3D('',#120,#121,#122);
#120 = CARTESIAN_POINT('',(7.,86.5,8.));
#121 = DIRECTION('',(0.,0.,1.));
#122 = DIRECTION('',(1.,0.,0.));
#123 = PCURVE('',#33,#124);
#124 = DEFINITIONAL_REPRESENTATION('',(#125),#129);
#125 = CIRCLE('',#126,4.75);
#126 = AXIS2_PLACEMENT_2D('',#127,#128);
#127 = CARTESIAN_POINT('',(-83.01882402588,26.505269475265));
#128 = DIRECTION('',(1.,0.));
#129 = ( GEOMETRIC_REPRESENTATION_CONTEXT(2) 
PARAMETRIC_REPRESENTATION_CONTEXT() REPRESENTATION_CONTEXT('2D SPACE',''
  ) );
#130 = PCURVE('',#102,#131);
#131 = DEFINITIONAL_REPRESENTATION('',(#132),#136);
#132 = LINE('',#133,#134);
#133 = CARTESIAN_POINT('',(-6.28318530718,-8.2));
#134 = VECTOR('',#135,1.);
#135 = DIRECTION('',(1.,-0.));
#136 = ( GEOMETRIC_REPRESENTATION_CONTEXT(2) 
PARAMETRIC_REPRESENTATION_CONTEXT() REPRESENTATION_CONTEXT('2D SPACE',''
  ) );
#137 = ORIENTED_EDGE('',*,*,#138,.T.);
#138 = EDGE_CURVE('',#115,#139,#141,.T.);
#139 = VERTEX_POINT('',#140);
#140 = CARTESIAN_POINT('',(10.,63.682729965664,8.));
#141 = SURFACE_CURVE('',#142,(#146,#153),.PCURVE_S1.);
#142 = LINE('',#143,#144);
#143 = CARTESIAN_POINT('',(10.,114.88880142016,8.));
#144 = VECTOR('',#145,1.);
#145 = DIRECTION('',(0.,-1.,0.));
#146 = PCURVE('',#33,#147);
#147 = DEFINITIONAL_REPRESENTATION('',(#148),#152);
#148 = LINE('',#149,#150);
#149 = CARTESIAN_POINT('',(-80.01882402588,54.894070895431));
#150 = VECTOR('',#151,1.);
#151 = DIRECTION('',(0.,-1.));
#152 = ( GEOMETRIC_REPRESENTATION_CONTEXT(2) 
PARAMETRIC_REPRESENTATION_CONTEXT() REPRESENTATION_CONTEXT('2D SPACE',''
  ) );
#153 = PCURVE('',#73,#154);
#154 = DEFINITIONAL_REPRESENTATION('',(#155),#159);
#155 = LINE('',#156,#157);
#156 = CARTESIAN_POINT('',(0.,-8.));
#157 = VECTOR('',#158,1.);
#158 = DIRECTION('',(1.,0.));
#159 = ( GEOMETRIC_REPRESENTATION_CONTEXT(2) 
PARAMETRIC_REPRESENTATION_CONTEXT() REPRESENTATION_CONTEXT('2D SPACE',''
  ) );
#160 = ORIENTED_EDGE('',*,*,#161,.F.);
#161 = EDGE_CURVE('',#162,#139,#164,.T.);
#162 = VERTEX_POINT('',#163);
#163 = CARTESIAN_POINT('',(11.75,60.,8.));
#164 = SURFACE_CURVE('',#165,(#170,#177),.PCURVE_S1.);
#165 = CIRCLE('',#166,4.75);
#166 = AXIS2_PLACEMENT_3D('',#167,#168,#169);
#167 = CARTESIAN_POINT('',(7.,60.,8.));
#168 = DIRECTION('',(0.,0.,1.));
#169 = DIRECTION('',(1.,0.,0.));
#170 = PCURVE('',#33,#171);
#171 = DEFINITIONAL_REPRESENTATION('',(#172),#176);
#172 = CIRCLE('',#173,4.75);
#173 = AXIS2_PLACEMENT_2D('',#174,#175);
#174 = CARTESIAN_POINT('',(-83.01882402588,5.269475265102E-03));
#175 = DIRECTION('',(1.,0.));
#176 = ( GEOMETRIC_REPRESENTATION_CONTEXT(2) 
PARAMETRIC_REPRESENTATION_CONTEXT() REPRESENTATION_CONTEXT('2D SPACE',''
  ) );
#177 = PCURVE('',#178,#183);
#178 = CYLINDRICAL_SURFACE('',#179,4.75);
#179 = AXIS2_PLACEMENT_3D('',#180,#181,#182);
#180 = CARTESIAN_POINT('',(7.,60.,16.2));
#181 = DIRECTION('',(0.,0.,1.));
#182 = DIRECTION('',(1.,0.,0.));
#183 = DEFINITIONAL_REPRESENTATION('',(#184),#188);
#184 = LINE('',#185,#186);
#185 = CARTESIAN_POINT('',(-0.,-8.2));
#186 = VECTOR('',#187,1.);
#187 = DIRECTION('',(1.,-0.));
#188 = ( GEOMETRIC_REPRESENTATION_CONTEXT(2) 
PARAMETRIC_REPRESENTATION_CONTEXT() REPRESENTATION_CONTEXT('2D SPACE',''
  ) );
#189 = ORIENTED_EDGE('',*,*,#190,.F.);
#190 = EDGE_CURVE('',#191,#162,#193,.T.);
#191 = VERTEX_POINT('',#192);
#192 = CARTESIAN_POINT('',(10.,56.317270034336,8.));
#193 = SURFACE_CURVE('',#194,(#199,#206),.PCURVE_S1.);
#194 = CIRCLE('',#195,4.75);
#195 = AXIS2_PLACEMENT_3D('',#196,#197,#198);
#196 = CARTESIAN_POINT('',(7.,60.,8.));
#197 = DIRECTION('',(0.,0.,1.));
#198 = DIRECTION('',(1.,0.,0.));
#199 = PCURVE('',#33,#200);
#200 = DEFINITIONAL_REPRESENTATION('',(#201),#205);
#201 = CIRCLE('',#202,4.75);
#202 = AXIS2_PLACEMENT_2D('',#203,#204);
#203 = CARTESIAN_POINT('',(-83.01882402588,5.269475265102E-03));
#204 = DIRECTION('',(1.,0.));
#205 = ( GEOMETRIC_REPRESENTATION_CONTEXT(2) 
PARAMETRIC_REPRESENTATION_CONTEXT() REPRESENTATION_CONTEXT('2D SPACE',''
  ) );
#206 = PCURVE('',#178,#207);
#207 = DEFINITIONAL_REPRESENTATION('',(#208),#212);
#208 = LINE('',#209,#210);
#209 = CARTESIAN_POINT('',(-6.28318530718,-8.2));
#210 = VECTOR('',#211,1.);
#211 = DIRECTION('',(1.,-0.));
#212 = ( GEOMETRIC_REPRESENTATION_CONTEXT(2) 
PARAMETRIC_REPRESENTATION_CONTEXT() REPRESENTATION_CONTEXT('2D SPACE',''
  ) );
#213 = ORIENTED_EDGE('',*,*,#214,.T.);
#214 = EDGE_CURVE('',#191,#215,#217,.T.);
#215 = VERTEX_POINT('',#216);
#216 = CARTESIAN_POINT('',(10.,37.182729965664,8.));
#217 = SURFACE_CURVE('',#218,(#222,#229),.PCURVE_S1.);
#218 = LINE('',#219,#220);
#219 = CARTESIAN_POINT('',(10.,114.88880142016,8.));
#220 = VECTOR('',#221,1.);
#221 = DIRECTION('',(0.,-1.,0.));
#222 = PCURVE('',#33,#223);
#223 = DEFINITIONAL_REPRESENTATION('',(#224),#228);
#224 = LINE('',#225,#226);
#225 = CARTESIAN_POINT('',(-80.01882402588,54.894070895431));
#226 = VECTOR('',#227,1.);
#227 = DIRECTION('',(0.,-1.));
#228 = ( GEOMETRIC_REPRESENTATION_CONTEXT(2) 
PARAMETRIC_REPRESENTATION_CONTEXT() REPRESENTATION_CONTEXT('2D SPACE',''
  ) );
#229 = PCURVE('',#73,#230);
#230 = DEFINITIONAL_REPRESENTATION('',(#231),#235);
#231 = LINE('',#232,#233);
#232 = CARTESIAN_POINT('',(0.,-8.));
#233 = VECTOR('',#234,1.);
#234 = DIRECTION('',(1.,0.));
#235 = ( GEOMETRIC_REPRESENTATION_CONTEXT(2) 
PARAMETRIC_REPRESENTATION_CONTEXT() REPRESENTATION_CONTEXT('2D SPACE',''
  ) );
#236 = ORIENTED_EDGE('',*,*,#237,.F.);
#237 = EDGE_CURVE('',#238,#215,#240,.T.);
#238 = VERTEX_POINT('',#239);
#239 = CARTESIAN_POINT('',(11.75,33.5,8.));
#240 = SURFACE_CURVE('',#241,(#246,#253),.PCURVE_S1.);
#241 = CIRCLE('',#242,4.75);
#242 = AXIS2_PLACEMENT_3D('',#243,#244,#245);
#243 = CARTESIAN_POINT('',(7.,33.5,8.));
#244 = DIRECTION('',(0.,0.,1.));
#245 = DIRECTION('',(1.,0.,0.));
#246 = PCURVE('',#33,#247);
#247 = DEFINITIONAL_REPRESENTATION('',(#248),#252);
#248 = CIRCLE('',#249,4.75);
#249 = AXIS2_PLACEMENT_2D('',#250,#251);
#250 = CARTESIAN_POINT('',(-83.01882402588,-26.49473052473));
#251 = DIRECTION('',(1.,0.));
#252 = ( GEOMETRIC_REPRESENTATION_CONTEXT(2) 
PARAMETRIC_REPRESENTATION_CONTEXT() REPRESENTATION_CONTEXT('2D SPACE',''
  ) );
#253 = PCURVE('',#254,#259);
#254 = CYLINDRICAL_SURFACE('',#255,4.75);
#255 = AXIS2_PLACEMENT_3D('',#256,#257,#258);
#256 = CARTESIAN_POINT('',(7.,33.5,16.2));
#257 = DIRECTION('',(0.,0.,1.));
#258 = DIRECTION('',(1.,0.,0.));
#259 = DEFINITIONAL_REPRESENTATION('',(#260),#264);
#260 = LINE('',#261,#262);
#261 = CARTESIAN_POINT('',(-0.,-8.2));
#262 = VECTOR('',#263,1.);
#263 = DIRECTION('',(1.,-0.));
#264 = ( GEOMETRIC_REPRESENTATION_CONTEXT(2) 
PARAMETRIC_REPRESENTATION_CONTEXT() REPRESENTATION_CONTEXT('2D SPACE',''
  ) );
#265 = ORIENTED_EDGE('',*,*,#266,.F.);
#266 = EDGE_CURVE('',#267,#238,#269,.T.);
#267 = VERTEX_POINT('',#268);
#268 = CARTESIAN_POINT('',(10.,29.817270034336,8.));
#269 = SURFACE_CURVE('',#270,(#275,#282),.PCURVE_S1.);
#270 = CIRCLE('',#271,4.75);
#271 = AXIS2_PLACEMENT_3D('',#272,#273,#274);
#272 = CARTESIAN_POINT('',(7.,33.5,8.));
#273 = DIRECTION('',(0.,0.,1.));
#274 = DIRECTION('',(1.,0.,0.));
#275 = PCURVE('',#33,#276);
#276 = DEFINITIONAL_REPRESENTATION('',(#277),#281);
#277 = CIRCLE('',#278,4.75);
#278 = AXIS2_PLACEMENT_2D('',#279,#280);
#279 = CARTESIAN_POINT('',(-83.01882402588,-26.49473052473));
#280 = DIRECTION('',(1.,0.));
#281 = ( GEOMETRIC_REPRESENTATION_CONTEXT(2) 
PARAMETRIC_REPRESENTATION_CONTEXT() REPRESENTATION_CONTEXT('2D SPACE',''
  ) );
#282 = PCURVE('',#254,#283);
#283 = DEFINITIONAL_REPRESENTATION('',(#284),#288);
#284 = LINE('',#285,#286);
#285 = CARTESIAN_POINT('',(-6.28318530718,-8.2));
#286 = VECTOR('',#287,1.);
#287 = DIRECTION('',(1.,-0.));
#288 = ( GEOMETRIC_REPRESENTATION_CONTEXT(2) 
PARAMETRIC_REPRESENTATION_CONTEXT() REPRESENTATION_CONTEXT('2D SPACE',''
  ) );
#289 = ORIENTED_EDGE('',*,*,#290,.T.);
#290 = EDGE_CURVE('',#267,#291,#293,.T.);
#291 = VERTEX_POINT('',#292);
#292 = CARTESIAN_POINT('',(10.,10.682729965664,8.));
#293 = SURFACE_CURVE('',#294,(#298,#305),.PCURVE_S1.);
#294 = LINE('',#295,#296);
#295 = CARTESIAN_POINT('',(10.,114.88880142016,8.));
#296 = VECTOR('',#297,1.);
#297 = DIRECTION('',(0.,-1.,0.));
#298 = PCURVE('',#33,#299);
#299 = DEFINITIONAL_REPRESENTATION('',(#300),#304);
#300 = LINE('',#301,#302);
#301 = CARTESIAN_POINT('',(-80.01882402588,54.894070895431));
#302 = VECTOR('',#303,1.);
#303 = DIRECTION('',(0.,-1.));
#304 = ( GEOMETRIC_REPRESENTATION_CONTEXT(2) 
PARAMETRIC_REPRESENTATION_CONTEXT() REPRESENTATION_CONTEXT('2D SPACE',''
  ) );
#305 = PCURVE('',#73,#306);
#306 = DEFINITIONAL_REPRESENTATION('',(#307),#311);
#307 = LINE('',#308,#309);
#308 = CARTESIAN_POINT('',(0.,-8.));
#309 = VECTOR('',#310,1.);
#310 = DIRECTION('',(1.,0.));
#311 = ( GEOMETRIC_REPRESENTATION_CONTEXT(2) 
PARAMETRIC_REPRESENTATION_CONTEXT() REPRESENTATION_CONTEXT('2D SPACE',''
  ) );
#312 = ORIENTED_EDGE('',*,*,#313,.F.);
#313 = EDGE_CURVE('',#314,#291,#316,.T.);
#314 = VERTEX_POINT('',#315);
#315 = CARTESIAN_POINT('',(11.75,7.,8.));
#316 = SURFACE_CURVE('',#317,(#322,#329),.PCURVE_S1.);
#317 = CIRCLE('',#318,4.75);
#318 = AXIS2_PLACEMENT_3D('',#319,#320,#321);
#319 = CARTESIAN_POINT('',(7.,7.,8.));
#320 = DIRECTION('',(0.,0.,1.));
#321 = DIRECTION('',(1.,0.,0.));
#322 = PCURVE('',#33,#323);
#323 = DEFINITIONAL_REPRESENTATION('',(#324),#328);
#324 = CIRCLE('',#325,4.75);
#325 = AXIS2_PLACEMENT_2D('',#326,#327);
#326 = CARTESIAN_POINT('',(-83.01882402588,-52.99473052473));
#327 = DIRECTION('',(1.,0.));
#328 = ( GEOMETRIC_REPRESENTATION_CONTEXT(2) 
PARAMETRIC_REPRESENTATION_CONTEXT() REPRESENTATION_CONTEXT('2D SPACE',''
  ) );
#329 = PCURVE('',#330,#335);
#330 = CYLINDRICAL_SURFACE('',#331,4.75);
#331 = AXIS2_PLACEMENT_3D('',#332,#333,#334);
#332 = CARTESIAN_POINT('',(7.,7.,16.2));
#333 = DIRECTION('',(0.,0.,1.));
#334 = DIRECTION('',(1.,0.,0.));
#335 = DEFINITIONAL_REPRESENTATION('',(#336),#340);
#336 = LINE('',#337,#338);
#337 = CARTESIAN_POINT('',(-6.28318530718,-8.2));
#338 = VECTOR('',#339,1.);
#339 = DIRECTION('',(1.,-0.));
#340 = ( GEOMETRIC_REPRESENTATION_CONTEXT(2) 
PARAMETRIC_REPRESENTATION_CONTEXT() REPRESENTATION_CONTEXT('2D SPACE',''
  ) );
#341 = ORIENTED_EDGE('',*,*,#342,.F.);
#342 = EDGE_CURVE('',#343,#314,#345,.T.);
#343 = VERTEX_POINT('',#344);
#344 = CARTESIAN_POINT('',(10.247326958749,3.53339249078,8.));
#345 = SURFACE_CURVE('',#346,(#351,#358),.PCURVE_S1.);
#346 = CIRCLE('',#347,4.75);
#347 = AXIS2_PLACEMENT_3D('',#348,#349,#350);
#348 = CARTESIAN_POINT('',(7.,7.,8.));
#349 = DIRECTION('',(0.,0.,1.));
#350 = DIRECTION('',(1.,0.,0.));
#351 = PCURVE('',#33,#352);
#352 = DEFINITIONAL_REPRESENTATION('',(#353),#357);
#353 = CIRCLE('',#354,4.75);
#354 = AXIS2_PLACEMENT_2D('',#355,#356);
#355 = CARTESIAN_POINT('',(-83.01882402588,-52.99473052473));
#356 = DIRECTION('',(1.,0.));
#357 = ( GEOMETRIC_REPRESENTATION_CONTEXT(2) 
PARAMETRIC_REPRESENTATION_CONTEXT() REPRESENTATION_CONTEXT('2D SPACE',''
  ) );
#358 = PCURVE('',#330,#359);
#359 = DEFINITIONAL_REPRESENTATION('',(#360),#364);
#360 = LINE('',#361,#362);
#361 = CARTESIAN_POINT('',(-12.56637061435,-8.2));
#362 = VECTOR('',#363,1.);
#363 = DIRECTION('',(1.,-0.));
#364 = ( GEOMETRIC_REPRESENTATION_CONTEXT(2) 
PARAMETRIC_REPRESENTATION_CONTEXT() REPRESENTATION_CONTEXT('2D SPACE',''
  ) );
#365 = ORIENTED_EDGE('',*,*,#366,.T.);
#366 = EDGE_CURVE('',#343,#367,#369,.T.);
#367 = VERTEX_POINT('',#368);
#368 = CARTESIAN_POINT('',(15.116475421355,-1.155056169545E-02,8.));
#369 = SURFACE_CURVE('',#370,(#375,#382),.PCURVE_S1.);
#370 = CIRCLE('',#371,5.116475421355);
#371 = AXIS2_PLACEMENT_3D('',#372,#373,#374);
#372 = CARTESIAN_POINT('',(15.116475421355,5.104924859659,8.));
#373 = DIRECTION('',(0.,0.,1.));
#374 = DIRECTION('',(1.,0.,0.));
#375 = PCURVE('',#33,#376);
#376 = DEFINITIONAL_REPRESENTATION('',(#377),#381);
#377 = CIRCLE('',#378,5.116475421355);
#378 = AXIS2_PLACEMENT_2D('',#379,#380);
#379 = CARTESIAN_POINT('',(-74.90234860452,-54.88980566507));
#380 = DIRECTION('',(1.,0.));
#381 = ( GEOMETRIC_REPRESENTATION_CONTEXT(2) 
PARAMETRIC_REPRESENTATION_CONTEXT() REPRESENTATION_CONTEXT('2D SPACE',''
  ) );
#382 = PCURVE('',#383,#388);
#383 = CYLINDRICAL_SURFACE('',#384,5.116475421355);
#384 = AXIS2_PLACEMENT_3D('',#385,#386,#387);
#385 = CARTESIAN_POINT('',(15.116475421355,5.104924859659,0.));
#386 = DIRECTION('',(-0.,-0.,-1.));
#387 = DIRECTION('',(1.,0.,0.));
#388 = DEFINITIONAL_REPRESENTATION('',(#389),#393);
#389 = LINE('',#390,#391);
#390 = CARTESIAN_POINT('',(-0.,-8.));
#391 = VECTOR('',#392,1.);
#392 = DIRECTION('',(-1.,0.));
#393 = ( GEOMETRIC_REPRESENTATION_CONTEXT(2) 
PARAMETRIC_REPRESENTATION_CONTEXT() REPRESENTATION_CONTEXT('2D SPACE',''
  ) );
#394 = ORIENTED_EDGE('',*,*,#395,.T.);
#395 = EDGE_CURVE('',#367,#396,#398,.T.);
#396 = VERTEX_POINT('',#397);
#397 = CARTESIAN_POINT('',(164.99870688346,-1.155056169545E-02,8.));
#398 = SURFACE_CURVE('',#399,(#403,#410),.PCURVE_S1.);
#399 = LINE('',#400,#401);
#400 = CARTESIAN_POINT('',(15.116475421355,-1.155056169545E-02,8.));
#401 = VECTOR('',#402,1.);
#402 = DIRECTION('',(1.,0.,0.));
#403 = PCURVE('',#33,#404);
#404 = DEFINITIONAL_REPRESENTATION('',(#405),#409);
#405 = LINE('',#406,#407);
#406 = CARTESIAN_POINT('',(-74.90234860452,-60.00628108643));
#407 = VECTOR('',#408,1.);
#408 = DIRECTION('',(1.,0.));
#409 = ( GEOMETRIC_REPRESENTATION_CONTEXT(2) 
PARAMETRIC_REPRESENTATION_CONTEXT() REPRESENTATION_CONTEXT('2D SPACE',''
  ) );
#410 = PCURVE('',#411,#416);
#411 = PLANE('',#412);
#412 = AXIS2_PLACEMENT_3D('',#413,#414,#415);
#413 = CARTESIAN_POINT('',(15.116475421355,-1.155056169545E-02,0.));
#414 = DIRECTION('',(0.,1.,0.));
#415 = DIRECTION('',(1.,0.,0.));
#416 = DEFINITIONAL_REPRESENTATION('',(#417),#421);
#417 = LINE('',#418,#419);
#418 = CARTESIAN_POINT('',(0.,-8.));
#419 = VECTOR('',#420,1.);
#420 = DIRECTION('',(1.,0.));
#421 = ( GEOMETRIC_REPRESENTATION_CONTEXT(2) 
PARAMETRIC_REPRESENTATION_CONTEXT() REPRESENTATION_CONTEXT('2D SPACE',''
  ) );
#422 = ORIENTED_EDGE('',*,*,#423,.T.);
#423 = EDGE_CURVE('',#396,#424,#426,.T.);
#424 = VERTEX_POINT('',#425);
#425 = CARTESIAN_POINT('',(169.78197997916,3.506170132143,8.));
#426 = SURFACE_CURVE('',#427,(#432,#439),.PCURVE_S1.);
#427 = CIRCLE('',#428,5.01092375664);
#428 = AXIS2_PLACEMENT_3D('',#429,#430,#431);
#429 = CARTESIAN_POINT('',(164.99870688346,4.999373194945,8.));
#430 = DIRECTION('',(0.,0.,1.));
#431 = DIRECTION('',(1.,0.,0.));
#432 = PCURVE('',#33,#433);
#433 = DEFINITIONAL_REPRESENTATION('',(#434),#438);
#434 = CIRCLE('',#435,5.01092375664);
#435 = AXIS2_PLACEMENT_2D('',#436,#437);
#436 = CARTESIAN_POINT('',(74.97988285758,-54.99535732979));
#437 = DIRECTION('',(1.,0.));
#438 = ( GEOMETRIC_REPRESENTATION_CONTEXT(2) 
PARAMETRIC_REPRESENTATION_CONTEXT() REPRESENTATION_CONTEXT('2D SPACE',''
  ) );
#439 = PCURVE('',#440,#445);
#440 = CYLINDRICAL_SURFACE('',#441,5.01092375664);
#441 = AXIS2_PLACEMENT_3D('',#442,#443,#444);
#442 = CARTESIAN_POINT('',(164.99870688346,4.999373194945,0.));
#443 = DIRECTION('',(-0.,-0.,-1.));
#444 = DIRECTION('',(1.,0.,0.));
#445 = DEFINITIONAL_REPRESENTATION('',(#446),#450);
#446 = LINE('',#447,#448);
#447 = CARTESIAN_POINT('',(-0.,-8.));
#448 = VECTOR('',#449,1.);
#449 = DIRECTION('',(-1.,0.));
#450 = ( GEOMETRIC_REPRESENTATION_CONTEXT(2) 
PARAMETRIC_REPRESENTATION_CONTEXT() REPRESENTATION_CONTEXT('2D SPACE',''
  ) );
#451 = ORIENTED_EDGE('',*,*,#452,.F.);
#452 = EDGE_CURVE('',#453,#424,#455,.T.);
#453 = VERTEX_POINT('',#454);
#454 = CARTESIAN_POINT('',(170.0096306401,10.690554306794,8.));
#455 = SURFACE_CURVE('',#456,(#461,#468),.PCURVE_S1.);
#456 = CIRCLE('',#457,4.75);
#457 = AXIS2_PLACEMENT_3D('',#458,#459,#460);
#458 = CARTESIAN_POINT('',(173.,7.,8.));
#459 = DIRECTION('',(0.,0.,1.));
#460 = DIRECTION('',(1.,0.,0.));
#461 = PCURVE('',#33,#462);
#462 = DEFINITIONAL_REPRESENTATION('',(#463),#467);
#463 = CIRCLE('',#464,4.75);
#464 = AXIS2_PLACEMENT_2D('',#465,#466);
#465 = CARTESIAN_POINT('',(82.981175974116,-52.99473052473));
#466 = DIRECTION('',(1.,0.));
#467 = ( GEOMETRIC_REPRESENTATION_CONTEXT(2) 
PARAMETRIC_REPRESENTATION_CONTEXT() REPRESENTATION_CONTEXT('2D SPACE',''
  ) );
#468 = PCURVE('',#469,#474);
#469 = CYLINDRICAL_SURFACE('',#470,4.75);
#470 = AXIS2_PLACEMENT_3D('',#471,#472,#473);
#471 = CARTESIAN_POINT('',(173.,7.,16.2));
#472 = DIRECTION('',(0.,0.,1.));
#473 = DIRECTION('',(1.,0.,0.));
#474 = DEFINITIONAL_REPRESENTATION('',(#475),#479);
#475 = LINE('',#476,#477);
#476 = CARTESIAN_POINT('',(-6.28318530718,-8.2));
#477 = VECTOR('',#478,1.);
#478 = DIRECTION('',(1.,-0.));
#479 = ( GEOMETRIC_REPRESENTATION_CONTEXT(2) 
PARAMETRIC_REPRESENTATION_CONTEXT() REPRESENTATION_CONTEXT('2D SPACE',''
  ) );
#480 = ORIENTED_EDGE('',*,*,#481,.T.);
#481 = EDGE_CURVE('',#453,#482,#484,.T.);
#482 = VERTEX_POINT('',#483);
#483 = CARTESIAN_POINT('',(170.0096306401,29.809445693206,8.));
#484 = SURFACE_CURVE('',#485,(#489,#496),.PCURVE_S1.);
#485 = LINE('',#486,#487);
#486 = CARTESIAN_POINT('',(170.0096306401,4.999373194945,8.));
#487 = VECTOR('',#488,1.);
#488 = DIRECTION('',(0.,1.,0.));
#489 = PCURVE('',#33,#490);
#490 = DEFINITIONAL_REPRESENTATION('',(#491),#495);
#491 = LINE('',#492,#493);
#492 = CARTESIAN_POINT('',(79.99080661422,-54.99535732979));
#493 = VECTOR('',#494,1.);
#494 = DIRECTION('',(0.,1.));
#495 = ( GEOMETRIC_REPRESENTATION_CONTEXT(2) 
PARAMETRIC_REPRESENTATION_CONTEXT() REPRESENTATION_CONTEXT('2D SPACE',''
  ) );
#496 = PCURVE('',#497,#502);
#497 = PLANE('',#498);
#498 = AXIS2_PLACEMENT_3D('',#499,#500,#501);
#499 = CARTESIAN_POINT('',(170.0096306401,4.999373194945,0.));
#500 = DIRECTION('',(-1.,0.,0.));
#501 = DIRECTION('',(0.,1.,0.));
#502 = DEFINITIONAL_REPRESENTATION('',(#503),#507);
#503 = LINE('',#504,#505);
#504 = CARTESIAN_POINT('',(0.,-8.));
#505 = VECTOR('',#506,1.);
#506 = DIRECTION('',(1.,0.));
#507 = ( GEOMETRIC_REPRESENTATION_CONTEXT(2) 
PARAMETRIC_REPRESENTATION_CONTEXT() REPRESENTATION_CONTEXT('2D SPACE',''
  ) );
#508 = ORIENTED_EDGE('',*,*,#509,.F.);
#509 = EDGE_CURVE('',#510,#482,#512,.T.);
#510 = VERTEX_POINT('',#511);
#511 = CARTESIAN_POINT('',(170.0096306401,37.190554306794,8.));
#512 = SURFACE_CURVE('',#513,(#518,#525),.PCURVE_S1.);
#513 = CIRCLE('',#514,4.75);
#514 = AXIS2_PLACEMENT_3D('',#515,#516,#517);
#515 = CARTESIAN_POINT('',(173.,33.5,8.));
#516 = DIRECTION('',(0.,0.,1.));
#517 = DIRECTION('',(1.,0.,0.));
#518 = PCURVE('',#33,#519);
#519 = DEFINITIONAL_REPRESENTATION('',(#520),#524);
#520 = CIRCLE('',#521,4.75);
#521 = AXIS2_PLACEMENT_2D('',#522,#523);
#522 = CARTESIAN_POINT('',(82.981175974116,-26.49473052473));
#523 = DIRECTION('',(1.,0.));
#524 = ( GEOMETRIC_REPRESENTATION_CONTEXT(2) 
PARAMETRIC_REPRESENTATION_CONTEXT() REPRESENTATION_CONTEXT('2D SPACE',''
  ) );
#525 = PCURVE('',#526,#531);
#526 = CYLINDRICAL_SURFACE('',#527,4.75);
#527 = AXIS2_PLACEMENT_3D('',#528,#529,#530);
#528 = CARTESIAN_POINT('',(173.,33.5,16.2));
#529 = DIRECTION('',(0.,0.,1.));
#530 = DIRECTION('',(1.,0.,0.));
#531 = DEFINITIONAL_REPRESENTATION('',(#532),#536);
#532 = LINE('',#533,#534);
#533 = CARTESIAN_POINT('',(-6.28318530718,-8.2));
#534 = VECTOR('',#535,1.);
#535 = DIRECTION('',(1.,-0.));
#536 = ( GEOMETRIC_REPRESENTATION_CONTEXT(2) 
PARAMETRIC_REPRESENTATION_CONTEXT() REPRESENTATION_CONTEXT('2D SPACE',''
  ) );
#537 = ORIENTED_EDGE('',*,*,#538,.T.);
#538 = EDGE_CURVE('',#510,#539,#541,.T.);
#539 = VERTEX_POINT('',#540);
#540 = CARTESIAN_POINT('',(170.0096306401,56.309445693206,8.));
#541 = SURFACE_CURVE('',#542,(#546,#553),.PCURVE_S1.);
#542 = LINE('',#543,#544);
#543 = CARTESIAN_POINT('',(170.0096306401,4.999373194945,8.));
#544 = VECTOR('',#545,1.);
#545 = DIRECTION('',(0.,1.,0.));
#546 = PCURVE('',#33,#547);
#547 = DEFINITIONAL_REPRESENTATION('',(#548),#552);
#548 = LINE('',#549,#550);
#549 = CARTESIAN_POINT('',(79.99080661422,-54.99535732979));
#550 = VECTOR('',#551,1.);
#551 = DIRECTION('',(0.,1.));
#552 = ( GEOMETRIC_REPRESENTATION_CONTEXT(2) 
PARAMETRIC_REPRESENTATION_CONTEXT() REPRESENTATION_CONTEXT('2D SPACE',''
  ) );
#553 = PCURVE('',#497,#554);
#554 = DEFINITIONAL_REPRESENTATION('',(#555),#559);
#555 = LINE('',#556,#557);
#556 = CARTESIAN_POINT('',(0.,-8.));
#557 = VECTOR('',#558,1.);
#558 = DIRECTION('',(1.,0.));
#559 = ( GEOMETRIC_REPRESENTATION_CONTEXT(2) 
PARAMETRIC_REPRESENTATION_CONTEXT() REPRESENTATION_CONTEXT('2D SPACE',''
  ) );
#560 = ORIENTED_EDGE('',*,*,#561,.F.);
#561 = EDGE_CURVE('',#562,#539,#564,.T.);
#562 = VERTEX_POINT('',#563);
#563 = CARTESIAN_POINT('',(170.0096306401,63.690554306794,8.));
#564 = SURFACE_CURVE('',#565,(#570,#577),.PCURVE_S1.);
#565 = CIRCLE('',#566,4.75);
#566 = AXIS2_PLACEMENT_3D('',#567,#568,#569);
#567 = CARTESIAN_POINT('',(173.,60.,8.));
#568 = DIRECTION('',(0.,0.,1.));
#569 = DIRECTION('',(1.,0.,0.));
#570 = PCURVE('',#33,#571);
#571 = DEFINITIONAL_REPRESENTATION('',(#572),#576);
#572 = CIRCLE('',#573,4.75);
#573 = AXIS2_PLACEMENT_2D('',#574,#575);
#574 = CARTESIAN_POINT('',(82.981175974116,5.269475265102E-03));
#575 = DIRECTION('',(1.,0.));
#576 = ( GEOMETRIC_REPRESENTATION_CONTEXT(2) 
PARAMETRIC_REPRESENTATION_CONTEXT() REPRESENTATION_CONTEXT('2D SPACE',''
  ) );
#577 = PCURVE('',#578,#583);
#578 = CYLINDRICAL_SURFACE('',#579,4.75);
#579 = AXIS2_PLACEMENT_3D('',#580,#581,#582);
#580 = CARTESIAN_POINT('',(173.,60.,16.2));
#581 = DIRECTION('',(0.,0.,1.));
#582 = DIRECTION('',(1.,0.,0.));
#583 = DEFINITIONAL_REPRESENTATION('',(#584),#588);
#584 = LINE('',#585,#586);
#585 = CARTESIAN_POINT('',(-6.28318530718,-8.2));
#586 = VECTOR('',#587,1.);
#587 = DIRECTION('',(1.,-0.));
#588 = ( GEOMETRIC_REPRESENTATION_CONTEXT(2) 
PARAMETRIC_REPRESENTATION_CONTEXT() REPRESENTATION_CONTEXT('2D SPACE',''
  ) );
#589 = ORIENTED_EDGE('',*,*,#590,.T.);
#590 = EDGE_CURVE('',#562,#591,#593,.T.);
#591 = VERTEX_POINT('',#592);
#592 = CARTESIAN_POINT('',(170.0096306401,82.809445693206,8.));
#593 = SURFACE_CURVE('',#594,(#598,#605),.PCURVE_S1.);
#594 = LINE('',#595,#596);
#595 = CARTESIAN_POINT('',(170.0096306401,4.999373194945,8.));
#596 = VECTOR('',#597,1.);
#597 = DIRECTION('',(0.,1.,0.));
#598 = PCURVE('',#33,#599);
#599 = DEFINITIONAL_REPRESENTATION('',(#600),#604);
#600 = LINE('',#601,#602);
#601 = CARTESIAN_POINT('',(79.99080661422,-54.99535732979));
#602 = VECTOR('',#603,1.);
#603 = DIRECTION('',(0.,1.));
#604 = ( GEOMETRIC_REPRESENTATION_CONTEXT(2) 
PARAMETRIC_REPRESENTATION_CONTEXT() REPRESENTATION_CONTEXT('2D SPACE',''
  ) );
#605 = PCURVE('',#497,#606);
#606 = DEFINITIONAL_REPRESENTATION('',(#607),#611);
#607 = LINE('',#608,#609);
#608 = CARTESIAN_POINT('',(0.,-8.));
#609 = VECTOR('',#610,1.);
#610 = DIRECTION('',(1.,0.));
#611 = ( GEOMETRIC_REPRESENTATION_CONTEXT(2) 
PARAMETRIC_REPRESENTATION_CONTEXT() REPRESENTATION_CONTEXT('2D SPACE',''
  ) );
#612 = ORIENTED_EDGE('',*,*,#613,.F.);
#613 = EDGE_CURVE('',#614,#591,#616,.T.);
#614 = VERTEX_POINT('',#615);
#615 = CARTESIAN_POINT('',(170.0096306401,90.190554306794,8.));
#616 = SURFACE_CURVE('',#617,(#622,#629),.PCURVE_S1.);
#617 = CIRCLE('',#618,4.75);
#618 = AXIS2_PLACEMENT_3D('',#619,#620,#621);
#619 = CARTESIAN_POINT('',(173.,86.5,8.));
#620 = DIRECTION('',(0.,0.,1.));
#621 = DIRECTION('',(1.,0.,0.));
#622 = PCURVE('',#33,#623);
#623 = DEFINITIONAL_REPRESENTATION('',(#624),#628);
#624 = CIRCLE('',#625,4.75);
#625 = AXIS2_PLACEMENT_2D('',#626,#627);
#626 = CARTESIAN_POINT('',(82.981175974116,26.505269475265));
#627 = DIRECTION('',(1.,0.));
#628 = ( GEOMETRIC_REPRESENTATION_CONTEXT(2) 
PARAMETRIC_REPRESENTATION_CONTEXT() REPRESENTATION_CONTEXT('2D SPACE',''
  ) );
#629 = PCURVE('',#630,#635);
#630 = CYLINDRICAL_SURFACE('',#631,4.75);
#631 = AXIS2_PLACEMENT_3D('',#632,#633,#634);
#632 = CARTESIAN_POINT('',(173.,86.5,16.2));
#633 = DIRECTION('',(0.,0.,1.));
#634 = DIRECTION('',(1.,0.,0.));
#635 = DEFINITIONAL_REPRESENTATION('',(#636),#640);
#636 = LINE('',#637,#638);
#637 = CARTESIAN_POINT('',(-6.28318530718,-8.2));
#638 = VECTOR('',#639,1.);
#639 = DIRECTION('',(1.,-0.));
#640 = ( GEOMETRIC_REPRESENTATION_CONTEXT(2) 
PARAMETRIC_REPRESENTATION_CONTEXT() REPRESENTATION_CONTEXT('2D SPACE',''
  ) );
#641 = ORIENTED_EDGE('',*,*,#642,.T.);
#642 = EDGE_CURVE('',#614,#643,#645,.T.);
#643 = VERTEX_POINT('',#644);
#644 = CARTESIAN_POINT('',(170.0096306401,109.3094456932,8.));
#645 = SURFACE_CURVE('',#646,(#650,#657),.PCURVE_S1.);
#646 = LINE('',#647,#648);
#647 = CARTESIAN_POINT('',(170.0096306401,4.999373194945,8.));
#648 = VECTOR('',#649,1.);
#649 = DIRECTION('',(0.,1.,0.));
#650 = PCURVE('',#33,#651);
#651 = DEFINITIONAL_REPRESENTATION('',(#652),#656);
#652 = LINE('',#653,#654);
#653 = CARTESIAN_POINT('',(79.99080661422,-54.99535732979));
#654 = VECTOR('',#655,1.);
#655 = DIRECTION('',(0.,1.));
#656 = ( GEOMETRIC_REPRESENTATION_CONTEXT(2) 
PARAMETRIC_REPRESENTATION_CONTEXT() REPRESENTATION_CONTEXT('2D SPACE',''
  ) );
#657 = PCURVE('',#497,#658);
#658 = DEFINITIONAL_REPRESENTATION('',(#659),#663);
#659 = LINE('',#660,#661);
#660 = CARTESIAN_POINT('',(0.,-8.));
#661 = VECTOR('',#662,1.);
#662 = DIRECTION('',(1.,0.));
#663 = ( GEOMETRIC_REPRESENTATION_CONTEXT(2) 
PARAMETRIC_REPRESENTATION_CONTEXT() REPRESENTATION_CONTEXT('2D SPACE',''
  ) );
#664 = ORIENTED_EDGE('',*,*,#665,.F.);
#665 = EDGE_CURVE('',#666,#643,#668,.T.);
#666 = VERTEX_POINT('',#667);
#667 = CARTESIAN_POINT('',(169.78015837513,116.4921511867,8.));
#668 = SURFACE_CURVE('',#669,(#674,#681),.PCURVE_S1.);
#669 = CIRCLE('',#670,4.75);
#670 = AXIS2_PLACEMENT_3D('',#671,#672,#673);
#671 = CARTESIAN_POINT('',(173.,113.,8.));
#672 = DIRECTION('',(0.,0.,1.));
#673 = DIRECTION('',(1.,0.,0.));
#674 = PCURVE('',#33,#675);
#675 = DEFINITIONAL_REPRESENTATION('',(#676),#680);
#676 = CIRCLE('',#677,4.75);
#677 = AXIS2_PLACEMENT_2D('',#678,#679);
#678 = CARTESIAN_POINT('',(82.981175974116,53.005269475265));
#679 = DIRECTION('',(1.,0.));
#680 = ( GEOMETRIC_REPRESENTATION_CONTEXT(2) 
PARAMETRIC_REPRESENTATION_CONTEXT() REPRESENTATION_CONTEXT('2D SPACE',''
  ) );
#681 = PCURVE('',#682,#687);
#682 = CYLINDRICAL_SURFACE('',#683,4.75);
#683 = AXIS2_PLACEMENT_3D('',#684,#685,#686);
#684 = CARTESIAN_POINT('',(173.,113.,16.2));
#685 = DIRECTION('',(0.,0.,1.));
#686 = DIRECTION('',(1.,0.,0.));
#687 = DEFINITIONAL_REPRESENTATION('',(#688),#692);
#688 = LINE('',#689,#690);
#689 = CARTESIAN_POINT('',(-6.28318530718,-8.2));
#690 = VECTOR('',#691,1.);
#691 = DIRECTION('',(1.,-0.));
#692 = ( GEOMETRIC_REPRESENTATION_CONTEXT(2) 
PARAMETRIC_REPRESENTATION_CONTEXT() REPRESENTATION_CONTEXT('2D SPACE',''
  ) );
#693 = ORIENTED_EDGE('',*,*,#694,.T.);
#694 = EDGE_CURVE('',#666,#695,#697,.T.);
#695 = VERTEX_POINT('',#696);
#696 = CARTESIAN_POINT('',(165.00348805166,120.,8.));
#697 = SURFACE_CURVE('',#698,(#703,#710),.PCURVE_S1.);
#698 = CIRCLE('',#699,5.00614258844);
#699 = AXIS2_PLACEMENT_3D('',#700,#701,#702);
#700 = CARTESIAN_POINT('',(165.00348805166,114.99385741156,8.));
#701 = DIRECTION('',(0.,0.,1.));
#702 = DIRECTION('',(1.,0.,0.));
#703 = PCURVE('',#33,#704);
#704 = DEFINITIONAL_REPRESENTATION('',(#705),#709);
#705 = CIRCLE('',#706,5.00614258844);
#706 = AXIS2_PLACEMENT_2D('',#707,#708);
#707 = CARTESIAN_POINT('',(74.98466402578,54.999126886825));
#708 = DIRECTION('',(1.,0.));
#709 = ( GEOMETRIC_REPRESENTATION_CONTEXT(2) 
PARAMETRIC_REPRESENTATION_CONTEXT() REPRESENTATION_CONTEXT('2D SPACE',''
  ) );
#710 = PCURVE('',#711,#716);
#711 = CYLINDRICAL_SURFACE('',#712,5.00614258844);
#712 = AXIS2_PLACEMENT_3D('',#713,#714,#715);
#713 = CARTESIAN_POINT('',(165.00348805166,114.99385741156,0.));
#714 = DIRECTION('',(-0.,-0.,-1.));
#715 = DIRECTION('',(1.,0.,0.));
#716 = DEFINITIONAL_REPRESENTATION('',(#717),#721);
#717 = LINE('',#718,#719);
#718 = CARTESIAN_POINT('',(-0.,-8.));
#719 = VECTOR('',#720,1.);
#720 = DIRECTION('',(-1.,0.));
#721 = ( GEOMETRIC_REPRESENTATION_CONTEXT(2) 
PARAMETRIC_REPRESENTATION_CONTEXT() REPRESENTATION_CONTEXT('2D SPACE',''
  ) );
#722 = ORIENTED_EDGE('',*,*,#723,.T.);
#723 = EDGE_CURVE('',#695,#724,#726,.T.);
#724 = VERTEX_POINT('',#725);
#725 = CARTESIAN_POINT('',(15.111198579834,120.,8.));
#726 = SURFACE_CURVE('',#727,(#731,#738),.PCURVE_S1.);
#727 = LINE('',#728,#729);
#728 = CARTESIAN_POINT('',(165.00348805166,120.,8.));
#729 = VECTOR('',#730,1.);
#730 = DIRECTION('',(-1.,0.,0.));
#731 = PCURVE('',#33,#732);
#732 = DEFINITIONAL_REPRESENTATION('',(#733),#737);
#733 = LINE('',#734,#735);
#734 = CARTESIAN_POINT('',(74.98466402578,60.005269475265));
#735 = VECTOR('',#736,1.);
#736 = DIRECTION('',(-1.,0.));
#737 = ( GEOMETRIC_REPRESENTATION_CONTEXT(2) 
PARAMETRIC_REPRESENTATION_CONTEXT() REPRESENTATION_CONTEXT('2D SPACE',''
  ) );
#738 = PCURVE('',#739,#744);
#739 = PLANE('',#740);
#740 = AXIS2_PLACEMENT_3D('',#741,#742,#743);
#741 = CARTESIAN_POINT('',(165.00348805166,120.,0.));
#742 = DIRECTION('',(0.,-1.,0.));
#743 = DIRECTION('',(-1.,0.,0.));
#744 = DEFINITIONAL_REPRESENTATION('',(#745),#749);
#745 = LINE('',#746,#747);
#746 = CARTESIAN_POINT('',(0.,-8.));
#747 = VECTOR('',#748,1.);
#748 = DIRECTION('',(1.,0.));
#749 = ( GEOMETRIC_REPRESENTATION_CONTEXT(2) 
PARAMETRIC_REPRESENTATION_CONTEXT() REPRESENTATION_CONTEXT('2D SPACE',''
  ) );
#750 = ORIENTED_EDGE('',*,*,#751,.T.);
#751 = EDGE_CURVE('',#724,#752,#754,.T.);
#752 = VERTEX_POINT('',#753);
#753 = CARTESIAN_POINT('',(10.249090748474,116.46495444532,8.));
#754 = SURFACE_CURVE('',#755,(#760,#767),.PCURVE_S1.);
#755 = CIRCLE('',#756,5.111198579834);
#756 = AXIS2_PLACEMENT_3D('',#757,#758,#759);
#757 = CARTESIAN_POINT('',(15.111198579834,114.88880142016,8.));
#758 = DIRECTION('',(0.,0.,1.));
#759 = DIRECTION('',(1.,0.,0.));
#760 = PCURVE('',#33,#761);
#761 = DEFINITIONAL_REPRESENTATION('',(#762),#766);
#762 = CIRCLE('',#763,5.111198579834);
#763 = AXIS2_PLACEMENT_2D('',#764,#765);
#764 = CARTESIAN_POINT('',(-74.90762544605,54.894070895431));
#765 = DIRECTION('',(1.,0.));
#766 = ( GEOMETRIC_REPRESENTATION_CONTEXT(2) 
PARAMETRIC_REPRESENTATION_CONTEXT() REPRESENTATION_CONTEXT('2D SPACE',''
  ) );
#767 = PCURVE('',#768,#773);
#768 = CYLINDRICAL_SURFACE('',#769,5.111198579834);
#769 = AXIS2_PLACEMENT_3D('',#770,#771,#772);
#770 = CARTESIAN_POINT('',(15.111198579834,114.88880142016,0.));
#771 = DIRECTION('',(-0.,-0.,-1.));
#772 = DIRECTION('',(1.,0.,0.));
#773 = DEFINITIONAL_REPRESENTATION('',(#774),#778);
#774 = LINE('',#775,#776);
#775 = CARTESIAN_POINT('',(-0.,-8.));
#776 = VECTOR('',#777,1.);
#777 = DIRECTION('',(-1.,0.));
#778 = ( GEOMETRIC_REPRESENTATION_CONTEXT(2) 
PARAMETRIC_REPRESENTATION_CONTEXT() REPRESENTATION_CONTEXT('2D SPACE',''
  ) );
#779 = ORIENTED_EDGE('',*,*,#780,.F.);
#780 = EDGE_CURVE('',#24,#752,#781,.T.);
#781 = SURFACE_CURVE('',#782,(#787,#794),.PCURVE_S1.);
#782 = CIRCLE('',#783,4.75);
#783 = AXIS2_PLACEMENT_3D('',#784,#785,#786);
#784 = CARTESIAN_POINT('',(7.,113.,8.));
#785 = DIRECTION('',(0.,0.,1.));
#786 = DIRECTION('',(1.,0.,0.));
#787 = PCURVE('',#33,#788);
#788 = DEFINITIONAL_REPRESENTATION('',(#789),#793);
#789 = CIRCLE('',#790,4.75);
#790 = AXIS2_PLACEMENT_2D('',#791,#792);
#791 = CARTESIAN_POINT('',(-83.01882402588,53.005269475265));
#792 = DIRECTION('',(1.,0.));
#793 = ( GEOMETRIC_REPRESENTATION_CONTEXT(2) 
PARAMETRIC_REPRESENTATION_CONTEXT() REPRESENTATION_CONTEXT('2D SPACE',''
  ) );
#794 = PCURVE('',#45,#795);
#795 = DEFINITIONAL_REPRESENTATION('',(#796),#800);
#796 = LINE('',#797,#798);
#797 = CARTESIAN_POINT('',(-0.,-8.2));
#798 = VECTOR('',#799,1.);
#799 = DIRECTION('',(1.,-0.));
#800 = ( GEOMETRIC_REPRESENTATION_CONTEXT(2) 
PARAMETRIC_REPRESENTATION_CONTEXT() REPRESENTATION_CONTEXT('2D SPACE',''
  ) );
#801 = FACE_BOUND('',#802,.T.);
#802 = EDGE_LOOP('',(#803));
#803 = ORIENTED_EDGE('',*,*,#804,.F.);
#804 = EDGE_CURVE('',#805,#805,#807,.T.);
#805 = VERTEX_POINT('',#806);
#806 = CARTESIAN_POINT('',(161.15,20.25,8.));
#807 = SURFACE_CURVE('',#808,(#813,#820),.PCURVE_S1.);
#808 = CIRCLE('',#809,4.75);
#809 = AXIS2_PLACEMENT_3D('',#810,#811,#812);
#810 = CARTESIAN_POINT('',(156.4,20.25,8.));
#811 = DIRECTION('',(0.,0.,1.));
#812 = DIRECTION('',(1.,0.,0.));
#813 = PCURVE('',#33,#814);
#814 = DEFINITIONAL_REPRESENTATION('',(#815),#819);
#815 = CIRCLE('',#816,4.75);
#816 = AXIS2_PLACEMENT_2D('',#817,#818);
#817 = CARTESIAN_POINT('',(66.381175974116,-39.74473052473));
#818 = DIRECTION('',(1.,0.));
#819 = ( GEOMETRIC_REPRESENTATION_CONTEXT(2) 
PARAMETRIC_REPRESENTATION_CONTEXT() REPRESENTATION_CONTEXT('2D SPACE',''
  ) );
#820 = PCURVE('',#821,#826);
#821 = CYLINDRICAL_SURFACE('',#822,4.75);
#822 = AXIS2_PLACEMENT_3D('',#823,#824,#825);
#823 = CARTESIAN_POINT('',(156.4,20.25,16.2));
#824 = DIRECTION('',(0.,0.,1.));
#825 = DIRECTION('',(1.,0.,0.));
#826 = DEFINITIONAL_REPRESENTATION('',(#827),#831);
#827 = LINE('',#828,#829);
#828 = CARTESIAN_POINT('',(-6.28318530718,-8.2));
#829 = VECTOR('',#830,1.);
#830 = DIRECTION('',(1.,-0.));
#831 = ( GEOMETRIC_REPRESENTATION_CONTEXT(2) 
PARAMETRIC_REPRESENTATION_CONTEXT() REPRESENTATION_CONTEXT('2D SPACE',''
  ) );
#832 = FACE_BOUND('',#833,.T.);
#833 = EDGE_LOOP('',(#834,#864,#892,#921,#945,#973,#1002,#1026,#1049,
    #1078,#1102,#1125,#1154,#1178,#1201,#1230,#1254,#1282,#1305,#1334,
    #1357));
#834 = ORIENTED_EDGE('',*,*,#835,.F.);
#835 = EDGE_CURVE('',#836,#838,#840,.T.);
#836 = VERTEX_POINT('',#837);
#837 = CARTESIAN_POINT('',(26.,116.,8.));
#838 = VERTEX_POINT('',#839);
#839 = CARTESIAN_POINT('',(26.,103.84908526381,8.));
#840 = SURFACE_CURVE('',#841,(#845,#852),.PCURVE_S1.);
#841 = LINE('',#842,#843);
#842 = CARTESIAN_POINT('',(26.,109.,8.));
#843 = VECTOR('',#844,1.);
#844 = DIRECTION('',(0.,-1.,0.));
#845 = PCURVE('',#33,#846);
#846 = DEFINITIONAL_REPRESENTATION('',(#847),#851);
#847 = LINE('',#848,#849);
#848 = CARTESIAN_POINT('',(-64.01882402588,49.005269475265));
#849 = VECTOR('',#850,1.);
#850 = DIRECTION('',(0.,-1.));
#851 = ( GEOMETRIC_REPRESENTATION_CONTEXT(2) 
PARAMETRIC_REPRESENTATION_CONTEXT() REPRESENTATION_CONTEXT('2D SPACE',''
  ) );
#852 = PCURVE('',#853,#858);
#853 = PLANE('',#854);
#854 = AXIS2_PLACEMENT_3D('',#855,#856,#857);
#855 = CARTESIAN_POINT('',(29.5,109.,4.5));
#856 = DIRECTION('',(-0.707106781187,0.,-0.707106781187));
#857 = DIRECTION('',(0.,1.,0.));
#858 = DEFINITIONAL_REPRESENTATION('',(#859),#863);
#859 = LINE('',#860,#861);
#860 = CARTESIAN_POINT('',(-0.,-4.949747468306));
#861 = VECTOR('',#862,1.);
#862 = DIRECTION('',(-1.,0.));
#863 = ( GEOMETRIC_REPRESENTATION_CONTEXT(2) 
PARAMETRIC_REPRESENTATION_CONTEXT() REPRESENTATION_CONTEXT('2D SPACE',''
  ) );
#864 = ORIENTED_EDGE('',*,*,#865,.F.);
#865 = EDGE_CURVE('',#866,#836,#868,.T.);
#866 = VERTEX_POINT('',#867);
#867 = CARTESIAN_POINT('',(136.11727003433,116.,8.));
#868 = SURFACE_CURVE('',#869,(#873,#880),.PCURVE_S1.);
#869 = LINE('',#870,#871);
#870 = CARTESIAN_POINT('',(131.,116.,8.));
#871 = VECTOR('',#872,1.);
#872 = DIRECTION('',(-1.,0.,0.));
#873 = PCURVE('',#33,#874);
#874 = DEFINITIONAL_REPRESENTATION('',(#875),#879);
#875 = LINE('',#876,#877);
#876 = CARTESIAN_POINT('',(40.981175974116,56.005269475265));
#877 = VECTOR('',#878,1.);
#878 = DIRECTION('',(-1.,0.));
#879 = ( GEOMETRIC_REPRESENTATION_CONTEXT(2) 
PARAMETRIC_REPRESENTATION_CONTEXT() REPRESENTATION_CONTEXT('2D SPACE',''
  ) );
#880 = PCURVE('',#881,#886);
#881 = PLANE('',#882);
#882 = AXIS2_PLACEMENT_3D('',#883,#884,#885);
#883 = CARTESIAN_POINT('',(131.,112.5,4.5));
#884 = DIRECTION('',(0.,0.707106781187,-0.707106781187));
#885 = DIRECTION('',(1.,0.,0.));
#886 = DEFINITIONAL_REPRESENTATION('',(#887),#891);
#887 = LINE('',#888,#889);
#888 = CARTESIAN_POINT('',(-0.,-4.949747468306));
#889 = VECTOR('',#890,1.);
#890 = DIRECTION('',(-1.,0.));
#891 = ( GEOMETRIC_REPRESENTATION_CONTEXT(2) 
PARAMETRIC_REPRESENTATION_CONTEXT() REPRESENTATION_CONTEXT('2D SPACE',''
  ) );
#892 = ORIENTED_EDGE('',*,*,#893,.F.);
#893 = EDGE_CURVE('',#894,#866,#896,.T.);
#894 = VERTEX_POINT('',#895);
#895 = CARTESIAN_POINT('',(144.55,113.,8.));
#896 = SURFACE_CURVE('',#897,(#902,#909),.PCURVE_S1.);
#897 = CIRCLE('',#898,4.75);
#898 = AXIS2_PLACEMENT_3D('',#899,#900,#901);
#899 = CARTESIAN_POINT('',(139.8,113.,8.));
#900 = DIRECTION('',(0.,0.,1.));
#901 = DIRECTION('',(1.,0.,0.));
#902 = PCURVE('',#33,#903);
#903 = DEFINITIONAL_REPRESENTATION('',(#904),#908);
#904 = CIRCLE('',#905,4.75);
#905 = AXIS2_PLACEMENT_2D('',#906,#907);
#906 = CARTESIAN_POINT('',(49.781175974116,53.005269475265));
#907 = DIRECTION('',(1.,0.));
#908 = ( GEOMETRIC_REPRESENTATION_CONTEXT(2) 
PARAMETRIC_REPRESENTATION_CONTEXT() REPRESENTATION_CONTEXT('2D SPACE',''
  ) );
#909 = PCURVE('',#910,#915);
#910 = CYLINDRICAL_SURFACE('',#911,4.75);
#911 = AXIS2_PLACEMENT_3D('',#912,#913,#914);
#912 = CARTESIAN_POINT('',(139.8,113.,16.2));
#913 = DIRECTION('',(0.,0.,1.));
#914 = DIRECTION('',(1.,0.,0.));
#915 = DEFINITIONAL_REPRESENTATION('',(#916),#920);
#916 = LINE('',#917,#918);
#917 = CARTESIAN_POINT('',(-6.28318530718,-8.2));
#918 = VECTOR('',#919,1.);
#919 = DIRECTION('',(1.,-0.));
#920 = ( GEOMETRIC_REPRESENTATION_CONTEXT(2) 
PARAMETRIC_REPRESENTATION_CONTEXT() REPRESENTATION_CONTEXT('2D SPACE',''
  ) );
#921 = ORIENTED_EDGE('',*,*,#922,.F.);
#922 = EDGE_CURVE('',#923,#894,#925,.T.);
#923 = VERTEX_POINT('',#924);
#924 = CARTESIAN_POINT('',(138.,108.60426342918,8.));
#925 = SURFACE_CURVE('',#926,(#931,#938),.PCURVE_S1.);
#926 = CIRCLE('',#927,4.75);
#927 = AXIS2_PLACEMENT_3D('',#928,#929,#930);
#928 = CARTESIAN_POINT('',(139.8,113.,8.));
#929 = DIRECTION('',(0.,0.,1.));
#930 = DIRECTION('',(1.,0.,0.));
#931 = PCURVE('',#33,#932);
#932 = DEFINITIONAL_REPRESENTATION('',(#933),#937);
#933 = CIRCLE('',#934,4.75);
#934 = AXIS2_PLACEMENT_2D('',#935,#936);
#935 = CARTESIAN_POINT('',(49.781175974116,53.005269475265));
#936 = DIRECTION('',(1.,0.));
#937 = ( GEOMETRIC_REPRESENTATION_CONTEXT(2) 
PARAMETRIC_REPRESENTATION_CONTEXT() REPRESENTATION_CONTEXT('2D SPACE',''
  ) );
#938 = PCURVE('',#910,#939);
#939 = DEFINITIONAL_REPRESENTATION('',(#940),#944);
#940 = LINE('',#941,#942);
#941 = CARTESIAN_POINT('',(-12.56637061435,-8.2));
#942 = VECTOR('',#943,1.);
#943 = DIRECTION('',(1.,-0.));
#944 = ( GEOMETRIC_REPRESENTATION_CONTEXT(2) 
PARAMETRIC_REPRESENTATION_CONTEXT() REPRESENTATION_CONTEXT('2D SPACE',''
  ) );
#945 = ORIENTED_EDGE('',*,*,#946,.F.);
#946 = EDGE_CURVE('',#947,#923,#949,.T.);
#947 = VERTEX_POINT('',#948);
#948 = CARTESIAN_POINT('',(138.,90.895736570814,8.));
#949 = SURFACE_CURVE('',#950,(#954,#961),.PCURVE_S1.);
#950 = LINE('',#951,#952);
#951 = CARTESIAN_POINT('',(138.,11.,8.));
#952 = VECTOR('',#953,1.);
#953 = DIRECTION('',(0.,1.,0.));
#954 = PCURVE('',#33,#955);
#955 = DEFINITIONAL_REPRESENTATION('',(#956),#960);
#956 = LINE('',#957,#958);
#957 = CARTESIAN_POINT('',(47.981175974116,-48.99473052473));
#958 = VECTOR('',#959,1.);
#959 = DIRECTION('',(0.,1.));
#960 = ( GEOMETRIC_REPRESENTATION_CONTEXT(2) 
PARAMETRIC_REPRESENTATION_CONTEXT() REPRESENTATION_CONTEXT('2D SPACE',''
  ) );
#961 = PCURVE('',#962,#967);
#962 = PLANE('',#963);
#963 = AXIS2_PLACEMENT_3D('',#964,#965,#966);
#964 = CARTESIAN_POINT('',(134.5,11.,4.5));
#965 = DIRECTION('',(0.707106781187,0.,-0.707106781187));
#966 = DIRECTION('',(-0.,-1.,-0.));
#967 = DEFINITIONAL_REPRESENTATION('',(#968),#972);
#968 = LINE('',#969,#970);
#969 = CARTESIAN_POINT('',(-0.,-4.949747468306));
#970 = VECTOR('',#971,1.);
#971 = DIRECTION('',(-1.,0.));
#972 = ( GEOMETRIC_REPRESENTATION_CONTEXT(2) 
PARAMETRIC_REPRESENTATION_CONTEXT() REPRESENTATION_CONTEXT('2D SPACE',''
  ) );
#973 = ORIENTED_EDGE('',*,*,#974,.F.);
#974 = EDGE_CURVE('',#975,#947,#977,.T.);
#975 = VERTEX_POINT('',#976);
#976 = CARTESIAN_POINT('',(144.55,86.5,8.));
#977 = SURFACE_CURVE('',#978,(#983,#990),.PCURVE_S1.);
#978 = CIRCLE('',#979,4.75);
#979 = AXIS2_PLACEMENT_3D('',#980,#981,#982);
#980 = CARTESIAN_POINT('',(139.8,86.5,8.));
#981 = DIRECTION('',(0.,0.,1.));
#982 = DIRECTION('',(1.,0.,0.));
#983 = PCURVE('',#33,#984);
#984 = DEFINITIONAL_REPRESENTATION('',(#985),#989);
#985 = CIRCLE('',#986,4.75);
#986 = AXIS2_PLACEMENT_2D('',#987,#988);
#987 = CARTESIAN_POINT('',(49.781175974116,26.505269475265));
#988 = DIRECTION('',(1.,0.));
#989 = ( GEOMETRIC_REPRESENTATION_CONTEXT(2) 
PARAMETRIC_REPRESENTATION_CONTEXT() REPRESENTATION_CONTEXT('2D SPACE',''
  ) );
#990 = PCURVE('',#991,#996);
#991 = CYLINDRICAL_SURFACE('',#992,4.75);
#992 = AXIS2_PLACEMENT_3D('',#993,#994,#995);
#993 = CARTESIAN_POINT('',(139.8,86.5,16.2));
#994 = DIRECTION('',(0.,0.,1.));
#995 = DIRECTION('',(1.,0.,0.));
#996 = DEFINITIONAL_REPRESENTATION('',(#997),#1001);
#997 = LINE('',#998,#999);
#998 = CARTESIAN_POINT('',(-0.,-8.2));
#999 = VECTOR('',#1000,1.);
#1000 = DIRECTION('',(1.,-0.));
#1001 = ( GEOMETRIC_REPRESENTATION_CONTEXT(2) 
PARAMETRIC_REPRESENTATION_CONTEXT() REPRESENTATION_CONTEXT('2D SPACE',''
  ) );
#1002 = ORIENTED_EDGE('',*,*,#1003,.F.);
#1003 = EDGE_CURVE('',#1004,#975,#1006,.T.);
#1004 = VERTEX_POINT('',#1005);
#1005 = CARTESIAN_POINT('',(138.,82.104263429186,8.));
#1006 = SURFACE_CURVE('',#1007,(#1012,#1019),.PCURVE_S1.);
#1007 = CIRCLE('',#1008,4.75);
#1008 = AXIS2_PLACEMENT_3D('',#1009,#1010,#1011);
#1009 = CARTESIAN_POINT('',(139.8,86.5,8.));
#1010 = DIRECTION('',(0.,0.,1.));
#1011 = DIRECTION('',(1.,0.,0.));
#1012 = PCURVE('',#33,#1013);
#1013 = DEFINITIONAL_REPRESENTATION('',(#1014),#1018);
#1014 = CIRCLE('',#1015,4.75);
#1015 = AXIS2_PLACEMENT_2D('',#1016,#1017);
#1016 = CARTESIAN_POINT('',(49.781175974116,26.505269475265));
#1017 = DIRECTION('',(1.,0.));
#1018 = ( GEOMETRIC_REPRESENTATION_CONTEXT(2) 
PARAMETRIC_REPRESENTATION_CONTEXT() REPRESENTATION_CONTEXT('2D SPACE',''
  ) );
#1019 = PCURVE('',#991,#1020);
#1020 = DEFINITIONAL_REPRESENTATION('',(#1021),#1025);
#1021 = LINE('',#1022,#1023);
#1022 = CARTESIAN_POINT('',(-6.28318530718,-8.2));
#1023 = VECTOR('',#1024,1.);
#1024 = DIRECTION('',(1.,-0.));
#1025 = ( GEOMETRIC_REPRESENTATION_CONTEXT(2) 
PARAMETRIC_REPRESENTATION_CONTEXT() REPRESENTATION_CONTEXT('2D SPACE',''
  ) );
#1026 = ORIENTED_EDGE('',*,*,#1027,.F.);
#1027 = EDGE_CURVE('',#1028,#1004,#1030,.T.);
#1028 = VERTEX_POINT('',#1029);
#1029 = CARTESIAN_POINT('',(138.,64.395736570814,8.));
#1030 = SURFACE_CURVE('',#1031,(#1035,#1042),.PCURVE_S1.);
#1031 = LINE('',#1032,#1033);
#1032 = CARTESIAN_POINT('',(138.,11.,8.));
#1033 = VECTOR('',#1034,1.);
#1034 = DIRECTION('',(0.,1.,0.));
#1035 = PCURVE('',#33,#1036);
#1036 = DEFINITIONAL_REPRESENTATION('',(#1037),#1041);
#1037 = LINE('',#1038,#1039);
#1038 = CARTESIAN_POINT('',(47.981175974116,-48.99473052473));
#1039 = VECTOR('',#1040,1.);
#1040 = DIRECTION('',(0.,1.));
#1041 = ( GEOMETRIC_REPRESENTATION_CONTEXT(2) 
PARAMETRIC_REPRESENTATION_CONTEXT() REPRESENTATION_CONTEXT('2D SPACE',''
  ) );
#1042 = PCURVE('',#962,#1043);
#1043 = DEFINITIONAL_REPRESENTATION('',(#1044),#1048);
#1044 = LINE('',#1045,#1046);
#1045 = CARTESIAN_POINT('',(-0.,-4.949747468306));
#1046 = VECTOR('',#1047,1.);
#1047 = DIRECTION('',(-1.,0.));
#1048 = ( GEOMETRIC_REPRESENTATION_CONTEXT(2) 
PARAMETRIC_REPRESENTATION_CONTEXT() REPRESENTATION_CONTEXT('2D SPACE',''
  ) );
#1049 = ORIENTED_EDGE('',*,*,#1050,.F.);
#1050 = EDGE_CURVE('',#1051,#1028,#1053,.T.);
#1051 = VERTEX_POINT('',#1052);
#1052 = CARTESIAN_POINT('',(144.55,60.,8.));
#1053 = SURFACE_CURVE('',#1054,(#1059,#1066),.PCURVE_S1.);
#1054 = CIRCLE('',#1055,4.75);
#1055 = AXIS2_PLACEMENT_3D('',#1056,#1057,#1058);
#1056 = CARTESIAN_POINT('',(139.8,60.,8.));
#1057 = DIRECTION('',(0.,0.,1.));
#1058 = DIRECTION('',(1.,0.,0.));
#1059 = PCURVE('',#33,#1060);
#1060 = DEFINITIONAL_REPRESENTATION('',(#1061),#1065);
#1061 = CIRCLE('',#1062,4.75);
#1062 = AXIS2_PLACEMENT_2D('',#1063,#1064);
#1063 = CARTESIAN_POINT('',(49.781175974116,5.269475265102E-03));
#1064 = DIRECTION('',(1.,0.));
#1065 = ( GEOMETRIC_REPRESENTATION_CONTEXT(2) 
PARAMETRIC_REPRESENTATION_CONTEXT() REPRESENTATION_CONTEXT('2D SPACE',''
  ) );
#1066 = PCURVE('',#1067,#1072);
#1067 = CYLINDRICAL_SURFACE('',#1068,4.75);
#1068 = AXIS2_PLACEMENT_3D('',#1069,#1070,#1071);
#1069 = CARTESIAN_POINT('',(139.8,60.,16.2));
#1070 = DIRECTION('',(0.,0.,1.));
#1071 = DIRECTION('',(1.,0.,0.));
#1072 = DEFINITIONAL_REPRESENTATION('',(#1073),#1077);
#1073 = LINE('',#1074,#1075);
#1074 = CARTESIAN_POINT('',(-0.,-8.2));
#1075 = VECTOR('',#1076,1.);
#1076 = DIRECTION('',(1.,-0.));
#1077 = ( GEOMETRIC_REPRESENTATION_CONTEXT(2) 
PARAMETRIC_REPRESENTATION_CONTEXT() REPRESENTATION_CONTEXT('2D SPACE',''
  ) );
#1078 = ORIENTED_EDGE('',*,*,#1079,.F.);
#1079 = EDGE_CURVE('',#1080,#1051,#1082,.T.);
#1080 = VERTEX_POINT('',#1081);
#1081 = CARTESIAN_POINT('',(138.,55.604263429186,8.));
#1082 = SURFACE_CURVE('',#1083,(#1088,#1095),.PCURVE_S1.);
#1083 = CIRCLE('',#1084,4.75);
#1084 = AXIS2_PLACEMENT_3D('',#1085,#1086,#1087);
#1085 = CARTESIAN_POINT('',(139.8,60.,8.));
#1086 = DIRECTION('',(0.,0.,1.));
#1087 = DIRECTION('',(1.,0.,0.));
#1088 = PCURVE('',#33,#1089);
#1089 = DEFINITIONAL_REPRESENTATION('',(#1090),#1094);
#1090 = CIRCLE('',#1091,4.75);
#1091 = AXIS2_PLACEMENT_2D('',#1092,#1093);
#1092 = CARTESIAN_POINT('',(49.781175974116,5.269475265102E-03));
#1093 = DIRECTION('',(1.,0.));
#1094 = ( GEOMETRIC_REPRESENTATION_CONTEXT(2) 
PARAMETRIC_REPRESENTATION_CONTEXT() REPRESENTATION_CONTEXT('2D SPACE',''
  ) );
#1095 = PCURVE('',#1067,#1096);
#1096 = DEFINITIONAL_REPRESENTATION('',(#1097),#1101);
#1097 = LINE('',#1098,#1099);
#1098 = CARTESIAN_POINT('',(-6.28318530718,-8.2));
#1099 = VECTOR('',#1100,1.);
#1100 = DIRECTION('',(1.,-0.));
#1101 = ( GEOMETRIC_REPRESENTATION_CONTEXT(2) 
PARAMETRIC_REPRESENTATION_CONTEXT() REPRESENTATION_CONTEXT('2D SPACE',''
  ) );
#1102 = ORIENTED_EDGE('',*,*,#1103,.F.);
#1103 = EDGE_CURVE('',#1104,#1080,#1106,.T.);
#1104 = VERTEX_POINT('',#1105);
#1105 = CARTESIAN_POINT('',(138.,37.895736570814,8.));
#1106 = SURFACE_CURVE('',#1107,(#1111,#1118),.PCURVE_S1.);
#1107 = LINE('',#1108,#1109);
#1108 = CARTESIAN_POINT('',(138.,11.,8.));
#1109 = VECTOR('',#1110,1.);
#1110 = DIRECTION('',(0.,1.,0.));
#1111 = PCURVE('',#33,#1112);
#1112 = DEFINITIONAL_REPRESENTATION('',(#1113),#1117);
#1113 = LINE('',#1114,#1115);
#1114 = CARTESIAN_POINT('',(47.981175974116,-48.99473052473));
#1115 = VECTOR('',#1116,1.);
#1116 = DIRECTION('',(0.,1.));
#1117 = ( GEOMETRIC_REPRESENTATION_CONTEXT(2) 
PARAMETRIC_REPRESENTATION_CONTEXT() REPRESENTATION_CONTEXT('2D SPACE',''
  ) );
#1118 = PCURVE('',#962,#1119);
#1119 = DEFINITIONAL_REPRESENTATION('',(#1120),#1124);
#1120 = LINE('',#1121,#1122);
#1121 = CARTESIAN_POINT('',(-0.,-4.949747468306));
#1122 = VECTOR('',#1123,1.);
#1123 = DIRECTION('',(-1.,0.));
#1124 = ( GEOMETRIC_REPRESENTATION_CONTEXT(2) 
PARAMETRIC_REPRESENTATION_CONTEXT() REPRESENTATION_CONTEXT('2D SPACE',''
  ) );
#1125 = ORIENTED_EDGE('',*,*,#1126,.F.);
#1126 = EDGE_CURVE('',#1127,#1104,#1129,.T.);
#1127 = VERTEX_POINT('',#1128);
#1128 = CARTESIAN_POINT('',(144.55,33.5,8.));
#1129 = SURFACE_CURVE('',#1130,(#1135,#1142),.PCURVE_S1.);
#1130 = CIRCLE('',#1131,4.75);
#1131 = AXIS2_PLACEMENT_3D('',#1132,#1133,#1134);
#1132 = CARTESIAN_POINT('',(139.8,33.5,8.));
#1133 = DIRECTION('',(0.,0.,1.));
#1134 = DIRECTION('',(1.,0.,0.));
#1135 = PCURVE('',#33,#1136);
#1136 = DEFINITIONAL_REPRESENTATION('',(#1137),#1141);
#1137 = CIRCLE('',#1138,4.75);
#1138 = AXIS2_PLACEMENT_2D('',#1139,#1140);
#1139 = CARTESIAN_POINT('',(49.781175974116,-26.49473052473));
#1140 = DIRECTION('',(1.,0.));
#1141 = ( GEOMETRIC_REPRESENTATION_CONTEXT(2) 
PARAMETRIC_REPRESENTATION_CONTEXT() REPRESENTATION_CONTEXT('2D SPACE',''
  ) );
#1142 = PCURVE('',#1143,#1148);
#1143 = CYLINDRICAL_SURFACE('',#1144,4.75);
#1144 = AXIS2_PLACEMENT_3D('',#1145,#1146,#1147);
#1145 = CARTESIAN_POINT('',(139.8,33.5,16.2));
#1146 = DIRECTION('',(0.,0.,1.));
#1147 = DIRECTION('',(1.,0.,0.));
#1148 = DEFINITIONAL_REPRESENTATION('',(#1149),#1153);
#1149 = LINE('',#1150,#1151);
#1150 = CARTESIAN_POINT('',(-0.,-8.2));
#1151 = VECTOR('',#1152,1.);
#1152 = DIRECTION('',(1.,-0.));
#1153 = ( GEOMETRIC_REPRESENTATION_CONTEXT(2) 
PARAMETRIC_REPRESENTATION_CONTEXT() REPRESENTATION_CONTEXT('2D SPACE',''
  ) );
#1154 = ORIENTED_EDGE('',*,*,#1155,.F.);
#1155 = EDGE_CURVE('',#1156,#1127,#1158,.T.);
#1156 = VERTEX_POINT('',#1157);
#1157 = CARTESIAN_POINT('',(138.,29.104263429186,8.));
#1158 = SURFACE_CURVE('',#1159,(#1164,#1171),.PCURVE_S1.);
#1159 = CIRCLE('',#1160,4.75);
#1160 = AXIS2_PLACEMENT_3D('',#1161,#1162,#1163);
#1161 = CARTESIAN_POINT('',(139.8,33.5,8.));
#1162 = DIRECTION('',(0.,0.,1.));
#1163 = DIRECTION('',(1.,0.,0.));
#1164 = PCURVE('',#33,#1165);
#1165 = DEFINITIONAL_REPRESENTATION('',(#1166),#1170);
#1166 = CIRCLE('',#1167,4.75);
#1167 = AXIS2_PLACEMENT_2D('',#1168,#1169);
#1168 = CARTESIAN_POINT('',(49.781175974116,-26.49473052473));
#1169 = DIRECTION('',(1.,0.));
#1170 = ( GEOMETRIC_REPRESENTATION_CONTEXT(2) 
PARAMETRIC_REPRESENTATION_CONTEXT() REPRESENTATION_CONTEXT('2D SPACE',''
  ) );
#1171 = PCURVE('',#1143,#1172);
#1172 = DEFINITIONAL_REPRESENTATION('',(#1173),#1177);
#1173 = LINE('',#1174,#1175);
#1174 = CARTESIAN_POINT('',(-6.28318530718,-8.2));
#1175 = VECTOR('',#1176,1.);
#1176 = DIRECTION('',(1.,-0.));
#1177 = ( GEOMETRIC_REPRESENTATION_CONTEXT(2) 
PARAMETRIC_REPRESENTATION_CONTEXT() REPRESENTATION_CONTEXT('2D SPACE',''
  ) );
#1178 = ORIENTED_EDGE('',*,*,#1179,.F.);
#1179 = EDGE_CURVE('',#1180,#1156,#1182,.T.);
#1180 = VERTEX_POINT('',#1181);
#1181 = CARTESIAN_POINT('',(138.,11.395736570814,8.));
#1182 = SURFACE_CURVE('',#1183,(#1187,#1194),.PCURVE_S1.);
#1183 = LINE('',#1184,#1185);
#1184 = CARTESIAN_POINT('',(138.,11.,8.));
#1185 = VECTOR('',#1186,1.);
#1186 = DIRECTION('',(0.,1.,0.));
#1187 = PCURVE('',#33,#1188);
#1188 = DEFINITIONAL_REPRESENTATION('',(#1189),#1193);
#1189 = LINE('',#1190,#1191);
#1190 = CARTESIAN_POINT('',(47.981175974116,-48.99473052473));
#1191 = VECTOR('',#1192,1.);
#1192 = DIRECTION('',(0.,1.));
#1193 = ( GEOMETRIC_REPRESENTATION_CONTEXT(2) 
PARAMETRIC_REPRESENTATION_CONTEXT() REPRESENTATION_CONTEXT('2D SPACE',''
  ) );
#1194 = PCURVE('',#962,#1195);
#1195 = DEFINITIONAL_REPRESENTATION('',(#1196),#1200);
#1196 = LINE('',#1197,#1198);
#1197 = CARTESIAN_POINT('',(-0.,-4.949747468306));
#1198 = VECTOR('',#1199,1.);
#1199 = DIRECTION('',(-1.,0.));
#1200 = ( GEOMETRIC_REPRESENTATION_CONTEXT(2) 
PARAMETRIC_REPRESENTATION_CONTEXT() REPRESENTATION_CONTEXT('2D SPACE',''
  ) );
#1201 = ORIENTED_EDGE('',*,*,#1202,.F.);
#1202 = EDGE_CURVE('',#1203,#1180,#1205,.T.);
#1203 = VERTEX_POINT('',#1204);
#1204 = CARTESIAN_POINT('',(144.55,7.,8.));
#1205 = SURFACE_CURVE('',#1206,(#1211,#1218),.PCURVE_S1.);
#1206 = CIRCLE('',#1207,4.75);
#1207 = AXIS2_PLACEMENT_3D('',#1208,#1209,#1210);
#1208 = CARTESIAN_POINT('',(139.8,7.,8.));
#1209 = DIRECTION('',(0.,0.,1.));
#1210 = DIRECTION('',(1.,0.,0.));
#1211 = PCURVE('',#33,#1212);
#1212 = DEFINITIONAL_REPRESENTATION('',(#1213),#1217);
#1213 = CIRCLE('',#1214,4.75);
#1214 = AXIS2_PLACEMENT_2D('',#1215,#1216);
#1215 = CARTESIAN_POINT('',(49.781175974116,-52.99473052473));
#1216 = DIRECTION('',(1.,0.));
#1217 = ( GEOMETRIC_REPRESENTATION_CONTEXT(2) 
PARAMETRIC_REPRESENTATION_CONTEXT() REPRESENTATION_CONTEXT('2D SPACE',''
  ) );
#1218 = PCURVE('',#1219,#1224);
#1219 = CYLINDRICAL_SURFACE('',#1220,4.75);
#1220 = AXIS2_PLACEMENT_3D('',#1221,#1222,#1223);
#1221 = CARTESIAN_POINT('',(139.8,7.,16.2));
#1222 = DIRECTION('',(0.,0.,1.));
#1223 = DIRECTION('',(1.,0.,0.));
#1224 = DEFINITIONAL_REPRESENTATION('',(#1225),#1229);
#1225 = LINE('',#1226,#1227);
#1226 = CARTESIAN_POINT('',(-0.,-8.2));
#1227 = VECTOR('',#1228,1.);
#1228 = DIRECTION('',(1.,-0.));
#1229 = ( GEOMETRIC_REPRESENTATION_CONTEXT(2) 
PARAMETRIC_REPRESENTATION_CONTEXT() REPRESENTATION_CONTEXT('2D SPACE',''
  ) );
#1230 = ORIENTED_EDGE('',*,*,#1231,.F.);
#1231 = EDGE_CURVE('',#1232,#1203,#1234,.T.);
#1232 = VERTEX_POINT('',#1233);
#1233 = CARTESIAN_POINT('',(136.11727003433,4.,8.));
#1234 = SURFACE_CURVE('',#1235,(#1240,#1247),.PCURVE_S1.);
#1235 = CIRCLE('',#1236,4.75);
#1236 = AXIS2_PLACEMENT_3D('',#1237,#1238,#1239);
#1237 = CARTESIAN_POINT('',(139.8,7.,8.));
#1238 = DIRECTION('',(0.,0.,1.));
#1239 = DIRECTION('',(1.,0.,0.));
#1240 = PCURVE('',#33,#1241);
#1241 = DEFINITIONAL_REPRESENTATION('',(#1242),#1246);
#1242 = CIRCLE('',#1243,4.75);
#1243 = AXIS2_PLACEMENT_2D('',#1244,#1245);
#1244 = CARTESIAN_POINT('',(49.781175974116,-52.99473052473));
#1245 = DIRECTION('',(1.,0.));
#1246 = ( GEOMETRIC_REPRESENTATION_CONTEXT(2) 
PARAMETRIC_REPRESENTATION_CONTEXT() REPRESENTATION_CONTEXT('2D SPACE',''
  ) );
#1247 = PCURVE('',#1219,#1248);
#1248 = DEFINITIONAL_REPRESENTATION('',(#1249),#1253);
#1249 = LINE('',#1250,#1251);
#1250 = CARTESIAN_POINT('',(-6.28318530718,-8.2));
#1251 = VECTOR('',#1252,1.);
#1252 = DIRECTION('',(1.,-0.));
#1253 = ( GEOMETRIC_REPRESENTATION_CONTEXT(2) 
PARAMETRIC_REPRESENTATION_CONTEXT() REPRESENTATION_CONTEXT('2D SPACE',''
  ) );
#1254 = ORIENTED_EDGE('',*,*,#1255,.F.);
#1255 = EDGE_CURVE('',#1256,#1232,#1258,.T.);
#1256 = VERTEX_POINT('',#1257);
#1257 = CARTESIAN_POINT('',(26.,4.,8.));
#1258 = SURFACE_CURVE('',#1259,(#1263,#1270),.PCURVE_S1.);
#1259 = LINE('',#1260,#1261);
#1260 = CARTESIAN_POINT('',(33.,4.,8.));
#1261 = VECTOR('',#1262,1.);
#1262 = DIRECTION('',(1.,0.,0.));
#1263 = PCURVE('',#33,#1264);
#1264 = DEFINITIONAL_REPRESENTATION('',(#1265),#1269);
#1265 = LINE('',#1266,#1267);
#1266 = CARTESIAN_POINT('',(-57.01882402588,-55.99473052473));
#1267 = VECTOR('',#1268,1.);
#1268 = DIRECTION('',(1.,0.));
#1269 = ( GEOMETRIC_REPRESENTATION_CONTEXT(2) 
PARAMETRIC_REPRESENTATION_CONTEXT() REPRESENTATION_CONTEXT('2D SPACE',''
  ) );
#1270 = PCURVE('',#1271,#1276);
#1271 = PLANE('',#1272);
#1272 = AXIS2_PLACEMENT_3D('',#1273,#1274,#1275);
#1273 = CARTESIAN_POINT('',(33.,7.5,4.5));
#1274 = DIRECTION('',(0.,-0.707106781187,-0.707106781187));
#1275 = DIRECTION('',(-1.,-0.,-0.));
#1276 = DEFINITIONAL_REPRESENTATION('',(#1277),#1281);
#1277 = LINE('',#1278,#1279);
#1278 = CARTESIAN_POINT('',(-0.,-4.949747468306));
#1279 = VECTOR('',#1280,1.);
#1280 = DIRECTION('',(-1.,0.));
#1281 = ( GEOMETRIC_REPRESENTATION_CONTEXT(2) 
PARAMETRIC_REPRESENTATION_CONTEXT() REPRESENTATION_CONTEXT('2D SPACE',''
  ) );
#1282 = ORIENTED_EDGE('',*,*,#1283,.F.);
#1283 = EDGE_CURVE('',#1284,#1256,#1286,.T.);
#1284 = VERTEX_POINT('',#1285);
#1285 = CARTESIAN_POINT('',(26.,16.150914736188,8.));
#1286 = SURFACE_CURVE('',#1287,(#1291,#1298),.PCURVE_S1.);
#1287 = LINE('',#1288,#1289);
#1288 = CARTESIAN_POINT('',(26.,109.,8.));
#1289 = VECTOR('',#1290,1.);
#1290 = DIRECTION('',(0.,-1.,0.));
#1291 = PCURVE('',#33,#1292);
#1292 = DEFINITIONAL_REPRESENTATION('',(#1293),#1297);
#1293 = LINE('',#1294,#1295);
#1294 = CARTESIAN_POINT('',(-64.01882402588,49.005269475265));
#1295 = VECTOR('',#1296,1.);
#1296 = DIRECTION('',(0.,-1.));
#1297 = ( GEOMETRIC_REPRESENTATION_CONTEXT(2) 
PARAMETRIC_REPRESENTATION_CONTEXT() REPRESENTATION_CONTEXT('2D SPACE',''
  ) );
#1298 = PCURVE('',#853,#1299);
#1299 = DEFINITIONAL_REPRESENTATION('',(#1300),#1304);
#1300 = LINE('',#1301,#1302);
#1301 = CARTESIAN_POINT('',(-0.,-4.949747468306));
#1302 = VECTOR('',#1303,1.);
#1303 = DIRECTION('',(-1.,0.));
#1304 = ( GEOMETRIC_REPRESENTATION_CONTEXT(2) 
PARAMETRIC_REPRESENTATION_CONTEXT() REPRESENTATION_CONTEXT('2D SPACE',''
  ) );
#1305 = ORIENTED_EDGE('',*,*,#1306,.F.);
#1306 = EDGE_CURVE('',#1307,#1284,#1309,.T.);
#1307 = VERTEX_POINT('',#1308);
#1308 = CARTESIAN_POINT('',(26.,24.349085263812,8.));
#1309 = SURFACE_CURVE('',#1310,(#1315,#1322),.PCURVE_S1.);
#1310 = CIRCLE('',#1311,4.75);
#1311 = AXIS2_PLACEMENT_3D('',#1312,#1313,#1314);
#1312 = CARTESIAN_POINT('',(23.6,20.25,8.));
#1313 = DIRECTION('',(0.,0.,1.));
#1314 = DIRECTION('',(1.,0.,0.));
#1315 = PCURVE('',#33,#1316);
#1316 = DEFINITIONAL_REPRESENTATION('',(#1317),#1321);
#1317 = CIRCLE('',#1318,4.75);
#1318 = AXIS2_PLACEMENT_2D('',#1319,#1320);
#1319 = CARTESIAN_POINT('',(-66.41882402588,-39.74473052473));
#1320 = DIRECTION('',(1.,0.));
#1321 = ( GEOMETRIC_REPRESENTATION_CONTEXT(2) 
PARAMETRIC_REPRESENTATION_CONTEXT() REPRESENTATION_CONTEXT('2D SPACE',''
  ) );
#1322 = PCURVE('',#1323,#1328);
#1323 = CYLINDRICAL_SURFACE('',#1324,4.75);
#1324 = AXIS2_PLACEMENT_3D('',#1325,#1326,#1327);
#1325 = CARTESIAN_POINT('',(23.6,20.25,16.2));
#1326 = DIRECTION('',(0.,0.,1.));
#1327 = DIRECTION('',(1.,0.,0.));
#1328 = DEFINITIONAL_REPRESENTATION('',(#1329),#1333);
#1329 = LINE('',#1330,#1331);
#1330 = CARTESIAN_POINT('',(-6.28318530718,-8.2));
#1331 = VECTOR('',#1332,1.);
#1332 = DIRECTION('',(1.,-0.));
#1333 = ( GEOMETRIC_REPRESENTATION_CONTEXT(2) 
PARAMETRIC_REPRESENTATION_CONTEXT() REPRESENTATION_CONTEXT('2D SPACE',''
  ) );
#1334 = ORIENTED_EDGE('',*,*,#1335,.F.);
#1335 = EDGE_CURVE('',#1336,#1307,#1338,.T.);
#1336 = VERTEX_POINT('',#1337);
#1337 = CARTESIAN_POINT('',(26.,95.650914736188,8.));
#1338 = SURFACE_CURVE('',#1339,(#1343,#1350),.PCURVE_S1.);
#1339 = LINE('',#1340,#1341);
#1340 = CARTESIAN_POINT('',(26.,109.,8.));
#1341 = VECTOR('',#1342,1.);
#1342 = DIRECTION('',(0.,-1.,0.));
#1343 = PCURVE('',#33,#1344);
#1344 = DEFINITIONAL_REPRESENTATION('',(#1345),#1349);
#1345 = LINE('',#1346,#1347);
#1346 = CARTESIAN_POINT('',(-64.01882402588,49.005269475265));
#1347 = VECTOR('',#1348,1.);
#1348 = DIRECTION('',(0.,-1.));
#1349 = ( GEOMETRIC_REPRESENTATION_CONTEXT(2) 
PARAMETRIC_REPRESENTATION_CONTEXT() REPRESENTATION_CONTEXT('2D SPACE',''
  ) );
#1350 = PCURVE('',#853,#1351);
#1351 = DEFINITIONAL_REPRESENTATION('',(#1352),#1356);
#1352 = LINE('',#1353,#1354);
#1353 = CARTESIAN_POINT('',(-0.,-4.949747468306));
#1354 = VECTOR('',#1355,1.);
#1355 = DIRECTION('',(-1.,0.));
#1356 = ( GEOMETRIC_REPRESENTATION_CONTEXT(2) 
PARAMETRIC_REPRESENTATION_CONTEXT() REPRESENTATION_CONTEXT('2D SPACE',''
  ) );
#1357 = ORIENTED_EDGE('',*,*,#1358,.F.);
#1358 = EDGE_CURVE('',#838,#1336,#1359,.T.);
#1359 = SURFACE_CURVE('',#1360,(#1365,#1372),.PCURVE_S1.);
#1360 = CIRCLE('',#1361,4.75);
#1361 = AXIS2_PLACEMENT_3D('',#1362,#1363,#1364);
#1362 = CARTESIAN_POINT('',(23.6,99.75,8.));
#1363 = DIRECTION('',(0.,0.,1.));
#1364 = DIRECTION('',(1.,0.,0.));
#1365 = PCURVE('',#33,#1366);
#1366 = DEFINITIONAL_REPRESENTATION('',(#1367),#1371);
#1367 = CIRCLE('',#1368,4.75);
#1368 = AXIS2_PLACEMENT_2D('',#1369,#1370);
#1369 = CARTESIAN_POINT('',(-66.41882402588,39.755269475265));
#1370 = DIRECTION('',(1.,0.));
#1371 = ( GEOMETRIC_REPRESENTATION_CONTEXT(2) 
PARAMETRIC_REPRESENTATION_CONTEXT() REPRESENTATION_CONTEXT('2D SPACE',''
  ) );
#1372 = PCURVE('',#1373,#1378);
#1373 = CYLINDRICAL_SURFACE('',#1374,4.75);
#1374 = AXIS2_PLACEMENT_3D('',#1375,#1376,#1377);
#1375 = CARTESIAN_POINT('',(23.6,99.75,16.2));
#1376 = DIRECTION('',(0.,0.,1.));
#1377 = DIRECTION('',(1.,0.,0.));
#1378 = DEFINITIONAL_REPRESENTATION('',(#1379),#1383);
#1379 = LINE('',#1380,#1381);
#1380 = CARTESIAN_POINT('',(-6.28318530718,-8.2));
#1381 = VECTOR('',#1382,1.);
#1382 = DIRECTION('',(1.,-0.));
#1383 = ( GEOMETRIC_REPRESENTATION_CONTEXT(2) 
PARAMETRIC_REPRESENTATION_CONTEXT() REPRESENTATION_CONTEXT('2D SPACE',''
  ) );
#1384 = FACE_BOUND('',#1385,.T.);
#1385 = EDGE_LOOP('',(#1386));
#1386 = ORIENTED_EDGE('',*,*,#1387,.F.);
#1387 = EDGE_CURVE('',#1388,#1388,#1390,.T.);
#1388 = VERTEX_POINT('',#1389);
#1389 = CARTESIAN_POINT('',(161.15,99.75,8.));
#1390 = SURFACE_CURVE('',#1391,(#1396,#1403),.PCURVE_S1.);
#1391 = CIRCLE('',#1392,4.75);
#1392 = AXIS2_PLACEMENT_3D('',#1393,#1394,#1395);
#1393 = CARTESIAN_POINT('',(156.4,99.75,8.));
#1394 = DIRECTION('',(0.,0.,1.));
#1395 = DIRECTION('',(1.,0.,0.));
#1396 = PCURVE('',#33,#1397);
#1397 = DEFINITIONAL_REPRESENTATION('',(#1398),#1402);
#1398 = CIRCLE('',#1399,4.75);
#1399 = AXIS2_PLACEMENT_2D('',#1400,#1401);
#1400 = CARTESIAN_POINT('',(66.381175974116,39.755269475265));
#1401 = DIRECTION('',(1.,0.));
#1402 = ( GEOMETRIC_REPRESENTATION_CONTEXT(2) 
PARAMETRIC_REPRESENTATION_CONTEXT() REPRESENTATION_CONTEXT('2D SPACE',''
  ) );
#1403 = PCURVE('',#1404,#1409);
#1404 = CYLINDRICAL_SURFACE('',#1405,4.75);
#1405 = AXIS2_PLACEMENT_3D('',#1406,#1407,#1408);
#1406 = CARTESIAN_POINT('',(156.4,99.75,16.2));
#1407 = DIRECTION('',(0.,0.,1.));
#1408 = DIRECTION('',(1.,0.,0.));
#1409 = DEFINITIONAL_REPRESENTATION('',(#1410),#1414);
#1410 = LINE('',#1411,#1412);
#1411 = CARTESIAN_POINT('',(-6.28318530718,-8.2));
#1412 = VECTOR('',#1413,1.);
#1413 = DIRECTION('',(1.,-0.));
#1414 = ( GEOMETRIC_REPRESENTATION_CONTEXT(2) 
PARAMETRIC_REPRESENTATION_CONTEXT() REPRESENTATION_CONTEXT('2D SPACE',''
  ) );
#1415 = ADVANCED_FACE('',(#1416),#45,.F.);
#1416 = FACE_BOUND('',#1417,.T.);
#1417 = EDGE_LOOP('',(#1418,#1419,#1441,#1474,#1502,#1522));
#1418 = ORIENTED_EDGE('',*,*,#780,.T.);
#1419 = ORIENTED_EDGE('',*,*,#1420,.T.);
#1420 = EDGE_CURVE('',#752,#1421,#1423,.T.);
#1421 = VERTEX_POINT('',#1422);
#1422 = CARTESIAN_POINT('',(10.249090748474,116.46495444532,6.2));
#1423 = SURFACE_CURVE('',#1424,(#1428,#1435),.PCURVE_S1.);
#1424 = LINE('',#1425,#1426);
#1425 = CARTESIAN_POINT('',(10.249090748474,116.46495444532,0.));
#1426 = VECTOR('',#1427,1.);
#1427 = DIRECTION('',(-0.,-0.,-1.));
#1428 = PCURVE('',#45,#1429);
#1429 = DEFINITIONAL_REPRESENTATION('',(#1430),#1434);
#1430 = LINE('',#1431,#1432);
#1431 = CARTESIAN_POINT('',(0.817538156195,-16.2));
#1432 = VECTOR('',#1433,1.);
#1433 = DIRECTION('',(-0.,-1.));
#1434 = ( GEOMETRIC_REPRESENTATION_CONTEXT(2) 
PARAMETRIC_REPRESENTATION_CONTEXT() REPRESENTATION_CONTEXT('2D SPACE',''
  ) );
#1435 = PCURVE('',#768,#1436);
#1436 = DEFINITIONAL_REPRESENTATION('',(#1437),#1440);
#1437 = B_SPLINE_CURVE_WITH_KNOTS('',1,(#1438,#1439),.UNSPECIFIED.,.F.,
  .F.,(2,2),(-8.000461615943,-6.199538384057),.PIECEWISE_BEZIER_KNOTS.);
#1438 = CARTESIAN_POINT('',(-2.828110987296,-8.000461615943));
#1439 = CARTESIAN_POINT('',(-2.828110987296,-6.199538384057));
#1440 = ( GEOMETRIC_REPRESENTATION_CONTEXT(2) 
PARAMETRIC_REPRESENTATION_CONTEXT() REPRESENTATION_CONTEXT('2D SPACE',''
  ) );
#1441 = ORIENTED_EDGE('',*,*,#1442,.T.);
#1442 = EDGE_CURVE('',#1421,#1443,#1445,.T.);
#1443 = VERTEX_POINT('',#1444);
#1444 = CARTESIAN_POINT('',(11.75,113.,6.2));
#1445 = SURFACE_CURVE('',#1446,(#1451,#1458),.PCURVE_S1.);
#1446 = CIRCLE('',#1447,4.75);
#1447 = AXIS2_PLACEMENT_3D('',#1448,#1449,#1450);
#1448 = CARTESIAN_POINT('',(7.,113.,6.2));
#1449 = DIRECTION('',(0.,0.,-1.));
#1450 = DIRECTION('',(1.,0.,0.));
#1451 = PCURVE('',#45,#1452);
#1452 = DEFINITIONAL_REPRESENTATION('',(#1453),#1457);
#1453 = LINE('',#1454,#1455);
#1454 = CARTESIAN_POINT('',(6.28318530718,-10.));
#1455 = VECTOR('',#1456,1.);
#1456 = DIRECTION('',(-1.,0.));
#1457 = ( GEOMETRIC_REPRESENTATION_CONTEXT(2) 
PARAMETRIC_REPRESENTATION_CONTEXT() REPRESENTATION_CONTEXT('2D SPACE',''
  ) );
#1458 = PCURVE('',#1459,#1464);
#1459 = PLANE('',#1460);
#1460 = AXIS2_PLACEMENT_3D('',#1461,#1462,#1463);
#1461 = CARTESIAN_POINT('',(7.,113.,6.2));
#1462 = DIRECTION('',(0.,0.,1.));
#1463 = DIRECTION('',(1.,0.,0.));
#1464 = DEFINITIONAL_REPRESENTATION('',(#1465),#1473);
#1465 = ( BOUNDED_CURVE() B_SPLINE_CURVE(2,(#1466,#1467,#1468,#1469,
#1470,#1471,#1472),.UNSPECIFIED.,.T.,.F.) B_SPLINE_CURVE_WITH_KNOTS((1,2
    ,2,2,2,1),(-2.094395102393,0.,2.094395102393,4.188790204786,
6.28318530718,8.377580409573),.UNSPECIFIED.) CURVE() 
GEOMETRIC_REPRESENTATION_ITEM() RATIONAL_B_SPLINE_CURVE((1.,0.5,1.,0.5,
1.,0.5,1.)) REPRESENTATION_ITEM('') );
#1466 = CARTESIAN_POINT('',(4.75,-8.881784197001E-16));
#1467 = CARTESIAN_POINT('',(4.75,-8.227241335952));
#1468 = CARTESIAN_POINT('',(-2.375,-4.113620667976));
#1469 = CARTESIAN_POINT('',(-9.5,-2.05159287889E-15));
#1470 = CARTESIAN_POINT('',(-2.375,4.113620667976));
#1471 = CARTESIAN_POINT('',(4.75,8.227241335952));
#1472 = CARTESIAN_POINT('',(4.75,-8.881784197001E-16));
#1473 = ( GEOMETRIC_REPRESENTATION_CONTEXT(2) 
PARAMETRIC_REPRESENTATION_CONTEXT() REPRESENTATION_CONTEXT('2D SPACE',''
  ) );
#1474 = ORIENTED_EDGE('',*,*,#1475,.T.);
#1475 = EDGE_CURVE('',#1443,#1476,#1478,.T.);
#1476 = VERTEX_POINT('',#1477);
#1477 = CARTESIAN_POINT('',(10.,109.31727003433,6.2));
#1478 = SURFACE_CURVE('',#1479,(#1484,#1491),.PCURVE_S1.);
#1479 = CIRCLE('',#1480,4.75);
#1480 = AXIS2_PLACEMENT_3D('',#1481,#1482,#1483);
#1481 = CARTESIAN_POINT('',(7.,113.,6.2));
#1482 = DIRECTION('',(0.,0.,-1.));
#1483 = DIRECTION('',(1.,0.,0.));
#1484 = PCURVE('',#45,#1485);
#1485 = DEFINITIONAL_REPRESENTATION('',(#1486),#1490);
#1486 = LINE('',#1487,#1488);
#1487 = CARTESIAN_POINT('',(-0.,-10.));
#1488 = VECTOR('',#1489,1.);
#1489 = DIRECTION('',(-1.,0.));
#1490 = ( GEOMETRIC_REPRESENTATION_CONTEXT(2) 
PARAMETRIC_REPRESENTATION_CONTEXT() REPRESENTATION_CONTEXT('2D SPACE',''
  ) );
#1491 = PCURVE('',#1459,#1492);
#1492 = DEFINITIONAL_REPRESENTATION('',(#1493),#1501);
#1493 = ( BOUNDED_CURVE() B_SPLINE_CURVE(2,(#1494,#1495,#1496,#1497,
#1498,#1499,#1500),.UNSPECIFIED.,.T.,.F.) B_SPLINE_CURVE_WITH_KNOTS((1,2
    ,2,2,2,1),(-2.094395102393,0.,2.094395102393,4.188790204786,
6.28318530718,8.377580409573),.UNSPECIFIED.) CURVE() 
GEOMETRIC_REPRESENTATION_ITEM() RATIONAL_B_SPLINE_CURVE((1.,0.5,1.,0.5,
1.,0.5,1.)) REPRESENTATION_ITEM('') );
#1494 = CARTESIAN_POINT('',(4.75,-8.881784197001E-16));
#1495 = CARTESIAN_POINT('',(4.75,-8.227241335952));
#1496 = CARTESIAN_POINT('',(-2.375,-4.113620667976));
#1497 = CARTESIAN_POINT('',(-9.5,-2.05159287889E-15));
#1498 = CARTESIAN_POINT('',(-2.375,4.113620667976));
#1499 = CARTESIAN_POINT('',(4.75,8.227241335952));
#1500 = CARTESIAN_POINT('',(4.75,-8.881784197001E-16));
#1501 = ( GEOMETRIC_REPRESENTATION_CONTEXT(2) 
PARAMETRIC_REPRESENTATION_CONTEXT() REPRESENTATION_CONTEXT('2D SPACE',''
  ) );
#1502 = ORIENTED_EDGE('',*,*,#1503,.T.);
#1503 = EDGE_CURVE('',#1476,#22,#1504,.T.);
#1504 = SURFACE_CURVE('',#1505,(#1509,#1516),.PCURVE_S1.);
#1505 = LINE('',#1506,#1507);
#1506 = CARTESIAN_POINT('',(10.,109.31727003433,16.2));
#1507 = VECTOR('',#1508,1.);
#1508 = DIRECTION('',(0.,0.,1.));
#1509 = PCURVE('',#45,#1510);
#1510 = DEFINITIONAL_REPRESENTATION('',(#1511),#1515);
#1511 = LINE('',#1512,#1513);
#1512 = CARTESIAN_POINT('',(-0.887208267622,0.));
#1513 = VECTOR('',#1514,1.);
#1514 = DIRECTION('',(-0.,1.));
#1515 = ( GEOMETRIC_REPRESENTATION_CONTEXT(2) 
PARAMETRIC_REPRESENTATION_CONTEXT() REPRESENTATION_CONTEXT('2D SPACE',''
  ) );
#1516 = PCURVE('',#73,#1517);
#1517 = DEFINITIONAL_REPRESENTATION('',(#1518),#1521);
#1518 = B_SPLINE_CURVE_WITH_KNOTS('',1,(#1519,#1520),.UNSPECIFIED.,.F.,
  .F.,(2,2),(-10.00046161594,-7.4),.PIECEWISE_BEZIER_KNOTS.);
#1519 = CARTESIAN_POINT('',(5.57153138583,-6.199538384057));
#1520 = CARTESIAN_POINT('',(5.57153138583,-8.8));
#1521 = ( GEOMETRIC_REPRESENTATION_CONTEXT(2) 
PARAMETRIC_REPRESENTATION_CONTEXT() REPRESENTATION_CONTEXT('2D SPACE',''
  ) );
#1522 = ORIENTED_EDGE('',*,*,#21,.T.);
#1523 = ADVANCED_FACE('',(#1524),#768,.T.);
#1524 = FACE_BOUND('',#1525,.F.);
#1525 = EDGE_LOOP('',(#1526,#1557,#1578,#1579,#1580,#1608));
#1526 = ORIENTED_EDGE('',*,*,#1527,.F.);
#1527 = EDGE_CURVE('',#1528,#1530,#1532,.T.);
#1528 = VERTEX_POINT('',#1529);
#1529 = CARTESIAN_POINT('',(15.111198579834,120.,0.));
#1530 = VERTEX_POINT('',#1531);
#1531 = CARTESIAN_POINT('',(10.,114.88880142016,0.));
#1532 = SURFACE_CURVE('',#1533,(#1538,#1545),.PCURVE_S1.);
#1533 = CIRCLE('',#1534,5.111198579834);
#1534 = AXIS2_PLACEMENT_3D('',#1535,#1536,#1537);
#1535 = CARTESIAN_POINT('',(15.111198579834,114.88880142016,0.));
#1536 = DIRECTION('',(0.,0.,1.));
#1537 = DIRECTION('',(1.,0.,0.));
#1538 = PCURVE('',#768,#1539);
#1539 = DEFINITIONAL_REPRESENTATION('',(#1540),#1544);
#1540 = LINE('',#1541,#1542);
#1541 = CARTESIAN_POINT('',(-0.,0.));
#1542 = VECTOR('',#1543,1.);
#1543 = DIRECTION('',(-1.,0.));
#1544 = ( GEOMETRIC_REPRESENTATION_CONTEXT(2) 
PARAMETRIC_REPRESENTATION_CONTEXT() REPRESENTATION_CONTEXT('2D SPACE',''
  ) );
#1545 = PCURVE('',#1546,#1551);
#1546 = PLANE('',#1547);
#1547 = AXIS2_PLACEMENT_3D('',#1548,#1549,#1550);
#1548 = CARTESIAN_POINT('',(90.018824025884,59.994730524735,0.));
#1549 = DIRECTION('',(0.,0.,1.));
#1550 = DIRECTION('',(1.,0.,0.));
#1551 = DEFINITIONAL_REPRESENTATION('',(#1552),#1556);
#1552 = CIRCLE('',#1553,5.111198579834);
#1553 = AXIS2_PLACEMENT_2D('',#1554,#1555);
#1554 = CARTESIAN_POINT('',(-74.90762544605,54.894070895431));
#1555 = DIRECTION('',(1.,0.));
#1556 = ( GEOMETRIC_REPRESENTATION_CONTEXT(2) 
PARAMETRIC_REPRESENTATION_CONTEXT() REPRESENTATION_CONTEXT('2D SPACE',''
  ) );
#1557 = ORIENTED_EDGE('',*,*,#1558,.T.);
#1558 = EDGE_CURVE('',#1528,#724,#1559,.T.);
#1559 = SURFACE_CURVE('',#1560,(#1564,#1571),.PCURVE_S1.);
#1560 = LINE('',#1561,#1562);
#1561 = CARTESIAN_POINT('',(15.111198579834,120.,0.));
#1562 = VECTOR('',#1563,1.);
#1563 = DIRECTION('',(0.,0.,1.));
#1564 = PCURVE('',#768,#1565);
#1565 = DEFINITIONAL_REPRESENTATION('',(#1566),#1570);
#1566 = LINE('',#1567,#1568);
#1567 = CARTESIAN_POINT('',(-1.570796326795,0.));
#1568 = VECTOR('',#1569,1.);
#1569 = DIRECTION('',(-0.,-1.));
#1570 = ( GEOMETRIC_REPRESENTATION_CONTEXT(2) 
PARAMETRIC_REPRESENTATION_CONTEXT() REPRESENTATION_CONTEXT('2D SPACE',''
  ) );
#1571 = PCURVE('',#739,#1572);
#1572 = DEFINITIONAL_REPRESENTATION('',(#1573),#1577);
#1573 = LINE('',#1574,#1575);
#1574 = CARTESIAN_POINT('',(149.89228947183,0.));
#1575 = VECTOR('',#1576,1.);
#1576 = DIRECTION('',(0.,-1.));
#1577 = ( GEOMETRIC_REPRESENTATION_CONTEXT(2) 
PARAMETRIC_REPRESENTATION_CONTEXT() REPRESENTATION_CONTEXT('2D SPACE',''
  ) );
#1578 = ORIENTED_EDGE('',*,*,#751,.T.);
#1579 = ORIENTED_EDGE('',*,*,#1420,.T.);
#1580 = ORIENTED_EDGE('',*,*,#1581,.F.);
#1581 = EDGE_CURVE('',#1582,#1421,#1584,.T.);
#1582 = VERTEX_POINT('',#1583);
#1583 = CARTESIAN_POINT('',(10.,114.88880142016,6.2));
#1584 = SURFACE_CURVE('',#1585,(#1590,#1597),.PCURVE_S1.);
#1585 = CIRCLE('',#1586,5.111198579834);
#1586 = AXIS2_PLACEMENT_3D('',#1587,#1588,#1589);
#1587 = CARTESIAN_POINT('',(15.111198579834,114.88880142016,6.2));
#1588 = DIRECTION('',(0.,0.,-1.));
#1589 = DIRECTION('',(1.,0.,0.));
#1590 = PCURVE('',#768,#1591);
#1591 = DEFINITIONAL_REPRESENTATION('',(#1592),#1596);
#1592 = LINE('',#1593,#1594);
#1593 = CARTESIAN_POINT('',(-6.28318530718,-6.2));
#1594 = VECTOR('',#1595,1.);
#1595 = DIRECTION('',(1.,-0.));
#1596 = ( GEOMETRIC_REPRESENTATION_CONTEXT(2) 
PARAMETRIC_REPRESENTATION_CONTEXT() REPRESENTATION_CONTEXT('2D SPACE',''
  ) );
#1597 = PCURVE('',#1459,#1598);
#1598 = DEFINITIONAL_REPRESENTATION('',(#1599),#1607);
#1599 = ( BOUNDED_CURVE() B_SPLINE_CURVE(2,(#1600,#1601,#1602,#1603,
#1604,#1605,#1606),.UNSPECIFIED.,.T.,.F.) B_SPLINE_CURVE_WITH_KNOTS((1,2
    ,2,2,2,1),(-2.094395102393,0.,2.094395102393,4.188790204786,
6.28318530718,8.377580409573),.UNSPECIFIED.) CURVE() 
GEOMETRIC_REPRESENTATION_ITEM() RATIONAL_B_SPLINE_CURVE((1.,0.5,1.,0.5,
1.,0.5,1.)) REPRESENTATION_ITEM('') );
#1600 = CARTESIAN_POINT('',(13.222397159668,1.888801420166));
#1601 = CARTESIAN_POINT('',(13.222397159668,-6.964054207681));
#1602 = CARTESIAN_POINT('',(5.555599289917,-2.537626393758));
#1603 = CARTESIAN_POINT('',(-2.111198579834,1.888801420166));
#1604 = CARTESIAN_POINT('',(5.555599289917,6.315229234089));
#1605 = CARTESIAN_POINT('',(13.222397159668,10.741657048013));
#1606 = CARTESIAN_POINT('',(13.222397159668,1.888801420166));
#1607 = ( GEOMETRIC_REPRESENTATION_CONTEXT(2) 
PARAMETRIC_REPRESENTATION_CONTEXT() REPRESENTATION_CONTEXT('2D SPACE',''
  ) );
#1608 = ORIENTED_EDGE('',*,*,#1609,.F.);
#1609 = EDGE_CURVE('',#1530,#1582,#1610,.T.);
#1610 = SURFACE_CURVE('',#1611,(#1615,#1622),.PCURVE_S1.);
#1611 = LINE('',#1612,#1613);
#1612 = CARTESIAN_POINT('',(10.,114.88880142016,0.));
#1613 = VECTOR('',#1614,1.);
#1614 = DIRECTION('',(0.,0.,1.));
#1615 = PCURVE('',#768,#1616);
#1616 = DEFINITIONAL_REPRESENTATION('',(#1617),#1621);
#1617 = LINE('',#1618,#1619);
#1618 = CARTESIAN_POINT('',(-3.14159265359,0.));
#1619 = VECTOR('',#1620,1.);
#1620 = DIRECTION('',(-0.,-1.));
#1621 = ( GEOMETRIC_REPRESENTATION_CONTEXT(2) 
PARAMETRIC_REPRESENTATION_CONTEXT() REPRESENTATION_CONTEXT('2D SPACE',''
  ) );
#1622 = PCURVE('',#73,#1623);
#1623 = DEFINITIONAL_REPRESENTATION('',(#1624),#1628);
#1624 = LINE('',#1625,#1626);
#1625 = CARTESIAN_POINT('',(0.,0.));
#1626 = VECTOR('',#1627,1.);
#1627 = DIRECTION('',(0.,-1.));
#1628 = ( GEOMETRIC_REPRESENTATION_CONTEXT(2) 
PARAMETRIC_REPRESENTATION_CONTEXT() REPRESENTATION_CONTEXT('2D SPACE',''
  ) );
#1629 = ADVANCED_FACE('',(#1630),#739,.F.);
#1630 = FACE_BOUND('',#1631,.F.);
#1631 = EDGE_LOOP('',(#1632,#1662,#1683,#1684,#1685,#1708,#1734,#1760,
    #1786,#1812,#1838,#1866,#1892,#1918,#1944,#1970));
#1632 = ORIENTED_EDGE('',*,*,#1633,.F.);
#1633 = EDGE_CURVE('',#1634,#1636,#1638,.T.);
#1634 = VERTEX_POINT('',#1635);
#1635 = CARTESIAN_POINT('',(165.00348805166,120.,0.));
#1636 = VERTEX_POINT('',#1637);
#1637 = CARTESIAN_POINT('',(128.89315967811,120.,0.));
#1638 = SURFACE_CURVE('',#1639,(#1643,#1650),.PCURVE_S1.);
#1639 = LINE('',#1640,#1641);
#1640 = CARTESIAN_POINT('',(165.00348805166,120.,0.));
#1641 = VECTOR('',#1642,1.);
#1642 = DIRECTION('',(-1.,0.,0.));
#1643 = PCURVE('',#739,#1644);
#1644 = DEFINITIONAL_REPRESENTATION('',(#1645),#1649);
#1645 = LINE('',#1646,#1647);
#1646 = CARTESIAN_POINT('',(0.,-0.));
#1647 = VECTOR('',#1648,1.);
#1648 = DIRECTION('',(1.,0.));
#1649 = ( GEOMETRIC_REPRESENTATION_CONTEXT(2) 
PARAMETRIC_REPRESENTATION_CONTEXT() REPRESENTATION_CONTEXT('2D SPACE',''
  ) );
#1650 = PCURVE('',#1651,#1656);
#1651 = PLANE('',#1652);
#1652 = AXIS2_PLACEMENT_3D('',#1653,#1654,#1655);
#1653 = CARTESIAN_POINT('',(90.018824025884,59.994730524735,0.));
#1654 = DIRECTION('',(0.,0.,1.));
#1655 = DIRECTION('',(1.,0.,0.));
#1656 = DEFINITIONAL_REPRESENTATION('',(#1657),#1661);
#1657 = LINE('',#1658,#1659);
#1658 = CARTESIAN_POINT('',(74.98466402578,60.005269475265));
#1659 = VECTOR('',#1660,1.);
#1660 = DIRECTION('',(-1.,0.));
#1661 = ( GEOMETRIC_REPRESENTATION_CONTEXT(2) 
PARAMETRIC_REPRESENTATION_CONTEXT() REPRESENTATION_CONTEXT('2D SPACE',''
  ) );
#1662 = ORIENTED_EDGE('',*,*,#1663,.T.);
#1663 = EDGE_CURVE('',#1634,#695,#1664,.T.);
#1664 = SURFACE_CURVE('',#1665,(#1669,#1676),.PCURVE_S1.);
#1665 = LINE('',#1666,#1667);
#1666 = CARTESIAN_POINT('',(165.00348805166,120.,0.));
#1667 = VECTOR('',#1668,1.);
#1668 = DIRECTION('',(0.,0.,1.));
#1669 = PCURVE('',#739,#1670);
#1670 = DEFINITIONAL_REPRESENTATION('',(#1671),#1675);
#1671 = LINE('',#1672,#1673);
#1672 = CARTESIAN_POINT('',(0.,-0.));
#1673 = VECTOR('',#1674,1.);
#1674 = DIRECTION('',(0.,-1.));
#1675 = ( GEOMETRIC_REPRESENTATION_CONTEXT(2) 
PARAMETRIC_REPRESENTATION_CONTEXT() REPRESENTATION_CONTEXT('2D SPACE',''
  ) );
#1676 = PCURVE('',#711,#1677);
#1677 = DEFINITIONAL_REPRESENTATION('',(#1678),#1682);
#1678 = LINE('',#1679,#1680);
#1679 = CARTESIAN_POINT('',(-1.570796326795,0.));
#1680 = VECTOR('',#1681,1.);
#1681 = DIRECTION('',(-0.,-1.));
#1682 = ( GEOMETRIC_REPRESENTATION_CONTEXT(2) 
PARAMETRIC_REPRESENTATION_CONTEXT() REPRESENTATION_CONTEXT('2D SPACE',''
  ) );
#1683 = ORIENTED_EDGE('',*,*,#723,.T.);
#1684 = ORIENTED_EDGE('',*,*,#1558,.F.);
#1685 = ORIENTED_EDGE('',*,*,#1686,.F.);
#1686 = EDGE_CURVE('',#1687,#1528,#1689,.T.);
#1687 = VERTEX_POINT('',#1688);
#1688 = CARTESIAN_POINT('',(34.893159678119,120.,0.));
#1689 = SURFACE_CURVE('',#1690,(#1694,#1701),.PCURVE_S1.);
#1690 = LINE('',#1691,#1692);
#1691 = CARTESIAN_POINT('',(165.00348805166,120.,0.));
#1692 = VECTOR('',#1693,1.);
#1693 = DIRECTION('',(-1.,0.,0.));
#1694 = PCURVE('',#739,#1695);
#1695 = DEFINITIONAL_REPRESENTATION('',(#1696),#1700);
#1696 = LINE('',#1697,#1698);
#1697 = CARTESIAN_POINT('',(0.,-0.));
#1698 = VECTOR('',#1699,1.);
#1699 = DIRECTION('',(1.,0.));
#1700 = ( GEOMETRIC_REPRESENTATION_CONTEXT(2) 
PARAMETRIC_REPRESENTATION_CONTEXT() REPRESENTATION_CONTEXT('2D SPACE',''
  ) );
#1701 = PCURVE('',#1546,#1702);
#1702 = DEFINITIONAL_REPRESENTATION('',(#1703),#1707);
#1703 = LINE('',#1704,#1705);
#1704 = CARTESIAN_POINT('',(74.98466402578,60.005269475265));
#1705 = VECTOR('',#1706,1.);
#1706 = DIRECTION('',(-1.,0.));
#1707 = ( GEOMETRIC_REPRESENTATION_CONTEXT(2) 
PARAMETRIC_REPRESENTATION_CONTEXT() REPRESENTATION_CONTEXT('2D SPACE',''
  ) );
#1708 = ORIENTED_EDGE('',*,*,#1709,.T.);
#1709 = EDGE_CURVE('',#1687,#1710,#1712,.T.);
#1710 = VERTEX_POINT('',#1711);
#1711 = CARTESIAN_POINT('',(34.893265839059,120.,0.4));
#1712 = SURFACE_CURVE('',#1713,(#1717,#1723),.PCURVE_S1.);
#1713 = LINE('',#1714,#1715);
#1714 = CARTESIAN_POINT('',(34.893159678119,120.,0.));
#1715 = VECTOR('',#1716,1.);
#1716 = DIRECTION('',(0.,0.,1.));
#1717 = PCURVE('',#739,#1718);
#1718 = DEFINITIONAL_REPRESENTATION('',(#1719),#1722);
#1719 = B_SPLINE_CURVE_WITH_KNOTS('',1,(#1720,#1721),.UNSPECIFIED.,.F.,
  .F.,(2,2),(0.,0.4),.PIECEWISE_BEZIER_KNOTS.);
#1720 = CARTESIAN_POINT('',(130.11032837354,0.));
#1721 = CARTESIAN_POINT('',(130.11032837354,-0.4));
#1722 = ( GEOMETRIC_REPRESENTATION_CONTEXT(2) 
PARAMETRIC_REPRESENTATION_CONTEXT() REPRESENTATION_CONTEXT('2D SPACE',''
  ) );
#1723 = PCURVE('',#1724,#1729);
#1724 = PLANE('',#1725);
#1725 = AXIS2_PLACEMENT_3D('',#1726,#1727,#1728);
#1726 = CARTESIAN_POINT('',(34.893159678119,122.88436,0.));
#1727 = DIRECTION('',(1.,-1.224646799147E-16,0.));
#1728 = DIRECTION('',(-1.224646799147E-16,-1.,0.));
#1729 = DEFINITIONAL_REPRESENTATION('',(#1730),#1733);
#1730 = B_SPLINE_CURVE_WITH_KNOTS('',1,(#1731,#1732),.UNSPECIFIED.,.F.,
  .F.,(2,2),(0.,0.4),.PIECEWISE_BEZIER_KNOTS.);
#1731 = CARTESIAN_POINT('',(2.88436,0.));
#1732 = CARTESIAN_POINT('',(2.88436,-0.4));
#1733 = ( GEOMETRIC_REPRESENTATION_CONTEXT(2) 
PARAMETRIC_REPRESENTATION_CONTEXT() REPRESENTATION_CONTEXT('2D SPACE',''
  ) );
#1734 = ORIENTED_EDGE('',*,*,#1735,.T.);
#1735 = EDGE_CURVE('',#1710,#1736,#1738,.T.);
#1736 = VERTEX_POINT('',#1737);
#1737 = CARTESIAN_POINT('',(34.893372,120.,2.4));
#1738 = SURFACE_CURVE('',#1739,(#1743,#1749),.PCURVE_S1.);
#1739 = LINE('',#1740,#1741);
#1740 = CARTESIAN_POINT('',(34.893372,120.,0.2));
#1741 = VECTOR('',#1742,1.);
#1742 = DIRECTION('',(0.,0.,1.));
#1743 = PCURVE('',#739,#1744);
#1744 = DEFINITIONAL_REPRESENTATION('',(#1745),#1748);
#1745 = B_SPLINE_CURVE_WITH_KNOTS('',1,(#1746,#1747),.UNSPECIFIED.,.F.,
  .F.,(2,2),(0.2,2.2),.PIECEWISE_BEZIER_KNOTS.);
#1746 = CARTESIAN_POINT('',(130.11011605166,-0.4));
#1747 = CARTESIAN_POINT('',(130.11011605166,-2.4));
#1748 = ( GEOMETRIC_REPRESENTATION_CONTEXT(2) 
PARAMETRIC_REPRESENTATION_CONTEXT() REPRESENTATION_CONTEXT('2D SPACE',''
  ) );
#1749 = PCURVE('',#1750,#1755);
#1750 = PLANE('',#1751);
#1751 = AXIS2_PLACEMENT_3D('',#1752,#1753,#1754);
#1752 = CARTESIAN_POINT('',(34.893372,122.884319,0.4));
#1753 = DIRECTION('',(1.,-1.224646799147E-16,0.));
#1754 = DIRECTION('',(-1.224646799147E-16,-1.,0.));
#1755 = DEFINITIONAL_REPRESENTATION('',(#1756),#1759);
#1756 = B_SPLINE_CURVE_WITH_KNOTS('',1,(#1757,#1758),.UNSPECIFIED.,.F.,
  .F.,(2,2),(0.2,2.2),.PIECEWISE_BEZIER_KNOTS.);
#1757 = CARTESIAN_POINT('',(2.884319,0.));
#1758 = CARTESIAN_POINT('',(2.884319,-2.));
#1759 = ( GEOMETRIC_REPRESENTATION_CONTEXT(2) 
PARAMETRIC_REPRESENTATION_CONTEXT() REPRESENTATION_CONTEXT('2D SPACE',''
  ) );
#1760 = ORIENTED_EDGE('',*,*,#1761,.F.);
#1761 = EDGE_CURVE('',#1762,#1736,#1764,.T.);
#1762 = VERTEX_POINT('',#1763);
#1763 = CARTESIAN_POINT('',(42.893265,120.,2.4));
#1764 = SURFACE_CURVE('',#1765,(#1769,#1775),.PCURVE_S1.);
#1765 = LINE('',#1766,#1767);
#1766 = CARTESIAN_POINT('',(101.94840327583,120.,2.4));
#1767 = VECTOR('',#1768,1.);
#1768 = DIRECTION('',(-1.,0.,0.));
#1769 = PCURVE('',#739,#1770);
#1770 = DEFINITIONAL_REPRESENTATION('',(#1771),#1774);
#1771 = B_SPLINE_CURVE_WITH_KNOTS('',1,(#1772,#1773),.UNSPECIFIED.,.F.,
  .F.,(2,2),(59.055138275832,67.055031275832),.PIECEWISE_BEZIER_KNOTS.);
#1772 = CARTESIAN_POINT('',(122.11022305166,-2.4));
#1773 = CARTESIAN_POINT('',(130.11011605166,-2.4));
#1774 = ( GEOMETRIC_REPRESENTATION_CONTEXT(2) 
PARAMETRIC_REPRESENTATION_CONTEXT() REPRESENTATION_CONTEXT('2D SPACE',''
  ) );
#1775 = PCURVE('',#1776,#1781);
#1776 = PLANE('',#1777);
#1777 = AXIS2_PLACEMENT_3D('',#1778,#1779,#1780);
#1778 = CARTESIAN_POINT('',(38.8933185,119.2591415,2.4));
#1779 = DIRECTION('',(0.,0.,1.));
#1780 = DIRECTION('',(-1.,1.224646799147E-16,0.));
#1781 = DEFINITIONAL_REPRESENTATION('',(#1782),#1785);
#1782 = B_SPLINE_CURVE_WITH_KNOTS('',1,(#1783,#1784),.UNSPECIFIED.,.F.,
  .F.,(2,2),(59.055138275832,67.055031275832),.PIECEWISE_BEZIER_KNOTS.);
#1783 = CARTESIAN_POINT('',(-3.9999465,-0.7408585));
#1784 = CARTESIAN_POINT('',(3.9999465,-0.7408585));
#1785 = ( GEOMETRIC_REPRESENTATION_CONTEXT(2) 
PARAMETRIC_REPRESENTATION_CONTEXT() REPRESENTATION_CONTEXT('2D SPACE',''
  ) );
#1786 = ORIENTED_EDGE('',*,*,#1787,.T.);
#1787 = EDGE_CURVE('',#1762,#1788,#1790,.T.);
#1788 = VERTEX_POINT('',#1789);
#1789 = CARTESIAN_POINT('',(42.893212339059,120.,0.4));
#1790 = SURFACE_CURVE('',#1791,(#1795,#1801),.PCURVE_S1.);
#1791 = LINE('',#1792,#1793);
#1792 = CARTESIAN_POINT('',(42.893265,120.,0.2));
#1793 = VECTOR('',#1794,1.);
#1794 = DIRECTION('',(-0.,-0.,-1.));
#1795 = PCURVE('',#739,#1796);
#1796 = DEFINITIONAL_REPRESENTATION('',(#1797),#1800);
#1797 = B_SPLINE_CURVE_WITH_KNOTS('',1,(#1798,#1799),.UNSPECIFIED.,.F.,
  .F.,(2,2),(-2.2,-0.2),.PIECEWISE_BEZIER_KNOTS.);
#1798 = CARTESIAN_POINT('',(122.11022305166,-2.4));
#1799 = CARTESIAN_POINT('',(122.11022305166,-0.4));
#1800 = ( GEOMETRIC_REPRESENTATION_CONTEXT(2) 
PARAMETRIC_REPRESENTATION_CONTEXT() REPRESENTATION_CONTEXT('2D SPACE',''
  ) );
#1801 = PCURVE('',#1802,#1807);
#1802 = PLANE('',#1803);
#1803 = AXIS2_PLACEMENT_3D('',#1804,#1805,#1806);
#1804 = CARTESIAN_POINT('',(42.893265,115.633964,0.4));
#1805 = DIRECTION('',(-1.,1.224646799147E-16,0.));
#1806 = DIRECTION('',(1.224646799147E-16,1.,0.));
#1807 = DEFINITIONAL_REPRESENTATION('',(#1808),#1811);
#1808 = B_SPLINE_CURVE_WITH_KNOTS('',1,(#1809,#1810),.UNSPECIFIED.,.F.,
  .F.,(2,2),(-2.2,-0.2),.PIECEWISE_BEZIER_KNOTS.);
#1809 = CARTESIAN_POINT('',(4.366036,-2.));
#1810 = CARTESIAN_POINT('',(4.366036,0.));
#1811 = ( GEOMETRIC_REPRESENTATION_CONTEXT(2) 
PARAMETRIC_REPRESENTATION_CONTEXT() REPRESENTATION_CONTEXT('2D SPACE',''
  ) );
#1812 = ORIENTED_EDGE('',*,*,#1813,.T.);
#1813 = EDGE_CURVE('',#1788,#1814,#1816,.T.);
#1814 = VERTEX_POINT('',#1815);
#1815 = CARTESIAN_POINT('',(42.893159678119,120.,0.));
#1816 = SURFACE_CURVE('',#1817,(#1821,#1827),.PCURVE_S1.);
#1817 = LINE('',#1818,#1819);
#1818 = CARTESIAN_POINT('',(42.893159678119,120.,0.));
#1819 = VECTOR('',#1820,1.);
#1820 = DIRECTION('',(-0.,-0.,-1.));
#1821 = PCURVE('',#739,#1822);
#1822 = DEFINITIONAL_REPRESENTATION('',(#1823),#1826);
#1823 = B_SPLINE_CURVE_WITH_KNOTS('',1,(#1824,#1825),.UNSPECIFIED.,.F.,
  .F.,(2,2),(-0.4,0.),.PIECEWISE_BEZIER_KNOTS.);
#1824 = CARTESIAN_POINT('',(122.11032837354,-0.4));
#1825 = CARTESIAN_POINT('',(122.11032837354,0.));
#1826 = ( GEOMETRIC_REPRESENTATION_CONTEXT(2) 
PARAMETRIC_REPRESENTATION_CONTEXT() REPRESENTATION_CONTEXT('2D SPACE',''
  ) );
#1827 = PCURVE('',#1828,#1833);
#1828 = PLANE('',#1829);
#1829 = AXIS2_PLACEMENT_3D('',#1830,#1831,#1832);
#1830 = CARTESIAN_POINT('',(42.893159678119,107.318419,0.));
#1831 = DIRECTION('',(-1.,1.224646799147E-16,0.));
#1832 = DIRECTION('',(1.224646799147E-16,1.,0.));
#1833 = DEFINITIONAL_REPRESENTATION('',(#1834),#1837);
#1834 = B_SPLINE_CURVE_WITH_KNOTS('',1,(#1835,#1836),.UNSPECIFIED.,.F.,
  .F.,(2,2),(-0.4,0.),.PIECEWISE_BEZIER_KNOTS.);
#1835 = CARTESIAN_POINT('',(12.681581,-0.4));
#1836 = CARTESIAN_POINT('',(12.681581,0.));
#1837 = ( GEOMETRIC_REPRESENTATION_CONTEXT(2) 
PARAMETRIC_REPRESENTATION_CONTEXT() REPRESENTATION_CONTEXT('2D SPACE',''
  ) );
#1838 = ORIENTED_EDGE('',*,*,#1839,.F.);
#1839 = EDGE_CURVE('',#1840,#1814,#1842,.T.);
#1840 = VERTEX_POINT('',#1841);
#1841 = CARTESIAN_POINT('',(120.89315967811,120.,0.));
#1842 = SURFACE_CURVE('',#1843,(#1847,#1854),.PCURVE_S1.);
#1843 = LINE('',#1844,#1845);
#1844 = CARTESIAN_POINT('',(165.00348805166,120.,0.));
#1845 = VECTOR('',#1846,1.);
#1846 = DIRECTION('',(-1.,0.,0.));
#1847 = PCURVE('',#739,#1848);
#1848 = DEFINITIONAL_REPRESENTATION('',(#1849),#1853);
#1849 = LINE('',#1850,#1851);
#1850 = CARTESIAN_POINT('',(0.,-0.));
#1851 = VECTOR('',#1852,1.);
#1852 = DIRECTION('',(1.,0.));
#1853 = ( GEOMETRIC_REPRESENTATION_CONTEXT(2) 
PARAMETRIC_REPRESENTATION_CONTEXT() REPRESENTATION_CONTEXT('2D SPACE',''
  ) );
#1854 = PCURVE('',#1855,#1860);
#1855 = PLANE('',#1856);
#1856 = AXIS2_PLACEMENT_3D('',#1857,#1858,#1859);
#1857 = CARTESIAN_POINT('',(90.018824025884,59.994730524735,0.));
#1858 = DIRECTION('',(0.,0.,1.));
#1859 = DIRECTION('',(1.,0.,0.));
#1860 = DEFINITIONAL_REPRESENTATION('',(#1861),#1865);
#1861 = LINE('',#1862,#1863);
#1862 = CARTESIAN_POINT('',(74.98466402578,60.005269475265));
#1863 = VECTOR('',#1864,1.);
#1864 = DIRECTION('',(-1.,0.));
#1865 = ( GEOMETRIC_REPRESENTATION_CONTEXT(2) 
PARAMETRIC_REPRESENTATION_CONTEXT() REPRESENTATION_CONTEXT('2D SPACE',''
  ) );
#1866 = ORIENTED_EDGE('',*,*,#1867,.T.);
#1867 = EDGE_CURVE('',#1840,#1868,#1870,.T.);
#1868 = VERTEX_POINT('',#1869);
#1869 = CARTESIAN_POINT('',(120.89326583905,120.,0.4));
#1870 = SURFACE_CURVE('',#1871,(#1875,#1881),.PCURVE_S1.);
#1871 = LINE('',#1872,#1873);
#1872 = CARTESIAN_POINT('',(120.89315967811,120.,0.));
#1873 = VECTOR('',#1874,1.);
#1874 = DIRECTION('',(0.,0.,1.));
#1875 = PCURVE('',#739,#1876);
#1876 = DEFINITIONAL_REPRESENTATION('',(#1877),#1880);
#1877 = B_SPLINE_CURVE_WITH_KNOTS('',1,(#1878,#1879),.UNSPECIFIED.,.F.,
  .F.,(2,2),(0.,0.4),.PIECEWISE_BEZIER_KNOTS.);
#1878 = CARTESIAN_POINT('',(44.110328373545,0.));
#1879 = CARTESIAN_POINT('',(44.110328373545,-0.4));
#1880 = ( GEOMETRIC_REPRESENTATION_CONTEXT(2) 
PARAMETRIC_REPRESENTATION_CONTEXT() REPRESENTATION_CONTEXT('2D SPACE',''
  ) );
#1881 = PCURVE('',#1882,#1887);
#1882 = PLANE('',#1883);
#1883 = AXIS2_PLACEMENT_3D('',#1884,#1885,#1886);
#1884 = CARTESIAN_POINT('',(120.89315967811,122.88436,0.));
#1885 = DIRECTION('',(1.,-1.224646799147E-16,0.));
#1886 = DIRECTION('',(-1.224646799147E-16,-1.,0.));
#1887 = DEFINITIONAL_REPRESENTATION('',(#1888),#1891);
#1888 = B_SPLINE_CURVE_WITH_KNOTS('',1,(#1889,#1890),.UNSPECIFIED.,.F.,
  .F.,(2,2),(0.,0.4),.PIECEWISE_BEZIER_KNOTS.);
#1889 = CARTESIAN_POINT('',(2.88436,0.));
#1890 = CARTESIAN_POINT('',(2.88436,-0.4));
#1891 = ( GEOMETRIC_REPRESENTATION_CONTEXT(2) 
PARAMETRIC_REPRESENTATION_CONTEXT() REPRESENTATION_CONTEXT('2D SPACE',''
  ) );
#1892 = ORIENTED_EDGE('',*,*,#1893,.T.);
#1893 = EDGE_CURVE('',#1868,#1894,#1896,.T.);
#1894 = VERTEX_POINT('',#1895);
#1895 = CARTESIAN_POINT('',(120.893372,120.,2.4));
#1896 = SURFACE_CURVE('',#1897,(#1901,#1907),.PCURVE_S1.);
#1897 = LINE('',#1898,#1899);
#1898 = CARTESIAN_POINT('',(120.893372,120.,0.2));
#1899 = VECTOR('',#1900,1.);
#1900 = DIRECTION('',(0.,0.,1.));
#1901 = PCURVE('',#739,#1902);
#1902 = DEFINITIONAL_REPRESENTATION('',(#1903),#1906);
#1903 = B_SPLINE_CURVE_WITH_KNOTS('',1,(#1904,#1905),.UNSPECIFIED.,.F.,
  .F.,(2,2),(0.2,2.2),.PIECEWISE_BEZIER_KNOTS.);
#1904 = CARTESIAN_POINT('',(44.110116051664,-0.4));
#1905 = CARTESIAN_POINT('',(44.110116051664,-2.4));
#1906 = ( GEOMETRIC_REPRESENTATION_CONTEXT(2) 
PARAMETRIC_REPRESENTATION_CONTEXT() REPRESENTATION_CONTEXT('2D SPACE',''
  ) );
#1907 = PCURVE('',#1908,#1913);
#1908 = PLANE('',#1909);
#1909 = AXIS2_PLACEMENT_3D('',#1910,#1911,#1912);
#1910 = CARTESIAN_POINT('',(120.893372,122.884319,0.4));
#1911 = DIRECTION('',(1.,-1.224646799147E-16,0.));
#1912 = DIRECTION('',(-1.224646799147E-16,-1.,0.));
#1913 = DEFINITIONAL_REPRESENTATION('',(#1914),#1917);
#1914 = B_SPLINE_CURVE_WITH_KNOTS('',1,(#1915,#1916),.UNSPECIFIED.,.F.,
  .F.,(2,2),(0.2,2.2),.PIECEWISE_BEZIER_KNOTS.);
#1915 = CARTESIAN_POINT('',(2.884319,0.));
#1916 = CARTESIAN_POINT('',(2.884319,-2.));
#1917 = ( GEOMETRIC_REPRESENTATION_CONTEXT(2) 
PARAMETRIC_REPRESENTATION_CONTEXT() REPRESENTATION_CONTEXT('2D SPACE',''
  ) );
#1918 = ORIENTED_EDGE('',*,*,#1919,.F.);
#1919 = EDGE_CURVE('',#1920,#1894,#1922,.T.);
#1920 = VERTEX_POINT('',#1921);
#1921 = CARTESIAN_POINT('',(128.893265,120.,2.4));
#1922 = SURFACE_CURVE('',#1923,(#1927,#1933),.PCURVE_S1.);
#1923 = LINE('',#1924,#1925);
#1924 = CARTESIAN_POINT('',(144.94840327583,120.,2.4));
#1925 = VECTOR('',#1926,1.);
#1926 = DIRECTION('',(-1.,0.,0.));
#1927 = PCURVE('',#739,#1928);
#1928 = DEFINITIONAL_REPRESENTATION('',(#1929),#1932);
#1929 = B_SPLINE_CURVE_WITH_KNOTS('',1,(#1930,#1931),.UNSPECIFIED.,.F.,
  .F.,(2,2),(16.055138275832,24.055031275832),.PIECEWISE_BEZIER_KNOTS.);
#1930 = CARTESIAN_POINT('',(36.110223051664,-2.4));
#1931 = CARTESIAN_POINT('',(44.110116051664,-2.4));
#1932 = ( GEOMETRIC_REPRESENTATION_CONTEXT(2) 
PARAMETRIC_REPRESENTATION_CONTEXT() REPRESENTATION_CONTEXT('2D SPACE',''
  ) );
#1933 = PCURVE('',#1934,#1939);
#1934 = PLANE('',#1935);
#1935 = AXIS2_PLACEMENT_3D('',#1936,#1937,#1938);
#1936 = CARTESIAN_POINT('',(124.8933185,119.2591415,2.4));
#1937 = DIRECTION('',(0.,0.,1.));
#1938 = DIRECTION('',(-1.,1.224646799147E-16,0.));
#1939 = DEFINITIONAL_REPRESENTATION('',(#1940),#1943);
#1940 = B_SPLINE_CURVE_WITH_KNOTS('',1,(#1941,#1942),.UNSPECIFIED.,.F.,
  .F.,(2,2),(16.055138275832,24.055031275832),.PIECEWISE_BEZIER_KNOTS.);
#1941 = CARTESIAN_POINT('',(-3.9999465,-0.7408585));
#1942 = CARTESIAN_POINT('',(3.9999465,-0.7408585));
#1943 = ( GEOMETRIC_REPRESENTATION_CONTEXT(2) 
PARAMETRIC_REPRESENTATION_CONTEXT() REPRESENTATION_CONTEXT('2D SPACE',''
  ) );
#1944 = ORIENTED_EDGE('',*,*,#1945,.T.);
#1945 = EDGE_CURVE('',#1920,#1946,#1948,.T.);
#1946 = VERTEX_POINT('',#1947);
#1947 = CARTESIAN_POINT('',(128.89321233905,120.,0.4));
#1948 = SURFACE_CURVE('',#1949,(#1953,#1959),.PCURVE_S1.);
#1949 = LINE('',#1950,#1951);
#1950 = CARTESIAN_POINT('',(128.893265,120.,0.2));
#1951 = VECTOR('',#1952,1.);
#1952 = DIRECTION('',(-0.,-0.,-1.));
#1953 = PCURVE('',#739,#1954);
#1954 = DEFINITIONAL_REPRESENTATION('',(#1955),#1958);
#1955 = B_SPLINE_CURVE_WITH_KNOTS('',1,(#1956,#1957),.UNSPECIFIED.,.F.,
  .F.,(2,2),(-2.2,-0.2),.PIECEWISE_BEZIER_KNOTS.);
#1956 = CARTESIAN_POINT('',(36.110223051664,-2.4));
#1957 = CARTESIAN_POINT('',(36.110223051664,-0.4));
#1958 = ( GEOMETRIC_REPRESENTATION_CONTEXT(2) 
PARAMETRIC_REPRESENTATION_CONTEXT() REPRESENTATION_CONTEXT('2D SPACE',''
  ) );
#1959 = PCURVE('',#1960,#1965);
#1960 = PLANE('',#1961);
#1961 = AXIS2_PLACEMENT_3D('',#1962,#1963,#1964);
#1962 = CARTESIAN_POINT('',(128.893265,115.633964,0.4));
#1963 = DIRECTION('',(-1.,1.224646799147E-16,0.));
#1964 = DIRECTION('',(1.224646799147E-16,1.,0.));
#1965 = DEFINITIONAL_REPRESENTATION('',(#1966),#1969);
#1966 = B_SPLINE_CURVE_WITH_KNOTS('',1,(#1967,#1968),.UNSPECIFIED.,.F.,
  .F.,(2,2),(-2.2,-0.2),.PIECEWISE_BEZIER_KNOTS.);
#1967 = CARTESIAN_POINT('',(4.366036,-2.));
#1968 = CARTESIAN_POINT('',(4.366036,0.));
#1969 = ( GEOMETRIC_REPRESENTATION_CONTEXT(2) 
PARAMETRIC_REPRESENTATION_CONTEXT() REPRESENTATION_CONTEXT('2D SPACE',''
  ) );
#1970 = ORIENTED_EDGE('',*,*,#1971,.T.);
#1971 = EDGE_CURVE('',#1946,#1636,#1972,.T.);
#1972 = SURFACE_CURVE('',#1973,(#1977,#1983),.PCURVE_S1.);
#1973 = LINE('',#1974,#1975);
#1974 = CARTESIAN_POINT('',(128.89315967811,120.,0.));
#1975 = VECTOR('',#1976,1.);
#1976 = DIRECTION('',(-0.,-0.,-1.));
#1977 = PCURVE('',#739,#1978);
#1978 = DEFINITIONAL_REPRESENTATION('',(#1979),#1982);
#1979 = B_SPLINE_CURVE_WITH_KNOTS('',1,(#1980,#1981),.UNSPECIFIED.,.F.,
  .F.,(2,2),(-0.4,0.),.PIECEWISE_BEZIER_KNOTS.);
#1980 = CARTESIAN_POINT('',(36.110328373545,-0.4));
#1981 = CARTESIAN_POINT('',(36.110328373545,0.));
#1982 = ( GEOMETRIC_REPRESENTATION_CONTEXT(2) 
PARAMETRIC_REPRESENTATION_CONTEXT() REPRESENTATION_CONTEXT('2D SPACE',''
  ) );
#1983 = PCURVE('',#1984,#1989);
#1984 = PLANE('',#1985);
#1985 = AXIS2_PLACEMENT_3D('',#1986,#1987,#1988);
#1986 = CARTESIAN_POINT('',(128.89315967811,107.318419,0.));
#1987 = DIRECTION('',(-1.,1.224646799147E-16,0.));
#1988 = DIRECTION('',(1.224646799147E-16,1.,0.));
#1989 = DEFINITIONAL_REPRESENTATION('',(#1990),#1993);
#1990 = B_SPLINE_CURVE_WITH_KNOTS('',1,(#1991,#1992),.UNSPECIFIED.,.F.,
  .F.,(2,2),(-0.4,0.),.PIECEWISE_BEZIER_KNOTS.);
#1991 = CARTESIAN_POINT('',(12.681581,-0.4));
#1992 = CARTESIAN_POINT('',(12.681581,0.));
#1993 = ( GEOMETRIC_REPRESENTATION_CONTEXT(2) 
PARAMETRIC_REPRESENTATION_CONTEXT() REPRESENTATION_CONTEXT('2D SPACE',''
  ) );
#1994 = ADVANCED_FACE('',(#1995),#711,.T.);
#1995 = FACE_BOUND('',#1996,.F.);
#1996 = EDGE_LOOP('',(#1997,#2021,#2044,#2077,#2096,#2097));
#1997 = ORIENTED_EDGE('',*,*,#1998,.F.);
#1998 = EDGE_CURVE('',#1999,#1634,#2001,.T.);
#1999 = VERTEX_POINT('',#2000);
#2000 = CARTESIAN_POINT('',(170.0096306401,114.99385741156,0.));
#2001 = SURFACE_CURVE('',#2002,(#2007,#2014),.PCURVE_S1.);
#2002 = CIRCLE('',#2003,5.00614258844);
#2003 = AXIS2_PLACEMENT_3D('',#2004,#2005,#2006);
#2004 = CARTESIAN_POINT('',(165.00348805166,114.99385741156,0.));
#2005 = DIRECTION('',(0.,0.,1.));
#2006 = DIRECTION('',(1.,0.,0.));
#2007 = PCURVE('',#711,#2008);
#2008 = DEFINITIONAL_REPRESENTATION('',(#2009),#2013);
#2009 = LINE('',#2010,#2011);
#2010 = CARTESIAN_POINT('',(-0.,0.));
#2011 = VECTOR('',#2012,1.);
#2012 = DIRECTION('',(-1.,0.));
#2013 = ( GEOMETRIC_REPRESENTATION_CONTEXT(2) 
PARAMETRIC_REPRESENTATION_CONTEXT() REPRESENTATION_CONTEXT('2D SPACE',''
  ) );
#2014 = PCURVE('',#1651,#2015);
#2015 = DEFINITIONAL_REPRESENTATION('',(#2016),#2020);
#2016 = CIRCLE('',#2017,5.00614258844);
#2017 = AXIS2_PLACEMENT_2D('',#2018,#2019);
#2018 = CARTESIAN_POINT('',(74.98466402578,54.999126886825));
#2019 = DIRECTION('',(1.,0.));
#2020 = ( GEOMETRIC_REPRESENTATION_CONTEXT(2) 
PARAMETRIC_REPRESENTATION_CONTEXT() REPRESENTATION_CONTEXT('2D SPACE',''
  ) );
#2021 = ORIENTED_EDGE('',*,*,#2022,.T.);
#2022 = EDGE_CURVE('',#1999,#2023,#2025,.T.);
#2023 = VERTEX_POINT('',#2024);
#2024 = CARTESIAN_POINT('',(170.0096306401,114.99385741156,6.2));
#2025 = SURFACE_CURVE('',#2026,(#2030,#2037),.PCURVE_S1.);
#2026 = LINE('',#2027,#2028);
#2027 = CARTESIAN_POINT('',(170.0096306401,114.99385741156,0.));
#2028 = VECTOR('',#2029,1.);
#2029 = DIRECTION('',(0.,0.,1.));
#2030 = PCURVE('',#711,#2031);
#2031 = DEFINITIONAL_REPRESENTATION('',(#2032),#2036);
#2032 = LINE('',#2033,#2034);
#2033 = CARTESIAN_POINT('',(-2.286393282865E-16,0.));
#2034 = VECTOR('',#2035,1.);
#2035 = DIRECTION('',(-0.,-1.));
#2036 = ( GEOMETRIC_REPRESENTATION_CONTEXT(2) 
PARAMETRIC_REPRESENTATION_CONTEXT() REPRESENTATION_CONTEXT('2D SPACE',''
  ) );
#2037 = PCURVE('',#497,#2038);
#2038 = DEFINITIONAL_REPRESENTATION('',(#2039),#2043);
#2039 = LINE('',#2040,#2041);
#2040 = CARTESIAN_POINT('',(109.99448421661,0.));
#2041 = VECTOR('',#2042,1.);
#2042 = DIRECTION('',(0.,-1.));
#2043 = ( GEOMETRIC_REPRESENTATION_CONTEXT(2) 
PARAMETRIC_REPRESENTATION_CONTEXT() REPRESENTATION_CONTEXT('2D SPACE',''
  ) );
#2044 = ORIENTED_EDGE('',*,*,#2045,.F.);
#2045 = EDGE_CURVE('',#2046,#2023,#2048,.T.);
#2046 = VERTEX_POINT('',#2047);
#2047 = CARTESIAN_POINT('',(169.78015837513,116.4921511867,6.2));
#2048 = SURFACE_CURVE('',#2049,(#2054,#2061),.PCURVE_S1.);
#2049 = CIRCLE('',#2050,5.00614258844);
#2050 = AXIS2_PLACEMENT_3D('',#2051,#2052,#2053);
#2051 = CARTESIAN_POINT('',(165.00348805166,114.99385741156,6.2));
#2052 = DIRECTION('',(0.,0.,-1.));
#2053 = DIRECTION('',(1.,0.,0.));
#2054 = PCURVE('',#711,#2055);
#2055 = DEFINITIONAL_REPRESENTATION('',(#2056),#2060);
#2056 = LINE('',#2057,#2058);
#2057 = CARTESIAN_POINT('',(-6.28318530718,-6.2));
#2058 = VECTOR('',#2059,1.);
#2059 = DIRECTION('',(1.,-0.));
#2060 = ( GEOMETRIC_REPRESENTATION_CONTEXT(2) 
PARAMETRIC_REPRESENTATION_CONTEXT() REPRESENTATION_CONTEXT('2D SPACE',''
  ) );
#2061 = PCURVE('',#2062,#2067);
#2062 = PLANE('',#2063);
#2063 = AXIS2_PLACEMENT_3D('',#2064,#2065,#2066);
#2064 = CARTESIAN_POINT('',(173.,113.,6.2));
#2065 = DIRECTION('',(0.,0.,1.));
#2066 = DIRECTION('',(1.,0.,0.));
#2067 = DEFINITIONAL_REPRESENTATION('',(#2068),#2076);
#2068 = ( BOUNDED_CURVE() B_SPLINE_CURVE(2,(#2069,#2070,#2071,#2072,
#2073,#2074,#2075),.UNSPECIFIED.,.T.,.F.) B_SPLINE_CURVE_WITH_KNOTS((1,2
    ,2,2,2,1),(-2.094395102393,0.,2.094395102393,4.188790204786,
6.28318530718,8.377580409573),.UNSPECIFIED.) CURVE() 
GEOMETRIC_REPRESENTATION_ITEM() RATIONAL_B_SPLINE_CURVE((1.,0.5,1.,0.5,
1.,0.5,1.)) REPRESENTATION_ITEM('') );
#2069 = CARTESIAN_POINT('',(-2.990369359896,1.99385741156));
#2070 = CARTESIAN_POINT('',(-2.990369359896,-6.677035901552));
#2071 = CARTESIAN_POINT('',(-10.49958324255,-2.341589244996));
#2072 = CARTESIAN_POINT('',(-18.00879712521,1.99385741156));
#2073 = CARTESIAN_POINT('',(-10.49958324255,6.329304068116));
#2074 = CARTESIAN_POINT('',(-2.990369359896,10.664750724672));
#2075 = CARTESIAN_POINT('',(-2.990369359896,1.99385741156));
#2076 = ( GEOMETRIC_REPRESENTATION_CONTEXT(2) 
PARAMETRIC_REPRESENTATION_CONTEXT() REPRESENTATION_CONTEXT('2D SPACE',''
  ) );
#2077 = ORIENTED_EDGE('',*,*,#2078,.F.);
#2078 = EDGE_CURVE('',#666,#2046,#2079,.T.);
#2079 = SURFACE_CURVE('',#2080,(#2084,#2090),.PCURVE_S1.);
#2080 = LINE('',#2081,#2082);
#2081 = CARTESIAN_POINT('',(169.78015837513,116.4921511867,0.));
#2082 = VECTOR('',#2083,1.);
#2083 = DIRECTION('',(-0.,-0.,-1.));
#2084 = PCURVE('',#711,#2085);
#2085 = DEFINITIONAL_REPRESENTATION('',(#2086),#2089);
#2086 = B_SPLINE_CURVE_WITH_KNOTS('',1,(#2087,#2088),.UNSPECIFIED.,.F.,
  .F.,(2,2),(-8.000461615943,-6.199538384057),.PIECEWISE_BEZIER_KNOTS.);
#2087 = CARTESIAN_POINT('',(-0.303949580887,-8.000461615943));
#2088 = CARTESIAN_POINT('',(-0.303949580887,-6.199538384057));
#2089 = ( GEOMETRIC_REPRESENTATION_CONTEXT(2) 
PARAMETRIC_REPRESENTATION_CONTEXT() REPRESENTATION_CONTEXT('2D SPACE',''
  ) );
#2090 = PCURVE('',#682,#2091);
#2091 = DEFINITIONAL_REPRESENTATION('',(#2092),#2095);
#2092 = B_SPLINE_CURVE_WITH_KNOTS('',1,(#2093,#2094),.UNSPECIFIED.,.F.,
  .F.,(2,2),(-8.000461615943,-6.199538384057),.PIECEWISE_BEZIER_KNOTS.);
#2093 = CARTESIAN_POINT('',(-3.967539177525,-8.199538384057));
#2094 = CARTESIAN_POINT('',(-3.967539177525,-10.00046161594));
#2095 = ( GEOMETRIC_REPRESENTATION_CONTEXT(2) 
PARAMETRIC_REPRESENTATION_CONTEXT() REPRESENTATION_CONTEXT('2D SPACE',''
  ) );
#2096 = ORIENTED_EDGE('',*,*,#694,.T.);
#2097 = ORIENTED_EDGE('',*,*,#1663,.F.);
#2098 = ADVANCED_FACE('',(#2099),#682,.F.);
#2099 = FACE_BOUND('',#2100,.T.);
#2100 = EDGE_LOOP('',(#2101,#2122,#2148,#2149));
#2101 = ORIENTED_EDGE('',*,*,#2102,.F.);
#2102 = EDGE_CURVE('',#2103,#643,#2105,.T.);
#2103 = VERTEX_POINT('',#2104);
#2104 = CARTESIAN_POINT('',(170.0096306401,109.3094456932,6.2));
#2105 = SURFACE_CURVE('',#2106,(#2110,#2116),.PCURVE_S1.);
#2106 = LINE('',#2107,#2108);
#2107 = CARTESIAN_POINT('',(170.0096306401,109.3094456932,16.2));
#2108 = VECTOR('',#2109,1.);
#2109 = DIRECTION('',(0.,0.,1.));
#2110 = PCURVE('',#682,#2111);
#2111 = DEFINITIONAL_REPRESENTATION('',(#2112),#2115);
#2112 = B_SPLINE_CURVE_WITH_KNOTS('',1,(#2113,#2114),.UNSPECIFIED.,.F.,
  .F.,(2,2),(-10.00046161594,-7.4),.PIECEWISE_BEZIER_KNOTS.);
#2113 = CARTESIAN_POINT('',(-2.251772080712,-10.00046161594));
#2114 = CARTESIAN_POINT('',(-2.251772080712,-7.4));
#2115 = ( GEOMETRIC_REPRESENTATION_CONTEXT(2) 
PARAMETRIC_REPRESENTATION_CONTEXT() REPRESENTATION_CONTEXT('2D SPACE',''
  ) );
#2116 = PCURVE('',#497,#2117);
#2117 = DEFINITIONAL_REPRESENTATION('',(#2118),#2121);
#2118 = B_SPLINE_CURVE_WITH_KNOTS('',1,(#2119,#2120),.UNSPECIFIED.,.F.,
  .F.,(2,2),(-10.00046161594,-7.4),.PIECEWISE_BEZIER_KNOTS.);
#2119 = CARTESIAN_POINT('',(104.31007249826,-6.199538384057));
#2120 = CARTESIAN_POINT('',(104.31007249826,-8.8));
#2121 = ( GEOMETRIC_REPRESENTATION_CONTEXT(2) 
PARAMETRIC_REPRESENTATION_CONTEXT() REPRESENTATION_CONTEXT('2D SPACE',''
  ) );
#2122 = ORIENTED_EDGE('',*,*,#2123,.T.);
#2123 = EDGE_CURVE('',#2103,#2046,#2124,.T.);
#2124 = SURFACE_CURVE('',#2125,(#2130,#2137),.PCURVE_S1.);
#2125 = CIRCLE('',#2126,4.75);
#2126 = AXIS2_PLACEMENT_3D('',#2127,#2128,#2129);
#2127 = CARTESIAN_POINT('',(173.,113.,6.2));
#2128 = DIRECTION('',(0.,0.,-1.));
#2129 = DIRECTION('',(1.,0.,0.));
#2130 = PCURVE('',#682,#2131);
#2131 = DEFINITIONAL_REPRESENTATION('',(#2132),#2136);
#2132 = LINE('',#2133,#2134);
#2133 = CARTESIAN_POINT('',(-0.,-10.));
#2134 = VECTOR('',#2135,1.);
#2135 = DIRECTION('',(-1.,0.));
#2136 = ( GEOMETRIC_REPRESENTATION_CONTEXT(2) 
PARAMETRIC_REPRESENTATION_CONTEXT() REPRESENTATION_CONTEXT('2D SPACE',''
  ) );
#2137 = PCURVE('',#2062,#2138);
#2138 = DEFINITIONAL_REPRESENTATION('',(#2139),#2147);
#2139 = ( BOUNDED_CURVE() B_SPLINE_CURVE(2,(#2140,#2141,#2142,#2143,
#2144,#2145,#2146),.UNSPECIFIED.,.T.,.F.) B_SPLINE_CURVE_WITH_KNOTS((1,2
    ,2,2,2,1),(-2.094395102393,0.,2.094395102393,4.188790204786,
6.28318530718,8.377580409573),.UNSPECIFIED.) CURVE() 
GEOMETRIC_REPRESENTATION_ITEM() RATIONAL_B_SPLINE_CURVE((1.,0.5,1.,0.5,
1.,0.5,1.)) REPRESENTATION_ITEM('') );
#2140 = CARTESIAN_POINT('',(4.75,-8.881784197001E-16));
#2141 = CARTESIAN_POINT('',(4.75,-8.227241335952));
#2142 = CARTESIAN_POINT('',(-2.375,-4.113620667976));
#2143 = CARTESIAN_POINT('',(-9.5,-2.05159287889E-15));
#2144 = CARTESIAN_POINT('',(-2.375,4.113620667976));
#2145 = CARTESIAN_POINT('',(4.75,8.227241335952));
#2146 = CARTESIAN_POINT('',(4.75,-8.881784197001E-16));
#2147 = ( GEOMETRIC_REPRESENTATION_CONTEXT(2) 
PARAMETRIC_REPRESENTATION_CONTEXT() REPRESENTATION_CONTEXT('2D SPACE',''
  ) );
#2148 = ORIENTED_EDGE('',*,*,#2078,.F.);
#2149 = ORIENTED_EDGE('',*,*,#665,.T.);
#2150 = ADVANCED_FACE('',(#2151),#497,.F.);
#2151 = FACE_BOUND('',#2152,.F.);
#2152 = EDGE_LOOP('',(#2153,#2176,#2199,#2225,#2244,#2245,#2266,#2292,
    #2311,#2312,#2333,#2359,#2378,#2379,#2400,#2426,#2445,#2446,#2447,
    #2466));
#2153 = ORIENTED_EDGE('',*,*,#2154,.F.);
#2154 = EDGE_CURVE('',#2155,#1999,#2157,.T.);
#2155 = VERTEX_POINT('',#2156);
#2156 = CARTESIAN_POINT('',(170.0096306401,4.999373194945,0.));
#2157 = SURFACE_CURVE('',#2158,(#2162,#2169),.PCURVE_S1.);
#2158 = LINE('',#2159,#2160);
#2159 = CARTESIAN_POINT('',(170.0096306401,4.999373194945,0.));
#2160 = VECTOR('',#2161,1.);
#2161 = DIRECTION('',(0.,1.,0.));
#2162 = PCURVE('',#497,#2163);
#2163 = DEFINITIONAL_REPRESENTATION('',(#2164),#2168);
#2164 = LINE('',#2165,#2166);
#2165 = CARTESIAN_POINT('',(0.,0.));
#2166 = VECTOR('',#2167,1.);
#2167 = DIRECTION('',(1.,0.));
#2168 = ( GEOMETRIC_REPRESENTATION_CONTEXT(2) 
PARAMETRIC_REPRESENTATION_CONTEXT() REPRESENTATION_CONTEXT('2D SPACE',''
  ) );
#2169 = PCURVE('',#1651,#2170);
#2170 = DEFINITIONAL_REPRESENTATION('',(#2171),#2175);
#2171 = LINE('',#2172,#2173);
#2172 = CARTESIAN_POINT('',(79.99080661422,-54.99535732979));
#2173 = VECTOR('',#2174,1.);
#2174 = DIRECTION('',(0.,1.));
#2175 = ( GEOMETRIC_REPRESENTATION_CONTEXT(2) 
PARAMETRIC_REPRESENTATION_CONTEXT() REPRESENTATION_CONTEXT('2D SPACE',''
  ) );
#2176 = ORIENTED_EDGE('',*,*,#2177,.T.);
#2177 = EDGE_CURVE('',#2155,#2178,#2180,.T.);
#2178 = VERTEX_POINT('',#2179);
#2179 = CARTESIAN_POINT('',(170.0096306401,4.999373194945,6.2));
#2180 = SURFACE_CURVE('',#2181,(#2185,#2192),.PCURVE_S1.);
#2181 = LINE('',#2182,#2183);
#2182 = CARTESIAN_POINT('',(170.0096306401,4.999373194945,0.));
#2183 = VECTOR('',#2184,1.);
#2184 = DIRECTION('',(0.,0.,1.));
#2185 = PCURVE('',#497,#2186);
#2186 = DEFINITIONAL_REPRESENTATION('',(#2187),#2191);
#2187 = LINE('',#2188,#2189);
#2188 = CARTESIAN_POINT('',(0.,0.));
#2189 = VECTOR('',#2190,1.);
#2190 = DIRECTION('',(0.,-1.));
#2191 = ( GEOMETRIC_REPRESENTATION_CONTEXT(2) 
PARAMETRIC_REPRESENTATION_CONTEXT() REPRESENTATION_CONTEXT('2D SPACE',''
  ) );
#2192 = PCURVE('',#440,#2193);
#2193 = DEFINITIONAL_REPRESENTATION('',(#2194),#2198);
#2194 = LINE('',#2195,#2196);
#2195 = CARTESIAN_POINT('',(-6.28318530718,0.));
#2196 = VECTOR('',#2197,1.);
#2197 = DIRECTION('',(-0.,-1.));
#2198 = ( GEOMETRIC_REPRESENTATION_CONTEXT(2) 
PARAMETRIC_REPRESENTATION_CONTEXT() REPRESENTATION_CONTEXT('2D SPACE',''
  ) );
#2199 = ORIENTED_EDGE('',*,*,#2200,.T.);
#2200 = EDGE_CURVE('',#2178,#2201,#2203,.T.);
#2201 = VERTEX_POINT('',#2202);
#2202 = CARTESIAN_POINT('',(170.0096306401,10.690554306794,6.2));
#2203 = SURFACE_CURVE('',#2204,(#2208,#2214),.PCURVE_S1.);
#2204 = LINE('',#2205,#2206);
#2205 = CARTESIAN_POINT('',(170.0096306401,5.999686597472,6.2));
#2206 = VECTOR('',#2207,1.);
#2207 = DIRECTION('',(0.,1.,0.));
#2208 = PCURVE('',#497,#2209);
#2209 = DEFINITIONAL_REPRESENTATION('',(#2210),#2213);
#2210 = B_SPLINE_CURVE_WITH_KNOTS('',1,(#2211,#2212),.UNSPECIFIED.,.F.,
  .F.,(2,2),(-1.000313402528,5.750313402528),.PIECEWISE_BEZIER_KNOTS.);
#2211 = CARTESIAN_POINT('',(0.,-6.2));
#2212 = CARTESIAN_POINT('',(6.750626805055,-6.2));
#2213 = ( GEOMETRIC_REPRESENTATION_CONTEXT(2) 
PARAMETRIC_REPRESENTATION_CONTEXT() REPRESENTATION_CONTEXT('2D SPACE',''
  ) );
#2214 = PCURVE('',#2215,#2220);
#2215 = PLANE('',#2216);
#2216 = AXIS2_PLACEMENT_3D('',#2217,#2218,#2219);
#2217 = CARTESIAN_POINT('',(173.,7.,6.2));
#2218 = DIRECTION('',(0.,0.,1.));
#2219 = DIRECTION('',(1.,0.,0.));
#2220 = DEFINITIONAL_REPRESENTATION('',(#2221),#2224);
#2221 = B_SPLINE_CURVE_WITH_KNOTS('',1,(#2222,#2223),.UNSPECIFIED.,.F.,
  .F.,(2,2),(-1.000313402528,5.750313402528),.PIECEWISE_BEZIER_KNOTS.);
#2222 = CARTESIAN_POINT('',(-2.990369359896,-2.000626805055));
#2223 = CARTESIAN_POINT('',(-2.990369359896,4.75));
#2224 = ( GEOMETRIC_REPRESENTATION_CONTEXT(2) 
PARAMETRIC_REPRESENTATION_CONTEXT() REPRESENTATION_CONTEXT('2D SPACE',''
  ) );
#2225 = ORIENTED_EDGE('',*,*,#2226,.T.);
#2226 = EDGE_CURVE('',#2201,#453,#2227,.T.);
#2227 = SURFACE_CURVE('',#2228,(#2232,#2238),.PCURVE_S1.);
#2228 = LINE('',#2229,#2230);
#2229 = CARTESIAN_POINT('',(170.0096306401,10.690554306794,16.2));
#2230 = VECTOR('',#2231,1.);
#2231 = DIRECTION('',(0.,0.,1.));
#2232 = PCURVE('',#497,#2233);
#2233 = DEFINITIONAL_REPRESENTATION('',(#2234),#2237);
#2234 = B_SPLINE_CURVE_WITH_KNOTS('',1,(#2235,#2236),.UNSPECIFIED.,.F.,
  .F.,(2,2),(-10.00046161594,-7.4),.PIECEWISE_BEZIER_KNOTS.);
#2235 = CARTESIAN_POINT('',(5.691181111849,-6.199538384057));
#2236 = CARTESIAN_POINT('',(5.691181111849,-8.8));
#2237 = ( GEOMETRIC_REPRESENTATION_CONTEXT(2) 
PARAMETRIC_REPRESENTATION_CONTEXT() REPRESENTATION_CONTEXT('2D SPACE',''
  ) );
#2238 = PCURVE('',#469,#2239);
#2239 = DEFINITIONAL_REPRESENTATION('',(#2240),#2243);
#2240 = B_SPLINE_CURVE_WITH_KNOTS('',1,(#2241,#2242),.UNSPECIFIED.,.F.,
  .F.,(2,2),(-10.00046161594,-7.4),.PIECEWISE_BEZIER_KNOTS.);
#2241 = CARTESIAN_POINT('',(-4.031413226468,-10.00046161594));
#2242 = CARTESIAN_POINT('',(-4.031413226468,-7.4));
#2243 = ( GEOMETRIC_REPRESENTATION_CONTEXT(2) 
PARAMETRIC_REPRESENTATION_CONTEXT() REPRESENTATION_CONTEXT('2D SPACE',''
  ) );
#2244 = ORIENTED_EDGE('',*,*,#481,.T.);
#2245 = ORIENTED_EDGE('',*,*,#2246,.F.);
#2246 = EDGE_CURVE('',#2247,#482,#2249,.T.);
#2247 = VERTEX_POINT('',#2248);
#2248 = CARTESIAN_POINT('',(170.0096306401,29.809445693206,6.2));
#2249 = SURFACE_CURVE('',#2250,(#2254,#2260),.PCURVE_S1.);
#2250 = LINE('',#2251,#2252);
#2251 = CARTESIAN_POINT('',(170.0096306401,29.809445693206,16.2));
#2252 = VECTOR('',#2253,1.);
#2253 = DIRECTION('',(0.,0.,1.));
#2254 = PCURVE('',#497,#2255);
#2255 = DEFINITIONAL_REPRESENTATION('',(#2256),#2259);
#2256 = B_SPLINE_CURVE_WITH_KNOTS('',1,(#2257,#2258),.UNSPECIFIED.,.F.,
  .F.,(2,2),(-10.00046161594,-7.4),.PIECEWISE_BEZIER_KNOTS.);
#2257 = CARTESIAN_POINT('',(24.810072498261,-6.199538384057));
#2258 = CARTESIAN_POINT('',(24.810072498261,-8.8));
#2259 = ( GEOMETRIC_REPRESENTATION_CONTEXT(2) 
PARAMETRIC_REPRESENTATION_CONTEXT() REPRESENTATION_CONTEXT('2D SPACE',''
  ) );
#2260 = PCURVE('',#526,#2261);
#2261 = DEFINITIONAL_REPRESENTATION('',(#2262),#2265);
#2262 = B_SPLINE_CURVE_WITH_KNOTS('',1,(#2263,#2264),.UNSPECIFIED.,.F.,
  .F.,(2,2),(-10.00046161594,-7.4),.PIECEWISE_BEZIER_KNOTS.);
#2263 = CARTESIAN_POINT('',(-2.251772080712,-10.00046161594));
#2264 = CARTESIAN_POINT('',(-2.251772080712,-7.4));
#2265 = ( GEOMETRIC_REPRESENTATION_CONTEXT(2) 
PARAMETRIC_REPRESENTATION_CONTEXT() REPRESENTATION_CONTEXT('2D SPACE',''
  ) );
#2266 = ORIENTED_EDGE('',*,*,#2267,.T.);
#2267 = EDGE_CURVE('',#2247,#2268,#2270,.T.);
#2268 = VERTEX_POINT('',#2269);
#2269 = CARTESIAN_POINT('',(170.0096306401,37.190554306794,6.2));
#2270 = SURFACE_CURVE('',#2271,(#2275,#2281),.PCURVE_S1.);
#2271 = LINE('',#2272,#2273);
#2272 = CARTESIAN_POINT('',(170.0096306401,19.249686597472,6.2));
#2273 = VECTOR('',#2274,1.);
#2274 = DIRECTION('',(0.,1.,0.));
#2275 = PCURVE('',#497,#2276);
#2276 = DEFINITIONAL_REPRESENTATION('',(#2277),#2280);
#2277 = B_SPLINE_CURVE_WITH_KNOTS('',1,(#2278,#2279),.UNSPECIFIED.,.F.,
  .F.,(2,2),(9.500313402528,19.000313402528),.PIECEWISE_BEZIER_KNOTS.);
#2278 = CARTESIAN_POINT('',(23.750626805055,-6.2));
#2279 = CARTESIAN_POINT('',(33.250626805055,-6.2));
#2280 = ( GEOMETRIC_REPRESENTATION_CONTEXT(2) 
PARAMETRIC_REPRESENTATION_CONTEXT() REPRESENTATION_CONTEXT('2D SPACE',''
  ) );
#2281 = PCURVE('',#2282,#2287);
#2282 = PLANE('',#2283);
#2283 = AXIS2_PLACEMENT_3D('',#2284,#2285,#2286);
#2284 = CARTESIAN_POINT('',(173.,33.5,6.2));
#2285 = DIRECTION('',(0.,0.,1.));
#2286 = DIRECTION('',(1.,0.,0.));
#2287 = DEFINITIONAL_REPRESENTATION('',(#2288),#2291);
#2288 = B_SPLINE_CURVE_WITH_KNOTS('',1,(#2289,#2290),.UNSPECIFIED.,.F.,
  .F.,(2,2),(9.500313402528,19.000313402528),.PIECEWISE_BEZIER_KNOTS.);
#2289 = CARTESIAN_POINT('',(-2.990369359896,-4.75));
#2290 = CARTESIAN_POINT('',(-2.990369359896,4.75));
#2291 = ( GEOMETRIC_REPRESENTATION_CONTEXT(2) 
PARAMETRIC_REPRESENTATION_CONTEXT() REPRESENTATION_CONTEXT('2D SPACE',''
  ) );
#2292 = ORIENTED_EDGE('',*,*,#2293,.T.);
#2293 = EDGE_CURVE('',#2268,#510,#2294,.T.);
#2294 = SURFACE_CURVE('',#2295,(#2299,#2305),.PCURVE_S1.);
#2295 = LINE('',#2296,#2297);
#2296 = CARTESIAN_POINT('',(170.0096306401,37.190554306794,16.2));
#2297 = VECTOR('',#2298,1.);
#2298 = DIRECTION('',(0.,0.,1.));
#2299 = PCURVE('',#497,#2300);
#2300 = DEFINITIONAL_REPRESENTATION('',(#2301),#2304);
#2301 = B_SPLINE_CURVE_WITH_KNOTS('',1,(#2302,#2303),.UNSPECIFIED.,.F.,
  .F.,(2,2),(-10.00046161594,-7.4),.PIECEWISE_BEZIER_KNOTS.);
#2302 = CARTESIAN_POINT('',(32.191181111849,-6.199538384057));
#2303 = CARTESIAN_POINT('',(32.191181111849,-8.8));
#2304 = ( GEOMETRIC_REPRESENTATION_CONTEXT(2) 
PARAMETRIC_REPRESENTATION_CONTEXT() REPRESENTATION_CONTEXT('2D SPACE',''
  ) );
#2305 = PCURVE('',#526,#2306);
#2306 = DEFINITIONAL_REPRESENTATION('',(#2307),#2310);
#2307 = B_SPLINE_CURVE_WITH_KNOTS('',1,(#2308,#2309),.UNSPECIFIED.,.F.,
  .F.,(2,2),(-10.00046161594,-7.4),.PIECEWISE_BEZIER_KNOTS.);
#2308 = CARTESIAN_POINT('',(-4.031413226468,-10.00046161594));
#2309 = CARTESIAN_POINT('',(-4.031413226468,-7.4));
#2310 = ( GEOMETRIC_REPRESENTATION_CONTEXT(2) 
PARAMETRIC_REPRESENTATION_CONTEXT() REPRESENTATION_CONTEXT('2D SPACE',''
  ) );
#2311 = ORIENTED_EDGE('',*,*,#538,.T.);
#2312 = ORIENTED_EDGE('',*,*,#2313,.F.);
#2313 = EDGE_CURVE('',#2314,#539,#2316,.T.);
#2314 = VERTEX_POINT('',#2315);
#2315 = CARTESIAN_POINT('',(170.0096306401,56.309445693206,6.2));
#2316 = SURFACE_CURVE('',#2317,(#2321,#2327),.PCURVE_S1.);
#2317 = LINE('',#2318,#2319);
#2318 = CARTESIAN_POINT('',(170.0096306401,56.309445693206,16.2));
#2319 = VECTOR('',#2320,1.);
#2320 = DIRECTION('',(0.,0.,1.));
#2321 = PCURVE('',#497,#2322);
#2322 = DEFINITIONAL_REPRESENTATION('',(#2323),#2326);
#2323 = B_SPLINE_CURVE_WITH_KNOTS('',1,(#2324,#2325),.UNSPECIFIED.,.F.,
  .F.,(2,2),(-10.00046161594,-7.4),.PIECEWISE_BEZIER_KNOTS.);
#2324 = CARTESIAN_POINT('',(51.310072498261,-6.199538384057));
#2325 = CARTESIAN_POINT('',(51.310072498261,-8.8));
#2326 = ( GEOMETRIC_REPRESENTATION_CONTEXT(2) 
PARAMETRIC_REPRESENTATION_CONTEXT() REPRESENTATION_CONTEXT('2D SPACE',''
  ) );
#2327 = PCURVE('',#578,#2328);
#2328 = DEFINITIONAL_REPRESENTATION('',(#2329),#2332);
#2329 = B_SPLINE_CURVE_WITH_KNOTS('',1,(#2330,#2331),.UNSPECIFIED.,.F.,
  .F.,(2,2),(-10.00046161594,-7.4),.PIECEWISE_BEZIER_KNOTS.);
#2330 = CARTESIAN_POINT('',(-2.251772080712,-10.00046161594));
#2331 = CARTESIAN_POINT('',(-2.251772080712,-7.4));
#2332 = ( GEOMETRIC_REPRESENTATION_CONTEXT(2) 
PARAMETRIC_REPRESENTATION_CONTEXT() REPRESENTATION_CONTEXT('2D SPACE',''
  ) );
#2333 = ORIENTED_EDGE('',*,*,#2334,.T.);
#2334 = EDGE_CURVE('',#2314,#2335,#2337,.T.);
#2335 = VERTEX_POINT('',#2336);
#2336 = CARTESIAN_POINT('',(170.0096306401,63.690554306794,6.2));
#2337 = SURFACE_CURVE('',#2338,(#2342,#2348),.PCURVE_S1.);
#2338 = LINE('',#2339,#2340);
#2339 = CARTESIAN_POINT('',(170.0096306401,32.499686597472,6.2));
#2340 = VECTOR('',#2341,1.);
#2341 = DIRECTION('',(0.,1.,0.));
#2342 = PCURVE('',#497,#2343);
#2343 = DEFINITIONAL_REPRESENTATION('',(#2344),#2347);
#2344 = B_SPLINE_CURVE_WITH_KNOTS('',1,(#2345,#2346),.UNSPECIFIED.,.F.,
  .F.,(2,2),(22.750313402528,32.250313402528),.PIECEWISE_BEZIER_KNOTS.);
#2345 = CARTESIAN_POINT('',(50.250626805055,-6.2));
#2346 = CARTESIAN_POINT('',(59.750626805055,-6.2));
#2347 = ( GEOMETRIC_REPRESENTATION_CONTEXT(2) 
PARAMETRIC_REPRESENTATION_CONTEXT() REPRESENTATION_CONTEXT('2D SPACE',''
  ) );
#2348 = PCURVE('',#2349,#2354);
#2349 = PLANE('',#2350);
#2350 = AXIS2_PLACEMENT_3D('',#2351,#2352,#2353);
#2351 = CARTESIAN_POINT('',(173.,60.,6.2));
#2352 = DIRECTION('',(0.,0.,1.));
#2353 = DIRECTION('',(1.,0.,0.));
#2354 = DEFINITIONAL_REPRESENTATION('',(#2355),#2358);
#2355 = B_SPLINE_CURVE_WITH_KNOTS('',1,(#2356,#2357),.UNSPECIFIED.,.F.,
  .F.,(2,2),(22.750313402528,32.250313402528),.PIECEWISE_BEZIER_KNOTS.);
#2356 = CARTESIAN_POINT('',(-2.990369359896,-4.75));
#2357 = CARTESIAN_POINT('',(-2.990369359896,4.75));
#2358 = ( GEOMETRIC_REPRESENTATION_CONTEXT(2) 
PARAMETRIC_REPRESENTATION_CONTEXT() REPRESENTATION_CONTEXT('2D SPACE',''
  ) );
#2359 = ORIENTED_EDGE('',*,*,#2360,.T.);
#2360 = EDGE_CURVE('',#2335,#562,#2361,.T.);
#2361 = SURFACE_CURVE('',#2362,(#2366,#2372),.PCURVE_S1.);
#2362 = LINE('',#2363,#2364);
#2363 = CARTESIAN_POINT('',(170.0096306401,63.690554306794,16.2));
#2364 = VECTOR('',#2365,1.);
#2365 = DIRECTION('',(0.,0.,1.));
#2366 = PCURVE('',#497,#2367);
#2367 = DEFINITIONAL_REPRESENTATION('',(#2368),#2371);
#2368 = B_SPLINE_CURVE_WITH_KNOTS('',1,(#2369,#2370),.UNSPECIFIED.,.F.,
  .F.,(2,2),(-10.00046161594,-7.4),.PIECEWISE_BEZIER_KNOTS.);
#2369 = CARTESIAN_POINT('',(58.691181111849,-6.199538384057));
#2370 = CARTESIAN_POINT('',(58.691181111849,-8.8));
#2371 = ( GEOMETRIC_REPRESENTATION_CONTEXT(2) 
PARAMETRIC_REPRESENTATION_CONTEXT() REPRESENTATION_CONTEXT('2D SPACE',''
  ) );
#2372 = PCURVE('',#578,#2373);
#2373 = DEFINITIONAL_REPRESENTATION('',(#2374),#2377);
#2374 = B_SPLINE_CURVE_WITH_KNOTS('',1,(#2375,#2376),.UNSPECIFIED.,.F.,
  .F.,(2,2),(-10.00046161594,-7.4),.PIECEWISE_BEZIER_KNOTS.);
#2375 = CARTESIAN_POINT('',(-4.031413226468,-10.00046161594));
#2376 = CARTESIAN_POINT('',(-4.031413226468,-7.4));
#2377 = ( GEOMETRIC_REPRESENTATION_CONTEXT(2) 
PARAMETRIC_REPRESENTATION_CONTEXT() REPRESENTATION_CONTEXT('2D SPACE',''
  ) );
#2378 = ORIENTED_EDGE('',*,*,#590,.T.);
#2379 = ORIENTED_EDGE('',*,*,#2380,.F.);
#2380 = EDGE_CURVE('',#2381,#591,#2383,.T.);
#2381 = VERTEX_POINT('',#2382);
#2382 = CARTESIAN_POINT('',(170.0096306401,82.809445693206,6.2));
#2383 = SURFACE_CURVE('',#2384,(#2388,#2394),.PCURVE_S1.);
#2384 = LINE('',#2385,#2386);
#2385 = CARTESIAN_POINT('',(170.0096306401,82.809445693206,16.2));
#2386 = VECTOR('',#2387,1.);
#2387 = DIRECTION('',(0.,0.,1.));
#2388 = PCURVE('',#497,#2389);
#2389 = DEFINITIONAL_REPRESENTATION('',(#2390),#2393);
#2390 = B_SPLINE_CURVE_WITH_KNOTS('',1,(#2391,#2392),.UNSPECIFIED.,.F.,
  .F.,(2,2),(-10.00046161594,-7.4),.PIECEWISE_BEZIER_KNOTS.);
#2391 = CARTESIAN_POINT('',(77.810072498261,-6.199538384057));
#2392 = CARTESIAN_POINT('',(77.810072498261,-8.8));
#2393 = ( GEOMETRIC_REPRESENTATION_CONTEXT(2) 
PARAMETRIC_REPRESENTATION_CONTEXT() REPRESENTATION_CONTEXT('2D SPACE',''
  ) );
#2394 = PCURVE('',#630,#2395);
#2395 = DEFINITIONAL_REPRESENTATION('',(#2396),#2399);
#2396 = B_SPLINE_CURVE_WITH_KNOTS('',1,(#2397,#2398),.UNSPECIFIED.,.F.,
  .F.,(2,2),(-10.00046161594,-7.4),.PIECEWISE_BEZIER_KNOTS.);
#2397 = CARTESIAN_POINT('',(-2.251772080712,-10.00046161594));
#2398 = CARTESIAN_POINT('',(-2.251772080712,-7.4));
#2399 = ( GEOMETRIC_REPRESENTATION_CONTEXT(2) 
PARAMETRIC_REPRESENTATION_CONTEXT() REPRESENTATION_CONTEXT('2D SPACE',''
  ) );
#2400 = ORIENTED_EDGE('',*,*,#2401,.T.);
#2401 = EDGE_CURVE('',#2381,#2402,#2404,.T.);
#2402 = VERTEX_POINT('',#2403);
#2403 = CARTESIAN_POINT('',(170.0096306401,90.190554306794,6.2));
#2404 = SURFACE_CURVE('',#2405,(#2409,#2415),.PCURVE_S1.);
#2405 = LINE('',#2406,#2407);
#2406 = CARTESIAN_POINT('',(170.0096306401,45.749686597472,6.2));
#2407 = VECTOR('',#2408,1.);
#2408 = DIRECTION('',(0.,1.,0.));
#2409 = PCURVE('',#497,#2410);
#2410 = DEFINITIONAL_REPRESENTATION('',(#2411),#2414);
#2411 = B_SPLINE_CURVE_WITH_KNOTS('',1,(#2412,#2413),.UNSPECIFIED.,.F.,
  .F.,(2,2),(36.000313402528,45.500313402528),.PIECEWISE_BEZIER_KNOTS.);
#2412 = CARTESIAN_POINT('',(76.750626805055,-6.2));
#2413 = CARTESIAN_POINT('',(86.250626805055,-6.2));
#2414 = ( GEOMETRIC_REPRESENTATION_CONTEXT(2) 
PARAMETRIC_REPRESENTATION_CONTEXT() REPRESENTATION_CONTEXT('2D SPACE',''
  ) );
#2415 = PCURVE('',#2416,#2421);
#2416 = PLANE('',#2417);
#2417 = AXIS2_PLACEMENT_3D('',#2418,#2419,#2420);
#2418 = CARTESIAN_POINT('',(173.,86.5,6.2));
#2419 = DIRECTION('',(0.,0.,1.));
#2420 = DIRECTION('',(1.,0.,0.));
#2421 = DEFINITIONAL_REPRESENTATION('',(#2422),#2425);
#2422 = B_SPLINE_CURVE_WITH_KNOTS('',1,(#2423,#2424),.UNSPECIFIED.,.F.,
  .F.,(2,2),(36.000313402528,45.500313402528),.PIECEWISE_BEZIER_KNOTS.);
#2423 = CARTESIAN_POINT('',(-2.990369359896,-4.75));
#2424 = CARTESIAN_POINT('',(-2.990369359896,4.75));
#2425 = ( GEOMETRIC_REPRESENTATION_CONTEXT(2) 
PARAMETRIC_REPRESENTATION_CONTEXT() REPRESENTATION_CONTEXT('2D SPACE',''
  ) );
#2426 = ORIENTED_EDGE('',*,*,#2427,.T.);
#2427 = EDGE_CURVE('',#2402,#614,#2428,.T.);
#2428 = SURFACE_CURVE('',#2429,(#2433,#2439),.PCURVE_S1.);
#2429 = LINE('',#2430,#2431);
#2430 = CARTESIAN_POINT('',(170.0096306401,90.190554306794,16.2));
#2431 = VECTOR('',#2432,1.);
#2432 = DIRECTION('',(0.,0.,1.));
#2433 = PCURVE('',#497,#2434);
#2434 = DEFINITIONAL_REPRESENTATION('',(#2435),#2438);
#2435 = B_SPLINE_CURVE_WITH_KNOTS('',1,(#2436,#2437),.UNSPECIFIED.,.F.,
  .F.,(2,2),(-10.00046161594,-7.4),.PIECEWISE_BEZIER_KNOTS.);
#2436 = CARTESIAN_POINT('',(85.191181111849,-6.199538384057));
#2437 = CARTESIAN_POINT('',(85.191181111849,-8.8));
#2438 = ( GEOMETRIC_REPRESENTATION_CONTEXT(2) 
PARAMETRIC_REPRESENTATION_CONTEXT() REPRESENTATION_CONTEXT('2D SPACE',''
  ) );
#2439 = PCURVE('',#630,#2440);
#2440 = DEFINITIONAL_REPRESENTATION('',(#2441),#2444);
#2441 = B_SPLINE_CURVE_WITH_KNOTS('',1,(#2442,#2443),.UNSPECIFIED.,.F.,
  .F.,(2,2),(-10.00046161594,-7.4),.PIECEWISE_BEZIER_KNOTS.);
#2442 = CARTESIAN_POINT('',(-4.031413226468,-10.00046161594));
#2443 = CARTESIAN_POINT('',(-4.031413226468,-7.4));
#2444 = ( GEOMETRIC_REPRESENTATION_CONTEXT(2) 
PARAMETRIC_REPRESENTATION_CONTEXT() REPRESENTATION_CONTEXT('2D SPACE',''
  ) );
#2445 = ORIENTED_EDGE('',*,*,#642,.T.);
#2446 = ORIENTED_EDGE('',*,*,#2102,.F.);
#2447 = ORIENTED_EDGE('',*,*,#2448,.T.);
#2448 = EDGE_CURVE('',#2103,#2023,#2449,.T.);
#2449 = SURFACE_CURVE('',#2450,(#2454,#2460),.PCURVE_S1.);
#2450 = LINE('',#2451,#2452);
#2451 = CARTESIAN_POINT('',(170.0096306401,58.999686597472,6.2));
#2452 = VECTOR('',#2453,1.);
#2453 = DIRECTION('',(0.,1.,0.));
#2454 = PCURVE('',#497,#2455);
#2455 = DEFINITIONAL_REPRESENTATION('',(#2456),#2459);
#2456 = B_SPLINE_CURVE_WITH_KNOTS('',1,(#2457,#2458),.UNSPECIFIED.,.F.,
  .F.,(2,2),(49.250313402528,55.994170814088),.PIECEWISE_BEZIER_KNOTS.);
#2457 = CARTESIAN_POINT('',(103.25062680505,-6.2));
#2458 = CARTESIAN_POINT('',(109.99448421661,-6.2));
#2459 = ( GEOMETRIC_REPRESENTATION_CONTEXT(2) 
PARAMETRIC_REPRESENTATION_CONTEXT() REPRESENTATION_CONTEXT('2D SPACE',''
  ) );
#2460 = PCURVE('',#2062,#2461);
#2461 = DEFINITIONAL_REPRESENTATION('',(#2462),#2465);
#2462 = B_SPLINE_CURVE_WITH_KNOTS('',1,(#2463,#2464),.UNSPECIFIED.,.F.,
  .F.,(2,2),(49.250313402528,55.994170814088),.PIECEWISE_BEZIER_KNOTS.);
#2463 = CARTESIAN_POINT('',(-2.990369359896,-4.75));
#2464 = CARTESIAN_POINT('',(-2.990369359896,1.99385741156));
#2465 = ( GEOMETRIC_REPRESENTATION_CONTEXT(2) 
PARAMETRIC_REPRESENTATION_CONTEXT() REPRESENTATION_CONTEXT('2D SPACE',''
  ) );
#2466 = ORIENTED_EDGE('',*,*,#2022,.F.);
#2467 = ADVANCED_FACE('',(#2468),#630,.F.);
#2468 = FACE_BOUND('',#2469,.T.);
#2469 = EDGE_LOOP('',(#2470,#2471,#2497,#2498));
#2470 = ORIENTED_EDGE('',*,*,#2380,.F.);
#2471 = ORIENTED_EDGE('',*,*,#2472,.T.);
#2472 = EDGE_CURVE('',#2381,#2402,#2473,.T.);
#2473 = SURFACE_CURVE('',#2474,(#2479,#2486),.PCURVE_S1.);
#2474 = CIRCLE('',#2475,4.75);
#2475 = AXIS2_PLACEMENT_3D('',#2476,#2477,#2478);
#2476 = CARTESIAN_POINT('',(173.,86.5,6.2));
#2477 = DIRECTION('',(0.,0.,-1.));
#2478 = DIRECTION('',(1.,0.,0.));
#2479 = PCURVE('',#630,#2480);
#2480 = DEFINITIONAL_REPRESENTATION('',(#2481),#2485);
#2481 = LINE('',#2482,#2483);
#2482 = CARTESIAN_POINT('',(-0.,-10.));
#2483 = VECTOR('',#2484,1.);
#2484 = DIRECTION('',(-1.,0.));
#2485 = ( GEOMETRIC_REPRESENTATION_CONTEXT(2) 
PARAMETRIC_REPRESENTATION_CONTEXT() REPRESENTATION_CONTEXT('2D SPACE',''
  ) );
#2486 = PCURVE('',#2416,#2487);
#2487 = DEFINITIONAL_REPRESENTATION('',(#2488),#2496);
#2488 = ( BOUNDED_CURVE() B_SPLINE_CURVE(2,(#2489,#2490,#2491,#2492,
#2493,#2494,#2495),.UNSPECIFIED.,.T.,.F.) B_SPLINE_CURVE_WITH_KNOTS((1,2
    ,2,2,2,1),(-2.094395102393,0.,2.094395102393,4.188790204786,
6.28318530718,8.377580409573),.UNSPECIFIED.) CURVE() 
GEOMETRIC_REPRESENTATION_ITEM() RATIONAL_B_SPLINE_CURVE((1.,0.5,1.,0.5,
1.,0.5,1.)) REPRESENTATION_ITEM('') );
#2489 = CARTESIAN_POINT('',(4.75,-8.881784197001E-16));
#2490 = CARTESIAN_POINT('',(4.75,-8.227241335952));
#2491 = CARTESIAN_POINT('',(-2.375,-4.113620667976));
#2492 = CARTESIAN_POINT('',(-9.5,-2.05159287889E-15));
#2493 = CARTESIAN_POINT('',(-2.375,4.113620667976));
#2494 = CARTESIAN_POINT('',(4.75,8.227241335952));
#2495 = CARTESIAN_POINT('',(4.75,-8.881784197001E-16));
#2496 = ( GEOMETRIC_REPRESENTATION_CONTEXT(2) 
PARAMETRIC_REPRESENTATION_CONTEXT() REPRESENTATION_CONTEXT('2D SPACE',''
  ) );
#2497 = ORIENTED_EDGE('',*,*,#2427,.T.);
#2498 = ORIENTED_EDGE('',*,*,#613,.T.);
#2499 = ADVANCED_FACE('',(#2500),#578,.F.);
#2500 = FACE_BOUND('',#2501,.T.);
#2501 = EDGE_LOOP('',(#2502,#2503,#2529,#2530));
#2502 = ORIENTED_EDGE('',*,*,#2313,.F.);
#2503 = ORIENTED_EDGE('',*,*,#2504,.T.);
#2504 = EDGE_CURVE('',#2314,#2335,#2505,.T.);
#2505 = SURFACE_CURVE('',#2506,(#2511,#2518),.PCURVE_S1.);
#2506 = CIRCLE('',#2507,4.75);
#2507 = AXIS2_PLACEMENT_3D('',#2508,#2509,#2510);
#2508 = CARTESIAN_POINT('',(173.,60.,6.2));
#2509 = DIRECTION('',(0.,0.,-1.));
#2510 = DIRECTION('',(1.,0.,0.));
#2511 = PCURVE('',#578,#2512);
#2512 = DEFINITIONAL_REPRESENTATION('',(#2513),#2517);
#2513 = LINE('',#2514,#2515);
#2514 = CARTESIAN_POINT('',(-0.,-10.));
#2515 = VECTOR('',#2516,1.);
#2516 = DIRECTION('',(-1.,0.));
#2517 = ( GEOMETRIC_REPRESENTATION_CONTEXT(2) 
PARAMETRIC_REPRESENTATION_CONTEXT() REPRESENTATION_CONTEXT('2D SPACE',''
  ) );
#2518 = PCURVE('',#2349,#2519);
#2519 = DEFINITIONAL_REPRESENTATION('',(#2520),#2528);
#2520 = ( BOUNDED_CURVE() B_SPLINE_CURVE(2,(#2521,#2522,#2523,#2524,
#2525,#2526,#2527),.UNSPECIFIED.,.T.,.F.) B_SPLINE_CURVE_WITH_KNOTS((1,2
    ,2,2,2,1),(-2.094395102393,0.,2.094395102393,4.188790204786,
6.28318530718,8.377580409573),.UNSPECIFIED.) CURVE() 
GEOMETRIC_REPRESENTATION_ITEM() RATIONAL_B_SPLINE_CURVE((1.,0.5,1.,0.5,
1.,0.5,1.)) REPRESENTATION_ITEM('') );
#2521 = CARTESIAN_POINT('',(4.75,-8.881784197001E-16));
#2522 = CARTESIAN_POINT('',(4.75,-8.227241335952));
#2523 = CARTESIAN_POINT('',(-2.375,-4.113620667976));
#2524 = CARTESIAN_POINT('',(-9.5,-2.05159287889E-15));
#2525 = CARTESIAN_POINT('',(-2.375,4.113620667976));
#2526 = CARTESIAN_POINT('',(4.75,8.227241335952));
#2527 = CARTESIAN_POINT('',(4.75,-8.881784197001E-16));
#2528 = ( GEOMETRIC_REPRESENTATION_CONTEXT(2) 
PARAMETRIC_REPRESENTATION_CONTEXT() REPRESENTATION_CONTEXT('2D SPACE',''
  ) );
#2529 = ORIENTED_EDGE('',*,*,#2360,.T.);
#2530 = ORIENTED_EDGE('',*,*,#561,.T.);
#2531 = ADVANCED_FACE('',(#2532),#526,.F.);
#2532 = FACE_BOUND('',#2533,.T.);
#2533 = EDGE_LOOP('',(#2534,#2535,#2561,#2562));
#2534 = ORIENTED_EDGE('',*,*,#2246,.F.);
#2535 = ORIENTED_EDGE('',*,*,#2536,.T.);
#2536 = EDGE_CURVE('',#2247,#2268,#2537,.T.);
#2537 = SURFACE_CURVE('',#2538,(#2543,#2550),.PCURVE_S1.);
#2538 = CIRCLE('',#2539,4.75);
#2539 = AXIS2_PLACEMENT_3D('',#2540,#2541,#2542);
#2540 = CARTESIAN_POINT('',(173.,33.5,6.2));
#2541 = DIRECTION('',(0.,0.,-1.));
#2542 = DIRECTION('',(1.,0.,0.));
#2543 = PCURVE('',#526,#2544);
#2544 = DEFINITIONAL_REPRESENTATION('',(#2545),#2549);
#2545 = LINE('',#2546,#2547);
#2546 = CARTESIAN_POINT('',(-0.,-10.));
#2547 = VECTOR('',#2548,1.);
#2548 = DIRECTION('',(-1.,0.));
#2549 = ( GEOMETRIC_REPRESENTATION_CONTEXT(2) 
PARAMETRIC_REPRESENTATION_CONTEXT() REPRESENTATION_CONTEXT('2D SPACE',''
  ) );
#2550 = PCURVE('',#2282,#2551);
#2551 = DEFINITIONAL_REPRESENTATION('',(#2552),#2560);
#2552 = ( BOUNDED_CURVE() B_SPLINE_CURVE(2,(#2553,#2554,#2555,#2556,
#2557,#2558,#2559),.UNSPECIFIED.,.T.,.F.) B_SPLINE_CURVE_WITH_KNOTS((1,2
    ,2,2,2,1),(-2.094395102393,0.,2.094395102393,4.188790204786,
6.28318530718,8.377580409573),.UNSPECIFIED.) CURVE() 
GEOMETRIC_REPRESENTATION_ITEM() RATIONAL_B_SPLINE_CURVE((1.,0.5,1.,0.5,
1.,0.5,1.)) REPRESENTATION_ITEM('') );
#2553 = CARTESIAN_POINT('',(4.75,-8.881784197001E-16));
#2554 = CARTESIAN_POINT('',(4.75,-8.227241335952));
#2555 = CARTESIAN_POINT('',(-2.375,-4.113620667976));
#2556 = CARTESIAN_POINT('',(-9.5,-2.05159287889E-15));
#2557 = CARTESIAN_POINT('',(-2.375,4.113620667976));
#2558 = CARTESIAN_POINT('',(4.75,8.227241335952));
#2559 = CARTESIAN_POINT('',(4.75,-8.881784197001E-16));
#2560 = ( GEOMETRIC_REPRESENTATION_CONTEXT(2) 
PARAMETRIC_REPRESENTATION_CONTEXT() REPRESENTATION_CONTEXT('2D SPACE',''
  ) );
#2561 = ORIENTED_EDGE('',*,*,#2293,.T.);
#2562 = ORIENTED_EDGE('',*,*,#509,.T.);
#2563 = ADVANCED_FACE('',(#2564),#469,.F.);
#2564 = FACE_BOUND('',#2565,.T.);
#2565 = EDGE_LOOP('',(#2566,#2587,#2613,#2614));
#2566 = ORIENTED_EDGE('',*,*,#2567,.T.);
#2567 = EDGE_CURVE('',#424,#2568,#2570,.T.);
#2568 = VERTEX_POINT('',#2569);
#2569 = CARTESIAN_POINT('',(169.78197997916,3.506170132142,6.2));
#2570 = SURFACE_CURVE('',#2571,(#2575,#2581),.PCURVE_S1.);
#2571 = LINE('',#2572,#2573);
#2572 = CARTESIAN_POINT('',(169.78197997916,3.506170132143,0.));
#2573 = VECTOR('',#2574,1.);
#2574 = DIRECTION('',(-0.,-0.,-1.));
#2575 = PCURVE('',#469,#2576);
#2576 = DEFINITIONAL_REPRESENTATION('',(#2577),#2580);
#2577 = B_SPLINE_CURVE_WITH_KNOTS('',1,(#2578,#2579),.UNSPECIFIED.,.F.,
  .F.,(2,2),(-8.000461615943,-6.199538384057),.PIECEWISE_BEZIER_KNOTS.);
#2578 = CARTESIAN_POINT('',(-2.315124626955,-8.199538384057));
#2579 = CARTESIAN_POINT('',(-2.315124626955,-10.00046161594));
#2580 = ( GEOMETRIC_REPRESENTATION_CONTEXT(2) 
PARAMETRIC_REPRESENTATION_CONTEXT() REPRESENTATION_CONTEXT('2D SPACE',''
  ) );
#2581 = PCURVE('',#440,#2582);
#2582 = DEFINITIONAL_REPRESENTATION('',(#2583),#2586);
#2583 = B_SPLINE_CURVE_WITH_KNOTS('',1,(#2584,#2585),.UNSPECIFIED.,.F.,
  .F.,(2,2),(-8.000461615943,-6.199538384057),.PIECEWISE_BEZIER_KNOTS.);
#2584 = CARTESIAN_POINT('',(-5.980599450184,-8.000461615943));
#2585 = CARTESIAN_POINT('',(-5.980599450184,-6.199538384057));
#2586 = ( GEOMETRIC_REPRESENTATION_CONTEXT(2) 
PARAMETRIC_REPRESENTATION_CONTEXT() REPRESENTATION_CONTEXT('2D SPACE',''
  ) );
#2587 = ORIENTED_EDGE('',*,*,#2588,.T.);
#2588 = EDGE_CURVE('',#2568,#2201,#2589,.T.);
#2589 = SURFACE_CURVE('',#2590,(#2595,#2602),.PCURVE_S1.);
#2590 = CIRCLE('',#2591,4.75);
#2591 = AXIS2_PLACEMENT_3D('',#2592,#2593,#2594);
#2592 = CARTESIAN_POINT('',(173.,7.,6.2));
#2593 = DIRECTION('',(0.,0.,-1.));
#2594 = DIRECTION('',(1.,0.,0.));
#2595 = PCURVE('',#469,#2596);
#2596 = DEFINITIONAL_REPRESENTATION('',(#2597),#2601);
#2597 = LINE('',#2598,#2599);
#2598 = CARTESIAN_POINT('',(-0.,-10.));
#2599 = VECTOR('',#2600,1.);
#2600 = DIRECTION('',(-1.,0.));
#2601 = ( GEOMETRIC_REPRESENTATION_CONTEXT(2) 
PARAMETRIC_REPRESENTATION_CONTEXT() REPRESENTATION_CONTEXT('2D SPACE',''
  ) );
#2602 = PCURVE('',#2215,#2603);
#2603 = DEFINITIONAL_REPRESENTATION('',(#2604),#2612);
#2604 = ( BOUNDED_CURVE() B_SPLINE_CURVE(2,(#2605,#2606,#2607,#2608,
#2609,#2610,#2611),.UNSPECIFIED.,.T.,.F.) B_SPLINE_CURVE_WITH_KNOTS((1,2
    ,2,2,2,1),(-2.094395102393,0.,2.094395102393,4.188790204786,
6.28318530718,8.377580409573),.UNSPECIFIED.) CURVE() 
GEOMETRIC_REPRESENTATION_ITEM() RATIONAL_B_SPLINE_CURVE((1.,0.5,1.,0.5,
1.,0.5,1.)) REPRESENTATION_ITEM('') );
#2605 = CARTESIAN_POINT('',(4.75,-8.881784197001E-16));
#2606 = CARTESIAN_POINT('',(4.75,-8.227241335952));
#2607 = CARTESIAN_POINT('',(-2.375,-4.113620667976));
#2608 = CARTESIAN_POINT('',(-9.5,-2.05159287889E-15));
#2609 = CARTESIAN_POINT('',(-2.375,4.113620667976));
#2610 = CARTESIAN_POINT('',(4.75,8.227241335952));
#2611 = CARTESIAN_POINT('',(4.75,-8.881784197001E-16));
#2612 = ( GEOMETRIC_REPRESENTATION_CONTEXT(2) 
PARAMETRIC_REPRESENTATION_CONTEXT() REPRESENTATION_CONTEXT('2D SPACE',''
  ) );
#2613 = ORIENTED_EDGE('',*,*,#2226,.T.);
#2614 = ORIENTED_EDGE('',*,*,#452,.T.);
#2615 = ADVANCED_FACE('',(#2616),#440,.T.);
#2616 = FACE_BOUND('',#2617,.F.);
#2617 = EDGE_LOOP('',(#2618,#2642,#2663,#2664,#2665,#2691));
#2618 = ORIENTED_EDGE('',*,*,#2619,.F.);
#2619 = EDGE_CURVE('',#2620,#2155,#2622,.T.);
#2620 = VERTEX_POINT('',#2621);
#2621 = CARTESIAN_POINT('',(164.99870688346,-1.155056169545E-02,0.));
#2622 = SURFACE_CURVE('',#2623,(#2628,#2635),.PCURVE_S1.);
#2623 = CIRCLE('',#2624,5.01092375664);
#2624 = AXIS2_PLACEMENT_3D('',#2625,#2626,#2627);
#2625 = CARTESIAN_POINT('',(164.99870688346,4.999373194945,0.));
#2626 = DIRECTION('',(0.,0.,1.));
#2627 = DIRECTION('',(1.,0.,0.));
#2628 = PCURVE('',#440,#2629);
#2629 = DEFINITIONAL_REPRESENTATION('',(#2630),#2634);
#2630 = LINE('',#2631,#2632);
#2631 = CARTESIAN_POINT('',(-0.,0.));
#2632 = VECTOR('',#2633,1.);
#2633 = DIRECTION('',(-1.,0.));
#2634 = ( GEOMETRIC_REPRESENTATION_CONTEXT(2) 
PARAMETRIC_REPRESENTATION_CONTEXT() REPRESENTATION_CONTEXT('2D SPACE',''
  ) );
#2635 = PCURVE('',#1651,#2636);
#2636 = DEFINITIONAL_REPRESENTATION('',(#2637),#2641);
#2637 = CIRCLE('',#2638,5.01092375664);
#2638 = AXIS2_PLACEMENT_2D('',#2639,#2640);
#2639 = CARTESIAN_POINT('',(74.97988285758,-54.99535732979));
#2640 = DIRECTION('',(1.,0.));
#2641 = ( GEOMETRIC_REPRESENTATION_CONTEXT(2) 
PARAMETRIC_REPRESENTATION_CONTEXT() REPRESENTATION_CONTEXT('2D SPACE',''
  ) );
#2642 = ORIENTED_EDGE('',*,*,#2643,.T.);
#2643 = EDGE_CURVE('',#2620,#396,#2644,.T.);
#2644 = SURFACE_CURVE('',#2645,(#2649,#2656),.PCURVE_S1.);
#2645 = LINE('',#2646,#2647);
#2646 = CARTESIAN_POINT('',(164.99870688346,-1.155056169545E-02,0.));
#2647 = VECTOR('',#2648,1.);
#2648 = DIRECTION('',(0.,0.,1.));
#2649 = PCURVE('',#440,#2650);
#2650 = DEFINITIONAL_REPRESENTATION('',(#2651),#2655);
#2651 = LINE('',#2652,#2653);
#2652 = CARTESIAN_POINT('',(-4.712388980385,0.));
#2653 = VECTOR('',#2654,1.);
#2654 = DIRECTION('',(-0.,-1.));
#2655 = ( GEOMETRIC_REPRESENTATION_CONTEXT(2) 
PARAMETRIC_REPRESENTATION_CONTEXT() REPRESENTATION_CONTEXT('2D SPACE',''
  ) );
#2656 = PCURVE('',#411,#2657);
#2657 = DEFINITIONAL_REPRESENTATION('',(#2658),#2662);
#2658 = LINE('',#2659,#2660);
#2659 = CARTESIAN_POINT('',(149.8822314621,0.));
#2660 = VECTOR('',#2661,1.);
#2661 = DIRECTION('',(0.,-1.));
#2662 = ( GEOMETRIC_REPRESENTATION_CONTEXT(2) 
PARAMETRIC_REPRESENTATION_CONTEXT() REPRESENTATION_CONTEXT('2D SPACE',''
  ) );
#2663 = ORIENTED_EDGE('',*,*,#423,.T.);
#2664 = ORIENTED_EDGE('',*,*,#2567,.T.);
#2665 = ORIENTED_EDGE('',*,*,#2666,.F.);
#2666 = EDGE_CURVE('',#2178,#2568,#2667,.T.);
#2667 = SURFACE_CURVE('',#2668,(#2673,#2680),.PCURVE_S1.);
#2668 = CIRCLE('',#2669,5.01092375664);
#2669 = AXIS2_PLACEMENT_3D('',#2670,#2671,#2672);
#2670 = CARTESIAN_POINT('',(164.99870688346,4.999373194945,6.2));
#2671 = DIRECTION('',(0.,0.,-1.));
#2672 = DIRECTION('',(1.,0.,0.));
#2673 = PCURVE('',#440,#2674);
#2674 = DEFINITIONAL_REPRESENTATION('',(#2675),#2679);
#2675 = LINE('',#2676,#2677);
#2676 = CARTESIAN_POINT('',(-6.28318530718,-6.2));
#2677 = VECTOR('',#2678,1.);
#2678 = DIRECTION('',(1.,-0.));
#2679 = ( GEOMETRIC_REPRESENTATION_CONTEXT(2) 
PARAMETRIC_REPRESENTATION_CONTEXT() REPRESENTATION_CONTEXT('2D SPACE',''
  ) );
#2680 = PCURVE('',#2215,#2681);
#2681 = DEFINITIONAL_REPRESENTATION('',(#2682),#2690);
#2682 = ( BOUNDED_CURVE() B_SPLINE_CURVE(2,(#2683,#2684,#2685,#2686,
#2687,#2688,#2689),.UNSPECIFIED.,.T.,.F.) B_SPLINE_CURVE_WITH_KNOTS((1,2
    ,2,2,2,1),(-2.094395102393,0.,2.094395102393,4.188790204786,
6.28318530718,8.377580409573),.UNSPECIFIED.) CURVE() 
GEOMETRIC_REPRESENTATION_ITEM() RATIONAL_B_SPLINE_CURVE((1.,0.5,1.,0.5,
1.,0.5,1.)) REPRESENTATION_ITEM('') );
#2683 = CARTESIAN_POINT('',(-2.990369359896,-2.000626805055));
#2684 = CARTESIAN_POINT('',(-2.990369359896,-10.67980134441));
#2685 = CARTESIAN_POINT('',(-10.50675499485,-6.340214074733));
#2686 = CARTESIAN_POINT('',(-18.02314062981,-2.000626805055));
#2687 = CARTESIAN_POINT('',(-10.50675499485,2.338960464622));
#2688 = CARTESIAN_POINT('',(-2.990369359896,6.6785477343));
#2689 = CARTESIAN_POINT('',(-2.990369359896,-2.000626805055));
#2690 = ( GEOMETRIC_REPRESENTATION_CONTEXT(2) 
PARAMETRIC_REPRESENTATION_CONTEXT() REPRESENTATION_CONTEXT('2D SPACE',''
  ) );
#2691 = ORIENTED_EDGE('',*,*,#2177,.F.);
#2692 = ADVANCED_FACE('',(#2693),#411,.F.);
#2693 = FACE_BOUND('',#2694,.F.);
#2694 = EDGE_LOOP('',(#2695,#2720,#2741,#2742,#2743,#2766,#2792,#2818,
    #2844,#2870,#2896,#2924,#2950,#2976,#3002,#3028));
#2695 = ORIENTED_EDGE('',*,*,#2696,.F.);
#2696 = EDGE_CURVE('',#2697,#2699,#2701,.T.);
#2697 = VERTEX_POINT('',#2698);
#2698 = CARTESIAN_POINT('',(15.116475421355,-1.155056169545E-02,0.));
#2699 = VERTEX_POINT('',#2700);
#2700 = CARTESIAN_POINT('',(35.106840321881,-1.155056169545E-02,0.));
#2701 = SURFACE_CURVE('',#2702,(#2706,#2713),.PCURVE_S1.);
#2702 = LINE('',#2703,#2704);
#2703 = CARTESIAN_POINT('',(15.116475421355,-1.155056169545E-02,0.));
#2704 = VECTOR('',#2705,1.);
#2705 = DIRECTION('',(1.,0.,0.));
#2706 = PCURVE('',#411,#2707);
#2707 = DEFINITIONAL_REPRESENTATION('',(#2708),#2712);
#2708 = LINE('',#2709,#2710);
#2709 = CARTESIAN_POINT('',(0.,0.));
#2710 = VECTOR('',#2711,1.);
#2711 = DIRECTION('',(1.,0.));
#2712 = ( GEOMETRIC_REPRESENTATION_CONTEXT(2) 
PARAMETRIC_REPRESENTATION_CONTEXT() REPRESENTATION_CONTEXT('2D SPACE',''
  ) );
#2713 = PCURVE('',#1546,#2714);
#2714 = DEFINITIONAL_REPRESENTATION('',(#2715),#2719);
#2715 = LINE('',#2716,#2717);
#2716 = CARTESIAN_POINT('',(-74.90234860452,-60.00628108643));
#2717 = VECTOR('',#2718,1.);
#2718 = DIRECTION('',(1.,0.));
#2719 = ( GEOMETRIC_REPRESENTATION_CONTEXT(2) 
PARAMETRIC_REPRESENTATION_CONTEXT() REPRESENTATION_CONTEXT('2D SPACE',''
  ) );
#2720 = ORIENTED_EDGE('',*,*,#2721,.T.);
#2721 = EDGE_CURVE('',#2697,#367,#2722,.T.);
#2722 = SURFACE_CURVE('',#2723,(#2727,#2734),.PCURVE_S1.);
#2723 = LINE('',#2724,#2725);
#2724 = CARTESIAN_POINT('',(15.116475421355,-1.155056169545E-02,0.));
#2725 = VECTOR('',#2726,1.);
#2726 = DIRECTION('',(0.,0.,1.));
#2727 = PCURVE('',#411,#2728);
#2728 = DEFINITIONAL_REPRESENTATION('',(#2729),#2733);
#2729 = LINE('',#2730,#2731);
#2730 = CARTESIAN_POINT('',(0.,0.));
#2731 = VECTOR('',#2732,1.);
#2732 = DIRECTION('',(0.,-1.));
#2733 = ( GEOMETRIC_REPRESENTATION_CONTEXT(2) 
PARAMETRIC_REPRESENTATION_CONTEXT() REPRESENTATION_CONTEXT('2D SPACE',''
  ) );
#2734 = PCURVE('',#383,#2735);
#2735 = DEFINITIONAL_REPRESENTATION('',(#2736),#2740);
#2736 = LINE('',#2737,#2738);
#2737 = CARTESIAN_POINT('',(-4.712388980385,0.));
#2738 = VECTOR('',#2739,1.);
#2739 = DIRECTION('',(-0.,-1.));
#2740 = ( GEOMETRIC_REPRESENTATION_CONTEXT(2) 
PARAMETRIC_REPRESENTATION_CONTEXT() REPRESENTATION_CONTEXT('2D SPACE',''
  ) );
#2741 = ORIENTED_EDGE('',*,*,#395,.T.);
#2742 = ORIENTED_EDGE('',*,*,#2643,.F.);
#2743 = ORIENTED_EDGE('',*,*,#2744,.F.);
#2744 = EDGE_CURVE('',#2745,#2620,#2747,.T.);
#2745 = VERTEX_POINT('',#2746);
#2746 = CARTESIAN_POINT('',(129.10684032188,-1.155056169545E-02,0.));
#2747 = SURFACE_CURVE('',#2748,(#2752,#2759),.PCURVE_S1.);
#2748 = LINE('',#2749,#2750);
#2749 = CARTESIAN_POINT('',(15.116475421355,-1.155056169545E-02,0.));
#2750 = VECTOR('',#2751,1.);
#2751 = DIRECTION('',(1.,0.,0.));
#2752 = PCURVE('',#411,#2753);
#2753 = DEFINITIONAL_REPRESENTATION('',(#2754),#2758);
#2754 = LINE('',#2755,#2756);
#2755 = CARTESIAN_POINT('',(0.,0.));
#2756 = VECTOR('',#2757,1.);
#2757 = DIRECTION('',(1.,0.));
#2758 = ( GEOMETRIC_REPRESENTATION_CONTEXT(2) 
PARAMETRIC_REPRESENTATION_CONTEXT() REPRESENTATION_CONTEXT('2D SPACE',''
  ) );
#2759 = PCURVE('',#1651,#2760);
#2760 = DEFINITIONAL_REPRESENTATION('',(#2761),#2765);
#2761 = LINE('',#2762,#2763);
#2762 = CARTESIAN_POINT('',(-74.90234860452,-60.00628108643));
#2763 = VECTOR('',#2764,1.);
#2764 = DIRECTION('',(1.,0.));
#2765 = ( GEOMETRIC_REPRESENTATION_CONTEXT(2) 
PARAMETRIC_REPRESENTATION_CONTEXT() REPRESENTATION_CONTEXT('2D SPACE',''
  ) );
#2766 = ORIENTED_EDGE('',*,*,#2767,.T.);
#2767 = EDGE_CURVE('',#2745,#2768,#2770,.T.);
#2768 = VERTEX_POINT('',#2769);
#2769 = CARTESIAN_POINT('',(129.10673416094,-1.155056169545E-02,0.4));
#2770 = SURFACE_CURVE('',#2771,(#2775,#2781),.PCURVE_S1.);
#2771 = LINE('',#2772,#2773);
#2772 = CARTESIAN_POINT('',(129.10684032188,-1.155056169545E-02,0.));
#2773 = VECTOR('',#2774,1.);
#2774 = DIRECTION('',(0.,-0.,1.));
#2775 = PCURVE('',#411,#2776);
#2776 = DEFINITIONAL_REPRESENTATION('',(#2777),#2780);
#2777 = B_SPLINE_CURVE_WITH_KNOTS('',1,(#2778,#2779),.UNSPECIFIED.,.F.,
  .F.,(2,2),(0.,0.4),.PIECEWISE_BEZIER_KNOTS.);
#2778 = CARTESIAN_POINT('',(113.99036490052,0.));
#2779 = CARTESIAN_POINT('',(113.99036490052,-0.4));
#2780 = ( GEOMETRIC_REPRESENTATION_CONTEXT(2) 
PARAMETRIC_REPRESENTATION_CONTEXT() REPRESENTATION_CONTEXT('2D SPACE',''
  ) );
#2781 = PCURVE('',#2782,#2787);
#2782 = PLANE('',#2783);
#2783 = AXIS2_PLACEMENT_3D('',#2784,#2785,#2786);
#2784 = CARTESIAN_POINT('',(129.10684032188,-2.88436,0.));
#2785 = DIRECTION('',(-1.,0.,0.));
#2786 = DIRECTION('',(0.,1.,0.));
#2787 = DEFINITIONAL_REPRESENTATION('',(#2788),#2791);
#2788 = B_SPLINE_CURVE_WITH_KNOTS('',1,(#2789,#2790),.UNSPECIFIED.,.F.,
  .F.,(2,2),(0.,0.4),.PIECEWISE_BEZIER_KNOTS.);
#2789 = CARTESIAN_POINT('',(2.872809438305,0.));
#2790 = CARTESIAN_POINT('',(2.872809438305,-0.4));
#2791 = ( GEOMETRIC_REPRESENTATION_CONTEXT(2) 
PARAMETRIC_REPRESENTATION_CONTEXT() REPRESENTATION_CONTEXT('2D SPACE',''
  ) );
#2792 = ORIENTED_EDGE('',*,*,#2793,.T.);
#2793 = EDGE_CURVE('',#2768,#2794,#2796,.T.);
#2794 = VERTEX_POINT('',#2795);
#2795 = CARTESIAN_POINT('',(129.106628,-1.155056169545E-02,2.4));
#2796 = SURFACE_CURVE('',#2797,(#2801,#2807),.PCURVE_S1.);
#2797 = LINE('',#2798,#2799);
#2798 = CARTESIAN_POINT('',(129.106628,-1.155056169545E-02,0.2));
#2799 = VECTOR('',#2800,1.);
#2800 = DIRECTION('',(0.,-0.,1.));
#2801 = PCURVE('',#411,#2802);
#2802 = DEFINITIONAL_REPRESENTATION('',(#2803),#2806);
#2803 = B_SPLINE_CURVE_WITH_KNOTS('',1,(#2804,#2805),.UNSPECIFIED.,.F.,
  .F.,(2,2),(0.2,2.2),.PIECEWISE_BEZIER_KNOTS.);
#2804 = CARTESIAN_POINT('',(113.99015257864,-0.4));
#2805 = CARTESIAN_POINT('',(113.99015257864,-2.4));
#2806 = ( GEOMETRIC_REPRESENTATION_CONTEXT(2) 
PARAMETRIC_REPRESENTATION_CONTEXT() REPRESENTATION_CONTEXT('2D SPACE',''
  ) );
#2807 = PCURVE('',#2808,#2813);
#2808 = PLANE('',#2809);
#2809 = AXIS2_PLACEMENT_3D('',#2810,#2811,#2812);
#2810 = CARTESIAN_POINT('',(129.106628,-2.884319,0.4));
#2811 = DIRECTION('',(-1.,0.,0.));
#2812 = DIRECTION('',(0.,1.,0.));
#2813 = DEFINITIONAL_REPRESENTATION('',(#2814),#2817);
#2814 = B_SPLINE_CURVE_WITH_KNOTS('',1,(#2815,#2816),.UNSPECIFIED.,.F.,
  .F.,(2,2),(0.2,2.2),.PIECEWISE_BEZIER_KNOTS.);
#2815 = CARTESIAN_POINT('',(2.872768438305,0.));
#2816 = CARTESIAN_POINT('',(2.872768438305,-2.));
#2817 = ( GEOMETRIC_REPRESENTATION_CONTEXT(2) 
PARAMETRIC_REPRESENTATION_CONTEXT() REPRESENTATION_CONTEXT('2D SPACE',''
  ) );
#2818 = ORIENTED_EDGE('',*,*,#2819,.F.);
#2819 = EDGE_CURVE('',#2820,#2794,#2822,.T.);
#2820 = VERTEX_POINT('',#2821);
#2821 = CARTESIAN_POINT('',(121.106735,-1.155056169545E-02,2.4));
#2822 = SURFACE_CURVE('',#2823,(#2827,#2833),.PCURVE_S1.);
#2823 = LINE('',#2824,#2825);
#2824 = CARTESIAN_POINT('',(70.111578460677,-1.155056169545E-02,2.4));
#2825 = VECTOR('',#2826,1.);
#2826 = DIRECTION('',(1.,0.,0.));
#2827 = PCURVE('',#411,#2828);
#2828 = DEFINITIONAL_REPRESENTATION('',(#2829),#2832);
#2829 = B_SPLINE_CURVE_WITH_KNOTS('',1,(#2830,#2831),.UNSPECIFIED.,.F.,
  .F.,(2,2),(50.995156539323,58.995049539323),.PIECEWISE_BEZIER_KNOTS.);
#2830 = CARTESIAN_POINT('',(105.99025957864,-2.4));
#2831 = CARTESIAN_POINT('',(113.99015257864,-2.4));
#2832 = ( GEOMETRIC_REPRESENTATION_CONTEXT(2) 
PARAMETRIC_REPRESENTATION_CONTEXT() REPRESENTATION_CONTEXT('2D SPACE',''
  ) );
#2833 = PCURVE('',#2834,#2839);
#2834 = PLANE('',#2835);
#2835 = AXIS2_PLACEMENT_3D('',#2836,#2837,#2838);
#2836 = CARTESIAN_POINT('',(125.1066815,0.7408585,2.4));
#2837 = DIRECTION('',(0.,0.,1.));
#2838 = DIRECTION('',(1.,0.,0.));
#2839 = DEFINITIONAL_REPRESENTATION('',(#2840),#2843);
#2840 = B_SPLINE_CURVE_WITH_KNOTS('',1,(#2841,#2842),.UNSPECIFIED.,.F.,
  .F.,(2,2),(50.995156539323,58.995049539323),.PIECEWISE_BEZIER_KNOTS.);
#2841 = CARTESIAN_POINT('',(-3.9999465,-0.752409061695));
#2842 = CARTESIAN_POINT('',(3.9999465,-0.752409061695));
#2843 = ( GEOMETRIC_REPRESENTATION_CONTEXT(2) 
PARAMETRIC_REPRESENTATION_CONTEXT() REPRESENTATION_CONTEXT('2D SPACE',''
  ) );
#2844 = ORIENTED_EDGE('',*,*,#2845,.T.);
#2845 = EDGE_CURVE('',#2820,#2846,#2848,.T.);
#2846 = VERTEX_POINT('',#2847);
#2847 = CARTESIAN_POINT('',(121.10678766094,-1.155056169545E-02,0.4));
#2848 = SURFACE_CURVE('',#2849,(#2853,#2859),.PCURVE_S1.);
#2849 = LINE('',#2850,#2851);
#2850 = CARTESIAN_POINT('',(121.106735,-1.155056169545E-02,0.2));
#2851 = VECTOR('',#2852,1.);
#2852 = DIRECTION('',(0.,0.,-1.));
#2853 = PCURVE('',#411,#2854);
#2854 = DEFINITIONAL_REPRESENTATION('',(#2855),#2858);
#2855 = B_SPLINE_CURVE_WITH_KNOTS('',1,(#2856,#2857),.UNSPECIFIED.,.F.,
  .F.,(2,2),(-2.2,-0.2),.PIECEWISE_BEZIER_KNOTS.);
#2856 = CARTESIAN_POINT('',(105.99025957864,-2.4));
#2857 = CARTESIAN_POINT('',(105.99025957864,-0.4));
#2858 = ( GEOMETRIC_REPRESENTATION_CONTEXT(2) 
PARAMETRIC_REPRESENTATION_CONTEXT() REPRESENTATION_CONTEXT('2D SPACE',''
  ) );
#2859 = PCURVE('',#2860,#2865);
#2860 = PLANE('',#2861);
#2861 = AXIS2_PLACEMENT_3D('',#2862,#2863,#2864);
#2862 = CARTESIAN_POINT('',(121.106735,4.366036,0.4));
#2863 = DIRECTION('',(1.,0.,0.));
#2864 = DIRECTION('',(0.,-1.,0.));
#2865 = DEFINITIONAL_REPRESENTATION('',(#2866),#2869);
#2866 = B_SPLINE_CURVE_WITH_KNOTS('',1,(#2867,#2868),.UNSPECIFIED.,.F.,
  .F.,(2,2),(-2.2,-0.2),.PIECEWISE_BEZIER_KNOTS.);
#2867 = CARTESIAN_POINT('',(4.377586561695,-2.));
#2868 = CARTESIAN_POINT('',(4.377586561695,0.));
#2869 = ( GEOMETRIC_REPRESENTATION_CONTEXT(2) 
PARAMETRIC_REPRESENTATION_CONTEXT() REPRESENTATION_CONTEXT('2D SPACE',''
  ) );
#2870 = ORIENTED_EDGE('',*,*,#2871,.T.);
#2871 = EDGE_CURVE('',#2846,#2872,#2874,.T.);
#2872 = VERTEX_POINT('',#2873);
#2873 = CARTESIAN_POINT('',(121.10684032188,-1.155056169545E-02,0.));
#2874 = SURFACE_CURVE('',#2875,(#2879,#2885),.PCURVE_S1.);
#2875 = LINE('',#2876,#2877);
#2876 = CARTESIAN_POINT('',(121.10684032188,-1.155056169545E-02,0.));
#2877 = VECTOR('',#2878,1.);
#2878 = DIRECTION('',(0.,0.,-1.));
#2879 = PCURVE('',#411,#2880);
#2880 = DEFINITIONAL_REPRESENTATION('',(#2881),#2884);
#2881 = B_SPLINE_CURVE_WITH_KNOTS('',1,(#2882,#2883),.UNSPECIFIED.,.F.,
  .F.,(2,2),(-0.4,0.),.PIECEWISE_BEZIER_KNOTS.);
#2882 = CARTESIAN_POINT('',(105.99036490052,-0.4));
#2883 = CARTESIAN_POINT('',(105.99036490052,0.));
#2884 = ( GEOMETRIC_REPRESENTATION_CONTEXT(2) 
PARAMETRIC_REPRESENTATION_CONTEXT() REPRESENTATION_CONTEXT('2D SPACE',''
  ) );
#2885 = PCURVE('',#2886,#2891);
#2886 = PLANE('',#2887);
#2887 = AXIS2_PLACEMENT_3D('',#2888,#2889,#2890);
#2888 = CARTESIAN_POINT('',(121.10684032188,12.681581,0.));
#2889 = DIRECTION('',(1.,0.,0.));
#2890 = DIRECTION('',(0.,-1.,0.));
#2891 = DEFINITIONAL_REPRESENTATION('',(#2892),#2895);
#2892 = B_SPLINE_CURVE_WITH_KNOTS('',1,(#2893,#2894),.UNSPECIFIED.,.F.,
  .F.,(2,2),(-0.4,0.),.PIECEWISE_BEZIER_KNOTS.);
#2893 = CARTESIAN_POINT('',(12.693131561695,-0.4));
#2894 = CARTESIAN_POINT('',(12.693131561695,0.));
#2895 = ( GEOMETRIC_REPRESENTATION_CONTEXT(2) 
PARAMETRIC_REPRESENTATION_CONTEXT() REPRESENTATION_CONTEXT('2D SPACE',''
  ) );
#2896 = ORIENTED_EDGE('',*,*,#2897,.F.);
#2897 = EDGE_CURVE('',#2898,#2872,#2900,.T.);
#2898 = VERTEX_POINT('',#2899);
#2899 = CARTESIAN_POINT('',(43.106840321881,-1.155056169545E-02,0.));
#2900 = SURFACE_CURVE('',#2901,(#2905,#2912),.PCURVE_S1.);
#2901 = LINE('',#2902,#2903);
#2902 = CARTESIAN_POINT('',(15.116475421355,-1.155056169545E-02,0.));
#2903 = VECTOR('',#2904,1.);
#2904 = DIRECTION('',(1.,0.,0.));
#2905 = PCURVE('',#411,#2906);
#2906 = DEFINITIONAL_REPRESENTATION('',(#2907),#2911);
#2907 = LINE('',#2908,#2909);
#2908 = CARTESIAN_POINT('',(0.,0.));
#2909 = VECTOR('',#2910,1.);
#2910 = DIRECTION('',(1.,0.));
#2911 = ( GEOMETRIC_REPRESENTATION_CONTEXT(2) 
PARAMETRIC_REPRESENTATION_CONTEXT() REPRESENTATION_CONTEXT('2D SPACE',''
  ) );
#2912 = PCURVE('',#2913,#2918);
#2913 = PLANE('',#2914);
#2914 = AXIS2_PLACEMENT_3D('',#2915,#2916,#2917);
#2915 = CARTESIAN_POINT('',(90.018824025884,59.994730524735,0.));
#2916 = DIRECTION('',(0.,0.,1.));
#2917 = DIRECTION('',(1.,0.,0.));
#2918 = DEFINITIONAL_REPRESENTATION('',(#2919),#2923);
#2919 = LINE('',#2920,#2921);
#2920 = CARTESIAN_POINT('',(-74.90234860452,-60.00628108643));
#2921 = VECTOR('',#2922,1.);
#2922 = DIRECTION('',(1.,0.));
#2923 = ( GEOMETRIC_REPRESENTATION_CONTEXT(2) 
PARAMETRIC_REPRESENTATION_CONTEXT() REPRESENTATION_CONTEXT('2D SPACE',''
  ) );
#2924 = ORIENTED_EDGE('',*,*,#2925,.T.);
#2925 = EDGE_CURVE('',#2898,#2926,#2928,.T.);
#2926 = VERTEX_POINT('',#2927);
#2927 = CARTESIAN_POINT('',(43.106734160941,-1.155056169545E-02,0.4));
#2928 = SURFACE_CURVE('',#2929,(#2933,#2939),.PCURVE_S1.);
#2929 = LINE('',#2930,#2931);
#2930 = CARTESIAN_POINT('',(43.106840321881,-1.155056169545E-02,0.));
#2931 = VECTOR('',#2932,1.);
#2932 = DIRECTION('',(0.,-0.,1.));
#2933 = PCURVE('',#411,#2934);
#2934 = DEFINITIONAL_REPRESENTATION('',(#2935),#2938);
#2935 = B_SPLINE_CURVE_WITH_KNOTS('',1,(#2936,#2937),.UNSPECIFIED.,.F.,
  .F.,(2,2),(0.,0.4),.PIECEWISE_BEZIER_KNOTS.);
#2936 = CARTESIAN_POINT('',(27.990364900527,0.));
#2937 = CARTESIAN_POINT('',(27.990364900527,-0.4));
#2938 = ( GEOMETRIC_REPRESENTATION_CONTEXT(2) 
PARAMETRIC_REPRESENTATION_CONTEXT() REPRESENTATION_CONTEXT('2D SPACE',''
  ) );
#2939 = PCURVE('',#2940,#2945);
#2940 = PLANE('',#2941);
#2941 = AXIS2_PLACEMENT_3D('',#2942,#2943,#2944);
#2942 = CARTESIAN_POINT('',(43.106840321881,-2.88436,0.));
#2943 = DIRECTION('',(-1.,0.,0.));
#2944 = DIRECTION('',(0.,1.,0.));
#2945 = DEFINITIONAL_REPRESENTATION('',(#2946),#2949);
#2946 = B_SPLINE_CURVE_WITH_KNOTS('',1,(#2947,#2948),.UNSPECIFIED.,.F.,
  .F.,(2,2),(0.,0.4),.PIECEWISE_BEZIER_KNOTS.);
#2947 = CARTESIAN_POINT('',(2.872809438305,0.));
#2948 = CARTESIAN_POINT('',(2.872809438305,-0.4));
#2949 = ( GEOMETRIC_REPRESENTATION_CONTEXT(2) 
PARAMETRIC_REPRESENTATION_CONTEXT() REPRESENTATION_CONTEXT('2D SPACE',''
  ) );
#2950 = ORIENTED_EDGE('',*,*,#2951,.T.);
#2951 = EDGE_CURVE('',#2926,#2952,#2954,.T.);
#2952 = VERTEX_POINT('',#2953);
#2953 = CARTESIAN_POINT('',(43.106628,-1.155056169545E-02,2.4));
#2954 = SURFACE_CURVE('',#2955,(#2959,#2965),.PCURVE_S1.);
#2955 = LINE('',#2956,#2957);
#2956 = CARTESIAN_POINT('',(43.106628,-1.155056169545E-02,0.2));
#2957 = VECTOR('',#2958,1.);
#2958 = DIRECTION('',(0.,-0.,1.));
#2959 = PCURVE('',#411,#2960);
#2960 = DEFINITIONAL_REPRESENTATION('',(#2961),#2964);
#2961 = B_SPLINE_CURVE_WITH_KNOTS('',1,(#2962,#2963),.UNSPECIFIED.,.F.,
  .F.,(2,2),(0.2,2.2),.PIECEWISE_BEZIER_KNOTS.);
#2962 = CARTESIAN_POINT('',(27.990152578645,-0.4));
#2963 = CARTESIAN_POINT('',(27.990152578645,-2.4));
#2964 = ( GEOMETRIC_REPRESENTATION_CONTEXT(2) 
PARAMETRIC_REPRESENTATION_CONTEXT() REPRESENTATION_CONTEXT('2D SPACE',''
  ) );
#2965 = PCURVE('',#2966,#2971);
#2966 = PLANE('',#2967);
#2967 = AXIS2_PLACEMENT_3D('',#2968,#2969,#2970);
#2968 = CARTESIAN_POINT('',(43.106628,-2.884319,0.4));
#2969 = DIRECTION('',(-1.,0.,0.));
#2970 = DIRECTION('',(0.,1.,0.));
#2971 = DEFINITIONAL_REPRESENTATION('',(#2972),#2975);
#2972 = B_SPLINE_CURVE_WITH_KNOTS('',1,(#2973,#2974),.UNSPECIFIED.,.F.,
  .F.,(2,2),(0.2,2.2),.PIECEWISE_BEZIER_KNOTS.);
#2973 = CARTESIAN_POINT('',(2.872768438305,0.));
#2974 = CARTESIAN_POINT('',(2.872768438305,-2.));
#2975 = ( GEOMETRIC_REPRESENTATION_CONTEXT(2) 
PARAMETRIC_REPRESENTATION_CONTEXT() REPRESENTATION_CONTEXT('2D SPACE',''
  ) );
#2976 = ORIENTED_EDGE('',*,*,#2977,.F.);
#2977 = EDGE_CURVE('',#2978,#2952,#2980,.T.);
#2978 = VERTEX_POINT('',#2979);
#2979 = CARTESIAN_POINT('',(35.106735,-1.155056169545E-02,2.4));
#2980 = SURFACE_CURVE('',#2981,(#2985,#2991),.PCURVE_S1.);
#2981 = LINE('',#2982,#2983);
#2982 = CARTESIAN_POINT('',(27.111578460677,-1.155056169545E-02,2.4));
#2983 = VECTOR('',#2984,1.);
#2984 = DIRECTION('',(1.,0.,0.));
#2985 = PCURVE('',#411,#2986);
#2986 = DEFINITIONAL_REPRESENTATION('',(#2987),#2990);
#2987 = B_SPLINE_CURVE_WITH_KNOTS('',1,(#2988,#2989),.UNSPECIFIED.,.F.,
  .F.,(2,2),(7.995156539323,15.995049539323),.PIECEWISE_BEZIER_KNOTS.);
#2988 = CARTESIAN_POINT('',(19.990259578645,-2.4));
#2989 = CARTESIAN_POINT('',(27.990152578645,-2.4));
#2990 = ( GEOMETRIC_REPRESENTATION_CONTEXT(2) 
PARAMETRIC_REPRESENTATION_CONTEXT() REPRESENTATION_CONTEXT('2D SPACE',''
  ) );
#2991 = PCURVE('',#2992,#2997);
#2992 = PLANE('',#2993);
#2993 = AXIS2_PLACEMENT_3D('',#2994,#2995,#2996);
#2994 = CARTESIAN_POINT('',(39.1066815,0.7408585,2.4));
#2995 = DIRECTION('',(0.,0.,1.));
#2996 = DIRECTION('',(1.,0.,0.));
#2997 = DEFINITIONAL_REPRESENTATION('',(#2998),#3001);
#2998 = B_SPLINE_CURVE_WITH_KNOTS('',1,(#2999,#3000),.UNSPECIFIED.,.F.,
  .F.,(2,2),(7.995156539323,15.995049539323),.PIECEWISE_BEZIER_KNOTS.);
#2999 = CARTESIAN_POINT('',(-3.9999465,-0.752409061695));
#3000 = CARTESIAN_POINT('',(3.9999465,-0.752409061695));
#3001 = ( GEOMETRIC_REPRESENTATION_CONTEXT(2) 
PARAMETRIC_REPRESENTATION_CONTEXT() REPRESENTATION_CONTEXT('2D SPACE',''
  ) );
#3002 = ORIENTED_EDGE('',*,*,#3003,.T.);
#3003 = EDGE_CURVE('',#2978,#3004,#3006,.T.);
#3004 = VERTEX_POINT('',#3005);
#3005 = CARTESIAN_POINT('',(35.106787660941,-1.155056169545E-02,0.4));
#3006 = SURFACE_CURVE('',#3007,(#3011,#3017),.PCURVE_S1.);
#3007 = LINE('',#3008,#3009);
#3008 = CARTESIAN_POINT('',(35.106735,-1.155056169545E-02,0.2));
#3009 = VECTOR('',#3010,1.);
#3010 = DIRECTION('',(0.,0.,-1.));
#3011 = PCURVE('',#411,#3012);
#3012 = DEFINITIONAL_REPRESENTATION('',(#3013),#3016);
#3013 = B_SPLINE_CURVE_WITH_KNOTS('',1,(#3014,#3015),.UNSPECIFIED.,.F.,
  .F.,(2,2),(-2.2,-0.2),.PIECEWISE_BEZIER_KNOTS.);
#3014 = CARTESIAN_POINT('',(19.990259578645,-2.4));
#3015 = CARTESIAN_POINT('',(19.990259578645,-0.4));
#3016 = ( GEOMETRIC_REPRESENTATION_CONTEXT(2) 
PARAMETRIC_REPRESENTATION_CONTEXT() REPRESENTATION_CONTEXT('2D SPACE',''
  ) );
#3017 = PCURVE('',#3018,#3023);
#3018 = PLANE('',#3019);
#3019 = AXIS2_PLACEMENT_3D('',#3020,#3021,#3022);
#3020 = CARTESIAN_POINT('',(35.106735,4.366036,0.4));
#3021 = DIRECTION('',(1.,0.,0.));
#3022 = DIRECTION('',(0.,-1.,0.));
#3023 = DEFINITIONAL_REPRESENTATION('',(#3024),#3027);
#3024 = B_SPLINE_CURVE_WITH_KNOTS('',1,(#3025,#3026),.UNSPECIFIED.,.F.,
  .F.,(2,2),(-2.2,-0.2),.PIECEWISE_BEZIER_KNOTS.);
#3025 = CARTESIAN_POINT('',(4.377586561695,-2.));
#3026 = CARTESIAN_POINT('',(4.377586561695,0.));
#3027 = ( GEOMETRIC_REPRESENTATION_CONTEXT(2) 
PARAMETRIC_REPRESENTATION_CONTEXT() REPRESENTATION_CONTEXT('2D SPACE',''
  ) );
#3028 = ORIENTED_EDGE('',*,*,#3029,.T.);
#3029 = EDGE_CURVE('',#3004,#2699,#3030,.T.);
#3030 = SURFACE_CURVE('',#3031,(#3035,#3041),.PCURVE_S1.);
#3031 = LINE('',#3032,#3033);
#3032 = CARTESIAN_POINT('',(35.106840321881,-1.155056169545E-02,0.));
#3033 = VECTOR('',#3034,1.);
#3034 = DIRECTION('',(0.,0.,-1.));
#3035 = PCURVE('',#411,#3036);
#3036 = DEFINITIONAL_REPRESENTATION('',(#3037),#3040);
#3037 = B_SPLINE_CURVE_WITH_KNOTS('',1,(#3038,#3039),.UNSPECIFIED.,.F.,
  .F.,(2,2),(-0.4,0.),.PIECEWISE_BEZIER_KNOTS.);
#3038 = CARTESIAN_POINT('',(19.990364900527,-0.4));
#3039 = CARTESIAN_POINT('',(19.990364900527,0.));
#3040 = ( GEOMETRIC_REPRESENTATION_CONTEXT(2) 
PARAMETRIC_REPRESENTATION_CONTEXT() REPRESENTATION_CONTEXT('2D SPACE',''
  ) );
#3041 = PCURVE('',#3042,#3047);
#3042 = PLANE('',#3043);
#3043 = AXIS2_PLACEMENT_3D('',#3044,#3045,#3046);
#3044 = CARTESIAN_POINT('',(35.106840321881,12.681581,0.));
#3045 = DIRECTION('',(1.,0.,0.));
#3046 = DIRECTION('',(0.,-1.,0.));
#3047 = DEFINITIONAL_REPRESENTATION('',(#3048),#3051);
#3048 = B_SPLINE_CURVE_WITH_KNOTS('',1,(#3049,#3050),.UNSPECIFIED.,.F.,
  .F.,(2,2),(-0.4,0.),.PIECEWISE_BEZIER_KNOTS.);
#3049 = CARTESIAN_POINT('',(12.693131561695,-0.4));
#3050 = CARTESIAN_POINT('',(12.693131561695,0.));
#3051 = ( GEOMETRIC_REPRESENTATION_CONTEXT(2) 
PARAMETRIC_REPRESENTATION_CONTEXT() REPRESENTATION_CONTEXT('2D SPACE',''
  ) );
#3052 = ADVANCED_FACE('',(#3053),#383,.T.);
#3053 = FACE_BOUND('',#3054,.F.);
#3054 = EDGE_LOOP('',(#3055,#3079,#3102,#3135,#3155,#3156));
#3055 = ORIENTED_EDGE('',*,*,#3056,.F.);
#3056 = EDGE_CURVE('',#3057,#2697,#3059,.T.);
#3057 = VERTEX_POINT('',#3058);
#3058 = CARTESIAN_POINT('',(10.,5.104924859659,0.));
#3059 = SURFACE_CURVE('',#3060,(#3065,#3072),.PCURVE_S1.);
#3060 = CIRCLE('',#3061,5.116475421355);
#3061 = AXIS2_PLACEMENT_3D('',#3062,#3063,#3064);
#3062 = CARTESIAN_POINT('',(15.116475421355,5.104924859659,0.));
#3063 = DIRECTION('',(0.,0.,1.));
#3064 = DIRECTION('',(1.,0.,0.));
#3065 = PCURVE('',#383,#3066);
#3066 = DEFINITIONAL_REPRESENTATION('',(#3067),#3071);
#3067 = LINE('',#3068,#3069);
#3068 = CARTESIAN_POINT('',(-0.,0.));
#3069 = VECTOR('',#3070,1.);
#3070 = DIRECTION('',(-1.,0.));
#3071 = ( GEOMETRIC_REPRESENTATION_CONTEXT(2) 
PARAMETRIC_REPRESENTATION_CONTEXT() REPRESENTATION_CONTEXT('2D SPACE',''
  ) );
#3072 = PCURVE('',#1546,#3073);
#3073 = DEFINITIONAL_REPRESENTATION('',(#3074),#3078);
#3074 = CIRCLE('',#3075,5.116475421355);
#3075 = AXIS2_PLACEMENT_2D('',#3076,#3077);
#3076 = CARTESIAN_POINT('',(-74.90234860452,-54.88980566507));
#3077 = DIRECTION('',(1.,0.));
#3078 = ( GEOMETRIC_REPRESENTATION_CONTEXT(2) 
PARAMETRIC_REPRESENTATION_CONTEXT() REPRESENTATION_CONTEXT('2D SPACE',''
  ) );
#3079 = ORIENTED_EDGE('',*,*,#3080,.T.);
#3080 = EDGE_CURVE('',#3057,#3081,#3083,.T.);
#3081 = VERTEX_POINT('',#3082);
#3082 = CARTESIAN_POINT('',(10.,5.104924859659,6.2));
#3083 = SURFACE_CURVE('',#3084,(#3088,#3095),.PCURVE_S1.);
#3084 = LINE('',#3085,#3086);
#3085 = CARTESIAN_POINT('',(10.,5.104924859659,0.));
#3086 = VECTOR('',#3087,1.);
#3087 = DIRECTION('',(0.,0.,1.));
#3088 = PCURVE('',#383,#3089);
#3089 = DEFINITIONAL_REPRESENTATION('',(#3090),#3094);
#3090 = LINE('',#3091,#3092);
#3091 = CARTESIAN_POINT('',(-3.14159265359,0.));
#3092 = VECTOR('',#3093,1.);
#3093 = DIRECTION('',(-0.,-1.));
#3094 = ( GEOMETRIC_REPRESENTATION_CONTEXT(2) 
PARAMETRIC_REPRESENTATION_CONTEXT() REPRESENTATION_CONTEXT('2D SPACE',''
  ) );
#3095 = PCURVE('',#73,#3096);
#3096 = DEFINITIONAL_REPRESENTATION('',(#3097),#3101);
#3097 = LINE('',#3098,#3099);
#3098 = CARTESIAN_POINT('',(109.7838765605,0.));
#3099 = VECTOR('',#3100,1.);
#3100 = DIRECTION('',(0.,-1.));
#3101 = ( GEOMETRIC_REPRESENTATION_CONTEXT(2) 
PARAMETRIC_REPRESENTATION_CONTEXT() REPRESENTATION_CONTEXT('2D SPACE',''
  ) );
#3102 = ORIENTED_EDGE('',*,*,#3103,.F.);
#3103 = EDGE_CURVE('',#3104,#3081,#3106,.T.);
#3104 = VERTEX_POINT('',#3105);
#3105 = CARTESIAN_POINT('',(10.247326958749,3.53339249078,6.2));
#3106 = SURFACE_CURVE('',#3107,(#3112,#3119),.PCURVE_S1.);
#3107 = CIRCLE('',#3108,5.116475421355);
#3108 = AXIS2_PLACEMENT_3D('',#3109,#3110,#3111);
#3109 = CARTESIAN_POINT('',(15.116475421355,5.104924859659,6.2));
#3110 = DIRECTION('',(0.,0.,-1.));
#3111 = DIRECTION('',(1.,0.,0.));
#3112 = PCURVE('',#383,#3113);
#3113 = DEFINITIONAL_REPRESENTATION('',(#3114),#3118);
#3114 = LINE('',#3115,#3116);
#3115 = CARTESIAN_POINT('',(-6.28318530718,-6.2));
#3116 = VECTOR('',#3117,1.);
#3117 = DIRECTION('',(1.,-0.));
#3118 = ( GEOMETRIC_REPRESENTATION_CONTEXT(2) 
PARAMETRIC_REPRESENTATION_CONTEXT() REPRESENTATION_CONTEXT('2D SPACE',''
  ) );
#3119 = PCURVE('',#3120,#3125);
#3120 = PLANE('',#3121);
#3121 = AXIS2_PLACEMENT_3D('',#3122,#3123,#3124);
#3122 = CARTESIAN_POINT('',(7.,7.,6.2));
#3123 = DIRECTION('',(0.,0.,1.));
#3124 = DIRECTION('',(1.,0.,0.));
#3125 = DEFINITIONAL_REPRESENTATION('',(#3126),#3134);
#3126 = ( BOUNDED_CURVE() B_SPLINE_CURVE(2,(#3127,#3128,#3129,#3130,
#3131,#3132,#3133),.UNSPECIFIED.,.T.,.F.) B_SPLINE_CURVE_WITH_KNOTS((1,2
    ,2,2,2,1),(-2.094395102393,0.,2.094395102393,4.188790204786,
6.28318530718,8.377580409573),.UNSPECIFIED.) CURVE() 
GEOMETRIC_REPRESENTATION_ITEM() RATIONAL_B_SPLINE_CURVE((1.,0.5,1.,0.5,
1.,0.5,1.)) REPRESENTATION_ITEM('') );
#3127 = CARTESIAN_POINT('',(13.232950842709,-1.895075140341));
#3128 = CARTESIAN_POINT('',(13.232950842709,-10.7570705258));
#3129 = CARTESIAN_POINT('',(5.558237710677,-6.326072833073));
#3130 = CARTESIAN_POINT('',(-2.116475421355,-1.895075140341));
#3131 = CARTESIAN_POINT('',(5.558237710677,2.535922552391));
#3132 = CARTESIAN_POINT('',(13.232950842709,6.966920245123));
#3133 = CARTESIAN_POINT('',(13.232950842709,-1.895075140341));
#3134 = ( GEOMETRIC_REPRESENTATION_CONTEXT(2) 
PARAMETRIC_REPRESENTATION_CONTEXT() REPRESENTATION_CONTEXT('2D SPACE',''
  ) );
#3135 = ORIENTED_EDGE('',*,*,#3136,.F.);
#3136 = EDGE_CURVE('',#343,#3104,#3137,.T.);
#3137 = SURFACE_CURVE('',#3138,(#3142,#3148),.PCURVE_S1.);
#3138 = LINE('',#3139,#3140);
#3139 = CARTESIAN_POINT('',(10.247326958749,3.53339249078,0.));
#3140 = VECTOR('',#3141,1.);
#3141 = DIRECTION('',(-0.,-0.,-1.));
#3142 = PCURVE('',#383,#3143);
#3143 = DEFINITIONAL_REPRESENTATION('',(#3144),#3147);
#3144 = B_SPLINE_CURVE_WITH_KNOTS('',1,(#3145,#3146),.UNSPECIFIED.,.F.,
  .F.,(2,2),(-8.000461615943,-6.199538384057),.PIECEWISE_BEZIER_KNOTS.);
#3145 = CARTESIAN_POINT('',(-3.453790895257,-8.000461615943));
#3146 = CARTESIAN_POINT('',(-3.453790895257,-6.199538384057));
#3147 = ( GEOMETRIC_REPRESENTATION_CONTEXT(2) 
PARAMETRIC_REPRESENTATION_CONTEXT() REPRESENTATION_CONTEXT('2D SPACE',''
  ) );
#3148 = PCURVE('',#330,#3149);
#3149 = DEFINITIONAL_REPRESENTATION('',(#3150),#3154);
#3150 = LINE('',#3151,#3152);
#3151 = CARTESIAN_POINT('',(-7.101232378882,-16.2));
#3152 = VECTOR('',#3153,1.);
#3153 = DIRECTION('',(-0.,-1.));
#3154 = ( GEOMETRIC_REPRESENTATION_CONTEXT(2) 
PARAMETRIC_REPRESENTATION_CONTEXT() REPRESENTATION_CONTEXT('2D SPACE',''
  ) );
#3155 = ORIENTED_EDGE('',*,*,#366,.T.);
#3156 = ORIENTED_EDGE('',*,*,#2721,.F.);
#3157 = ADVANCED_FACE('',(#3158),#330,.F.);
#3158 = FACE_BOUND('',#3159,.T.);
#3159 = EDGE_LOOP('',(#3160,#3161,#3183,#3211,#3237,#3238));
#3160 = ORIENTED_EDGE('',*,*,#313,.T.);
#3161 = ORIENTED_EDGE('',*,*,#3162,.F.);
#3162 = EDGE_CURVE('',#3163,#291,#3165,.T.);
#3163 = VERTEX_POINT('',#3164);
#3164 = CARTESIAN_POINT('',(10.,10.682729965664,6.2));
#3165 = SURFACE_CURVE('',#3166,(#3170,#3177),.PCURVE_S1.);
#3166 = LINE('',#3167,#3168);
#3167 = CARTESIAN_POINT('',(10.,10.682729965664,16.2));
#3168 = VECTOR('',#3169,1.);
#3169 = DIRECTION('',(0.,0.,1.));
#3170 = PCURVE('',#330,#3171);
#3171 = DEFINITIONAL_REPRESENTATION('',(#3172),#3176);
#3172 = LINE('',#3173,#3174);
#3173 = CARTESIAN_POINT('',(-5.395977039557,0.));
#3174 = VECTOR('',#3175,1.);
#3175 = DIRECTION('',(-0.,1.));
#3176 = ( GEOMETRIC_REPRESENTATION_CONTEXT(2) 
PARAMETRIC_REPRESENTATION_CONTEXT() REPRESENTATION_CONTEXT('2D SPACE',''
  ) );
#3177 = PCURVE('',#73,#3178);
#3178 = DEFINITIONAL_REPRESENTATION('',(#3179),#3182);
#3179 = B_SPLINE_CURVE_WITH_KNOTS('',1,(#3180,#3181),.UNSPECIFIED.,.F.,
  .F.,(2,2),(-10.00046161594,-7.4),.PIECEWISE_BEZIER_KNOTS.);
#3180 = CARTESIAN_POINT('',(104.2060714545,-6.199538384057));
#3181 = CARTESIAN_POINT('',(104.2060714545,-8.8));
#3182 = ( GEOMETRIC_REPRESENTATION_CONTEXT(2) 
PARAMETRIC_REPRESENTATION_CONTEXT() REPRESENTATION_CONTEXT('2D SPACE',''
  ) );
#3183 = ORIENTED_EDGE('',*,*,#3184,.T.);
#3184 = EDGE_CURVE('',#3163,#3185,#3187,.T.);
#3185 = VERTEX_POINT('',#3186);
#3186 = CARTESIAN_POINT('',(11.75,7.,6.2));
#3187 = SURFACE_CURVE('',#3188,(#3193,#3200),.PCURVE_S1.);
#3188 = CIRCLE('',#3189,4.75);
#3189 = AXIS2_PLACEMENT_3D('',#3190,#3191,#3192);
#3190 = CARTESIAN_POINT('',(7.,7.,6.2));
#3191 = DIRECTION('',(0.,0.,-1.));
#3192 = DIRECTION('',(1.,0.,0.));
#3193 = PCURVE('',#330,#3194);
#3194 = DEFINITIONAL_REPRESENTATION('',(#3195),#3199);
#3195 = LINE('',#3196,#3197);
#3196 = CARTESIAN_POINT('',(-0.,-10.));
#3197 = VECTOR('',#3198,1.);
#3198 = DIRECTION('',(-1.,0.));
#3199 = ( GEOMETRIC_REPRESENTATION_CONTEXT(2) 
PARAMETRIC_REPRESENTATION_CONTEXT() REPRESENTATION_CONTEXT('2D SPACE',''
  ) );
#3200 = PCURVE('',#3120,#3201);
#3201 = DEFINITIONAL_REPRESENTATION('',(#3202),#3210);
#3202 = ( BOUNDED_CURVE() B_SPLINE_CURVE(2,(#3203,#3204,#3205,#3206,
#3207,#3208,#3209),.UNSPECIFIED.,.T.,.F.) B_SPLINE_CURVE_WITH_KNOTS((1,2
    ,2,2,2,1),(-2.094395102393,0.,2.094395102393,4.188790204786,
6.28318530718,8.377580409573),.UNSPECIFIED.) CURVE() 
GEOMETRIC_REPRESENTATION_ITEM() RATIONAL_B_SPLINE_CURVE((1.,0.5,1.,0.5,
1.,0.5,1.)) REPRESENTATION_ITEM('') );
#3203 = CARTESIAN_POINT('',(4.75,-8.881784197001E-16));
#3204 = CARTESIAN_POINT('',(4.75,-8.227241335952));
#3205 = CARTESIAN_POINT('',(-2.375,-4.113620667976));
#3206 = CARTESIAN_POINT('',(-9.5,-2.05159287889E-15));
#3207 = CARTESIAN_POINT('',(-2.375,4.113620667976));
#3208 = CARTESIAN_POINT('',(4.75,8.227241335952));
#3209 = CARTESIAN_POINT('',(4.75,-8.881784197001E-16));
#3210 = ( GEOMETRIC_REPRESENTATION_CONTEXT(2) 
PARAMETRIC_REPRESENTATION_CONTEXT() REPRESENTATION_CONTEXT('2D SPACE',''
  ) );
#3211 = ORIENTED_EDGE('',*,*,#3212,.T.);
#3212 = EDGE_CURVE('',#3185,#3104,#3213,.T.);
#3213 = SURFACE_CURVE('',#3214,(#3219,#3226),.PCURVE_S1.);
#3214 = CIRCLE('',#3215,4.75);
#3215 = AXIS2_PLACEMENT_3D('',#3216,#3217,#3218);
#3216 = CARTESIAN_POINT('',(7.,7.,6.2));
#3217 = DIRECTION('',(0.,0.,-1.));
#3218 = DIRECTION('',(1.,0.,0.));
#3219 = PCURVE('',#330,#3220);
#3220 = DEFINITIONAL_REPRESENTATION('',(#3221),#3225);
#3221 = LINE('',#3222,#3223);
#3222 = CARTESIAN_POINT('',(-6.28318530718,-10.));
#3223 = VECTOR('',#3224,1.);
#3224 = DIRECTION('',(-1.,0.));
#3225 = ( GEOMETRIC_REPRESENTATION_CONTEXT(2) 
PARAMETRIC_REPRESENTATION_CONTEXT() REPRESENTATION_CONTEXT('2D SPACE',''
  ) );
#3226 = PCURVE('',#3120,#3227);
#3227 = DEFINITIONAL_REPRESENTATION('',(#3228),#3236);
#3228 = ( BOUNDED_CURVE() B_SPLINE_CURVE(2,(#3229,#3230,#3231,#3232,
#3233,#3234,#3235),.UNSPECIFIED.,.T.,.F.) B_SPLINE_CURVE_WITH_KNOTS((1,2
    ,2,2,2,1),(-2.094395102393,0.,2.094395102393,4.188790204786,
6.28318530718,8.377580409573),.UNSPECIFIED.) CURVE() 
GEOMETRIC_REPRESENTATION_ITEM() RATIONAL_B_SPLINE_CURVE((1.,0.5,1.,0.5,
1.,0.5,1.)) REPRESENTATION_ITEM('') );
#3229 = CARTESIAN_POINT('',(4.75,-8.881784197001E-16));
#3230 = CARTESIAN_POINT('',(4.75,-8.227241335952));
#3231 = CARTESIAN_POINT('',(-2.375,-4.113620667976));
#3232 = CARTESIAN_POINT('',(-9.5,-2.05159287889E-15));
#3233 = CARTESIAN_POINT('',(-2.375,4.113620667976));
#3234 = CARTESIAN_POINT('',(4.75,8.227241335952));
#3235 = CARTESIAN_POINT('',(4.75,-8.881784197001E-16));
#3236 = ( GEOMETRIC_REPRESENTATION_CONTEXT(2) 
PARAMETRIC_REPRESENTATION_CONTEXT() REPRESENTATION_CONTEXT('2D SPACE',''
  ) );
#3237 = ORIENTED_EDGE('',*,*,#3136,.F.);
#3238 = ORIENTED_EDGE('',*,*,#342,.T.);
#3239 = ADVANCED_FACE('',(#3240),#73,.F.);
#3240 = FACE_BOUND('',#3241,.F.);
#3241 = EDGE_LOOP('',(#3242,#3263,#3264,#3283,#3284,#3285,#3307,#3333,
    #3353,#3354,#3376,#3402,#3422,#3423,#3445,#3471,#3491,#3492,#3493,
    #3512));
#3242 = ORIENTED_EDGE('',*,*,#3243,.F.);
#3243 = EDGE_CURVE('',#1530,#3057,#3244,.T.);
#3244 = SURFACE_CURVE('',#3245,(#3249,#3256),.PCURVE_S1.);
#3245 = LINE('',#3246,#3247);
#3246 = CARTESIAN_POINT('',(10.,114.88880142016,0.));
#3247 = VECTOR('',#3248,1.);
#3248 = DIRECTION('',(0.,-1.,0.));
#3249 = PCURVE('',#73,#3250);
#3250 = DEFINITIONAL_REPRESENTATION('',(#3251),#3255);
#3251 = LINE('',#3252,#3253);
#3252 = CARTESIAN_POINT('',(0.,0.));
#3253 = VECTOR('',#3254,1.);
#3254 = DIRECTION('',(1.,0.));
#3255 = ( GEOMETRIC_REPRESENTATION_CONTEXT(2) 
PARAMETRIC_REPRESENTATION_CONTEXT() REPRESENTATION_CONTEXT('2D SPACE',''
  ) );
#3256 = PCURVE('',#1546,#3257);
#3257 = DEFINITIONAL_REPRESENTATION('',(#3258),#3262);
#3258 = LINE('',#3259,#3260);
#3259 = CARTESIAN_POINT('',(-80.01882402588,54.894070895431));
#3260 = VECTOR('',#3261,1.);
#3261 = DIRECTION('',(0.,-1.));
#3262 = ( GEOMETRIC_REPRESENTATION_CONTEXT(2) 
PARAMETRIC_REPRESENTATION_CONTEXT() REPRESENTATION_CONTEXT('2D SPACE',''
  ) );
#3263 = ORIENTED_EDGE('',*,*,#1609,.T.);
#3264 = ORIENTED_EDGE('',*,*,#3265,.T.);
#3265 = EDGE_CURVE('',#1582,#1476,#3266,.T.);
#3266 = SURFACE_CURVE('',#3267,(#3271,#3277),.PCURVE_S1.);
#3267 = LINE('',#3268,#3269);
#3268 = CARTESIAN_POINT('',(10.,113.94440071008,6.2));
#3269 = VECTOR('',#3270,1.);
#3270 = DIRECTION('',(0.,-1.,0.));
#3271 = PCURVE('',#73,#3272);
#3272 = DEFINITIONAL_REPRESENTATION('',(#3273),#3276);
#3273 = B_SPLINE_CURVE_WITH_KNOTS('',1,(#3274,#3275),.UNSPECIFIED.,.F.,
  .F.,(2,2),(-0.944400710083,5.694400710083),.PIECEWISE_BEZIER_KNOTS.);
#3274 = CARTESIAN_POINT('',(0.,-6.2));
#3275 = CARTESIAN_POINT('',(6.638801420166,-6.2));
#3276 = ( GEOMETRIC_REPRESENTATION_CONTEXT(2) 
PARAMETRIC_REPRESENTATION_CONTEXT() REPRESENTATION_CONTEXT('2D SPACE',''
  ) );
#3277 = PCURVE('',#1459,#3278);
#3278 = DEFINITIONAL_REPRESENTATION('',(#3279),#3282);
#3279 = B_SPLINE_CURVE_WITH_KNOTS('',1,(#3280,#3281),.UNSPECIFIED.,.F.,
  .F.,(2,2),(-0.944400710083,5.694400710083),.PIECEWISE_BEZIER_KNOTS.);
#3280 = CARTESIAN_POINT('',(3.,1.888801420166));
#3281 = CARTESIAN_POINT('',(3.,-4.75));
#3282 = ( GEOMETRIC_REPRESENTATION_CONTEXT(2) 
PARAMETRIC_REPRESENTATION_CONTEXT() REPRESENTATION_CONTEXT('2D SPACE',''
  ) );
#3283 = ORIENTED_EDGE('',*,*,#1503,.T.);
#3284 = ORIENTED_EDGE('',*,*,#57,.T.);
#3285 = ORIENTED_EDGE('',*,*,#3286,.F.);
#3286 = EDGE_CURVE('',#3287,#58,#3289,.T.);
#3287 = VERTEX_POINT('',#3288);
#3288 = CARTESIAN_POINT('',(10.,90.182729965664,6.2));
#3289 = SURFACE_CURVE('',#3290,(#3294,#3300),.PCURVE_S1.);
#3290 = LINE('',#3291,#3292);
#3291 = CARTESIAN_POINT('',(10.,90.182729965664,16.2));
#3292 = VECTOR('',#3293,1.);
#3293 = DIRECTION('',(0.,0.,1.));
#3294 = PCURVE('',#73,#3295);
#3295 = DEFINITIONAL_REPRESENTATION('',(#3296),#3299);
#3296 = B_SPLINE_CURVE_WITH_KNOTS('',1,(#3297,#3298),.UNSPECIFIED.,.F.,
  .F.,(2,2),(-10.00046161594,-7.4),.PIECEWISE_BEZIER_KNOTS.);
#3297 = CARTESIAN_POINT('',(24.706071454502,-6.199538384057));
#3298 = CARTESIAN_POINT('',(24.706071454502,-8.8));
#3299 = ( GEOMETRIC_REPRESENTATION_CONTEXT(2) 
PARAMETRIC_REPRESENTATION_CONTEXT() REPRESENTATION_CONTEXT('2D SPACE',''
  ) );
#3300 = PCURVE('',#102,#3301);
#3301 = DEFINITIONAL_REPRESENTATION('',(#3302),#3306);
#3302 = LINE('',#3303,#3304);
#3303 = CARTESIAN_POINT('',(0.887208267622,-0.));
#3304 = VECTOR('',#3305,1.);
#3305 = DIRECTION('',(-0.,1.));
#3306 = ( GEOMETRIC_REPRESENTATION_CONTEXT(2) 
PARAMETRIC_REPRESENTATION_CONTEXT() REPRESENTATION_CONTEXT('2D SPACE',''
  ) );
#3307 = ORIENTED_EDGE('',*,*,#3308,.T.);
#3308 = EDGE_CURVE('',#3287,#3309,#3311,.T.);
#3309 = VERTEX_POINT('',#3310);
#3310 = CARTESIAN_POINT('',(10.,82.817270034336,6.2));
#3311 = SURFACE_CURVE('',#3312,(#3316,#3322),.PCURVE_S1.);
#3312 = LINE('',#3313,#3314);
#3313 = CARTESIAN_POINT('',(10.,100.69440071008,6.2));
#3314 = VECTOR('',#3315,1.);
#3315 = DIRECTION('',(0.,-1.,0.));
#3316 = PCURVE('',#73,#3317);
#3317 = DEFINITIONAL_REPRESENTATION('',(#3318),#3321);
#3318 = B_SPLINE_CURVE_WITH_KNOTS('',1,(#3319,#3320),.UNSPECIFIED.,.F.,
  .F.,(2,2),(9.444400710083,18.944400710083),.PIECEWISE_BEZIER_KNOTS.);
#3319 = CARTESIAN_POINT('',(23.638801420166,-6.2));
#3320 = CARTESIAN_POINT('',(33.138801420166,-6.2));
#3321 = ( GEOMETRIC_REPRESENTATION_CONTEXT(2) 
PARAMETRIC_REPRESENTATION_CONTEXT() REPRESENTATION_CONTEXT('2D SPACE',''
  ) );
#3322 = PCURVE('',#3323,#3328);
#3323 = PLANE('',#3324);
#3324 = AXIS2_PLACEMENT_3D('',#3325,#3326,#3327);
#3325 = CARTESIAN_POINT('',(7.,86.5,6.2));
#3326 = DIRECTION('',(0.,0.,1.));
#3327 = DIRECTION('',(1.,0.,0.));
#3328 = DEFINITIONAL_REPRESENTATION('',(#3329),#3332);
#3329 = B_SPLINE_CURVE_WITH_KNOTS('',1,(#3330,#3331),.UNSPECIFIED.,.F.,
  .F.,(2,2),(9.444400710083,18.944400710083),.PIECEWISE_BEZIER_KNOTS.);
#3330 = CARTESIAN_POINT('',(3.,4.75));
#3331 = CARTESIAN_POINT('',(3.,-4.75));
#3332 = ( GEOMETRIC_REPRESENTATION_CONTEXT(2) 
PARAMETRIC_REPRESENTATION_CONTEXT() REPRESENTATION_CONTEXT('2D SPACE',''
  ) );
#3333 = ORIENTED_EDGE('',*,*,#3334,.T.);
#3334 = EDGE_CURVE('',#3309,#115,#3335,.T.);
#3335 = SURFACE_CURVE('',#3336,(#3340,#3346),.PCURVE_S1.);
#3336 = LINE('',#3337,#3338);
#3337 = CARTESIAN_POINT('',(10.,82.817270034336,16.2));
#3338 = VECTOR('',#3339,1.);
#3339 = DIRECTION('',(0.,0.,1.));
#3340 = PCURVE('',#73,#3341);
#3341 = DEFINITIONAL_REPRESENTATION('',(#3342),#3345);
#3342 = B_SPLINE_CURVE_WITH_KNOTS('',1,(#3343,#3344),.UNSPECIFIED.,.F.,
  .F.,(2,2),(-10.00046161594,-7.4),.PIECEWISE_BEZIER_KNOTS.);
#3343 = CARTESIAN_POINT('',(32.07153138583,-6.199538384057));
#3344 = CARTESIAN_POINT('',(32.07153138583,-8.8));
#3345 = ( GEOMETRIC_REPRESENTATION_CONTEXT(2) 
PARAMETRIC_REPRESENTATION_CONTEXT() REPRESENTATION_CONTEXT('2D SPACE',''
  ) );
#3346 = PCURVE('',#102,#3347);
#3347 = DEFINITIONAL_REPRESENTATION('',(#3348),#3352);
#3348 = LINE('',#3349,#3350);
#3349 = CARTESIAN_POINT('',(-0.887208267622,0.));
#3350 = VECTOR('',#3351,1.);
#3351 = DIRECTION('',(-0.,1.));
#3352 = ( GEOMETRIC_REPRESENTATION_CONTEXT(2) 
PARAMETRIC_REPRESENTATION_CONTEXT() REPRESENTATION_CONTEXT('2D SPACE',''
  ) );
#3353 = ORIENTED_EDGE('',*,*,#138,.T.);
#3354 = ORIENTED_EDGE('',*,*,#3355,.F.);
#3355 = EDGE_CURVE('',#3356,#139,#3358,.T.);
#3356 = VERTEX_POINT('',#3357);
#3357 = CARTESIAN_POINT('',(10.,63.682729965664,6.2));
#3358 = SURFACE_CURVE('',#3359,(#3363,#3369),.PCURVE_S1.);
#3359 = LINE('',#3360,#3361);
#3360 = CARTESIAN_POINT('',(10.,63.682729965664,16.2));
#3361 = VECTOR('',#3362,1.);
#3362 = DIRECTION('',(0.,0.,1.));
#3363 = PCURVE('',#73,#3364);
#3364 = DEFINITIONAL_REPRESENTATION('',(#3365),#3368);
#3365 = B_SPLINE_CURVE_WITH_KNOTS('',1,(#3366,#3367),.UNSPECIFIED.,.F.,
  .F.,(2,2),(-10.00046161594,-7.4),.PIECEWISE_BEZIER_KNOTS.);
#3366 = CARTESIAN_POINT('',(51.206071454502,-6.199538384057));
#3367 = CARTESIAN_POINT('',(51.206071454502,-8.8));
#3368 = ( GEOMETRIC_REPRESENTATION_CONTEXT(2) 
PARAMETRIC_REPRESENTATION_CONTEXT() REPRESENTATION_CONTEXT('2D SPACE',''
  ) );
#3369 = PCURVE('',#178,#3370);
#3370 = DEFINITIONAL_REPRESENTATION('',(#3371),#3375);
#3371 = LINE('',#3372,#3373);
#3372 = CARTESIAN_POINT('',(0.887208267622,-0.));
#3373 = VECTOR('',#3374,1.);
#3374 = DIRECTION('',(-0.,1.));
#3375 = ( GEOMETRIC_REPRESENTATION_CONTEXT(2) 
PARAMETRIC_REPRESENTATION_CONTEXT() REPRESENTATION_CONTEXT('2D SPACE',''
  ) );
#3376 = ORIENTED_EDGE('',*,*,#3377,.T.);
#3377 = EDGE_CURVE('',#3356,#3378,#3380,.T.);
#3378 = VERTEX_POINT('',#3379);
#3379 = CARTESIAN_POINT('',(10.,56.317270034336,6.2));
#3380 = SURFACE_CURVE('',#3381,(#3385,#3391),.PCURVE_S1.);
#3381 = LINE('',#3382,#3383);
#3382 = CARTESIAN_POINT('',(10.,87.444400710083,6.2));
#3383 = VECTOR('',#3384,1.);
#3384 = DIRECTION('',(0.,-1.,0.));
#3385 = PCURVE('',#73,#3386);
#3386 = DEFINITIONAL_REPRESENTATION('',(#3387),#3390);
#3387 = B_SPLINE_CURVE_WITH_KNOTS('',1,(#3388,#3389),.UNSPECIFIED.,.F.,
  .F.,(2,2),(22.694400710083,32.194400710083),.PIECEWISE_BEZIER_KNOTS.);
#3388 = CARTESIAN_POINT('',(50.138801420166,-6.2));
#3389 = CARTESIAN_POINT('',(59.638801420166,-6.2));
#3390 = ( GEOMETRIC_REPRESENTATION_CONTEXT(2) 
PARAMETRIC_REPRESENTATION_CONTEXT() REPRESENTATION_CONTEXT('2D SPACE',''
  ) );
#3391 = PCURVE('',#3392,#3397);
#3392 = PLANE('',#3393);
#3393 = AXIS2_PLACEMENT_3D('',#3394,#3395,#3396);
#3394 = CARTESIAN_POINT('',(7.,60.,6.2));
#3395 = DIRECTION('',(0.,0.,1.));
#3396 = DIRECTION('',(1.,0.,0.));
#3397 = DEFINITIONAL_REPRESENTATION('',(#3398),#3401);
#3398 = B_SPLINE_CURVE_WITH_KNOTS('',1,(#3399,#3400),.UNSPECIFIED.,.F.,
  .F.,(2,2),(22.694400710083,32.194400710083),.PIECEWISE_BEZIER_KNOTS.);
#3399 = CARTESIAN_POINT('',(3.,4.75));
#3400 = CARTESIAN_POINT('',(3.,-4.75));
#3401 = ( GEOMETRIC_REPRESENTATION_CONTEXT(2) 
PARAMETRIC_REPRESENTATION_CONTEXT() REPRESENTATION_CONTEXT('2D SPACE',''
  ) );
#3402 = ORIENTED_EDGE('',*,*,#3403,.T.);
#3403 = EDGE_CURVE('',#3378,#191,#3404,.T.);
#3404 = SURFACE_CURVE('',#3405,(#3409,#3415),.PCURVE_S1.);
#3405 = LINE('',#3406,#3407);
#3406 = CARTESIAN_POINT('',(10.,56.317270034336,16.2));
#3407 = VECTOR('',#3408,1.);
#3408 = DIRECTION('',(0.,0.,1.));
#3409 = PCURVE('',#73,#3410);
#3410 = DEFINITIONAL_REPRESENTATION('',(#3411),#3414);
#3411 = B_SPLINE_CURVE_WITH_KNOTS('',1,(#3412,#3413),.UNSPECIFIED.,.F.,
  .F.,(2,2),(-10.00046161594,-7.4),.PIECEWISE_BEZIER_KNOTS.);
#3412 = CARTESIAN_POINT('',(58.57153138583,-6.199538384057));
#3413 = CARTESIAN_POINT('',(58.57153138583,-8.8));
#3414 = ( GEOMETRIC_REPRESENTATION_CONTEXT(2) 
PARAMETRIC_REPRESENTATION_CONTEXT() REPRESENTATION_CONTEXT('2D SPACE',''
  ) );
#3415 = PCURVE('',#178,#3416);
#3416 = DEFINITIONAL_REPRESENTATION('',(#3417),#3421);
#3417 = LINE('',#3418,#3419);
#3418 = CARTESIAN_POINT('',(-0.887208267622,0.));
#3419 = VECTOR('',#3420,1.);
#3420 = DIRECTION('',(-0.,1.));
#3421 = ( GEOMETRIC_REPRESENTATION_CONTEXT(2) 
PARAMETRIC_REPRESENTATION_CONTEXT() REPRESENTATION_CONTEXT('2D SPACE',''
  ) );
#3422 = ORIENTED_EDGE('',*,*,#214,.T.);
#3423 = ORIENTED_EDGE('',*,*,#3424,.F.);
#3424 = EDGE_CURVE('',#3425,#215,#3427,.T.);
#3425 = VERTEX_POINT('',#3426);
#3426 = CARTESIAN_POINT('',(10.,37.182729965664,6.2));
#3427 = SURFACE_CURVE('',#3428,(#3432,#3438),.PCURVE_S1.);
#3428 = LINE('',#3429,#3430);
#3429 = CARTESIAN_POINT('',(10.,37.182729965664,16.2));
#3430 = VECTOR('',#3431,1.);
#3431 = DIRECTION('',(0.,0.,1.));
#3432 = PCURVE('',#73,#3433);
#3433 = DEFINITIONAL_REPRESENTATION('',(#3434),#3437);
#3434 = B_SPLINE_CURVE_WITH_KNOTS('',1,(#3435,#3436),.UNSPECIFIED.,.F.,
  .F.,(2,2),(-10.00046161594,-7.4),.PIECEWISE_BEZIER_KNOTS.);
#3435 = CARTESIAN_POINT('',(77.706071454502,-6.199538384057));
#3436 = CARTESIAN_POINT('',(77.706071454502,-8.8));
#3437 = ( GEOMETRIC_REPRESENTATION_CONTEXT(2) 
PARAMETRIC_REPRESENTATION_CONTEXT() REPRESENTATION_CONTEXT('2D SPACE',''
  ) );
#3438 = PCURVE('',#254,#3439);
#3439 = DEFINITIONAL_REPRESENTATION('',(#3440),#3444);
#3440 = LINE('',#3441,#3442);
#3441 = CARTESIAN_POINT('',(0.887208267622,-0.));
#3442 = VECTOR('',#3443,1.);
#3443 = DIRECTION('',(-0.,1.));
#3444 = ( GEOMETRIC_REPRESENTATION_CONTEXT(2) 
PARAMETRIC_REPRESENTATION_CONTEXT() REPRESENTATION_CONTEXT('2D SPACE',''
  ) );
#3445 = ORIENTED_EDGE('',*,*,#3446,.T.);
#3446 = EDGE_CURVE('',#3425,#3447,#3449,.T.);
#3447 = VERTEX_POINT('',#3448);
#3448 = CARTESIAN_POINT('',(10.,29.817270034336,6.2));
#3449 = SURFACE_CURVE('',#3450,(#3454,#3460),.PCURVE_S1.);
#3450 = LINE('',#3451,#3452);
#3451 = CARTESIAN_POINT('',(10.,74.194400710083,6.2));
#3452 = VECTOR('',#3453,1.);
#3453 = DIRECTION('',(0.,-1.,0.));
#3454 = PCURVE('',#73,#3455);
#3455 = DEFINITIONAL_REPRESENTATION('',(#3456),#3459);
#3456 = B_SPLINE_CURVE_WITH_KNOTS('',1,(#3457,#3458),.UNSPECIFIED.,.F.,
  .F.,(2,2),(35.944400710083,45.444400710083),.PIECEWISE_BEZIER_KNOTS.);
#3457 = CARTESIAN_POINT('',(76.638801420166,-6.2));
#3458 = CARTESIAN_POINT('',(86.138801420166,-6.2));
#3459 = ( GEOMETRIC_REPRESENTATION_CONTEXT(2) 
PARAMETRIC_REPRESENTATION_CONTEXT() REPRESENTATION_CONTEXT('2D SPACE',''
  ) );
#3460 = PCURVE('',#3461,#3466);
#3461 = PLANE('',#3462);
#3462 = AXIS2_PLACEMENT_3D('',#3463,#3464,#3465);
#3463 = CARTESIAN_POINT('',(7.,33.5,6.2));
#3464 = DIRECTION('',(0.,0.,1.));
#3465 = DIRECTION('',(1.,0.,0.));
#3466 = DEFINITIONAL_REPRESENTATION('',(#3467),#3470);
#3467 = B_SPLINE_CURVE_WITH_KNOTS('',1,(#3468,#3469),.UNSPECIFIED.,.F.,
  .F.,(2,2),(35.944400710083,45.444400710083),.PIECEWISE_BEZIER_KNOTS.);
#3468 = CARTESIAN_POINT('',(3.,4.75));
#3469 = CARTESIAN_POINT('',(3.,-4.75));
#3470 = ( GEOMETRIC_REPRESENTATION_CONTEXT(2) 
PARAMETRIC_REPRESENTATION_CONTEXT() REPRESENTATION_CONTEXT('2D SPACE',''
  ) );
#3471 = ORIENTED_EDGE('',*,*,#3472,.T.);
#3472 = EDGE_CURVE('',#3447,#267,#3473,.T.);
#3473 = SURFACE_CURVE('',#3474,(#3478,#3484),.PCURVE_S1.);
#3474 = LINE('',#3475,#3476);
#3475 = CARTESIAN_POINT('',(10.,29.817270034336,16.2));
#3476 = VECTOR('',#3477,1.);
#3477 = DIRECTION('',(0.,0.,1.));
#3478 = PCURVE('',#73,#3479);
#3479 = DEFINITIONAL_REPRESENTATION('',(#3480),#3483);
#3480 = B_SPLINE_CURVE_WITH_KNOTS('',1,(#3481,#3482),.UNSPECIFIED.,.F.,
  .F.,(2,2),(-10.00046161594,-7.4),.PIECEWISE_BEZIER_KNOTS.);
#3481 = CARTESIAN_POINT('',(85.07153138583,-6.199538384057));
#3482 = CARTESIAN_POINT('',(85.07153138583,-8.8));
#3483 = ( GEOMETRIC_REPRESENTATION_CONTEXT(2) 
PARAMETRIC_REPRESENTATION_CONTEXT() REPRESENTATION_CONTEXT('2D SPACE',''
  ) );
#3484 = PCURVE('',#254,#3485);
#3485 = DEFINITIONAL_REPRESENTATION('',(#3486),#3490);
#3486 = LINE('',#3487,#3488);
#3487 = CARTESIAN_POINT('',(-0.887208267622,0.));
#3488 = VECTOR('',#3489,1.);
#3489 = DIRECTION('',(-0.,1.));
#3490 = ( GEOMETRIC_REPRESENTATION_CONTEXT(2) 
PARAMETRIC_REPRESENTATION_CONTEXT() REPRESENTATION_CONTEXT('2D SPACE',''
  ) );
#3491 = ORIENTED_EDGE('',*,*,#290,.T.);
#3492 = ORIENTED_EDGE('',*,*,#3162,.F.);
#3493 = ORIENTED_EDGE('',*,*,#3494,.T.);
#3494 = EDGE_CURVE('',#3163,#3081,#3495,.T.);
#3495 = SURFACE_CURVE('',#3496,(#3500,#3506),.PCURVE_S1.);
#3496 = LINE('',#3497,#3498);
#3497 = CARTESIAN_POINT('',(10.,60.944400710083,6.2));
#3498 = VECTOR('',#3499,1.);
#3499 = DIRECTION('',(0.,-1.,0.));
#3500 = PCURVE('',#73,#3501);
#3501 = DEFINITIONAL_REPRESENTATION('',(#3502),#3505);
#3502 = B_SPLINE_CURVE_WITH_KNOTS('',1,(#3503,#3504),.UNSPECIFIED.,.F.,
  .F.,(2,2),(49.194400710083,55.839475850424),.PIECEWISE_BEZIER_KNOTS.);
#3503 = CARTESIAN_POINT('',(103.13880142016,-6.2));
#3504 = CARTESIAN_POINT('',(109.7838765605,-6.2));
#3505 = ( GEOMETRIC_REPRESENTATION_CONTEXT(2) 
PARAMETRIC_REPRESENTATION_CONTEXT() REPRESENTATION_CONTEXT('2D SPACE',''
  ) );
#3506 = PCURVE('',#3120,#3507);
#3507 = DEFINITIONAL_REPRESENTATION('',(#3508),#3511);
#3508 = B_SPLINE_CURVE_WITH_KNOTS('',1,(#3509,#3510),.UNSPECIFIED.,.F.,
  .F.,(2,2),(49.194400710083,55.839475850424),.PIECEWISE_BEZIER_KNOTS.);
#3509 = CARTESIAN_POINT('',(3.,4.75));
#3510 = CARTESIAN_POINT('',(3.,-1.895075140341));
#3511 = ( GEOMETRIC_REPRESENTATION_CONTEXT(2) 
PARAMETRIC_REPRESENTATION_CONTEXT() REPRESENTATION_CONTEXT('2D SPACE',''
  ) );
#3512 = ORIENTED_EDGE('',*,*,#3080,.F.);
#3513 = ADVANCED_FACE('',(#3514),#254,.F.);
#3514 = FACE_BOUND('',#3515,.T.);
#3515 = EDGE_LOOP('',(#3516,#3517,#3518,#3546,#3572,#3573));
#3516 = ORIENTED_EDGE('',*,*,#237,.T.);
#3517 = ORIENTED_EDGE('',*,*,#3424,.F.);
#3518 = ORIENTED_EDGE('',*,*,#3519,.T.);
#3519 = EDGE_CURVE('',#3425,#3520,#3522,.T.);
#3520 = VERTEX_POINT('',#3521);
#3521 = CARTESIAN_POINT('',(11.75,33.5,6.2));
#3522 = SURFACE_CURVE('',#3523,(#3528,#3535),.PCURVE_S1.);
#3523 = CIRCLE('',#3524,4.75);
#3524 = AXIS2_PLACEMENT_3D('',#3525,#3526,#3527);
#3525 = CARTESIAN_POINT('',(7.,33.5,6.2));
#3526 = DIRECTION('',(0.,0.,-1.));
#3527 = DIRECTION('',(1.,0.,0.));
#3528 = PCURVE('',#254,#3529);
#3529 = DEFINITIONAL_REPRESENTATION('',(#3530),#3534);
#3530 = LINE('',#3531,#3532);
#3531 = CARTESIAN_POINT('',(6.28318530718,-10.));
#3532 = VECTOR('',#3533,1.);
#3533 = DIRECTION('',(-1.,0.));
#3534 = ( GEOMETRIC_REPRESENTATION_CONTEXT(2) 
PARAMETRIC_REPRESENTATION_CONTEXT() REPRESENTATION_CONTEXT('2D SPACE',''
  ) );
#3535 = PCURVE('',#3461,#3536);
#3536 = DEFINITIONAL_REPRESENTATION('',(#3537),#3545);
#3537 = ( BOUNDED_CURVE() B_SPLINE_CURVE(2,(#3538,#3539,#3540,#3541,
#3542,#3543,#3544),.UNSPECIFIED.,.T.,.F.) B_SPLINE_CURVE_WITH_KNOTS((1,2
    ,2,2,2,1),(-2.094395102393,0.,2.094395102393,4.188790204786,
6.28318530718,8.377580409573),.UNSPECIFIED.) CURVE() 
GEOMETRIC_REPRESENTATION_ITEM() RATIONAL_B_SPLINE_CURVE((1.,0.5,1.,0.5,
1.,0.5,1.)) REPRESENTATION_ITEM('') );
#3538 = CARTESIAN_POINT('',(4.75,-8.881784197001E-16));
#3539 = CARTESIAN_POINT('',(4.75,-8.227241335952));
#3540 = CARTESIAN_POINT('',(-2.375,-4.113620667976));
#3541 = CARTESIAN_POINT('',(-9.5,-2.05159287889E-15));
#3542 = CARTESIAN_POINT('',(-2.375,4.113620667976));
#3543 = CARTESIAN_POINT('',(4.75,8.227241335952));
#3544 = CARTESIAN_POINT('',(4.75,-8.881784197001E-16));
#3545 = ( GEOMETRIC_REPRESENTATION_CONTEXT(2) 
PARAMETRIC_REPRESENTATION_CONTEXT() REPRESENTATION_CONTEXT('2D SPACE',''
  ) );
#3546 = ORIENTED_EDGE('',*,*,#3547,.T.);
#3547 = EDGE_CURVE('',#3520,#3447,#3548,.T.);
#3548 = SURFACE_CURVE('',#3549,(#3554,#3561),.PCURVE_S1.);
#3549 = CIRCLE('',#3550,4.75);
#3550 = AXIS2_PLACEMENT_3D('',#3551,#3552,#3553);
#3551 = CARTESIAN_POINT('',(7.,33.5,6.2));
#3552 = DIRECTION('',(0.,0.,-1.));
#3553 = DIRECTION('',(1.,0.,0.));
#3554 = PCURVE('',#254,#3555);
#3555 = DEFINITIONAL_REPRESENTATION('',(#3556),#3560);
#3556 = LINE('',#3557,#3558);
#3557 = CARTESIAN_POINT('',(-0.,-10.));
#3558 = VECTOR('',#3559,1.);
#3559 = DIRECTION('',(-1.,0.));
#3560 = ( GEOMETRIC_REPRESENTATION_CONTEXT(2) 
PARAMETRIC_REPRESENTATION_CONTEXT() REPRESENTATION_CONTEXT('2D SPACE',''
  ) );
#3561 = PCURVE('',#3461,#3562);
#3562 = DEFINITIONAL_REPRESENTATION('',(#3563),#3571);
#3563 = ( BOUNDED_CURVE() B_SPLINE_CURVE(2,(#3564,#3565,#3566,#3567,
#3568,#3569,#3570),.UNSPECIFIED.,.T.,.F.) B_SPLINE_CURVE_WITH_KNOTS((1,2
    ,2,2,2,1),(-2.094395102393,0.,2.094395102393,4.188790204786,
6.28318530718,8.377580409573),.UNSPECIFIED.) CURVE() 
GEOMETRIC_REPRESENTATION_ITEM() RATIONAL_B_SPLINE_CURVE((1.,0.5,1.,0.5,
1.,0.5,1.)) REPRESENTATION_ITEM('') );
#3564 = CARTESIAN_POINT('',(4.75,-8.881784197001E-16));
#3565 = CARTESIAN_POINT('',(4.75,-8.227241335952));
#3566 = CARTESIAN_POINT('',(-2.375,-4.113620667976));
#3567 = CARTESIAN_POINT('',(-9.5,-2.05159287889E-15));
#3568 = CARTESIAN_POINT('',(-2.375,4.113620667976));
#3569 = CARTESIAN_POINT('',(4.75,8.227241335952));
#3570 = CARTESIAN_POINT('',(4.75,-8.881784197001E-16));
#3571 = ( GEOMETRIC_REPRESENTATION_CONTEXT(2) 
PARAMETRIC_REPRESENTATION_CONTEXT() REPRESENTATION_CONTEXT('2D SPACE',''
  ) );
#3572 = ORIENTED_EDGE('',*,*,#3472,.T.);
#3573 = ORIENTED_EDGE('',*,*,#266,.T.);
#3574 = ADVANCED_FACE('',(#3575),#178,.F.);
#3575 = FACE_BOUND('',#3576,.T.);
#3576 = EDGE_LOOP('',(#3577,#3578,#3579,#3607,#3633,#3634));
#3577 = ORIENTED_EDGE('',*,*,#161,.T.);
#3578 = ORIENTED_EDGE('',*,*,#3355,.F.);
#3579 = ORIENTED_EDGE('',*,*,#3580,.T.);
#3580 = EDGE_CURVE('',#3356,#3581,#3583,.T.);
#3581 = VERTEX_POINT('',#3582);
#3582 = CARTESIAN_POINT('',(11.75,60.,6.2));
#3583 = SURFACE_CURVE('',#3584,(#3589,#3596),.PCURVE_S1.);
#3584 = CIRCLE('',#3585,4.75);
#3585 = AXIS2_PLACEMENT_3D('',#3586,#3587,#3588);
#3586 = CARTESIAN_POINT('',(7.,60.,6.2));
#3587 = DIRECTION('',(0.,0.,-1.));
#3588 = DIRECTION('',(1.,0.,0.));
#3589 = PCURVE('',#178,#3590);
#3590 = DEFINITIONAL_REPRESENTATION('',(#3591),#3595);
#3591 = LINE('',#3592,#3593);
#3592 = CARTESIAN_POINT('',(6.28318530718,-10.));
#3593 = VECTOR('',#3594,1.);
#3594 = DIRECTION('',(-1.,0.));
#3595 = ( GEOMETRIC_REPRESENTATION_CONTEXT(2) 
PARAMETRIC_REPRESENTATION_CONTEXT() REPRESENTATION_CONTEXT('2D SPACE',''
  ) );
#3596 = PCURVE('',#3392,#3597);
#3597 = DEFINITIONAL_REPRESENTATION('',(#3598),#3606);
#3598 = ( BOUNDED_CURVE() B_SPLINE_CURVE(2,(#3599,#3600,#3601,#3602,
#3603,#3604,#3605),.UNSPECIFIED.,.T.,.F.) B_SPLINE_CURVE_WITH_KNOTS((1,2
    ,2,2,2,1),(-2.094395102393,0.,2.094395102393,4.188790204786,
6.28318530718,8.377580409573),.UNSPECIFIED.) CURVE() 
GEOMETRIC_REPRESENTATION_ITEM() RATIONAL_B_SPLINE_CURVE((1.,0.5,1.,0.5,
1.,0.5,1.)) REPRESENTATION_ITEM('') );
#3599 = CARTESIAN_POINT('',(4.75,-8.881784197001E-16));
#3600 = CARTESIAN_POINT('',(4.75,-8.227241335952));
#3601 = CARTESIAN_POINT('',(-2.375,-4.113620667976));
#3602 = CARTESIAN_POINT('',(-9.5,-2.05159287889E-15));
#3603 = CARTESIAN_POINT('',(-2.375,4.113620667976));
#3604 = CARTESIAN_POINT('',(4.75,8.227241335952));
#3605 = CARTESIAN_POINT('',(4.75,-8.881784197001E-16));
#3606 = ( GEOMETRIC_REPRESENTATION_CONTEXT(2) 
PARAMETRIC_REPRESENTATION_CONTEXT() REPRESENTATION_CONTEXT('2D SPACE',''
  ) );
#3607 = ORIENTED_EDGE('',*,*,#3608,.T.);
#3608 = EDGE_CURVE('',#3581,#3378,#3609,.T.);
#3609 = SURFACE_CURVE('',#3610,(#3615,#3622),.PCURVE_S1.);
#3610 = CIRCLE('',#3611,4.75);
#3611 = AXIS2_PLACEMENT_3D('',#3612,#3613,#3614);
#3612 = CARTESIAN_POINT('',(7.,60.,6.2));
#3613 = DIRECTION('',(0.,0.,-1.));
#3614 = DIRECTION('',(1.,0.,0.));
#3615 = PCURVE('',#178,#3616);
#3616 = DEFINITIONAL_REPRESENTATION('',(#3617),#3621);
#3617 = LINE('',#3618,#3619);
#3618 = CARTESIAN_POINT('',(-0.,-10.));
#3619 = VECTOR('',#3620,1.);
#3620 = DIRECTION('',(-1.,0.));
#3621 = ( GEOMETRIC_REPRESENTATION_CONTEXT(2) 
PARAMETRIC_REPRESENTATION_CONTEXT() REPRESENTATION_CONTEXT('2D SPACE',''
  ) );
#3622 = PCURVE('',#3392,#3623);
#3623 = DEFINITIONAL_REPRESENTATION('',(#3624),#3632);
#3624 = ( BOUNDED_CURVE() B_SPLINE_CURVE(2,(#3625,#3626,#3627,#3628,
#3629,#3630,#3631),.UNSPECIFIED.,.T.,.F.) B_SPLINE_CURVE_WITH_KNOTS((1,2
    ,2,2,2,1),(-2.094395102393,0.,2.094395102393,4.188790204786,
6.28318530718,8.377580409573),.UNSPECIFIED.) CURVE() 
GEOMETRIC_REPRESENTATION_ITEM() RATIONAL_B_SPLINE_CURVE((1.,0.5,1.,0.5,
1.,0.5,1.)) REPRESENTATION_ITEM('') );
#3625 = CARTESIAN_POINT('',(4.75,-8.881784197001E-16));
#3626 = CARTESIAN_POINT('',(4.75,-8.227241335952));
#3627 = CARTESIAN_POINT('',(-2.375,-4.113620667976));
#3628 = CARTESIAN_POINT('',(-9.5,-2.05159287889E-15));
#3629 = CARTESIAN_POINT('',(-2.375,4.113620667976));
#3630 = CARTESIAN_POINT('',(4.75,8.227241335952));
#3631 = CARTESIAN_POINT('',(4.75,-8.881784197001E-16));
#3632 = ( GEOMETRIC_REPRESENTATION_CONTEXT(2) 
PARAMETRIC_REPRESENTATION_CONTEXT() REPRESENTATION_CONTEXT('2D SPACE',''
  ) );
#3633 = ORIENTED_EDGE('',*,*,#3403,.T.);
#3634 = ORIENTED_EDGE('',*,*,#190,.T.);
#3635 = ADVANCED_FACE('',(#3636),#102,.F.);
#3636 = FACE_BOUND('',#3637,.T.);
#3637 = EDGE_LOOP('',(#3638,#3639,#3640,#3668,#3694,#3695));
#3638 = ORIENTED_EDGE('',*,*,#85,.T.);
#3639 = ORIENTED_EDGE('',*,*,#3286,.F.);
#3640 = ORIENTED_EDGE('',*,*,#3641,.T.);
#3641 = EDGE_CURVE('',#3287,#3642,#3644,.T.);
#3642 = VERTEX_POINT('',#3643);
#3643 = CARTESIAN_POINT('',(11.75,86.5,6.2));
#3644 = SURFACE_CURVE('',#3645,(#3650,#3657),.PCURVE_S1.);
#3645 = CIRCLE('',#3646,4.75);
#3646 = AXIS2_PLACEMENT_3D('',#3647,#3648,#3649);
#3647 = CARTESIAN_POINT('',(7.,86.5,6.2));
#3648 = DIRECTION('',(0.,0.,-1.));
#3649 = DIRECTION('',(1.,0.,0.));
#3650 = PCURVE('',#102,#3651);
#3651 = DEFINITIONAL_REPRESENTATION('',(#3652),#3656);
#3652 = LINE('',#3653,#3654);
#3653 = CARTESIAN_POINT('',(6.28318530718,-10.));
#3654 = VECTOR('',#3655,1.);
#3655 = DIRECTION('',(-1.,0.));
#3656 = ( GEOMETRIC_REPRESENTATION_CONTEXT(2) 
PARAMETRIC_REPRESENTATION_CONTEXT() REPRESENTATION_CONTEXT('2D SPACE',''
  ) );
#3657 = PCURVE('',#3323,#3658);
#3658 = DEFINITIONAL_REPRESENTATION('',(#3659),#3667);
#3659 = ( BOUNDED_CURVE() B_SPLINE_CURVE(2,(#3660,#3661,#3662,#3663,
#3664,#3665,#3666),.UNSPECIFIED.,.T.,.F.) B_SPLINE_CURVE_WITH_KNOTS((1,2
    ,2,2,2,1),(-2.094395102393,0.,2.094395102393,4.188790204786,
6.28318530718,8.377580409573),.UNSPECIFIED.) CURVE() 
GEOMETRIC_REPRESENTATION_ITEM() RATIONAL_B_SPLINE_CURVE((1.,0.5,1.,0.5,
1.,0.5,1.)) REPRESENTATION_ITEM('') );
#3660 = CARTESIAN_POINT('',(4.75,-8.881784197001E-16));
#3661 = CARTESIAN_POINT('',(4.75,-8.227241335952));
#3662 = CARTESIAN_POINT('',(-2.375,-4.113620667976));
#3663 = CARTESIAN_POINT('',(-9.5,-2.05159287889E-15));
#3664 = CARTESIAN_POINT('',(-2.375,4.113620667976));
#3665 = CARTESIAN_POINT('',(4.75,8.227241335952));
#3666 = CARTESIAN_POINT('',(4.75,-8.881784197001E-16));
#3667 = ( GEOMETRIC_REPRESENTATION_CONTEXT(2) 
PARAMETRIC_REPRESENTATION_CONTEXT() REPRESENTATION_CONTEXT('2D SPACE',''
  ) );
#3668 = ORIENTED_EDGE('',*,*,#3669,.T.);
#3669 = EDGE_CURVE('',#3642,#3309,#3670,.T.);
#3670 = SURFACE_CURVE('',#3671,(#3676,#3683),.PCURVE_S1.);
#3671 = CIRCLE('',#3672,4.75);
#3672 = AXIS2_PLACEMENT_3D('',#3673,#3674,#3675);
#3673 = CARTESIAN_POINT('',(7.,86.5,6.2));
#3674 = DIRECTION('',(0.,0.,-1.));
#3675 = DIRECTION('',(1.,0.,0.));
#3676 = PCURVE('',#102,#3677);
#3677 = DEFINITIONAL_REPRESENTATION('',(#3678),#3682);
#3678 = LINE('',#3679,#3680);
#3679 = CARTESIAN_POINT('',(-0.,-10.));
#3680 = VECTOR('',#3681,1.);
#3681 = DIRECTION('',(-1.,0.));
#3682 = ( GEOMETRIC_REPRESENTATION_CONTEXT(2) 
PARAMETRIC_REPRESENTATION_CONTEXT() REPRESENTATION_CONTEXT('2D SPACE',''
  ) );
#3683 = PCURVE('',#3323,#3684);
#3684 = DEFINITIONAL_REPRESENTATION('',(#3685),#3693);
#3685 = ( BOUNDED_CURVE() B_SPLINE_CURVE(2,(#3686,#3687,#3688,#3689,
#3690,#3691,#3692),.UNSPECIFIED.,.T.,.F.) B_SPLINE_CURVE_WITH_KNOTS((1,2
    ,2,2,2,1),(-2.094395102393,0.,2.094395102393,4.188790204786,
6.28318530718,8.377580409573),.UNSPECIFIED.) CURVE() 
GEOMETRIC_REPRESENTATION_ITEM() RATIONAL_B_SPLINE_CURVE((1.,0.5,1.,0.5,
1.,0.5,1.)) REPRESENTATION_ITEM('') );
#3686 = CARTESIAN_POINT('',(4.75,-8.881784197001E-16));
#3687 = CARTESIAN_POINT('',(4.75,-8.227241335952));
#3688 = CARTESIAN_POINT('',(-2.375,-4.113620667976));
#3689 = CARTESIAN_POINT('',(-9.5,-2.05159287889E-15));
#3690 = CARTESIAN_POINT('',(-2.375,4.113620667976));
#3691 = CARTESIAN_POINT('',(4.75,8.227241335952));
#3692 = CARTESIAN_POINT('',(4.75,-8.881784197001E-16));
#3693 = ( GEOMETRIC_REPRESENTATION_CONTEXT(2) 
PARAMETRIC_REPRESENTATION_CONTEXT() REPRESENTATION_CONTEXT('2D SPACE',''
  ) );
#3694 = ORIENTED_EDGE('',*,*,#3334,.T.);
#3695 = ORIENTED_EDGE('',*,*,#114,.T.);
#3696 = ADVANCED_FACE('',(#3697),#821,.F.);
#3697 = FACE_BOUND('',#3698,.T.);
#3698 = EDGE_LOOP('',(#3699,#3700,#3723,#3754));
#3699 = ORIENTED_EDGE('',*,*,#804,.T.);
#3700 = ORIENTED_EDGE('',*,*,#3701,.T.);
#3701 = EDGE_CURVE('',#805,#3702,#3704,.T.);
#3702 = VERTEX_POINT('',#3703);
#3703 = CARTESIAN_POINT('',(161.15,20.25,6.2));
#3704 = SEAM_CURVE('',#3705,(#3709,#3716),.PCURVE_S1.);
#3705 = LINE('',#3706,#3707);
#3706 = CARTESIAN_POINT('',(161.15,20.25,16.2));
#3707 = VECTOR('',#3708,1.);
#3708 = DIRECTION('',(0.,0.,-1.));
#3709 = PCURVE('',#821,#3710);
#3710 = DEFINITIONAL_REPRESENTATION('',(#3711),#3715);
#3711 = LINE('',#3712,#3713);
#3712 = CARTESIAN_POINT('',(-6.28318530718,0.));
#3713 = VECTOR('',#3714,1.);
#3714 = DIRECTION('',(-0.,-1.));
#3715 = ( GEOMETRIC_REPRESENTATION_CONTEXT(2) 
PARAMETRIC_REPRESENTATION_CONTEXT() REPRESENTATION_CONTEXT('2D SPACE',''
  ) );
#3716 = PCURVE('',#821,#3717);
#3717 = DEFINITIONAL_REPRESENTATION('',(#3718),#3722);
#3718 = LINE('',#3719,#3720);
#3719 = CARTESIAN_POINT('',(-0.,0.));
#3720 = VECTOR('',#3721,1.);
#3721 = DIRECTION('',(-0.,-1.));
#3722 = ( GEOMETRIC_REPRESENTATION_CONTEXT(2) 
PARAMETRIC_REPRESENTATION_CONTEXT() REPRESENTATION_CONTEXT('2D SPACE',''
  ) );
#3723 = ORIENTED_EDGE('',*,*,#3724,.T.);
#3724 = EDGE_CURVE('',#3702,#3702,#3725,.T.);
#3725 = SURFACE_CURVE('',#3726,(#3731,#3738),.PCURVE_S1.);
#3726 = CIRCLE('',#3727,4.75);
#3727 = AXIS2_PLACEMENT_3D('',#3728,#3729,#3730);
#3728 = CARTESIAN_POINT('',(156.4,20.25,6.2));
#3729 = DIRECTION('',(0.,0.,-1.));
#3730 = DIRECTION('',(1.,0.,0.));
#3731 = PCURVE('',#821,#3732);
#3732 = DEFINITIONAL_REPRESENTATION('',(#3733),#3737);
#3733 = LINE('',#3734,#3735);
#3734 = CARTESIAN_POINT('',(-0.,-10.));
#3735 = VECTOR('',#3736,1.);
#3736 = DIRECTION('',(-1.,0.));
#3737 = ( GEOMETRIC_REPRESENTATION_CONTEXT(2) 
PARAMETRIC_REPRESENTATION_CONTEXT() REPRESENTATION_CONTEXT('2D SPACE',''
  ) );
#3738 = PCURVE('',#3739,#3744);
#3739 = PLANE('',#3740);
#3740 = AXIS2_PLACEMENT_3D('',#3741,#3742,#3743);
#3741 = CARTESIAN_POINT('',(156.4,20.25,6.2));
#3742 = DIRECTION('',(0.,0.,1.));
#3743 = DIRECTION('',(1.,0.,0.));
#3744 = DEFINITIONAL_REPRESENTATION('',(#3745),#3753);
#3745 = ( BOUNDED_CURVE() B_SPLINE_CURVE(2,(#3746,#3747,#3748,#3749,
#3750,#3751,#3752),.UNSPECIFIED.,.T.,.F.) B_SPLINE_CURVE_WITH_KNOTS((1,2
    ,2,2,2,1),(-2.094395102393,0.,2.094395102393,4.188790204786,
6.28318530718,8.377580409573),.UNSPECIFIED.) CURVE() 
GEOMETRIC_REPRESENTATION_ITEM() RATIONAL_B_SPLINE_CURVE((1.,0.5,1.,0.5,
1.,0.5,1.)) REPRESENTATION_ITEM('') );
#3746 = CARTESIAN_POINT('',(4.75,3.552713678801E-15));
#3747 = CARTESIAN_POINT('',(4.75,-8.227241335952));
#3748 = CARTESIAN_POINT('',(-2.375,-4.113620667976));
#3749 = CARTESIAN_POINT('',(-9.5,2.389299219611E-15));
#3750 = CARTESIAN_POINT('',(-2.375,4.113620667976));
#3751 = CARTESIAN_POINT('',(4.75,8.227241335952));
#3752 = CARTESIAN_POINT('',(4.75,3.552713678801E-15));
#3753 = ( GEOMETRIC_REPRESENTATION_CONTEXT(2) 
PARAMETRIC_REPRESENTATION_CONTEXT() REPRESENTATION_CONTEXT('2D SPACE',''
  ) );
#3754 = ORIENTED_EDGE('',*,*,#3701,.F.);
#3755 = ADVANCED_FACE('',(#3756),#853,.F.);
#3756 = FACE_BOUND('',#3757,.T.);
#3757 = EDGE_LOOP('',(#3758,#3781,#3782,#3810,#3836,#3862,#3863,#3891,
    #3917,#3943,#3944,#3967,#4023,#4046,#4074,#4097));
#3758 = ORIENTED_EDGE('',*,*,#3759,.F.);
#3759 = EDGE_CURVE('',#836,#3760,#3762,.T.);
#3760 = VERTEX_POINT('',#3761);
#3761 = CARTESIAN_POINT('',(29.93933982822,112.06066017178,4.06066017178
    ));
#3762 = SURFACE_CURVE('',#3763,(#3767,#3774),.PCURVE_S1.);
#3763 = LINE('',#3764,#3765);
#3764 = CARTESIAN_POINT('',(47.,95.,-13.));
#3765 = VECTOR('',#3766,1.);
#3766 = DIRECTION('',(0.57735026919,-0.57735026919,-0.57735026919));
#3767 = PCURVE('',#853,#3768);
#3768 = DEFINITIONAL_REPRESENTATION('',(#3769),#3773);
#3769 = LINE('',#3770,#3771);
#3770 = CARTESIAN_POINT('',(-14.,24.748737341529));
#3771 = VECTOR('',#3772,1.);
#3772 = DIRECTION('',(-0.57735026919,0.816496580928));
#3773 = ( GEOMETRIC_REPRESENTATION_CONTEXT(2) 
PARAMETRIC_REPRESENTATION_CONTEXT() REPRESENTATION_CONTEXT('2D SPACE',''
  ) );
#3774 = PCURVE('',#881,#3775);
#3775 = DEFINITIONAL_REPRESENTATION('',(#3776),#3780);
#3776 = LINE('',#3777,#3778);
#3777 = CARTESIAN_POINT('',(-84.,24.748737341529));
#3778 = VECTOR('',#3779,1.);
#3779 = DIRECTION('',(0.57735026919,0.816496580928));
#3780 = ( GEOMETRIC_REPRESENTATION_CONTEXT(2) 
PARAMETRIC_REPRESENTATION_CONTEXT() REPRESENTATION_CONTEXT('2D SPACE',''
  ) );
#3781 = ORIENTED_EDGE('',*,*,#835,.T.);
#3782 = ORIENTED_EDGE('',*,*,#3783,.T.);
#3783 = EDGE_CURVE('',#838,#3784,#3786,.T.);
#3784 = VERTEX_POINT('',#3785);
#3785 = CARTESIAN_POINT('',(27.8,101.96867077323,6.2));
#3786 = SURFACE_CURVE('',#3787,(#3792,#3799),.PCURVE_S1.);
#3787 = ELLIPSE('',#3788,6.717514421272,4.75);
#3788 = AXIS2_PLACEMENT_3D('',#3789,#3790,#3791);
#3789 = CARTESIAN_POINT('',(23.6,99.75,10.4));
#3790 = DIRECTION('',(-0.707106781187,0.,-0.707106781187));
#3791 = DIRECTION('',(-0.707106781187,0.,0.707106781187));
#3792 = PCURVE('',#853,#3793);
#3793 = DEFINITIONAL_REPRESENTATION('',(#3794),#3798);
#3794 = ELLIPSE('',#3795,6.717514421272,4.75);
#3795 = AXIS2_PLACEMENT_2D('',#3796,#3797);
#3796 = CARTESIAN_POINT('',(-9.25,-8.343860018001));
#3797 = DIRECTION('',(-0.,-1.));
#3798 = ( GEOMETRIC_REPRESENTATION_CONTEXT(2) 
PARAMETRIC_REPRESENTATION_CONTEXT() REPRESENTATION_CONTEXT('2D SPACE',''
  ) );
#3799 = PCURVE('',#1373,#3800);
#3800 = DEFINITIONAL_REPRESENTATION('',(#3801),#3809);
#3801 = B_SPLINE_CURVE_WITH_KNOTS('',6,(#3802,#3803,#3804,#3805,#3806,
    #3807,#3808),.UNSPECIFIED.,.F.,.F.,(7,7),(1.936808639577,
    2.655805523846),.PIECEWISE_BEZIER_KNOTS.);
#3802 = CARTESIAN_POINT('',(-5.078401293167,-7.5));
#3803 = CARTESIAN_POINT('',(-5.198234107212,-8.03150277337));
#3804 = CARTESIAN_POINT('',(-5.318066921257,-8.533710928667));
#3805 = CARTESIAN_POINT('',(-5.437899735301,-8.992889344103));
#3806 = CARTESIAN_POINT('',(-5.557732549346,-9.396550500924));
#3807 = CARTESIAN_POINT('',(-5.677565363391,-9.73469679612));
#3808 = CARTESIAN_POINT('',(-5.797398177436,-10.00046161594));
#3809 = ( GEOMETRIC_REPRESENTATION_CONTEXT(2) 
PARAMETRIC_REPRESENTATION_CONTEXT() REPRESENTATION_CONTEXT('2D SPACE',''
  ) );
#3810 = ORIENTED_EDGE('',*,*,#3811,.T.);
#3811 = EDGE_CURVE('',#3784,#3812,#3814,.T.);
#3812 = VERTEX_POINT('',#3813);
#3813 = CARTESIAN_POINT('',(27.8,97.531329226767,6.2));
#3814 = SURFACE_CURVE('',#3815,(#3819,#3825),.PCURVE_S1.);
#3815 = LINE('',#3816,#3817);
#3816 = CARTESIAN_POINT('',(27.8,104.375,6.2));
#3817 = VECTOR('',#3818,1.);
#3818 = DIRECTION('',(0.,-1.,0.));
#3819 = PCURVE('',#853,#3820);
#3820 = DEFINITIONAL_REPRESENTATION('',(#3821),#3824);
#3821 = B_SPLINE_CURVE_WITH_KNOTS('',1,(#3822,#3823),.UNSPECIFIED.,.F.,
  .F.,(2,2),(-0.125,9.375),.PIECEWISE_BEZIER_KNOTS.);
#3822 = CARTESIAN_POINT('',(-4.5,-2.404163056034));
#3823 = CARTESIAN_POINT('',(-14.,-2.404163056034));
#3824 = ( GEOMETRIC_REPRESENTATION_CONTEXT(2) 
PARAMETRIC_REPRESENTATION_CONTEXT() REPRESENTATION_CONTEXT('2D SPACE',''
  ) );
#3825 = PCURVE('',#3826,#3831);
#3826 = PLANE('',#3827);
#3827 = AXIS2_PLACEMENT_3D('',#3828,#3829,#3830);
#3828 = CARTESIAN_POINT('',(23.6,99.75,6.2));
#3829 = DIRECTION('',(0.,0.,1.));
#3830 = DIRECTION('',(1.,0.,0.));
#3831 = DEFINITIONAL_REPRESENTATION('',(#3832),#3835);
#3832 = B_SPLINE_CURVE_WITH_KNOTS('',1,(#3833,#3834),.UNSPECIFIED.,.F.,
  .F.,(2,2),(-0.125,9.375),.PIECEWISE_BEZIER_KNOTS.);
#3833 = CARTESIAN_POINT('',(4.2,4.75));
#3834 = CARTESIAN_POINT('',(4.2,-4.75));
#3835 = ( GEOMETRIC_REPRESENTATION_CONTEXT(2) 
PARAMETRIC_REPRESENTATION_CONTEXT() REPRESENTATION_CONTEXT('2D SPACE',''
  ) );
#3836 = ORIENTED_EDGE('',*,*,#3837,.T.);
#3837 = EDGE_CURVE('',#3812,#1336,#3838,.T.);
#3838 = SURFACE_CURVE('',#3839,(#3844,#3851),.PCURVE_S1.);
#3839 = ELLIPSE('',#3840,6.717514421272,4.75);
#3840 = AXIS2_PLACEMENT_3D('',#3841,#3842,#3843);
#3841 = CARTESIAN_POINT('',(23.6,99.75,10.4));
#3842 = DIRECTION('',(-0.707106781187,0.,-0.707106781187));
#3843 = DIRECTION('',(-0.707106781187,0.,0.707106781187));
#3844 = PCURVE('',#853,#3845);
#3845 = DEFINITIONAL_REPRESENTATION('',(#3846),#3850);
#3846 = ELLIPSE('',#3847,6.717514421272,4.75);
#3847 = AXIS2_PLACEMENT_2D('',#3848,#3849);
#3848 = CARTESIAN_POINT('',(-9.25,-8.343860018001));
#3849 = DIRECTION('',(-0.,-1.));
#3850 = ( GEOMETRIC_REPRESENTATION_CONTEXT(2) 
PARAMETRIC_REPRESENTATION_CONTEXT() REPRESENTATION_CONTEXT('2D SPACE',''
  ) );
#3851 = PCURVE('',#1373,#3852);
#3852 = DEFINITIONAL_REPRESENTATION('',(#3853),#3861);
#3853 = B_SPLINE_CURVE_WITH_KNOTS('',6,(#3854,#3855,#3856,#3857,#3858,
    #3859,#3860),.UNSPECIFIED.,.F.,.F.,(7,7),(3.627379783333,
    4.346376667603),.PIECEWISE_BEZIER_KNOTS.);
#3854 = CARTESIAN_POINT('',(-0.485787129743,-10.00046161594));
#3855 = CARTESIAN_POINT('',(-0.605619943788,-9.73469679612));
#3856 = CARTESIAN_POINT('',(-0.725452757833,-9.396550500924));
#3857 = CARTESIAN_POINT('',(-0.845285571878,-8.992889344104));
#3858 = CARTESIAN_POINT('',(-0.965118385923,-8.533710928667));
#3859 = CARTESIAN_POINT('',(-1.084951199968,-8.03150277337));
#3860 = CARTESIAN_POINT('',(-1.204784014013,-7.5));
#3861 = ( GEOMETRIC_REPRESENTATION_CONTEXT(2) 
PARAMETRIC_REPRESENTATION_CONTEXT() REPRESENTATION_CONTEXT('2D SPACE',''
  ) );
#3862 = ORIENTED_EDGE('',*,*,#1335,.T.);
#3863 = ORIENTED_EDGE('',*,*,#3864,.T.);
#3864 = EDGE_CURVE('',#1307,#3865,#3867,.T.);
#3865 = VERTEX_POINT('',#3866);
#3866 = CARTESIAN_POINT('',(27.8,22.468670773233,6.2));
#3867 = SURFACE_CURVE('',#3868,(#3873,#3880),.PCURVE_S1.);
#3868 = ELLIPSE('',#3869,6.717514421272,4.75);
#3869 = AXIS2_PLACEMENT_3D('',#3870,#3871,#3872);
#3870 = CARTESIAN_POINT('',(23.6,20.25,10.4));
#3871 = DIRECTION('',(-0.707106781187,0.,-0.707106781187));
#3872 = DIRECTION('',(-0.707106781187,0.,0.707106781187));
#3873 = PCURVE('',#853,#3874);
#3874 = DEFINITIONAL_REPRESENTATION('',(#3875),#3879);
#3875 = ELLIPSE('',#3876,6.717514421272,4.75);
#3876 = AXIS2_PLACEMENT_2D('',#3877,#3878);
#3877 = CARTESIAN_POINT('',(-88.75,-8.343860018001));
#3878 = DIRECTION('',(-0.,-1.));
#3879 = ( GEOMETRIC_REPRESENTATION_CONTEXT(2) 
PARAMETRIC_REPRESENTATION_CONTEXT() REPRESENTATION_CONTEXT('2D SPACE',''
  ) );
#3880 = PCURVE('',#1323,#3881);
#3881 = DEFINITIONAL_REPRESENTATION('',(#3882),#3890);
#3882 = B_SPLINE_CURVE_WITH_KNOTS('',6,(#3883,#3884,#3885,#3886,#3887,
    #3888,#3889),.UNSPECIFIED.,.F.,.F.,(7,7),(1.936808639577,
    2.655805523846),.PIECEWISE_BEZIER_KNOTS.);
#3883 = CARTESIAN_POINT('',(-5.078401293167,-7.5));
#3884 = CARTESIAN_POINT('',(-5.198234107212,-8.03150277337));
#3885 = CARTESIAN_POINT('',(-5.318066921257,-8.533710928667));
#3886 = CARTESIAN_POINT('',(-5.437899735301,-8.992889344104));
#3887 = CARTESIAN_POINT('',(-5.557732549346,-9.396550500923));
#3888 = CARTESIAN_POINT('',(-5.677565363391,-9.73469679612));
#3889 = CARTESIAN_POINT('',(-5.797398177436,-10.00046161594));
#3890 = ( GEOMETRIC_REPRESENTATION_CONTEXT(2) 
PARAMETRIC_REPRESENTATION_CONTEXT() REPRESENTATION_CONTEXT('2D SPACE',''
  ) );
#3891 = ORIENTED_EDGE('',*,*,#3892,.T.);
#3892 = EDGE_CURVE('',#3865,#3893,#3895,.T.);
#3893 = VERTEX_POINT('',#3894);
#3894 = CARTESIAN_POINT('',(27.8,18.031329226767,6.2));
#3895 = SURFACE_CURVE('',#3896,(#3900,#3906),.PCURVE_S1.);
#3896 = LINE('',#3897,#3898);
#3897 = CARTESIAN_POINT('',(27.8,64.625,6.2));
#3898 = VECTOR('',#3899,1.);
#3899 = DIRECTION('',(0.,-1.,0.));
#3900 = PCURVE('',#853,#3901);
#3901 = DEFINITIONAL_REPRESENTATION('',(#3902),#3905);
#3902 = B_SPLINE_CURVE_WITH_KNOTS('',1,(#3903,#3904),.UNSPECIFIED.,.F.,
  .F.,(2,2),(39.625,49.125),.PIECEWISE_BEZIER_KNOTS.);
#3903 = CARTESIAN_POINT('',(-84.,-2.404163056034));
#3904 = CARTESIAN_POINT('',(-93.5,-2.404163056034));
#3905 = ( GEOMETRIC_REPRESENTATION_CONTEXT(2) 
PARAMETRIC_REPRESENTATION_CONTEXT() REPRESENTATION_CONTEXT('2D SPACE',''
  ) );
#3906 = PCURVE('',#3907,#3912);
#3907 = PLANE('',#3908);
#3908 = AXIS2_PLACEMENT_3D('',#3909,#3910,#3911);
#3909 = CARTESIAN_POINT('',(23.6,20.25,6.2));
#3910 = DIRECTION('',(0.,0.,1.));
#3911 = DIRECTION('',(1.,0.,0.));
#3912 = DEFINITIONAL_REPRESENTATION('',(#3913),#3916);
#3913 = B_SPLINE_CURVE_WITH_KNOTS('',1,(#3914,#3915),.UNSPECIFIED.,.F.,
  .F.,(2,2),(39.625,49.125),.PIECEWISE_BEZIER_KNOTS.);
#3914 = CARTESIAN_POINT('',(4.2,4.75));
#3915 = CARTESIAN_POINT('',(4.2,-4.75));
#3916 = ( GEOMETRIC_REPRESENTATION_CONTEXT(2) 
PARAMETRIC_REPRESENTATION_CONTEXT() REPRESENTATION_CONTEXT('2D SPACE',''
  ) );
#3917 = ORIENTED_EDGE('',*,*,#3918,.T.);
#3918 = EDGE_CURVE('',#3893,#1284,#3919,.T.);
#3919 = SURFACE_CURVE('',#3920,(#3925,#3932),.PCURVE_S1.);
#3920 = ELLIPSE('',#3921,6.717514421272,4.75);
#3921 = AXIS2_PLACEMENT_3D('',#3922,#3923,#3924);
#3922 = CARTESIAN_POINT('',(23.6,20.25,10.4));
#3923 = DIRECTION('',(-0.707106781187,0.,-0.707106781187));
#3924 = DIRECTION('',(-0.707106781187,0.,0.707106781187));
#3925 = PCURVE('',#853,#3926);
#3926 = DEFINITIONAL_REPRESENTATION('',(#3927),#3931);
#3927 = ELLIPSE('',#3928,6.717514421272,4.75);
#3928 = AXIS2_PLACEMENT_2D('',#3929,#3930);
#3929 = CARTESIAN_POINT('',(-88.75,-8.343860018001));
#3930 = DIRECTION('',(-0.,-1.));
#3931 = ( GEOMETRIC_REPRESENTATION_CONTEXT(2) 
PARAMETRIC_REPRESENTATION_CONTEXT() REPRESENTATION_CONTEXT('2D SPACE',''
  ) );
#3932 = PCURVE('',#1323,#3933);
#3933 = DEFINITIONAL_REPRESENTATION('',(#3934),#3942);
#3934 = B_SPLINE_CURVE_WITH_KNOTS('',6,(#3935,#3936,#3937,#3938,#3939,
    #3940,#3941),.UNSPECIFIED.,.F.,.F.,(7,7),(3.627379783333,
    4.346376667603),.PIECEWISE_BEZIER_KNOTS.);
#3935 = CARTESIAN_POINT('',(-0.485787129743,-10.00046161594));
#3936 = CARTESIAN_POINT('',(-0.605619943788,-9.73469679612));
#3937 = CARTESIAN_POINT('',(-0.725452757833,-9.396550500924));
#3938 = CARTESIAN_POINT('',(-0.845285571878,-8.992889344104));
#3939 = CARTESIAN_POINT('',(-0.965118385923,-8.533710928667));
#3940 = CARTESIAN_POINT('',(-1.084951199968,-8.03150277337));
#3941 = CARTESIAN_POINT('',(-1.204784014013,-7.5));
#3942 = ( GEOMETRIC_REPRESENTATION_CONTEXT(2) 
PARAMETRIC_REPRESENTATION_CONTEXT() REPRESENTATION_CONTEXT('2D SPACE',''
  ) );
#3943 = ORIENTED_EDGE('',*,*,#1283,.T.);
#3944 = ORIENTED_EDGE('',*,*,#3945,.T.);
#3945 = EDGE_CURVE('',#1256,#3946,#3948,.T.);
#3946 = VERTEX_POINT('',#3947);
#3947 = CARTESIAN_POINT('',(29.93933982822,7.93933982822,4.06066017178)
  );
#3948 = SURFACE_CURVE('',#3949,(#3953,#3960),.PCURVE_S1.);
#3949 = LINE('',#3950,#3951);
#3950 = CARTESIAN_POINT('',(47.,25.,-13.));
#3951 = VECTOR('',#3952,1.);
#3952 = DIRECTION('',(0.57735026919,0.57735026919,-0.57735026919));
#3953 = PCURVE('',#853,#3954);
#3954 = DEFINITIONAL_REPRESENTATION('',(#3955),#3959);
#3955 = LINE('',#3956,#3957);
#3956 = CARTESIAN_POINT('',(-84.,24.748737341529));
#3957 = VECTOR('',#3958,1.);
#3958 = DIRECTION('',(0.57735026919,0.816496580928));
#3959 = ( GEOMETRIC_REPRESENTATION_CONTEXT(2) 
PARAMETRIC_REPRESENTATION_CONTEXT() REPRESENTATION_CONTEXT('2D SPACE',''
  ) );
#3960 = PCURVE('',#1271,#3961);
#3961 = DEFINITIONAL_REPRESENTATION('',(#3962),#3966);
#3962 = LINE('',#3963,#3964);
#3963 = CARTESIAN_POINT('',(-14.,24.748737341529));
#3964 = VECTOR('',#3965,1.);
#3965 = DIRECTION('',(-0.57735026919,0.816496580928));
#3966 = ( GEOMETRIC_REPRESENTATION_CONTEXT(2) 
PARAMETRIC_REPRESENTATION_CONTEXT() REPRESENTATION_CONTEXT('2D SPACE',''
  ) );
#3967 = ORIENTED_EDGE('',*,*,#3968,.T.);
#3968 = EDGE_CURVE('',#3946,#3969,#3971,.T.);
#3969 = VERTEX_POINT('',#3970);
#3970 = CARTESIAN_POINT('',(32.06066017178,10.06066017178,1.93933982822)
  );
#3971 = SURFACE_CURVE('',#3972,(#3977,#3984),.PCURVE_S1.);
#3972 = ELLIPSE('',#3973,2.12132034356,1.5);
#3973 = AXIS2_PLACEMENT_3D('',#3974,#3975,#3976);
#3974 = CARTESIAN_POINT('',(31.,9.,3.));
#3975 = DIRECTION('',(-0.707106781187,0.,-0.707106781187));
#3976 = DIRECTION('',(-0.707106781187,0.,0.707106781187));
#3977 = PCURVE('',#853,#3978);
#3978 = DEFINITIONAL_REPRESENTATION('',(#3979),#3983);
#3979 = ELLIPSE('',#3980,2.12132034356,1.5);
#3980 = AXIS2_PLACEMENT_2D('',#3981,#3982);
#3981 = CARTESIAN_POINT('',(-100.,2.12132034356));
#3982 = DIRECTION('',(-0.,-1.));
#3983 = ( GEOMETRIC_REPRESENTATION_CONTEXT(2) 
PARAMETRIC_REPRESENTATION_CONTEXT() REPRESENTATION_CONTEXT('2D SPACE',''
  ) );
#3984 = PCURVE('',#3985,#3990);
#3985 = CYLINDRICAL_SURFACE('',#3986,1.5);
#3986 = AXIS2_PLACEMENT_3D('',#3987,#3988,#3989);
#3987 = CARTESIAN_POINT('',(31.,9.,15.2));
#3988 = DIRECTION('',(0.,0.,1.));
#3989 = DIRECTION('',(1.,0.,0.));
#3990 = DEFINITIONAL_REPRESENTATION('',(#3991),#4022);
#3991 = B_SPLINE_CURVE_WITH_KNOTS('',8,(#3992,#3993,#3994,#3995,#3996,
    #3997,#3998,#3999,#4000,#4001,#4002,#4003,#4004,#4005,#4006,#4007,
    #4008,#4009,#4010,#4011,#4012,#4013,#4014,#4015,#4016,#4017,#4018,
    #4019,#4020,#4021),.UNSPECIFIED.,.F.,.F.,(9,7,7,7,9),(3.14159265359,
    4.712388980385,7.068583470577,8.246680715673,9.424777960769),
  .UNSPECIFIED.);
#3992 = CARTESIAN_POINT('',(0.,-13.7));
#3993 = CARTESIAN_POINT('',(-0.196349540849,-13.7));
#3994 = CARTESIAN_POINT('',(-0.392699081699,-13.63390774331));
#3995 = CARTESIAN_POINT('',(-0.589048622548,-13.50173121974));
#3996 = CARTESIAN_POINT('',(-0.785398163397,-13.3088819978));
#3997 = CARTESIAN_POINT('',(-0.981747704247,-13.06627404628));
#3998 = CARTESIAN_POINT('',(-1.178097245096,-12.78904759745));
#3999 = CARTESIAN_POINT('',(-1.374446785946,-12.49452431127));
#4000 = CARTESIAN_POINT('',(-1.865320638069,-11.75821353308));
#4001 = CARTESIAN_POINT('',(-2.159844949339,-11.31642546527));
#4002 = CARTESIAN_POINT('',(-2.454369260631,-10.93304724846));
#4003 = CARTESIAN_POINT('',(-2.748893571867,-10.66640552006));
#4004 = CARTESIAN_POINT('',(-3.043417883178,-10.55890660006));
#4005 = CARTESIAN_POINT('',(-3.337942194435,-10.61971080908));
#4006 = CARTESIAN_POINT('',(-3.632466505713,-10.82694962163));
#4007 = CARTESIAN_POINT('',(-4.074252972624,-11.29553493151));
#4008 = CARTESIAN_POINT('',(-4.221515128261,-11.47801764651));
#4009 = CARTESIAN_POINT('',(-4.368777283899,-11.68162615083));
#4010 = CARTESIAN_POINT('',(-4.516039439536,-11.89998360612));
#4011 = CARTESIAN_POINT('',(-4.663301595173,-12.12585255954));
#4012 = CARTESIAN_POINT('',(-4.81056375081,-12.35164096483));
#4013 = CARTESIAN_POINT('',(-4.957825906446,-12.56994641128));
#4014 = CARTESIAN_POINT('',(-5.25235021772,-12.9781038858));
#4015 = CARTESIAN_POINT('',(-5.399612373358,-13.1679557645));
#4016 = CARTESIAN_POINT('',(-5.546874528996,-13.33683773522));
#4017 = CARTESIAN_POINT('',(-5.694136684634,-13.47866165845));
#4018 = CARTESIAN_POINT('',(-5.84139884027,-13.58847178227));
#4019 = CARTESIAN_POINT('',(-5.988660995906,-13.66282362215));
#4020 = CARTESIAN_POINT('',(-6.135923151543,-13.7));
#4021 = CARTESIAN_POINT('',(-6.28318530718,-13.7));
#4022 = ( GEOMETRIC_REPRESENTATION_CONTEXT(2) 
PARAMETRIC_REPRESENTATION_CONTEXT() REPRESENTATION_CONTEXT('2D SPACE',''
  ) );
#4023 = ORIENTED_EDGE('',*,*,#4024,.T.);
#4024 = EDGE_CURVE('',#3969,#4025,#4027,.T.);
#4025 = VERTEX_POINT('',#4026);
#4026 = CARTESIAN_POINT('',(33.,11.,1.));
#4027 = SURFACE_CURVE('',#4028,(#4032,#4039),.PCURVE_S1.);
#4028 = LINE('',#4029,#4030);
#4029 = CARTESIAN_POINT('',(47.,25.,-13.));
#4030 = VECTOR('',#4031,1.);
#4031 = DIRECTION('',(0.57735026919,0.57735026919,-0.57735026919));
#4032 = PCURVE('',#853,#4033);
#4033 = DEFINITIONAL_REPRESENTATION('',(#4034),#4038);
#4034 = LINE('',#4035,#4036);
#4035 = CARTESIAN_POINT('',(-84.,24.748737341529));
#4036 = VECTOR('',#4037,1.);
#4037 = DIRECTION('',(0.57735026919,0.816496580928));
#4038 = ( GEOMETRIC_REPRESENTATION_CONTEXT(2) 
PARAMETRIC_REPRESENTATION_CONTEXT() REPRESENTATION_CONTEXT('2D SPACE',''
  ) );
#4039 = PCURVE('',#1271,#4040);
#4040 = DEFINITIONAL_REPRESENTATION('',(#4041),#4045);
#4041 = LINE('',#4042,#4043);
#4042 = CARTESIAN_POINT('',(-14.,24.748737341529));
#4043 = VECTOR('',#4044,1.);
#4044 = DIRECTION('',(-0.57735026919,0.816496580928));
#4045 = ( GEOMETRIC_REPRESENTATION_CONTEXT(2) 
PARAMETRIC_REPRESENTATION_CONTEXT() REPRESENTATION_CONTEXT('2D SPACE',''
  ) );
#4046 = ORIENTED_EDGE('',*,*,#4047,.F.);
#4047 = EDGE_CURVE('',#4048,#4025,#4050,.T.);
#4048 = VERTEX_POINT('',#4049);
#4049 = CARTESIAN_POINT('',(33.,109.,1.));
#4050 = SURFACE_CURVE('',#4051,(#4055,#4062),.PCURVE_S1.);
#4051 = LINE('',#4052,#4053);
#4052 = CARTESIAN_POINT('',(33.,109.,1.));
#4053 = VECTOR('',#4054,1.);
#4054 = DIRECTION('',(0.,-1.,0.));
#4055 = PCURVE('',#853,#4056);
#4056 = DEFINITIONAL_REPRESENTATION('',(#4057),#4061);
#4057 = LINE('',#4058,#4059);
#4058 = CARTESIAN_POINT('',(-0.,4.949747468306));
#4059 = VECTOR('',#4060,1.);
#4060 = DIRECTION('',(-1.,0.));
#4061 = ( GEOMETRIC_REPRESENTATION_CONTEXT(2) 
PARAMETRIC_REPRESENTATION_CONTEXT() REPRESENTATION_CONTEXT('2D SPACE',''
  ) );
#4062 = PCURVE('',#4063,#4068);
#4063 = PLANE('',#4064);
#4064 = AXIS2_PLACEMENT_3D('',#4065,#4066,#4067);
#4065 = CARTESIAN_POINT('',(33.,109.,8.));
#4066 = DIRECTION('',(-1.,0.,0.));
#4067 = DIRECTION('',(0.,-1.,0.));
#4068 = DEFINITIONAL_REPRESENTATION('',(#4069),#4073);
#4069 = LINE('',#4070,#4071);
#4070 = CARTESIAN_POINT('',(0.,-7.));
#4071 = VECTOR('',#4072,1.);
#4072 = DIRECTION('',(1.,0.));
#4073 = ( GEOMETRIC_REPRESENTATION_CONTEXT(2) 
PARAMETRIC_REPRESENTATION_CONTEXT() REPRESENTATION_CONTEXT('2D SPACE',''
  ) );
#4074 = ORIENTED_EDGE('',*,*,#4075,.F.);
#4075 = EDGE_CURVE('',#4076,#4048,#4078,.T.);
#4076 = VERTEX_POINT('',#4077);
#4077 = CARTESIAN_POINT('',(32.06066017178,109.93933982822,1.93933982822
    ));
#4078 = SURFACE_CURVE('',#4079,(#4083,#4090),.PCURVE_S1.);
#4079 = LINE('',#4080,#4081);
#4080 = CARTESIAN_POINT('',(47.,95.,-13.));
#4081 = VECTOR('',#4082,1.);
#4082 = DIRECTION('',(0.57735026919,-0.57735026919,-0.57735026919));
#4083 = PCURVE('',#853,#4084);
#4084 = DEFINITIONAL_REPRESENTATION('',(#4085),#4089);
#4085 = LINE('',#4086,#4087);
#4086 = CARTESIAN_POINT('',(-14.,24.748737341529));
#4087 = VECTOR('',#4088,1.);
#4088 = DIRECTION('',(-0.57735026919,0.816496580928));
#4089 = ( GEOMETRIC_REPRESENTATION_CONTEXT(2) 
PARAMETRIC_REPRESENTATION_CONTEXT() REPRESENTATION_CONTEXT('2D SPACE',''
  ) );
#4090 = PCURVE('',#881,#4091);
#4091 = DEFINITIONAL_REPRESENTATION('',(#4092),#4096);
#4092 = LINE('',#4093,#4094);
#4093 = CARTESIAN_POINT('',(-84.,24.748737341529));
#4094 = VECTOR('',#4095,1.);
#4095 = DIRECTION('',(0.57735026919,0.816496580928));
#4096 = ( GEOMETRIC_REPRESENTATION_CONTEXT(2) 
PARAMETRIC_REPRESENTATION_CONTEXT() REPRESENTATION_CONTEXT('2D SPACE',''
  ) );
#4097 = ORIENTED_EDGE('',*,*,#4098,.T.);
#4098 = EDGE_CURVE('',#4076,#3760,#4099,.T.);
#4099 = SURFACE_CURVE('',#4100,(#4105,#4112),.PCURVE_S1.);
#4100 = ELLIPSE('',#4101,2.12132034356,1.5);
#4101 = AXIS2_PLACEMENT_3D('',#4102,#4103,#4104);
#4102 = CARTESIAN_POINT('',(31.,111.,3.));
#4103 = DIRECTION('',(-0.707106781187,0.,-0.707106781187));
#4104 = DIRECTION('',(-0.707106781187,0.,0.707106781187));
#4105 = PCURVE('',#853,#4106);
#4106 = DEFINITIONAL_REPRESENTATION('',(#4107),#4111);
#4107 = ELLIPSE('',#4108,2.12132034356,1.5);
#4108 = AXIS2_PLACEMENT_2D('',#4109,#4110);
#4109 = CARTESIAN_POINT('',(2.,2.12132034356));
#4110 = DIRECTION('',(-0.,-1.));
#4111 = ( GEOMETRIC_REPRESENTATION_CONTEXT(2) 
PARAMETRIC_REPRESENTATION_CONTEXT() REPRESENTATION_CONTEXT('2D SPACE',''
  ) );
#4112 = PCURVE('',#4113,#4118);
#4113 = CYLINDRICAL_SURFACE('',#4114,1.5);
#4114 = AXIS2_PLACEMENT_3D('',#4115,#4116,#4117);
#4115 = CARTESIAN_POINT('',(31.,111.,15.2));
#4116 = DIRECTION('',(0.,0.,1.));
#4117 = DIRECTION('',(1.,0.,0.));
#4118 = DEFINITIONAL_REPRESENTATION('',(#4119),#4150);
#4119 = B_SPLINE_CURVE_WITH_KNOTS('',8,(#4120,#4121,#4122,#4123,#4124,
    #4125,#4126,#4127,#4128,#4129,#4130,#4131,#4132,#4133,#4134,#4135,
    #4136,#4137,#4138,#4139,#4140,#4141,#4142,#4143,#4144,#4145,#4146,
    #4147,#4148,#4149),.UNSPECIFIED.,.F.,.F.,(9,7,7,7,9),(3.14159265359,
    4.712388980385,7.068583470577,8.246680715673,9.424777960769),
  .UNSPECIFIED.);
#4120 = CARTESIAN_POINT('',(0.,-13.7));
#4121 = CARTESIAN_POINT('',(-0.196349540849,-13.7));
#4122 = CARTESIAN_POINT('',(-0.392699081699,-13.63390774331));
#4123 = CARTESIAN_POINT('',(-0.589048622548,-13.50173121974));
#4124 = CARTESIAN_POINT('',(-0.785398163397,-13.3088819978));
#4125 = CARTESIAN_POINT('',(-0.981747704247,-13.06627404628));
#4126 = CARTESIAN_POINT('',(-1.178097245096,-12.78904759745));
#4127 = CARTESIAN_POINT('',(-1.374446785946,-12.49452431127));
#4128 = CARTESIAN_POINT('',(-1.865320638069,-11.75821353308));
#4129 = CARTESIAN_POINT('',(-2.159844949337,-11.31642546527));
#4130 = CARTESIAN_POINT('',(-2.454369260631,-10.93304724846));
#4131 = CARTESIAN_POINT('',(-2.748893571859,-10.66640552006));
#4132 = CARTESIAN_POINT('',(-3.043417883178,-10.55890660006));
#4133 = CARTESIAN_POINT('',(-3.337942194433,-10.61971080908));
#4134 = CARTESIAN_POINT('',(-3.632466505713,-10.82694962163));
#4135 = CARTESIAN_POINT('',(-4.074252972624,-11.29553493151));
#4136 = CARTESIAN_POINT('',(-4.22151512826,-11.47801764651));
#4137 = CARTESIAN_POINT('',(-4.368777283899,-11.68162615083));
#4138 = CARTESIAN_POINT('',(-4.516039439535,-11.89998360612));
#4139 = CARTESIAN_POINT('',(-4.663301595172,-12.12585255954));
#4140 = CARTESIAN_POINT('',(-4.81056375081,-12.35164096483));
#4141 = CARTESIAN_POINT('',(-4.957825906446,-12.56994641128));
#4142 = CARTESIAN_POINT('',(-5.25235021772,-12.9781038858));
#4143 = CARTESIAN_POINT('',(-5.399612373358,-13.1679557645));
#4144 = CARTESIAN_POINT('',(-5.546874528994,-13.33683773522));
#4145 = CARTESIAN_POINT('',(-5.694136684631,-13.47866165845));
#4146 = CARTESIAN_POINT('',(-5.841398840269,-13.58847178227));
#4147 = CARTESIAN_POINT('',(-5.988660995905,-13.66282362215));
#4148 = CARTESIAN_POINT('',(-6.135923151543,-13.7));
#4149 = CARTESIAN_POINT('',(-6.28318530718,-13.7));
#4150 = ( GEOMETRIC_REPRESENTATION_CONTEXT(2) 
PARAMETRIC_REPRESENTATION_CONTEXT() REPRESENTATION_CONTEXT('2D SPACE',''
  ) );
#4151 = ADVANCED_FACE('',(#4152),#1373,.F.);
#4152 = FACE_BOUND('',#4153,.T.);
#4153 = EDGE_LOOP('',(#4154,#4155,#4181,#4182));
#4154 = ORIENTED_EDGE('',*,*,#3837,.F.);
#4155 = ORIENTED_EDGE('',*,*,#4156,.T.);
#4156 = EDGE_CURVE('',#3812,#3784,#4157,.T.);
#4157 = SURFACE_CURVE('',#4158,(#4163,#4170),.PCURVE_S1.);
#4158 = CIRCLE('',#4159,4.75);
#4159 = AXIS2_PLACEMENT_3D('',#4160,#4161,#4162);
#4160 = CARTESIAN_POINT('',(23.6,99.75,6.2));
#4161 = DIRECTION('',(0.,0.,-1.));
#4162 = DIRECTION('',(1.,0.,0.));
#4163 = PCURVE('',#1373,#4164);
#4164 = DEFINITIONAL_REPRESENTATION('',(#4165),#4169);
#4165 = LINE('',#4166,#4167);
#4166 = CARTESIAN_POINT('',(-0.,-10.));
#4167 = VECTOR('',#4168,1.);
#4168 = DIRECTION('',(-1.,0.));
#4169 = ( GEOMETRIC_REPRESENTATION_CONTEXT(2) 
PARAMETRIC_REPRESENTATION_CONTEXT() REPRESENTATION_CONTEXT('2D SPACE',''
  ) );
#4170 = PCURVE('',#3826,#4171);
#4171 = DEFINITIONAL_REPRESENTATION('',(#4172),#4180);
#4172 = ( BOUNDED_CURVE() B_SPLINE_CURVE(2,(#4173,#4174,#4175,#4176,
#4177,#4178,#4179),.UNSPECIFIED.,.T.,.F.) B_SPLINE_CURVE_WITH_KNOTS((1,2
    ,2,2,2,1),(-2.094395102393,0.,2.094395102393,4.188790204786,
6.28318530718,8.377580409573),.UNSPECIFIED.) CURVE() 
GEOMETRIC_REPRESENTATION_ITEM() RATIONAL_B_SPLINE_CURVE((1.,0.5,1.,0.5,
1.,0.5,1.)) REPRESENTATION_ITEM('') );
#4173 = CARTESIAN_POINT('',(4.75,3.552713678801E-15));
#4174 = CARTESIAN_POINT('',(4.75,-8.227241335952));
#4175 = CARTESIAN_POINT('',(-2.375,-4.113620667976));
#4176 = CARTESIAN_POINT('',(-9.5,2.389299219611E-15));
#4177 = CARTESIAN_POINT('',(-2.375,4.113620667976));
#4178 = CARTESIAN_POINT('',(4.75,8.227241335952));
#4179 = CARTESIAN_POINT('',(4.75,3.552713678801E-15));
#4180 = ( GEOMETRIC_REPRESENTATION_CONTEXT(2) 
PARAMETRIC_REPRESENTATION_CONTEXT() REPRESENTATION_CONTEXT('2D SPACE',''
  ) );
#4181 = ORIENTED_EDGE('',*,*,#3783,.F.);
#4182 = ORIENTED_EDGE('',*,*,#1358,.T.);
#4183 = ADVANCED_FACE('',(#4184),#1323,.F.);
#4184 = FACE_BOUND('',#4185,.T.);
#4185 = EDGE_LOOP('',(#4186,#4187,#4213,#4214));
#4186 = ORIENTED_EDGE('',*,*,#3918,.F.);
#4187 = ORIENTED_EDGE('',*,*,#4188,.T.);
#4188 = EDGE_CURVE('',#3893,#3865,#4189,.T.);
#4189 = SURFACE_CURVE('',#4190,(#4195,#4202),.PCURVE_S1.);
#4190 = CIRCLE('',#4191,4.75);
#4191 = AXIS2_PLACEMENT_3D('',#4192,#4193,#4194);
#4192 = CARTESIAN_POINT('',(23.6,20.25,6.2));
#4193 = DIRECTION('',(0.,0.,-1.));
#4194 = DIRECTION('',(1.,0.,0.));
#4195 = PCURVE('',#1323,#4196);
#4196 = DEFINITIONAL_REPRESENTATION('',(#4197),#4201);
#4197 = LINE('',#4198,#4199);
#4198 = CARTESIAN_POINT('',(-0.,-10.));
#4199 = VECTOR('',#4200,1.);
#4200 = DIRECTION('',(-1.,0.));
#4201 = ( GEOMETRIC_REPRESENTATION_CONTEXT(2) 
PARAMETRIC_REPRESENTATION_CONTEXT() REPRESENTATION_CONTEXT('2D SPACE',''
  ) );
#4202 = PCURVE('',#3907,#4203);
#4203 = DEFINITIONAL_REPRESENTATION('',(#4204),#4212);
#4204 = ( BOUNDED_CURVE() B_SPLINE_CURVE(2,(#4205,#4206,#4207,#4208,
#4209,#4210,#4211),.UNSPECIFIED.,.T.,.F.) B_SPLINE_CURVE_WITH_KNOTS((1,2
    ,2,2,2,1),(-2.094395102393,0.,2.094395102393,4.188790204786,
6.28318530718,8.377580409573),.UNSPECIFIED.) CURVE() 
GEOMETRIC_REPRESENTATION_ITEM() RATIONAL_B_SPLINE_CURVE((1.,0.5,1.,0.5,
1.,0.5,1.)) REPRESENTATION_ITEM('') );
#4205 = CARTESIAN_POINT('',(4.75,3.552713678801E-15));
#4206 = CARTESIAN_POINT('',(4.75,-8.227241335952));
#4207 = CARTESIAN_POINT('',(-2.375,-4.113620667976));
#4208 = CARTESIAN_POINT('',(-9.5,2.389299219611E-15));
#4209 = CARTESIAN_POINT('',(-2.375,4.113620667976));
#4210 = CARTESIAN_POINT('',(4.75,8.227241335952));
#4211 = CARTESIAN_POINT('',(4.75,3.552713678801E-15));
#4212 = ( GEOMETRIC_REPRESENTATION_CONTEXT(2) 
PARAMETRIC_REPRESENTATION_CONTEXT() REPRESENTATION_CONTEXT('2D SPACE',''
  ) );
#4213 = ORIENTED_EDGE('',*,*,#3864,.F.);
#4214 = ORIENTED_EDGE('',*,*,#1306,.T.);
#4215 = ADVANCED_FACE('',(#4216),#1271,.F.);
#4216 = FACE_BOUND('',#4217,.T.);
#4217 = EDGE_LOOP('',(#4218,#4219,#4220,#4266,#4292,#4315,#4371,#4394,
    #4420,#4421,#4472));
#4218 = ORIENTED_EDGE('',*,*,#3945,.F.);
#4219 = ORIENTED_EDGE('',*,*,#1255,.T.);
#4220 = ORIENTED_EDGE('',*,*,#4221,.T.);
#4221 = EDGE_CURVE('',#1232,#4222,#4224,.T.);
#4222 = VERTEX_POINT('',#4223);
#4223 = CARTESIAN_POINT('',(135.20407789448,5.8,6.2));
#4224 = SURFACE_CURVE('',#4225,(#4230,#4237),.PCURVE_S1.);
#4225 = ELLIPSE('',#4226,6.717514421272,4.75);
#4226 = AXIS2_PLACEMENT_3D('',#4227,#4228,#4229);
#4227 = CARTESIAN_POINT('',(139.8,7.,5.));
#4228 = DIRECTION('',(-0.,-0.707106781187,-0.707106781187));
#4229 = DIRECTION('',(0.,-0.707106781187,0.707106781187));
#4230 = PCURVE('',#1271,#4231);
#4231 = DEFINITIONAL_REPRESENTATION('',(#4232),#4236);
#4232 = ELLIPSE('',#4233,6.717514421272,4.75);
#4233 = AXIS2_PLACEMENT_2D('',#4234,#4235);
#4234 = CARTESIAN_POINT('',(-106.8,-0.707106781187));
#4235 = DIRECTION('',(-0.,-1.));
#4236 = ( GEOMETRIC_REPRESENTATION_CONTEXT(2) 
PARAMETRIC_REPRESENTATION_CONTEXT() REPRESENTATION_CONTEXT('2D SPACE',''
  ) );
#4237 = PCURVE('',#1219,#4238);
#4238 = DEFINITIONAL_REPRESENTATION('',(#4239),#4265);
#4239 = B_SPLINE_CURVE_WITH_KNOTS('',3,(#4240,#4241,#4242,#4243,#4244,
    #4245,#4246,#4247,#4248,#4249,#4250,#4251,#4252,#4253,#4254,#4255,
    #4256,#4257,#4258,#4259,#4260,#4261,#4262,#4263,#4264),
  .UNSPECIFIED.,.F.,.F.,(4,1,1,1,1,1,1,1,1,1,1,1,1,1,1,1,1,1,1,1,1,1,4),
  (0.887208267622,0.906671402319,0.926134537015,0.945597671711,
    0.965060806407,0.984523941103,1.0039870758,1.023450210496,
    1.042913345192,1.062376479888,1.081839614584,1.10130274928,
    1.120765883977,1.140229018673,1.159692153369,1.179155288065,
    1.198618422761,1.218081557458,1.237544692154,1.25700782685,
    1.276470961546,1.295934096242,1.315397230938),
  .QUASI_UNIFORM_KNOTS.);
#4240 = CARTESIAN_POINT('',(-2.458004594417,-8.2));
#4241 = CARTESIAN_POINT('',(-2.464492305983,-8.223892454955));
#4242 = CARTESIAN_POINT('',(-2.477467729114,-8.272056311043));
#4243 = CARTESIAN_POINT('',(-2.49693086381,-8.345411108144));
#4244 = CARTESIAN_POINT('',(-2.516393998506,-8.419847254214));
#4245 = CARTESIAN_POINT('',(-2.535857133202,-8.495336519783));
#4246 = CARTESIAN_POINT('',(-2.555320267898,-8.571850318217));
#4247 = CARTESIAN_POINT('',(-2.574783402594,-8.649359663598));
#4248 = CARTESIAN_POINT('',(-2.594246537291,-8.727835195891));
#4249 = CARTESIAN_POINT('',(-2.613709671987,-8.807247188265));
#4250 = CARTESIAN_POINT('',(-2.633172806683,-8.887565559371));
#4251 = CARTESIAN_POINT('',(-2.652635941379,-8.968759884465));
#4252 = CARTESIAN_POINT('',(-2.672099076075,-9.050799407007));
#4253 = CARTESIAN_POINT('',(-2.691562210772,-9.133653050288));
#4254 = CARTESIAN_POINT('',(-2.711025345468,-9.217289429212));
#4255 = CARTESIAN_POINT('',(-2.730488480164,-9.301676862178));
#4256 = CARTESIAN_POINT('',(-2.74995161486,-9.386783383093));
#4257 = CARTESIAN_POINT('',(-2.769414749556,-9.472576753445));
#4258 = CARTESIAN_POINT('',(-2.788877884252,-9.559024474641));
#4259 = CARTESIAN_POINT('',(-2.808341018949,-9.646093799855));
#4260 = CARTESIAN_POINT('',(-2.827804153645,-9.733751748147));
#4261 = CARTESIAN_POINT('',(-2.847267288341,-9.821965110572));
#4262 = CARTESIAN_POINT('',(-2.866730423037,-9.910700486571));
#4263 = CARTESIAN_POINT('',(-2.879705846168,-9.970182967373));
#4264 = CARTESIAN_POINT('',(-2.886193557733,-10.));
#4265 = ( GEOMETRIC_REPRESENTATION_CONTEXT(2) 
PARAMETRIC_REPRESENTATION_CONTEXT() REPRESENTATION_CONTEXT('2D SPACE',''
  ) );
#4266 = ORIENTED_EDGE('',*,*,#4267,.T.);
#4267 = EDGE_CURVE('',#4222,#4268,#4270,.T.);
#4268 = VERTEX_POINT('',#4269);
#4269 = CARTESIAN_POINT('',(136.2,5.8,6.2));
#4270 = SURFACE_CURVE('',#4271,(#4275,#4281),.PCURVE_S1.);
#4271 = LINE('',#4272,#4273);
#4272 = CARTESIAN_POINT('',(86.4,5.8,6.2));
#4273 = VECTOR('',#4274,1.);
#4274 = DIRECTION('',(1.,0.,0.));
#4275 = PCURVE('',#1271,#4276);
#4276 = DEFINITIONAL_REPRESENTATION('',(#4277),#4280);
#4277 = B_SPLINE_CURVE_WITH_KNOTS('',1,(#4278,#4279),.UNSPECIFIED.,.F.,
  .F.,(2,2),(48.65,51.6),.PIECEWISE_BEZIER_KNOTS.);
#4278 = CARTESIAN_POINT('',(-102.05,-2.404163056034));
#4279 = CARTESIAN_POINT('',(-105.,-2.404163056034));
#4280 = ( GEOMETRIC_REPRESENTATION_CONTEXT(2) 
PARAMETRIC_REPRESENTATION_CONTEXT() REPRESENTATION_CONTEXT('2D SPACE',''
  ) );
#4281 = PCURVE('',#4282,#4287);
#4282 = PLANE('',#4283);
#4283 = AXIS2_PLACEMENT_3D('',#4284,#4285,#4286);
#4284 = CARTESIAN_POINT('',(139.8,7.,6.2));
#4285 = DIRECTION('',(0.,0.,1.));
#4286 = DIRECTION('',(1.,0.,0.));
#4287 = DEFINITIONAL_REPRESENTATION('',(#4288),#4291);
#4288 = B_SPLINE_CURVE_WITH_KNOTS('',1,(#4289,#4290),.UNSPECIFIED.,.F.,
  .F.,(2,2),(48.65,51.6),.PIECEWISE_BEZIER_KNOTS.);
#4289 = CARTESIAN_POINT('',(-4.75,-1.2));
#4290 = CARTESIAN_POINT('',(-1.8,-1.2));
#4291 = ( GEOMETRIC_REPRESENTATION_CONTEXT(2) 
PARAMETRIC_REPRESENTATION_CONTEXT() REPRESENTATION_CONTEXT('2D SPACE',''
  ) );
#4292 = ORIENTED_EDGE('',*,*,#4293,.T.);
#4293 = EDGE_CURVE('',#4268,#4294,#4296,.T.);
#4294 = VERTEX_POINT('',#4295);
#4295 = CARTESIAN_POINT('',(134.06066017178,7.93933982822,4.06066017178)
  );
#4296 = SURFACE_CURVE('',#4297,(#4301,#4308),.PCURVE_S1.);
#4297 = LINE('',#4298,#4299);
#4298 = CARTESIAN_POINT('',(117.,25.,-13.));
#4299 = VECTOR('',#4300,1.);
#4300 = DIRECTION('',(-0.57735026919,0.57735026919,-0.57735026919));
#4301 = PCURVE('',#1271,#4302);
#4302 = DEFINITIONAL_REPRESENTATION('',(#4303),#4307);
#4303 = LINE('',#4304,#4305);
#4304 = CARTESIAN_POINT('',(-84.,24.748737341529));
#4305 = VECTOR('',#4306,1.);
#4306 = DIRECTION('',(0.57735026919,0.816496580928));
#4307 = ( GEOMETRIC_REPRESENTATION_CONTEXT(2) 
PARAMETRIC_REPRESENTATION_CONTEXT() REPRESENTATION_CONTEXT('2D SPACE',''
  ) );
#4308 = PCURVE('',#962,#4309);
#4309 = DEFINITIONAL_REPRESENTATION('',(#4310),#4314);
#4310 = LINE('',#4311,#4312);
#4311 = CARTESIAN_POINT('',(-14.,24.748737341529));
#4312 = VECTOR('',#4313,1.);
#4313 = DIRECTION('',(-0.57735026919,0.816496580928));
#4314 = ( GEOMETRIC_REPRESENTATION_CONTEXT(2) 
PARAMETRIC_REPRESENTATION_CONTEXT() REPRESENTATION_CONTEXT('2D SPACE',''
  ) );
#4315 = ORIENTED_EDGE('',*,*,#4316,.T.);
#4316 = EDGE_CURVE('',#4294,#4317,#4319,.T.);
#4317 = VERTEX_POINT('',#4318);
#4318 = CARTESIAN_POINT('',(131.93933982822,10.06066017178,1.93933982822
    ));
#4319 = SURFACE_CURVE('',#4320,(#4325,#4332),.PCURVE_S1.);
#4320 = ELLIPSE('',#4321,2.12132034356,1.5);
#4321 = AXIS2_PLACEMENT_3D('',#4322,#4323,#4324);
#4322 = CARTESIAN_POINT('',(133.,9.,3.));
#4323 = DIRECTION('',(-0.,-0.707106781187,-0.707106781187));
#4324 = DIRECTION('',(0.,-0.707106781187,0.707106781187));
#4325 = PCURVE('',#1271,#4326);
#4326 = DEFINITIONAL_REPRESENTATION('',(#4327),#4331);
#4327 = ELLIPSE('',#4328,2.12132034356,1.5);
#4328 = AXIS2_PLACEMENT_2D('',#4329,#4330);
#4329 = CARTESIAN_POINT('',(-100.,2.12132034356));
#4330 = DIRECTION('',(-0.,-1.));
#4331 = ( GEOMETRIC_REPRESENTATION_CONTEXT(2) 
PARAMETRIC_REPRESENTATION_CONTEXT() REPRESENTATION_CONTEXT('2D SPACE',''
  ) );
#4332 = PCURVE('',#4333,#4338);
#4333 = CYLINDRICAL_SURFACE('',#4334,1.5);
#4334 = AXIS2_PLACEMENT_3D('',#4335,#4336,#4337);
#4335 = CARTESIAN_POINT('',(133.,9.,15.2));
#4336 = DIRECTION('',(0.,0.,1.));
#4337 = DIRECTION('',(1.,0.,0.));
#4338 = DEFINITIONAL_REPRESENTATION('',(#4339),#4370);
#4339 = B_SPLINE_CURVE_WITH_KNOTS('',8,(#4340,#4341,#4342,#4343,#4344,
    #4345,#4346,#4347,#4348,#4349,#4350,#4351,#4352,#4353,#4354,#4355,
    #4356,#4357,#4358,#4359,#4360,#4361,#4362,#4363,#4364,#4365,#4366,
    #4367,#4368,#4369),.UNSPECIFIED.,.F.,.F.,(9,7,7,7,9),(4.712388980385
    ,6.28318530718,7.461282552276,9.22842841992,10.995574287564),
  .UNSPECIFIED.);
#4340 = CARTESIAN_POINT('',(0.,-12.2));
#4341 = CARTESIAN_POINT('',(-0.196349540849,-11.90547568872));
#4342 = CARTESIAN_POINT('',(-0.392699081699,-11.61095240254));
#4343 = CARTESIAN_POINT('',(-0.589048622548,-11.33372595372));
#4344 = CARTESIAN_POINT('',(-0.785398163398,-11.0911180022));
#4345 = CARTESIAN_POINT('',(-0.981747704247,-10.89826878025));
#4346 = CARTESIAN_POINT('',(-1.178097245096,-10.76609225668));
#4347 = CARTESIAN_POINT('',(-1.374446785946,-10.7));
#4348 = CARTESIAN_POINT('',(-1.718058482432,-10.7));
#4349 = CARTESIAN_POINT('',(-1.865320638069,-10.73717637784));
#4350 = CARTESIAN_POINT('',(-2.012582793706,-10.81152821772));
#4351 = CARTESIAN_POINT('',(-2.159844949343,-10.92133834154));
#4352 = CARTESIAN_POINT('',(-2.30710710498,-11.06316226477));
#4353 = CARTESIAN_POINT('',(-2.454369260617,-11.23204423549));
#4354 = CARTESIAN_POINT('',(-2.601631416254,-11.42189611419));
#4355 = CARTESIAN_POINT('',(-2.969786805347,-11.93209295734));
#4356 = CARTESIAN_POINT('',(-3.190680038803,-12.27022145741));
#4357 = CARTESIAN_POINT('',(-3.411573272246,-12.61759746829));
#4358 = CARTESIAN_POINT('',(-3.632466505715,-12.94813806733));
#4359 = CARTESIAN_POINT('',(-3.853359739158,-13.23594402134));
#4360 = CARTESIAN_POINT('',(-4.074252972627,-13.45985598911));
#4361 = CARTESIAN_POINT('',(-4.29514620608,-13.60653672253));
#4362 = CARTESIAN_POINT('',(-4.736932672991,-13.73581911867));
#4363 = CARTESIAN_POINT('',(-4.957825906443,-13.71842085295));
#4364 = CARTESIAN_POINT('',(-5.178719139898,-13.61417829647));
#4365 = CARTESIAN_POINT('',(-5.399612373338,-13.4268191556));
#4366 = CARTESIAN_POINT('',(-5.620505606817,-13.16938246673));
#4367 = CARTESIAN_POINT('',(-5.841398840266,-12.86267988373));
#4368 = CARTESIAN_POINT('',(-6.062292073724,-12.53133985018));
#4369 = CARTESIAN_POINT('',(-6.28318530718,-12.2));
#4370 = ( GEOMETRIC_REPRESENTATION_CONTEXT(2) 
PARAMETRIC_REPRESENTATION_CONTEXT() REPRESENTATION_CONTEXT('2D SPACE',''
  ) );
#4371 = ORIENTED_EDGE('',*,*,#4372,.T.);
#4372 = EDGE_CURVE('',#4317,#4373,#4375,.T.);
#4373 = VERTEX_POINT('',#4374);
#4374 = CARTESIAN_POINT('',(131.,11.,1.));
#4375 = SURFACE_CURVE('',#4376,(#4380,#4387),.PCURVE_S1.);
#4376 = LINE('',#4377,#4378);
#4377 = CARTESIAN_POINT('',(117.,25.,-13.));
#4378 = VECTOR('',#4379,1.);
#4379 = DIRECTION('',(-0.57735026919,0.57735026919,-0.57735026919));
#4380 = PCURVE('',#1271,#4381);
#4381 = DEFINITIONAL_REPRESENTATION('',(#4382),#4386);
#4382 = LINE('',#4383,#4384);
#4383 = CARTESIAN_POINT('',(-84.,24.748737341529));
#4384 = VECTOR('',#4385,1.);
#4385 = DIRECTION('',(0.57735026919,0.816496580928));
#4386 = ( GEOMETRIC_REPRESENTATION_CONTEXT(2) 
PARAMETRIC_REPRESENTATION_CONTEXT() REPRESENTATION_CONTEXT('2D SPACE',''
  ) );
#4387 = PCURVE('',#962,#4388);
#4388 = DEFINITIONAL_REPRESENTATION('',(#4389),#4393);
#4389 = LINE('',#4390,#4391);
#4390 = CARTESIAN_POINT('',(-14.,24.748737341529));
#4391 = VECTOR('',#4392,1.);
#4392 = DIRECTION('',(-0.57735026919,0.816496580928));
#4393 = ( GEOMETRIC_REPRESENTATION_CONTEXT(2) 
PARAMETRIC_REPRESENTATION_CONTEXT() REPRESENTATION_CONTEXT('2D SPACE',''
  ) );
#4394 = ORIENTED_EDGE('',*,*,#4395,.F.);
#4395 = EDGE_CURVE('',#4025,#4373,#4396,.T.);
#4396 = SURFACE_CURVE('',#4397,(#4401,#4408),.PCURVE_S1.);
#4397 = LINE('',#4398,#4399);
#4398 = CARTESIAN_POINT('',(33.,11.,1.));
#4399 = VECTOR('',#4400,1.);
#4400 = DIRECTION('',(1.,0.,0.));
#4401 = PCURVE('',#1271,#4402);
#4402 = DEFINITIONAL_REPRESENTATION('',(#4403),#4407);
#4403 = LINE('',#4404,#4405);
#4404 = CARTESIAN_POINT('',(-0.,4.949747468306));
#4405 = VECTOR('',#4406,1.);
#4406 = DIRECTION('',(-1.,0.));
#4407 = ( GEOMETRIC_REPRESENTATION_CONTEXT(2) 
PARAMETRIC_REPRESENTATION_CONTEXT() REPRESENTATION_CONTEXT('2D SPACE',''
  ) );
#4408 = PCURVE('',#4409,#4414);
#4409 = PLANE('',#4410);
#4410 = AXIS2_PLACEMENT_3D('',#4411,#4412,#4413);
#4411 = CARTESIAN_POINT('',(33.,11.,8.));
#4412 = DIRECTION('',(0.,-1.,0.));
#4413 = DIRECTION('',(1.,0.,0.));
#4414 = DEFINITIONAL_REPRESENTATION('',(#4415),#4419);
#4415 = LINE('',#4416,#4417);
#4416 = CARTESIAN_POINT('',(0.,-7.));
#4417 = VECTOR('',#4418,1.);
#4418 = DIRECTION('',(1.,0.));
#4419 = ( GEOMETRIC_REPRESENTATION_CONTEXT(2) 
PARAMETRIC_REPRESENTATION_CONTEXT() REPRESENTATION_CONTEXT('2D SPACE',''
  ) );
#4420 = ORIENTED_EDGE('',*,*,#4024,.F.);
#4421 = ORIENTED_EDGE('',*,*,#4422,.T.);
#4422 = EDGE_CURVE('',#3969,#4423,#4425,.T.);
#4423 = VERTEX_POINT('',#4424);
#4424 = CARTESIAN_POINT('',(32.5,9.,3.));
#4425 = SURFACE_CURVE('',#4426,(#4431,#4438),.PCURVE_S1.);
#4426 = ELLIPSE('',#4427,2.12132034356,1.5);
#4427 = AXIS2_PLACEMENT_3D('',#4428,#4429,#4430);
#4428 = CARTESIAN_POINT('',(31.,9.,3.));
#4429 = DIRECTION('',(-0.,-0.707106781187,-0.707106781187));
#4430 = DIRECTION('',(0.,-0.707106781187,0.707106781187));
#4431 = PCURVE('',#1271,#4432);
#4432 = DEFINITIONAL_REPRESENTATION('',(#4433),#4437);
#4433 = ELLIPSE('',#4434,2.12132034356,1.5);
#4434 = AXIS2_PLACEMENT_2D('',#4435,#4436);
#4435 = CARTESIAN_POINT('',(2.,2.12132034356));
#4436 = DIRECTION('',(-0.,-1.));
#4437 = ( GEOMETRIC_REPRESENTATION_CONTEXT(2) 
PARAMETRIC_REPRESENTATION_CONTEXT() REPRESENTATION_CONTEXT('2D SPACE',''
  ) );
#4438 = PCURVE('',#3985,#4439);
#4439 = DEFINITIONAL_REPRESENTATION('',(#4440),#4471);
#4440 = B_SPLINE_CURVE_WITH_KNOTS('',8,(#4441,#4442,#4443,#4444,#4445,
    #4446,#4447,#4448,#4449,#4450,#4451,#4452,#4453,#4454,#4455,#4456,
    #4457,#4458,#4459,#4460,#4461,#4462,#4463,#4464,#4465,#4466,#4467,
    #4468,#4469,#4470),.UNSPECIFIED.,.F.,.F.,(9,7,7,7,9),(4.712388980385
    ,6.28318530718,7.461282552276,9.22842841992,10.995574287564),
  .UNSPECIFIED.);
#4441 = CARTESIAN_POINT('',(0.,-12.2));
#4442 = CARTESIAN_POINT('',(-0.196349540849,-11.90547568872));
#4443 = CARTESIAN_POINT('',(-0.392699081699,-11.61095240254));
#4444 = CARTESIAN_POINT('',(-0.589048622548,-11.33372595372));
#4445 = CARTESIAN_POINT('',(-0.785398163397,-11.0911180022));
#4446 = CARTESIAN_POINT('',(-0.981747704247,-10.89826878025));
#4447 = CARTESIAN_POINT('',(-1.178097245096,-10.76609225668));
#4448 = CARTESIAN_POINT('',(-1.374446785946,-10.7));
#4449 = CARTESIAN_POINT('',(-1.718058482432,-10.7));
#4450 = CARTESIAN_POINT('',(-1.865320638069,-10.73717637784));
#4451 = CARTESIAN_POINT('',(-2.012582793706,-10.81152821772));
#4452 = CARTESIAN_POINT('',(-2.159844949343,-10.92133834154));
#4453 = CARTESIAN_POINT('',(-2.30710710498,-11.06316226477));
#4454 = CARTESIAN_POINT('',(-2.454369260617,-11.23204423549));
#4455 = CARTESIAN_POINT('',(-2.601631416254,-11.42189611419));
#4456 = CARTESIAN_POINT('',(-2.969786805347,-11.93209295734));
#4457 = CARTESIAN_POINT('',(-3.190680038803,-12.27022145741));
#4458 = CARTESIAN_POINT('',(-3.411573272257,-12.61759746829));
#4459 = CARTESIAN_POINT('',(-3.632466505704,-12.94813806733));
#4460 = CARTESIAN_POINT('',(-3.853359739176,-13.23594402134));
#4461 = CARTESIAN_POINT('',(-4.074252972623,-13.45985598911));
#4462 = CARTESIAN_POINT('',(-4.29514620608,-13.60653672253));
#4463 = CARTESIAN_POINT('',(-4.736932672991,-13.73581911867));
#4464 = CARTESIAN_POINT('',(-4.957825906436,-13.71842085295));
#4465 = CARTESIAN_POINT('',(-5.178719139934,-13.61417829647));
#4466 = CARTESIAN_POINT('',(-5.399612373316,-13.4268191556));
#4467 = CARTESIAN_POINT('',(-5.62050560685,-13.16938246673));
#4468 = CARTESIAN_POINT('',(-5.841398840259,-12.86267988373));
#4469 = CARTESIAN_POINT('',(-6.062292073724,-12.53133985018));
#4470 = CARTESIAN_POINT('',(-6.28318530718,-12.2));
#4471 = ( GEOMETRIC_REPRESENTATION_CONTEXT(2) 
PARAMETRIC_REPRESENTATION_CONTEXT() REPRESENTATION_CONTEXT('2D SPACE',''
  ) );
#4472 = ORIENTED_EDGE('',*,*,#4473,.T.);
#4473 = EDGE_CURVE('',#4423,#3946,#4474,.T.);
#4474 = SURFACE_CURVE('',#4475,(#4480,#4487),.PCURVE_S1.);
#4475 = ELLIPSE('',#4476,2.12132034356,1.5);
#4476 = AXIS2_PLACEMENT_3D('',#4477,#4478,#4479);
#4477 = CARTESIAN_POINT('',(31.,9.,3.));
#4478 = DIRECTION('',(-0.,-0.707106781187,-0.707106781187));
#4479 = DIRECTION('',(0.,-0.707106781187,0.707106781187));
#4480 = PCURVE('',#1271,#4481);
#4481 = DEFINITIONAL_REPRESENTATION('',(#4482),#4486);
#4482 = ELLIPSE('',#4483,2.12132034356,1.5);
#4483 = AXIS2_PLACEMENT_2D('',#4484,#4485);
#4484 = CARTESIAN_POINT('',(2.,2.12132034356));
#4485 = DIRECTION('',(-0.,-1.));
#4486 = ( GEOMETRIC_REPRESENTATION_CONTEXT(2) 
PARAMETRIC_REPRESENTATION_CONTEXT() REPRESENTATION_CONTEXT('2D SPACE',''
  ) );
#4487 = PCURVE('',#3985,#4488);
#4488 = DEFINITIONAL_REPRESENTATION('',(#4489),#4520);
#4489 = B_SPLINE_CURVE_WITH_KNOTS('',8,(#4490,#4491,#4492,#4493,#4494,
    #4495,#4496,#4497,#4498,#4499,#4500,#4501,#4502,#4503,#4504,#4505,
    #4506,#4507,#4508,#4509,#4510,#4511,#4512,#4513,#4514,#4515,#4516,
    #4517,#4518,#4519),.UNSPECIFIED.,.F.,.F.,(9,7,7,7,9),(4.712388980385
    ,6.28318530718,7.461282552276,9.22842841992,10.995574287564),
  .UNSPECIFIED.);
#4490 = CARTESIAN_POINT('',(0.,-12.2));
#4491 = CARTESIAN_POINT('',(-0.196349540849,-11.90547568872));
#4492 = CARTESIAN_POINT('',(-0.392699081699,-11.61095240254));
#4493 = CARTESIAN_POINT('',(-0.589048622548,-11.33372595372));
#4494 = CARTESIAN_POINT('',(-0.785398163397,-11.0911180022));
#4495 = CARTESIAN_POINT('',(-0.981747704247,-10.89826878025));
#4496 = CARTESIAN_POINT('',(-1.178097245096,-10.76609225668));
#4497 = CARTESIAN_POINT('',(-1.374446785946,-10.7));
#4498 = CARTESIAN_POINT('',(-1.718058482432,-10.7));
#4499 = CARTESIAN_POINT('',(-1.865320638069,-10.73717637784));
#4500 = CARTESIAN_POINT('',(-2.012582793706,-10.81152821772));
#4501 = CARTESIAN_POINT('',(-2.159844949343,-10.92133834154));
#4502 = CARTESIAN_POINT('',(-2.30710710498,-11.06316226477));
#4503 = CARTESIAN_POINT('',(-2.454369260617,-11.23204423549));
#4504 = CARTESIAN_POINT('',(-2.601631416254,-11.42189611419));
#4505 = CARTESIAN_POINT('',(-2.969786805347,-11.93209295734));
#4506 = CARTESIAN_POINT('',(-3.190680038803,-12.27022145741));
#4507 = CARTESIAN_POINT('',(-3.411573272257,-12.61759746829));
#4508 = CARTESIAN_POINT('',(-3.632466505704,-12.94813806733));
#4509 = CARTESIAN_POINT('',(-3.853359739176,-13.23594402134));
#4510 = CARTESIAN_POINT('',(-4.074252972623,-13.45985598911));
#4511 = CARTESIAN_POINT('',(-4.29514620608,-13.60653672253));
#4512 = CARTESIAN_POINT('',(-4.736932672991,-13.73581911867));
#4513 = CARTESIAN_POINT('',(-4.957825906436,-13.71842085295));
#4514 = CARTESIAN_POINT('',(-5.178719139934,-13.61417829647));
#4515 = CARTESIAN_POINT('',(-5.399612373316,-13.4268191556));
#4516 = CARTESIAN_POINT('',(-5.62050560685,-13.16938246673));
#4517 = CARTESIAN_POINT('',(-5.841398840259,-12.86267988373));
#4518 = CARTESIAN_POINT('',(-6.062292073724,-12.53133985018));
#4519 = CARTESIAN_POINT('',(-6.28318530718,-12.2));
#4520 = ( GEOMETRIC_REPRESENTATION_CONTEXT(2) 
PARAMETRIC_REPRESENTATION_CONTEXT() REPRESENTATION_CONTEXT('2D SPACE',''
  ) );
#4521 = ADVANCED_FACE('',(#4522),#1219,.F.);
#4522 = FACE_BOUND('',#4523,.T.);
#4523 = EDGE_LOOP('',(#4524,#4525,#4571,#4599,#4625,#4626));
#4524 = ORIENTED_EDGE('',*,*,#1202,.T.);
#4525 = ORIENTED_EDGE('',*,*,#4526,.F.);
#4526 = EDGE_CURVE('',#4527,#1180,#4529,.T.);
#4527 = VERTEX_POINT('',#4528);
#4528 = CARTESIAN_POINT('',(136.2,10.098790086469,6.2));
#4529 = SURFACE_CURVE('',#4530,(#4535,#4564),.PCURVE_S1.);
#4530 = ELLIPSE('',#4531,6.717514421272,4.75);
#4531 = AXIS2_PLACEMENT_3D('',#4532,#4533,#4534);
#4532 = CARTESIAN_POINT('',(139.8,7.,9.8));
#4533 = DIRECTION('',(0.707106781187,0.,-0.707106781187));
#4534 = DIRECTION('',(0.707106781187,0.,0.707106781187));
#4535 = PCURVE('',#1219,#4536);
#4536 = DEFINITIONAL_REPRESENTATION('',(#4537),#4563);
#4537 = B_SPLINE_CURVE_WITH_KNOTS('',3,(#4538,#4539,#4540,#4541,#4542,
    #4543,#4544,#4545,#4546,#4547,#4548,#4549,#4550,#4551,#4552,#4553,
    #4554,#4555,#4556,#4557,#4558,#4559,#4560,#4561,#4562),
  .UNSPECIFIED.,.F.,.F.,(4,1,1,1,1,1,1,1,1,1,1,1,1,1,1,1,1,1,1,1,1,1,4),
  (3.852309008935,3.873737254664,3.895165500393,3.916593746123,
    3.938021991852,3.959450237581,3.980878483311,4.00230672904,
    4.023734974769,4.045163220499,4.066591466228,4.088019711957,
    4.109447957686,4.130876203416,4.152304449145,4.173732694874,
    4.195160940604,4.216589186333,4.238017432062,4.259445677791,
    4.280873923521,4.30230216925,4.323730414979),.QUASI_UNIFORM_KNOTS.);
#4538 = CARTESIAN_POINT('',(2.430876298245,-10.));
#4539 = CARTESIAN_POINT('',(2.423733549668,-9.977866183348));
#4540 = CARTESIAN_POINT('',(2.409448052515,-9.933047311217));
#4541 = CARTESIAN_POINT('',(2.388019806786,-9.864196968847));
#4542 = CARTESIAN_POINT('',(2.366591561057,-9.793755986896));
#4543 = CARTESIAN_POINT('',(2.345163315328,-9.721756766958));
#4544 = CARTESIAN_POINT('',(2.323735069598,-9.648232351963));
#4545 = CARTESIAN_POINT('',(2.302306823869,-9.573216505001));
#4546 = CARTESIAN_POINT('',(2.28087857814,-9.496743668634));
#4547 = CARTESIAN_POINT('',(2.25945033241,-9.418848955832));
#4548 = CARTESIAN_POINT('',(2.238022086681,-9.339568132037));
#4549 = CARTESIAN_POINT('',(2.216593840952,-9.258937599232));
#4550 = CARTESIAN_POINT('',(2.195165595222,-9.176994379093));
#4551 = CARTESIAN_POINT('',(2.173737349493,-9.093776096027));
#4552 = CARTESIAN_POINT('',(2.152309103764,-9.009320959886));
#4553 = CARTESIAN_POINT('',(2.130880858035,-8.923667748431));
#4554 = CARTESIAN_POINT('',(2.109452612305,-8.836855789505));
#4555 = CARTESIAN_POINT('',(2.088024366576,-8.748924943049));
#4556 = CARTESIAN_POINT('',(2.066596120847,-8.659915582536));
#4557 = CARTESIAN_POINT('',(2.045167875117,-8.569868577418));
#4558 = CARTESIAN_POINT('',(2.023739629388,-8.478825270685));
#4559 = CARTESIAN_POINT('',(2.002311383659,-8.386827473593));
#4560 = CARTESIAN_POINT('',(1.98088313793,-8.293917395309));
#4561 = CARTESIAN_POINT('',(1.966597640777,-8.231397674733));
#4562 = CARTESIAN_POINT('',(1.9594548922,-8.2));
#4563 = ( GEOMETRIC_REPRESENTATION_CONTEXT(2) 
PARAMETRIC_REPRESENTATION_CONTEXT() REPRESENTATION_CONTEXT('2D SPACE',''
  ) );
#4564 = PCURVE('',#962,#4565);
#4565 = DEFINITIONAL_REPRESENTATION('',(#4566),#4570);
#4566 = ELLIPSE('',#4567,6.717514421272,4.75);
#4567 = AXIS2_PLACEMENT_2D('',#4568,#4569);
#4568 = CARTESIAN_POINT('',(4.,-7.495331880577));
#4569 = DIRECTION('',(-0.,-1.));
#4570 = ( GEOMETRIC_REPRESENTATION_CONTEXT(2) 
PARAMETRIC_REPRESENTATION_CONTEXT() REPRESENTATION_CONTEXT('2D SPACE',''
  ) );
#4571 = ORIENTED_EDGE('',*,*,#4572,.T.);
#4572 = EDGE_CURVE('',#4527,#4573,#4575,.T.);
#4573 = VERTEX_POINT('',#4574);
#4574 = CARTESIAN_POINT('',(144.55,7.,6.2));
#4575 = SURFACE_CURVE('',#4576,(#4581,#4588),.PCURVE_S1.);
#4576 = CIRCLE('',#4577,4.75);
#4577 = AXIS2_PLACEMENT_3D('',#4578,#4579,#4580);
#4578 = CARTESIAN_POINT('',(139.8,7.,6.2));
#4579 = DIRECTION('',(0.,0.,-1.));
#4580 = DIRECTION('',(1.,0.,0.));
#4581 = PCURVE('',#1219,#4582);
#4582 = DEFINITIONAL_REPRESENTATION('',(#4583),#4587);
#4583 = LINE('',#4584,#4585);
#4584 = CARTESIAN_POINT('',(6.28318530718,-10.));
#4585 = VECTOR('',#4586,1.);
#4586 = DIRECTION('',(-1.,0.));
#4587 = ( GEOMETRIC_REPRESENTATION_CONTEXT(2) 
PARAMETRIC_REPRESENTATION_CONTEXT() REPRESENTATION_CONTEXT('2D SPACE',''
  ) );
#4588 = PCURVE('',#4282,#4589);
#4589 = DEFINITIONAL_REPRESENTATION('',(#4590),#4598);
#4590 = ( BOUNDED_CURVE() B_SPLINE_CURVE(2,(#4591,#4592,#4593,#4594,
#4595,#4596,#4597),.UNSPECIFIED.,.T.,.F.) B_SPLINE_CURVE_WITH_KNOTS((1,2
    ,2,2,2,1),(-2.094395102393,0.,2.094395102393,4.188790204786,
6.28318530718,8.377580409573),.UNSPECIFIED.) CURVE() 
GEOMETRIC_REPRESENTATION_ITEM() RATIONAL_B_SPLINE_CURVE((1.,0.5,1.,0.5,
1.,0.5,1.)) REPRESENTATION_ITEM('') );
#4591 = CARTESIAN_POINT('',(4.75,-8.881784197001E-16));
#4592 = CARTESIAN_POINT('',(4.75,-8.227241335952));
#4593 = CARTESIAN_POINT('',(-2.375,-4.113620667976));
#4594 = CARTESIAN_POINT('',(-9.5,-2.05159287889E-15));
#4595 = CARTESIAN_POINT('',(-2.375,4.113620667976));
#4596 = CARTESIAN_POINT('',(4.75,8.227241335952));
#4597 = CARTESIAN_POINT('',(4.75,-8.881784197001E-16));
#4598 = ( GEOMETRIC_REPRESENTATION_CONTEXT(2) 
PARAMETRIC_REPRESENTATION_CONTEXT() REPRESENTATION_CONTEXT('2D SPACE',''
  ) );
#4599 = ORIENTED_EDGE('',*,*,#4600,.T.);
#4600 = EDGE_CURVE('',#4573,#4222,#4601,.T.);
#4601 = SURFACE_CURVE('',#4602,(#4607,#4614),.PCURVE_S1.);
#4602 = CIRCLE('',#4603,4.75);
#4603 = AXIS2_PLACEMENT_3D('',#4604,#4605,#4606);
#4604 = CARTESIAN_POINT('',(139.8,7.,6.2));
#4605 = DIRECTION('',(0.,0.,-1.));
#4606 = DIRECTION('',(1.,0.,0.));
#4607 = PCURVE('',#1219,#4608);
#4608 = DEFINITIONAL_REPRESENTATION('',(#4609),#4613);
#4609 = LINE('',#4610,#4611);
#4610 = CARTESIAN_POINT('',(-0.,-10.));
#4611 = VECTOR('',#4612,1.);
#4612 = DIRECTION('',(-1.,0.));
#4613 = ( GEOMETRIC_REPRESENTATION_CONTEXT(2) 
PARAMETRIC_REPRESENTATION_CONTEXT() REPRESENTATION_CONTEXT('2D SPACE',''
  ) );
#4614 = PCURVE('',#4282,#4615);
#4615 = DEFINITIONAL_REPRESENTATION('',(#4616),#4624);
#4616 = ( BOUNDED_CURVE() B_SPLINE_CURVE(2,(#4617,#4618,#4619,#4620,
#4621,#4622,#4623),.UNSPECIFIED.,.T.,.F.) B_SPLINE_CURVE_WITH_KNOTS((1,2
    ,2,2,2,1),(-2.094395102393,0.,2.094395102393,4.188790204786,
6.28318530718,8.377580409573),.UNSPECIFIED.) CURVE() 
GEOMETRIC_REPRESENTATION_ITEM() RATIONAL_B_SPLINE_CURVE((1.,0.5,1.,0.5,
1.,0.5,1.)) REPRESENTATION_ITEM('') );
#4617 = CARTESIAN_POINT('',(4.75,-8.881784197001E-16));
#4618 = CARTESIAN_POINT('',(4.75,-8.227241335952));
#4619 = CARTESIAN_POINT('',(-2.375,-4.113620667976));
#4620 = CARTESIAN_POINT('',(-9.5,-2.05159287889E-15));
#4621 = CARTESIAN_POINT('',(-2.375,4.113620667976));
#4622 = CARTESIAN_POINT('',(4.75,8.227241335952));
#4623 = CARTESIAN_POINT('',(4.75,-8.881784197001E-16));
#4624 = ( GEOMETRIC_REPRESENTATION_CONTEXT(2) 
PARAMETRIC_REPRESENTATION_CONTEXT() REPRESENTATION_CONTEXT('2D SPACE',''
  ) );
#4625 = ORIENTED_EDGE('',*,*,#4221,.F.);
#4626 = ORIENTED_EDGE('',*,*,#1231,.T.);
#4627 = ADVANCED_FACE('',(#4628),#962,.F.);
#4628 = FACE_BOUND('',#4629,.T.);
#4629 = EDGE_LOOP('',(#4630,#4631,#4650,#4651,#4652,#4698,#4724,#4768,
    #4769,#4815,#4841,#4885,#4886,#4932,#4958,#5002,#5003,#5049,#5075,
    #5098,#5154,#5205,#5228,#5254,#5255,#5306));
#4630 = ORIENTED_EDGE('',*,*,#4293,.F.);
#4631 = ORIENTED_EDGE('',*,*,#4632,.T.);
#4632 = EDGE_CURVE('',#4268,#4527,#4633,.T.);
#4633 = SURFACE_CURVE('',#4634,(#4638,#4644),.PCURVE_S1.);
#4634 = LINE('',#4635,#4636);
#4635 = CARTESIAN_POINT('',(136.2,9.,6.2));
#4636 = VECTOR('',#4637,1.);
#4637 = DIRECTION('',(0.,1.,0.));
#4638 = PCURVE('',#962,#4639);
#4639 = DEFINITIONAL_REPRESENTATION('',(#4640),#4643);
#4640 = B_SPLINE_CURVE_WITH_KNOTS('',1,(#4641,#4642),.UNSPECIFIED.,.F.,
  .F.,(2,2),(-5.,2.75),.PIECEWISE_BEZIER_KNOTS.);
#4641 = CARTESIAN_POINT('',(7.,-2.404163056034));
#4642 = CARTESIAN_POINT('',(-0.75,-2.404163056034));
#4643 = ( GEOMETRIC_REPRESENTATION_CONTEXT(2) 
PARAMETRIC_REPRESENTATION_CONTEXT() REPRESENTATION_CONTEXT('2D SPACE',''
  ) );
#4644 = PCURVE('',#4282,#4645);
#4645 = DEFINITIONAL_REPRESENTATION('',(#4646),#4649);
#4646 = B_SPLINE_CURVE_WITH_KNOTS('',1,(#4647,#4648),.UNSPECIFIED.,.F.,
  .F.,(2,2),(-5.,2.75),.PIECEWISE_BEZIER_KNOTS.);
#4647 = CARTESIAN_POINT('',(-3.6,-3.));
#4648 = CARTESIAN_POINT('',(-3.6,4.75));
#4649 = ( GEOMETRIC_REPRESENTATION_CONTEXT(2) 
PARAMETRIC_REPRESENTATION_CONTEXT() REPRESENTATION_CONTEXT('2D SPACE',''
  ) );
#4650 = ORIENTED_EDGE('',*,*,#4526,.T.);
#4651 = ORIENTED_EDGE('',*,*,#1179,.T.);
#4652 = ORIENTED_EDGE('',*,*,#4653,.T.);
#4653 = EDGE_CURVE('',#1156,#4654,#4656,.T.);
#4654 = VERTEX_POINT('',#4655);
#4655 = CARTESIAN_POINT('',(136.2,30.401209913531,6.2));
#4656 = SURFACE_CURVE('',#4657,(#4662,#4669),.PCURVE_S1.);
#4657 = ELLIPSE('',#4658,6.717514421272,4.75);
#4658 = AXIS2_PLACEMENT_3D('',#4659,#4660,#4661);
#4659 = CARTESIAN_POINT('',(139.8,33.5,9.8));
#4660 = DIRECTION('',(0.707106781187,0.,-0.707106781187));
#4661 = DIRECTION('',(0.707106781187,0.,0.707106781187));
#4662 = PCURVE('',#962,#4663);
#4663 = DEFINITIONAL_REPRESENTATION('',(#4664),#4668);
#4664 = ELLIPSE('',#4665,6.717514421272,4.75);
#4665 = AXIS2_PLACEMENT_2D('',#4666,#4667);
#4666 = CARTESIAN_POINT('',(-22.5,-7.495331880577));
#4667 = DIRECTION('',(-0.,-1.));
#4668 = ( GEOMETRIC_REPRESENTATION_CONTEXT(2) 
PARAMETRIC_REPRESENTATION_CONTEXT() REPRESENTATION_CONTEXT('2D SPACE',''
  ) );
#4669 = PCURVE('',#1143,#4670);
#4670 = DEFINITIONAL_REPRESENTATION('',(#4671),#4697);
#4671 = B_SPLINE_CURVE_WITH_KNOTS('',3,(#4672,#4673,#4674,#4675,#4676,
    #4677,#4678,#4679,#4680,#4681,#4682,#4683,#4684,#4685,#4686,#4687,
    #4688,#4689,#4690,#4691,#4692,#4693,#4694,#4695,#4696),
  .UNSPECIFIED.,.F.,.F.,(4,1,1,1,1,1,1,1,1,1,1,1,1,1,1,1,1,1,1,1,1,1,4),
  (1.9594548922,1.98088313793,2.002311383659,2.023739629388,
    2.045167875117,2.066596120847,2.088024366576,2.109452612305,
    2.130880858035,2.152309103764,2.173737349493,2.195165595222,
    2.216593840952,2.238022086681,2.25945033241,2.28087857814,
    2.302306823869,2.323735069598,2.345163315328,2.366591561057,
    2.388019806786,2.409448052515,2.430876298245),
  .QUASI_UNIFORM_KNOTS.);
#4672 = CARTESIAN_POINT('',(-1.9594548922,-8.2));
#4673 = CARTESIAN_POINT('',(-1.966597640777,-8.231397674733));
#4674 = CARTESIAN_POINT('',(-1.98088313793,-8.293917395309));
#4675 = CARTESIAN_POINT('',(-2.002311383659,-8.386827473593));
#4676 = CARTESIAN_POINT('',(-2.023739629388,-8.478825270685));
#4677 = CARTESIAN_POINT('',(-2.045167875117,-8.569868577418));
#4678 = CARTESIAN_POINT('',(-2.066596120847,-8.659915582536));
#4679 = CARTESIAN_POINT('',(-2.088024366576,-8.748924943049));
#4680 = CARTESIAN_POINT('',(-2.109452612305,-8.836855789505));
#4681 = CARTESIAN_POINT('',(-2.130880858035,-8.923667748431));
#4682 = CARTESIAN_POINT('',(-2.152309103764,-9.009320959886));
#4683 = CARTESIAN_POINT('',(-2.173737349493,-9.093776096027));
#4684 = CARTESIAN_POINT('',(-2.195165595222,-9.176994379093));
#4685 = CARTESIAN_POINT('',(-2.216593840952,-9.258937599232));
#4686 = CARTESIAN_POINT('',(-2.238022086681,-9.339568132037));
#4687 = CARTESIAN_POINT('',(-2.25945033241,-9.418848955832));
#4688 = CARTESIAN_POINT('',(-2.28087857814,-9.496743668634));
#4689 = CARTESIAN_POINT('',(-2.302306823869,-9.573216505001));
#4690 = CARTESIAN_POINT('',(-2.323735069598,-9.648232351963));
#4691 = CARTESIAN_POINT('',(-2.345163315328,-9.721756766958));
#4692 = CARTESIAN_POINT('',(-2.366591561057,-9.793755986896));
#4693 = CARTESIAN_POINT('',(-2.388019806786,-9.864196968847));
#4694 = CARTESIAN_POINT('',(-2.409448052515,-9.933047311217));
#4695 = CARTESIAN_POINT('',(-2.423733549668,-9.977866183348));
#4696 = CARTESIAN_POINT('',(-2.430876298245,-10.));
#4697 = ( GEOMETRIC_REPRESENTATION_CONTEXT(2) 
PARAMETRIC_REPRESENTATION_CONTEXT() REPRESENTATION_CONTEXT('2D SPACE',''
  ) );
#4698 = ORIENTED_EDGE('',*,*,#4699,.T.);
#4699 = EDGE_CURVE('',#4654,#4700,#4702,.T.);
#4700 = VERTEX_POINT('',#4701);
#4701 = CARTESIAN_POINT('',(136.2,36.598790086469,6.2));
#4702 = SURFACE_CURVE('',#4703,(#4707,#4713),.PCURVE_S1.);
#4703 = LINE('',#4704,#4705);
#4704 = CARTESIAN_POINT('',(136.2,22.25,6.2));
#4705 = VECTOR('',#4706,1.);
#4706 = DIRECTION('',(0.,1.,0.));
#4707 = PCURVE('',#962,#4708);
#4708 = DEFINITIONAL_REPRESENTATION('',(#4709),#4712);
#4709 = B_SPLINE_CURVE_WITH_KNOTS('',1,(#4710,#4711),.UNSPECIFIED.,.F.,
  .F.,(2,2),(6.5,16.),.PIECEWISE_BEZIER_KNOTS.);
#4710 = CARTESIAN_POINT('',(-17.75,-2.404163056034));
#4711 = CARTESIAN_POINT('',(-27.25,-2.404163056034));
#4712 = ( GEOMETRIC_REPRESENTATION_CONTEXT(2) 
PARAMETRIC_REPRESENTATION_CONTEXT() REPRESENTATION_CONTEXT('2D SPACE',''
  ) );
#4713 = PCURVE('',#4714,#4719);
#4714 = PLANE('',#4715);
#4715 = AXIS2_PLACEMENT_3D('',#4716,#4717,#4718);
#4716 = CARTESIAN_POINT('',(139.8,33.5,6.2));
#4717 = DIRECTION('',(0.,0.,1.));
#4718 = DIRECTION('',(1.,0.,0.));
#4719 = DEFINITIONAL_REPRESENTATION('',(#4720),#4723);
#4720 = B_SPLINE_CURVE_WITH_KNOTS('',1,(#4721,#4722),.UNSPECIFIED.,.F.,
  .F.,(2,2),(6.5,16.),.PIECEWISE_BEZIER_KNOTS.);
#4721 = CARTESIAN_POINT('',(-3.6,-4.75));
#4722 = CARTESIAN_POINT('',(-3.6,4.75));
#4723 = ( GEOMETRIC_REPRESENTATION_CONTEXT(2) 
PARAMETRIC_REPRESENTATION_CONTEXT() REPRESENTATION_CONTEXT('2D SPACE',''
  ) );
#4724 = ORIENTED_EDGE('',*,*,#4725,.T.);
#4725 = EDGE_CURVE('',#4700,#1104,#4726,.T.);
#4726 = SURFACE_CURVE('',#4727,(#4732,#4739),.PCURVE_S1.);
#4727 = ELLIPSE('',#4728,6.717514421272,4.75);
#4728 = AXIS2_PLACEMENT_3D('',#4729,#4730,#4731);
#4729 = CARTESIAN_POINT('',(139.8,33.5,9.8));
#4730 = DIRECTION('',(0.707106781187,0.,-0.707106781187));
#4731 = DIRECTION('',(0.707106781187,0.,0.707106781187));
#4732 = PCURVE('',#962,#4733);
#4733 = DEFINITIONAL_REPRESENTATION('',(#4734),#4738);
#4734 = ELLIPSE('',#4735,6.717514421272,4.75);
#4735 = AXIS2_PLACEMENT_2D('',#4736,#4737);
#4736 = CARTESIAN_POINT('',(-22.5,-7.495331880577));
#4737 = DIRECTION('',(-0.,-1.));
#4738 = ( GEOMETRIC_REPRESENTATION_CONTEXT(2) 
PARAMETRIC_REPRESENTATION_CONTEXT() REPRESENTATION_CONTEXT('2D SPACE',''
  ) );
#4739 = PCURVE('',#1143,#4740);
#4740 = DEFINITIONAL_REPRESENTATION('',(#4741),#4767);
#4741 = B_SPLINE_CURVE_WITH_KNOTS('',3,(#4742,#4743,#4744,#4745,#4746,
    #4747,#4748,#4749,#4750,#4751,#4752,#4753,#4754,#4755,#4756,#4757,
    #4758,#4759,#4760,#4761,#4762,#4763,#4764,#4765,#4766),
  .UNSPECIFIED.,.F.,.F.,(4,1,1,1,1,1,1,1,1,1,1,1,1,1,1,1,1,1,1,1,1,1,4),
  (3.852309008935,3.873737254664,3.895165500393,3.916593746123,
    3.938021991852,3.959450237581,3.980878483311,4.00230672904,
    4.023734974769,4.045163220499,4.066591466228,4.088019711957,
    4.109447957686,4.130876203416,4.152304449145,4.173732694874,
    4.195160940604,4.216589186333,4.238017432062,4.259445677791,
    4.280873923521,4.30230216925,4.323730414979),.QUASI_UNIFORM_KNOTS.);
#4742 = CARTESIAN_POINT('',(2.430876298245,-10.));
#4743 = CARTESIAN_POINT('',(2.423733549668,-9.977866183348));
#4744 = CARTESIAN_POINT('',(2.409448052515,-9.933047311217));
#4745 = CARTESIAN_POINT('',(2.388019806786,-9.864196968847));
#4746 = CARTESIAN_POINT('',(2.366591561057,-9.793755986896));
#4747 = CARTESIAN_POINT('',(2.345163315328,-9.721756766958));
#4748 = CARTESIAN_POINT('',(2.323735069598,-9.648232351963));
#4749 = CARTESIAN_POINT('',(2.302306823869,-9.573216505001));
#4750 = CARTESIAN_POINT('',(2.28087857814,-9.496743668634));
#4751 = CARTESIAN_POINT('',(2.25945033241,-9.418848955832));
#4752 = CARTESIAN_POINT('',(2.238022086681,-9.339568132037));
#4753 = CARTESIAN_POINT('',(2.216593840952,-9.258937599232));
#4754 = CARTESIAN_POINT('',(2.195165595222,-9.176994379093));
#4755 = CARTESIAN_POINT('',(2.173737349493,-9.093776096027));
#4756 = CARTESIAN_POINT('',(2.152309103764,-9.009320959886));
#4757 = CARTESIAN_POINT('',(2.130880858035,-8.923667748431));
#4758 = CARTESIAN_POINT('',(2.109452612305,-8.836855789505));
#4759 = CARTESIAN_POINT('',(2.088024366576,-8.748924943049));
#4760 = CARTESIAN_POINT('',(2.066596120847,-8.659915582536));
#4761 = CARTESIAN_POINT('',(2.045167875117,-8.569868577418));
#4762 = CARTESIAN_POINT('',(2.023739629388,-8.478825270685));
#4763 = CARTESIAN_POINT('',(2.002311383659,-8.386827473593));
#4764 = CARTESIAN_POINT('',(1.98088313793,-8.293917395309));
#4765 = CARTESIAN_POINT('',(1.966597640777,-8.231397674733));
#4766 = CARTESIAN_POINT('',(1.9594548922,-8.2));
#4767 = ( GEOMETRIC_REPRESENTATION_CONTEXT(2) 
PARAMETRIC_REPRESENTATION_CONTEXT() REPRESENTATION_CONTEXT('2D SPACE',''
  ) );
#4768 = ORIENTED_EDGE('',*,*,#1103,.T.);
#4769 = ORIENTED_EDGE('',*,*,#4770,.T.);
#4770 = EDGE_CURVE('',#1080,#4771,#4773,.T.);
#4771 = VERTEX_POINT('',#4772);
#4772 = CARTESIAN_POINT('',(136.2,56.901209913531,6.2));
#4773 = SURFACE_CURVE('',#4774,(#4779,#4786),.PCURVE_S1.);
#4774 = ELLIPSE('',#4775,6.717514421272,4.75);
#4775 = AXIS2_PLACEMENT_3D('',#4776,#4777,#4778);
#4776 = CARTESIAN_POINT('',(139.8,60.,9.8));
#4777 = DIRECTION('',(0.707106781187,0.,-0.707106781187));
#4778 = DIRECTION('',(0.707106781187,0.,0.707106781187));
#4779 = PCURVE('',#962,#4780);
#4780 = DEFINITIONAL_REPRESENTATION('',(#4781),#4785);
#4781 = ELLIPSE('',#4782,6.717514421272,4.75);
#4782 = AXIS2_PLACEMENT_2D('',#4783,#4784);
#4783 = CARTESIAN_POINT('',(-49.,-7.495331880577));
#4784 = DIRECTION('',(-0.,-1.));
#4785 = ( GEOMETRIC_REPRESENTATION_CONTEXT(2) 
PARAMETRIC_REPRESENTATION_CONTEXT() REPRESENTATION_CONTEXT('2D SPACE',''
  ) );
#4786 = PCURVE('',#1067,#4787);
#4787 = DEFINITIONAL_REPRESENTATION('',(#4788),#4814);
#4788 = B_SPLINE_CURVE_WITH_KNOTS('',3,(#4789,#4790,#4791,#4792,#4793,
    #4794,#4795,#4796,#4797,#4798,#4799,#4800,#4801,#4802,#4803,#4804,
    #4805,#4806,#4807,#4808,#4809,#4810,#4811,#4812,#4813),
  .UNSPECIFIED.,.F.,.F.,(4,1,1,1,1,1,1,1,1,1,1,1,1,1,1,1,1,1,1,1,1,1,4),
  (1.9594548922,1.98088313793,2.002311383659,2.023739629388,
    2.045167875117,2.066596120847,2.088024366576,2.109452612305,
    2.130880858035,2.152309103764,2.173737349493,2.195165595222,
    2.216593840952,2.238022086681,2.25945033241,2.28087857814,
    2.302306823869,2.323735069598,2.345163315328,2.366591561057,
    2.388019806786,2.409448052515,2.430876298245),
  .QUASI_UNIFORM_KNOTS.);
#4789 = CARTESIAN_POINT('',(-1.9594548922,-8.2));
#4790 = CARTESIAN_POINT('',(-1.966597640777,-8.231397674733));
#4791 = CARTESIAN_POINT('',(-1.98088313793,-8.293917395309));
#4792 = CARTESIAN_POINT('',(-2.002311383659,-8.386827473593));
#4793 = CARTESIAN_POINT('',(-2.023739629388,-8.478825270685));
#4794 = CARTESIAN_POINT('',(-2.045167875117,-8.569868577418));
#4795 = CARTESIAN_POINT('',(-2.066596120847,-8.659915582536));
#4796 = CARTESIAN_POINT('',(-2.088024366576,-8.748924943049));
#4797 = CARTESIAN_POINT('',(-2.109452612305,-8.836855789505));
#4798 = CARTESIAN_POINT('',(-2.130880858035,-8.923667748431));
#4799 = CARTESIAN_POINT('',(-2.152309103764,-9.009320959886));
#4800 = CARTESIAN_POINT('',(-2.173737349493,-9.093776096027));
#4801 = CARTESIAN_POINT('',(-2.195165595222,-9.176994379093));
#4802 = CARTESIAN_POINT('',(-2.216593840952,-9.258937599232));
#4803 = CARTESIAN_POINT('',(-2.238022086681,-9.339568132037));
#4804 = CARTESIAN_POINT('',(-2.25945033241,-9.418848955832));
#4805 = CARTESIAN_POINT('',(-2.28087857814,-9.496743668634));
#4806 = CARTESIAN_POINT('',(-2.302306823869,-9.573216505001));
#4807 = CARTESIAN_POINT('',(-2.323735069598,-9.648232351963));
#4808 = CARTESIAN_POINT('',(-2.345163315328,-9.721756766958));
#4809 = CARTESIAN_POINT('',(-2.366591561057,-9.793755986896));
#4810 = CARTESIAN_POINT('',(-2.388019806786,-9.864196968847));
#4811 = CARTESIAN_POINT('',(-2.409448052515,-9.933047311217));
#4812 = CARTESIAN_POINT('',(-2.423733549668,-9.977866183348));
#4813 = CARTESIAN_POINT('',(-2.430876298245,-10.));
#4814 = ( GEOMETRIC_REPRESENTATION_CONTEXT(2) 
PARAMETRIC_REPRESENTATION_CONTEXT() REPRESENTATION_CONTEXT('2D SPACE',''
  ) );
#4815 = ORIENTED_EDGE('',*,*,#4816,.T.);
#4816 = EDGE_CURVE('',#4771,#4817,#4819,.T.);
#4817 = VERTEX_POINT('',#4818);
#4818 = CARTESIAN_POINT('',(136.2,63.098790086469,6.2));
#4819 = SURFACE_CURVE('',#4820,(#4824,#4830),.PCURVE_S1.);
#4820 = LINE('',#4821,#4822);
#4821 = CARTESIAN_POINT('',(136.2,35.5,6.2));
#4822 = VECTOR('',#4823,1.);
#4823 = DIRECTION('',(0.,1.,0.));
#4824 = PCURVE('',#962,#4825);
#4825 = DEFINITIONAL_REPRESENTATION('',(#4826),#4829);
#4826 = B_SPLINE_CURVE_WITH_KNOTS('',1,(#4827,#4828),.UNSPECIFIED.,.F.,
  .F.,(2,2),(19.75,29.25),.PIECEWISE_BEZIER_KNOTS.);
#4827 = CARTESIAN_POINT('',(-44.25,-2.404163056034));
#4828 = CARTESIAN_POINT('',(-53.75,-2.404163056034));
#4829 = ( GEOMETRIC_REPRESENTATION_CONTEXT(2) 
PARAMETRIC_REPRESENTATION_CONTEXT() REPRESENTATION_CONTEXT('2D SPACE',''
  ) );
#4830 = PCURVE('',#4831,#4836);
#4831 = PLANE('',#4832);
#4832 = AXIS2_PLACEMENT_3D('',#4833,#4834,#4835);
#4833 = CARTESIAN_POINT('',(139.8,60.,6.2));
#4834 = DIRECTION('',(0.,0.,1.));
#4835 = DIRECTION('',(1.,0.,0.));
#4836 = DEFINITIONAL_REPRESENTATION('',(#4837),#4840);
#4837 = B_SPLINE_CURVE_WITH_KNOTS('',1,(#4838,#4839),.UNSPECIFIED.,.F.,
  .F.,(2,2),(19.75,29.25),.PIECEWISE_BEZIER_KNOTS.);
#4838 = CARTESIAN_POINT('',(-3.6,-4.75));
#4839 = CARTESIAN_POINT('',(-3.6,4.75));
#4840 = ( GEOMETRIC_REPRESENTATION_CONTEXT(2) 
PARAMETRIC_REPRESENTATION_CONTEXT() REPRESENTATION_CONTEXT('2D SPACE',''
  ) );
#4841 = ORIENTED_EDGE('',*,*,#4842,.T.);
#4842 = EDGE_CURVE('',#4817,#1028,#4843,.T.);
#4843 = SURFACE_CURVE('',#4844,(#4849,#4856),.PCURVE_S1.);
#4844 = ELLIPSE('',#4845,6.717514421272,4.75);
#4845 = AXIS2_PLACEMENT_3D('',#4846,#4847,#4848);
#4846 = CARTESIAN_POINT('',(139.8,60.,9.8));
#4847 = DIRECTION('',(0.707106781187,0.,-0.707106781187));
#4848 = DIRECTION('',(0.707106781187,0.,0.707106781187));
#4849 = PCURVE('',#962,#4850);
#4850 = DEFINITIONAL_REPRESENTATION('',(#4851),#4855);
#4851 = ELLIPSE('',#4852,6.717514421272,4.75);
#4852 = AXIS2_PLACEMENT_2D('',#4853,#4854);
#4853 = CARTESIAN_POINT('',(-49.,-7.495331880577));
#4854 = DIRECTION('',(-0.,-1.));
#4855 = ( GEOMETRIC_REPRESENTATION_CONTEXT(2) 
PARAMETRIC_REPRESENTATION_CONTEXT() REPRESENTATION_CONTEXT('2D SPACE',''
  ) );
#4856 = PCURVE('',#1067,#4857);
#4857 = DEFINITIONAL_REPRESENTATION('',(#4858),#4884);
#4858 = B_SPLINE_CURVE_WITH_KNOTS('',3,(#4859,#4860,#4861,#4862,#4863,
    #4864,#4865,#4866,#4867,#4868,#4869,#4870,#4871,#4872,#4873,#4874,
    #4875,#4876,#4877,#4878,#4879,#4880,#4881,#4882,#4883),
  .UNSPECIFIED.,.F.,.F.,(4,1,1,1,1,1,1,1,1,1,1,1,1,1,1,1,1,1,1,1,1,1,4),
  (3.852309008935,3.873737254664,3.895165500393,3.916593746123,
    3.938021991852,3.959450237581,3.980878483311,4.00230672904,
    4.023734974769,4.045163220499,4.066591466228,4.088019711957,
    4.109447957686,4.130876203416,4.152304449145,4.173732694874,
    4.195160940604,4.216589186333,4.238017432062,4.259445677791,
    4.280873923521,4.30230216925,4.323730414979),.QUASI_UNIFORM_KNOTS.);
#4859 = CARTESIAN_POINT('',(2.430876298245,-10.));
#4860 = CARTESIAN_POINT('',(2.423733549668,-9.977866183348));
#4861 = CARTESIAN_POINT('',(2.409448052515,-9.933047311217));
#4862 = CARTESIAN_POINT('',(2.388019806786,-9.864196968847));
#4863 = CARTESIAN_POINT('',(2.366591561057,-9.793755986896));
#4864 = CARTESIAN_POINT('',(2.345163315328,-9.721756766958));
#4865 = CARTESIAN_POINT('',(2.323735069598,-9.648232351963));
#4866 = CARTESIAN_POINT('',(2.302306823869,-9.573216505001));
#4867 = CARTESIAN_POINT('',(2.28087857814,-9.496743668634));
#4868 = CARTESIAN_POINT('',(2.25945033241,-9.418848955832));
#4869 = CARTESIAN_POINT('',(2.238022086681,-9.339568132037));
#4870 = CARTESIAN_POINT('',(2.216593840952,-9.258937599232));
#4871 = CARTESIAN_POINT('',(2.195165595222,-9.176994379093));
#4872 = CARTESIAN_POINT('',(2.173737349493,-9.093776096027));
#4873 = CARTESIAN_POINT('',(2.152309103764,-9.009320959886));
#4874 = CARTESIAN_POINT('',(2.130880858035,-8.923667748431));
#4875 = CARTESIAN_POINT('',(2.109452612305,-8.836855789505));
#4876 = CARTESIAN_POINT('',(2.088024366576,-8.748924943049));
#4877 = CARTESIAN_POINT('',(2.066596120847,-8.659915582536));
#4878 = CARTESIAN_POINT('',(2.045167875117,-8.569868577418));
#4879 = CARTESIAN_POINT('',(2.023739629388,-8.478825270685));
#4880 = CARTESIAN_POINT('',(2.002311383659,-8.386827473593));
#4881 = CARTESIAN_POINT('',(1.98088313793,-8.293917395309));
#4882 = CARTESIAN_POINT('',(1.966597640777,-8.231397674733));
#4883 = CARTESIAN_POINT('',(1.9594548922,-8.2));
#4884 = ( GEOMETRIC_REPRESENTATION_CONTEXT(2) 
PARAMETRIC_REPRESENTATION_CONTEXT() REPRESENTATION_CONTEXT('2D SPACE',''
  ) );
#4885 = ORIENTED_EDGE('',*,*,#1027,.T.);
#4886 = ORIENTED_EDGE('',*,*,#4887,.T.);
#4887 = EDGE_CURVE('',#1004,#4888,#4890,.T.);
#4888 = VERTEX_POINT('',#4889);
#4889 = CARTESIAN_POINT('',(136.2,83.401209913531,6.2));
#4890 = SURFACE_CURVE('',#4891,(#4896,#4903),.PCURVE_S1.);
#4891 = ELLIPSE('',#4892,6.717514421272,4.75);
#4892 = AXIS2_PLACEMENT_3D('',#4893,#4894,#4895);
#4893 = CARTESIAN_POINT('',(139.8,86.5,9.8));
#4894 = DIRECTION('',(0.707106781187,0.,-0.707106781187));
#4895 = DIRECTION('',(0.707106781187,0.,0.707106781187));
#4896 = PCURVE('',#962,#4897);
#4897 = DEFINITIONAL_REPRESENTATION('',(#4898),#4902);
#4898 = ELLIPSE('',#4899,6.717514421272,4.75);
#4899 = AXIS2_PLACEMENT_2D('',#4900,#4901);
#4900 = CARTESIAN_POINT('',(-75.5,-7.495331880577));
#4901 = DIRECTION('',(-0.,-1.));
#4902 = ( GEOMETRIC_REPRESENTATION_CONTEXT(2) 
PARAMETRIC_REPRESENTATION_CONTEXT() REPRESENTATION_CONTEXT('2D SPACE',''
  ) );
#4903 = PCURVE('',#991,#4904);
#4904 = DEFINITIONAL_REPRESENTATION('',(#4905),#4931);
#4905 = B_SPLINE_CURVE_WITH_KNOTS('',3,(#4906,#4907,#4908,#4909,#4910,
    #4911,#4912,#4913,#4914,#4915,#4916,#4917,#4918,#4919,#4920,#4921,
    #4922,#4923,#4924,#4925,#4926,#4927,#4928,#4929,#4930),
  .UNSPECIFIED.,.F.,.F.,(4,1,1,1,1,1,1,1,1,1,1,1,1,1,1,1,1,1,1,1,1,1,4),
  (1.9594548922,1.98088313793,2.002311383659,2.023739629388,
    2.045167875117,2.066596120847,2.088024366576,2.109452612305,
    2.130880858035,2.152309103764,2.173737349493,2.195165595222,
    2.216593840952,2.238022086681,2.25945033241,2.28087857814,
    2.302306823869,2.323735069598,2.345163315328,2.366591561057,
    2.388019806786,2.409448052515,2.430876298245),
  .QUASI_UNIFORM_KNOTS.);
#4906 = CARTESIAN_POINT('',(-1.9594548922,-8.2));
#4907 = CARTESIAN_POINT('',(-1.966597640777,-8.231397674733));
#4908 = CARTESIAN_POINT('',(-1.98088313793,-8.293917395309));
#4909 = CARTESIAN_POINT('',(-2.002311383659,-8.386827473593));
#4910 = CARTESIAN_POINT('',(-2.023739629388,-8.478825270685));
#4911 = CARTESIAN_POINT('',(-2.045167875117,-8.569868577418));
#4912 = CARTESIAN_POINT('',(-2.066596120847,-8.659915582536));
#4913 = CARTESIAN_POINT('',(-2.088024366576,-8.748924943049));
#4914 = CARTESIAN_POINT('',(-2.109452612305,-8.836855789505));
#4915 = CARTESIAN_POINT('',(-2.130880858035,-8.923667748431));
#4916 = CARTESIAN_POINT('',(-2.152309103764,-9.009320959886));
#4917 = CARTESIAN_POINT('',(-2.173737349493,-9.093776096027));
#4918 = CARTESIAN_POINT('',(-2.195165595222,-9.176994379093));
#4919 = CARTESIAN_POINT('',(-2.216593840952,-9.258937599232));
#4920 = CARTESIAN_POINT('',(-2.238022086681,-9.339568132037));
#4921 = CARTESIAN_POINT('',(-2.25945033241,-9.418848955832));
#4922 = CARTESIAN_POINT('',(-2.28087857814,-9.496743668634));
#4923 = CARTESIAN_POINT('',(-2.302306823869,-9.573216505001));
#4924 = CARTESIAN_POINT('',(-2.323735069598,-9.648232351963));
#4925 = CARTESIAN_POINT('',(-2.345163315328,-9.721756766958));
#4926 = CARTESIAN_POINT('',(-2.366591561057,-9.793755986896));
#4927 = CARTESIAN_POINT('',(-2.388019806786,-9.864196968847));
#4928 = CARTESIAN_POINT('',(-2.409448052515,-9.933047311217));
#4929 = CARTESIAN_POINT('',(-2.423733549668,-9.977866183348));
#4930 = CARTESIAN_POINT('',(-2.430876298245,-10.));
#4931 = ( GEOMETRIC_REPRESENTATION_CONTEXT(2) 
PARAMETRIC_REPRESENTATION_CONTEXT() REPRESENTATION_CONTEXT('2D SPACE',''
  ) );
#4932 = ORIENTED_EDGE('',*,*,#4933,.T.);
#4933 = EDGE_CURVE('',#4888,#4934,#4936,.T.);
#4934 = VERTEX_POINT('',#4935);
#4935 = CARTESIAN_POINT('',(136.2,89.598790086469,6.2));
#4936 = SURFACE_CURVE('',#4937,(#4941,#4947),.PCURVE_S1.);
#4937 = LINE('',#4938,#4939);
#4938 = CARTESIAN_POINT('',(136.2,48.75,6.2));
#4939 = VECTOR('',#4940,1.);
#4940 = DIRECTION('',(0.,1.,0.));
#4941 = PCURVE('',#962,#4942);
#4942 = DEFINITIONAL_REPRESENTATION('',(#4943),#4946);
#4943 = B_SPLINE_CURVE_WITH_KNOTS('',1,(#4944,#4945),.UNSPECIFIED.,.F.,
  .F.,(2,2),(33.,42.5),.PIECEWISE_BEZIER_KNOTS.);
#4944 = CARTESIAN_POINT('',(-70.75,-2.404163056034));
#4945 = CARTESIAN_POINT('',(-80.25,-2.404163056034));
#4946 = ( GEOMETRIC_REPRESENTATION_CONTEXT(2) 
PARAMETRIC_REPRESENTATION_CONTEXT() REPRESENTATION_CONTEXT('2D SPACE',''
  ) );
#4947 = PCURVE('',#4948,#4953);
#4948 = PLANE('',#4949);
#4949 = AXIS2_PLACEMENT_3D('',#4950,#4951,#4952);
#4950 = CARTESIAN_POINT('',(139.8,86.5,6.2));
#4951 = DIRECTION('',(0.,0.,1.));
#4952 = DIRECTION('',(1.,0.,0.));
#4953 = DEFINITIONAL_REPRESENTATION('',(#4954),#4957);
#4954 = B_SPLINE_CURVE_WITH_KNOTS('',1,(#4955,#4956),.UNSPECIFIED.,.F.,
  .F.,(2,2),(33.,42.5),.PIECEWISE_BEZIER_KNOTS.);
#4955 = CARTESIAN_POINT('',(-3.6,-4.75));
#4956 = CARTESIAN_POINT('',(-3.6,4.75));
#4957 = ( GEOMETRIC_REPRESENTATION_CONTEXT(2) 
PARAMETRIC_REPRESENTATION_CONTEXT() REPRESENTATION_CONTEXT('2D SPACE',''
  ) );
#4958 = ORIENTED_EDGE('',*,*,#4959,.T.);
#4959 = EDGE_CURVE('',#4934,#947,#4960,.T.);
#4960 = SURFACE_CURVE('',#4961,(#4966,#4973),.PCURVE_S1.);
#4961 = ELLIPSE('',#4962,6.717514421272,4.75);
#4962 = AXIS2_PLACEMENT_3D('',#4963,#4964,#4965);
#4963 = CARTESIAN_POINT('',(139.8,86.5,9.8));
#4964 = DIRECTION('',(0.707106781187,0.,-0.707106781187));
#4965 = DIRECTION('',(0.707106781187,0.,0.707106781187));
#4966 = PCURVE('',#962,#4967);
#4967 = DEFINITIONAL_REPRESENTATION('',(#4968),#4972);
#4968 = ELLIPSE('',#4969,6.717514421272,4.75);
#4969 = AXIS2_PLACEMENT_2D('',#4970,#4971);
#4970 = CARTESIAN_POINT('',(-75.5,-7.495331880577));
#4971 = DIRECTION('',(-0.,-1.));
#4972 = ( GEOMETRIC_REPRESENTATION_CONTEXT(2) 
PARAMETRIC_REPRESENTATION_CONTEXT() REPRESENTATION_CONTEXT('2D SPACE',''
  ) );
#4973 = PCURVE('',#991,#4974);
#4974 = DEFINITIONAL_REPRESENTATION('',(#4975),#5001);
#4975 = B_SPLINE_CURVE_WITH_KNOTS('',3,(#4976,#4977,#4978,#4979,#4980,
    #4981,#4982,#4983,#4984,#4985,#4986,#4987,#4988,#4989,#4990,#4991,
    #4992,#4993,#4994,#4995,#4996,#4997,#4998,#4999,#5000),
  .UNSPECIFIED.,.F.,.F.,(4,1,1,1,1,1,1,1,1,1,1,1,1,1,1,1,1,1,1,1,1,1,4),
  (3.852309008935,3.873737254664,3.895165500393,3.916593746123,
    3.938021991852,3.959450237581,3.980878483311,4.00230672904,
    4.023734974769,4.045163220499,4.066591466228,4.088019711957,
    4.109447957686,4.130876203416,4.152304449145,4.173732694874,
    4.195160940604,4.216589186333,4.238017432062,4.259445677791,
    4.280873923521,4.30230216925,4.323730414979),.QUASI_UNIFORM_KNOTS.);
#4976 = CARTESIAN_POINT('',(2.430876298245,-10.));
#4977 = CARTESIAN_POINT('',(2.423733549668,-9.977866183348));
#4978 = CARTESIAN_POINT('',(2.409448052515,-9.933047311217));
#4979 = CARTESIAN_POINT('',(2.388019806786,-9.864196968847));
#4980 = CARTESIAN_POINT('',(2.366591561057,-9.793755986896));
#4981 = CARTESIAN_POINT('',(2.345163315328,-9.721756766958));
#4982 = CARTESIAN_POINT('',(2.323735069598,-9.648232351963));
#4983 = CARTESIAN_POINT('',(2.302306823869,-9.573216505001));
#4984 = CARTESIAN_POINT('',(2.28087857814,-9.496743668634));
#4985 = CARTESIAN_POINT('',(2.25945033241,-9.418848955832));
#4986 = CARTESIAN_POINT('',(2.238022086681,-9.339568132037));
#4987 = CARTESIAN_POINT('',(2.216593840952,-9.258937599232));
#4988 = CARTESIAN_POINT('',(2.195165595222,-9.176994379093));
#4989 = CARTESIAN_POINT('',(2.173737349493,-9.093776096027));
#4990 = CARTESIAN_POINT('',(2.152309103764,-9.009320959886));
#4991 = CARTESIAN_POINT('',(2.130880858035,-8.923667748431));
#4992 = CARTESIAN_POINT('',(2.109452612305,-8.836855789505));
#4993 = CARTESIAN_POINT('',(2.088024366576,-8.748924943049));
#4994 = CARTESIAN_POINT('',(2.066596120847,-8.659915582536));
#4995 = CARTESIAN_POINT('',(2.045167875117,-8.569868577418));
#4996 = CARTESIAN_POINT('',(2.023739629388,-8.478825270685));
#4997 = CARTESIAN_POINT('',(2.002311383659,-8.386827473593));
#4998 = CARTESIAN_POINT('',(1.98088313793,-8.293917395309));
#4999 = CARTESIAN_POINT('',(1.966597640777,-8.231397674733));
#5000 = CARTESIAN_POINT('',(1.9594548922,-8.2));
#5001 = ( GEOMETRIC_REPRESENTATION_CONTEXT(2) 
PARAMETRIC_REPRESENTATION_CONTEXT() REPRESENTATION_CONTEXT('2D SPACE',''
  ) );
#5002 = ORIENTED_EDGE('',*,*,#946,.T.);
#5003 = ORIENTED_EDGE('',*,*,#5004,.T.);
#5004 = EDGE_CURVE('',#923,#5005,#5007,.T.);
#5005 = VERTEX_POINT('',#5006);
#5006 = CARTESIAN_POINT('',(136.2,109.90120991353,6.2));
#5007 = SURFACE_CURVE('',#5008,(#5013,#5020),.PCURVE_S1.);
#5008 = ELLIPSE('',#5009,6.717514421272,4.75);
#5009 = AXIS2_PLACEMENT_3D('',#5010,#5011,#5012);
#5010 = CARTESIAN_POINT('',(139.8,113.,9.8));
#5011 = DIRECTION('',(0.707106781187,0.,-0.707106781187));
#5012 = DIRECTION('',(0.707106781187,0.,0.707106781187));
#5013 = PCURVE('',#962,#5014);
#5014 = DEFINITIONAL_REPRESENTATION('',(#5015),#5019);
#5015 = ELLIPSE('',#5016,6.717514421272,4.75);
#5016 = AXIS2_PLACEMENT_2D('',#5017,#5018);
#5017 = CARTESIAN_POINT('',(-102.,-7.495331880577));
#5018 = DIRECTION('',(-0.,-1.));
#5019 = ( GEOMETRIC_REPRESENTATION_CONTEXT(2) 
PARAMETRIC_REPRESENTATION_CONTEXT() REPRESENTATION_CONTEXT('2D SPACE',''
  ) );
#5020 = PCURVE('',#910,#5021);
#5021 = DEFINITIONAL_REPRESENTATION('',(#5022),#5048);
#5022 = B_SPLINE_CURVE_WITH_KNOTS('',3,(#5023,#5024,#5025,#5026,#5027,
    #5028,#5029,#5030,#5031,#5032,#5033,#5034,#5035,#5036,#5037,#5038,
    #5039,#5040,#5041,#5042,#5043,#5044,#5045,#5046,#5047),
  .UNSPECIFIED.,.F.,.F.,(4,1,1,1,1,1,1,1,1,1,1,1,1,1,1,1,1,1,1,1,1,1,4),
  (1.9594548922,1.98088313793,2.002311383659,2.023739629388,
    2.045167875117,2.066596120847,2.088024366576,2.109452612305,
    2.130880858035,2.152309103764,2.173737349493,2.195165595222,
    2.216593840952,2.238022086681,2.25945033241,2.28087857814,
    2.302306823869,2.323735069598,2.345163315328,2.366591561057,
    2.388019806786,2.409448052515,2.430876298245),
  .QUASI_UNIFORM_KNOTS.);
#5023 = CARTESIAN_POINT('',(-8.24264019938,-8.2));
#5024 = CARTESIAN_POINT('',(-8.249782947956,-8.231397674733));
#5025 = CARTESIAN_POINT('',(-8.264068445109,-8.293917395309));
#5026 = CARTESIAN_POINT('',(-8.285496690838,-8.386827473593));
#5027 = CARTESIAN_POINT('',(-8.306924936568,-8.478825270685));
#5028 = CARTESIAN_POINT('',(-8.328353182297,-8.569868577418));
#5029 = CARTESIAN_POINT('',(-8.349781428026,-8.659915582536));
#5030 = CARTESIAN_POINT('',(-8.371209673756,-8.748924943049));
#5031 = CARTESIAN_POINT('',(-8.392637919485,-8.836855789505));
#5032 = CARTESIAN_POINT('',(-8.414066165214,-8.923667748431));
#5033 = CARTESIAN_POINT('',(-8.435494410943,-9.009320959886));
#5034 = CARTESIAN_POINT('',(-8.456922656673,-9.093776096027));
#5035 = CARTESIAN_POINT('',(-8.478350902402,-9.176994379093));
#5036 = CARTESIAN_POINT('',(-8.499779148131,-9.258937599232));
#5037 = CARTESIAN_POINT('',(-8.521207393861,-9.339568132037));
#5038 = CARTESIAN_POINT('',(-8.54263563959,-9.418848955832));
#5039 = CARTESIAN_POINT('',(-8.564063885319,-9.496743668634));
#5040 = CARTESIAN_POINT('',(-8.585492131049,-9.573216505001));
#5041 = CARTESIAN_POINT('',(-8.606920376778,-9.648232351963));
#5042 = CARTESIAN_POINT('',(-8.628348622507,-9.721756766958));
#5043 = CARTESIAN_POINT('',(-8.649776868236,-9.793755986896));
#5044 = CARTESIAN_POINT('',(-8.671205113966,-9.864196968847));
#5045 = CARTESIAN_POINT('',(-8.692633359695,-9.933047311217));
#5046 = CARTESIAN_POINT('',(-8.706918856848,-9.977866183348));
#5047 = CARTESIAN_POINT('',(-8.714061605424,-10.));
#5048 = ( GEOMETRIC_REPRESENTATION_CONTEXT(2) 
PARAMETRIC_REPRESENTATION_CONTEXT() REPRESENTATION_CONTEXT('2D SPACE',''
  ) );
#5049 = ORIENTED_EDGE('',*,*,#5050,.T.);
#5050 = EDGE_CURVE('',#5005,#5051,#5053,.T.);
#5051 = VERTEX_POINT('',#5052);
#5052 = CARTESIAN_POINT('',(136.2,114.2,6.2));
#5053 = SURFACE_CURVE('',#5054,(#5058,#5064),.PCURVE_S1.);
#5054 = LINE('',#5055,#5056);
#5055 = CARTESIAN_POINT('',(136.2,62.,6.2));
#5056 = VECTOR('',#5057,1.);
#5057 = DIRECTION('',(0.,1.,0.));
#5058 = PCURVE('',#962,#5059);
#5059 = DEFINITIONAL_REPRESENTATION('',(#5060),#5063);
#5060 = B_SPLINE_CURVE_WITH_KNOTS('',1,(#5061,#5062),.UNSPECIFIED.,.F.,
  .F.,(2,2),(46.25,54.),.PIECEWISE_BEZIER_KNOTS.);
#5061 = CARTESIAN_POINT('',(-97.25,-2.404163056034));
#5062 = CARTESIAN_POINT('',(-105.,-2.404163056034));
#5063 = ( GEOMETRIC_REPRESENTATION_CONTEXT(2) 
PARAMETRIC_REPRESENTATION_CONTEXT() REPRESENTATION_CONTEXT('2D SPACE',''
  ) );
#5064 = PCURVE('',#5065,#5070);
#5065 = PLANE('',#5066);
#5066 = AXIS2_PLACEMENT_3D('',#5067,#5068,#5069);
#5067 = CARTESIAN_POINT('',(139.8,113.,6.2));
#5068 = DIRECTION('',(0.,0.,1.));
#5069 = DIRECTION('',(1.,0.,0.));
#5070 = DEFINITIONAL_REPRESENTATION('',(#5071),#5074);
#5071 = B_SPLINE_CURVE_WITH_KNOTS('',1,(#5072,#5073),.UNSPECIFIED.,.F.,
  .F.,(2,2),(46.25,54.),.PIECEWISE_BEZIER_KNOTS.);
#5072 = CARTESIAN_POINT('',(-3.6,-4.75));
#5073 = CARTESIAN_POINT('',(-3.6,3.));
#5074 = ( GEOMETRIC_REPRESENTATION_CONTEXT(2) 
PARAMETRIC_REPRESENTATION_CONTEXT() REPRESENTATION_CONTEXT('2D SPACE',''
  ) );
#5075 = ORIENTED_EDGE('',*,*,#5076,.T.);
#5076 = EDGE_CURVE('',#5051,#5077,#5079,.T.);
#5077 = VERTEX_POINT('',#5078);
#5078 = CARTESIAN_POINT('',(134.06066017177,112.06066017177,
    4.060660171778));
#5079 = SURFACE_CURVE('',#5080,(#5084,#5091),.PCURVE_S1.);
#5080 = LINE('',#5081,#5082);
#5081 = CARTESIAN_POINT('',(117.,95.,-13.));
#5082 = VECTOR('',#5083,1.);
#5083 = DIRECTION('',(-0.57735026919,-0.57735026919,-0.57735026919));
#5084 = PCURVE('',#962,#5085);
#5085 = DEFINITIONAL_REPRESENTATION('',(#5086),#5090);
#5086 = LINE('',#5087,#5088);
#5087 = CARTESIAN_POINT('',(-84.,24.748737341529));
#5088 = VECTOR('',#5089,1.);
#5089 = DIRECTION('',(0.57735026919,0.816496580928));
#5090 = ( GEOMETRIC_REPRESENTATION_CONTEXT(2) 
PARAMETRIC_REPRESENTATION_CONTEXT() REPRESENTATION_CONTEXT('2D SPACE',''
  ) );
#5091 = PCURVE('',#881,#5092);
#5092 = DEFINITIONAL_REPRESENTATION('',(#5093),#5097);
#5093 = LINE('',#5094,#5095);
#5094 = CARTESIAN_POINT('',(-14.,24.748737341529));
#5095 = VECTOR('',#5096,1.);
#5096 = DIRECTION('',(-0.57735026919,0.816496580928));
#5097 = ( GEOMETRIC_REPRESENTATION_CONTEXT(2) 
PARAMETRIC_REPRESENTATION_CONTEXT() REPRESENTATION_CONTEXT('2D SPACE',''
  ) );
#5098 = ORIENTED_EDGE('',*,*,#5099,.T.);
#5099 = EDGE_CURVE('',#5077,#5100,#5102,.T.);
#5100 = VERTEX_POINT('',#5101);
#5101 = CARTESIAN_POINT('',(134.5,111.,4.5));
#5102 = SURFACE_CURVE('',#5103,(#5108,#5115),.PCURVE_S1.);
#5103 = ELLIPSE('',#5104,2.12132034356,1.5);
#5104 = AXIS2_PLACEMENT_3D('',#5105,#5106,#5107);
#5105 = CARTESIAN_POINT('',(133.,111.,3.));
#5106 = DIRECTION('',(0.707106781187,0.,-0.707106781187));
#5107 = DIRECTION('',(0.707106781187,0.,0.707106781187));
#5108 = PCURVE('',#962,#5109);
#5109 = DEFINITIONAL_REPRESENTATION('',(#5110),#5114);
#5110 = ELLIPSE('',#5111,2.12132034356,1.5);
#5111 = AXIS2_PLACEMENT_2D('',#5112,#5113);
#5112 = CARTESIAN_POINT('',(-100.,2.12132034356));
#5113 = DIRECTION('',(-0.,-1.));
#5114 = ( GEOMETRIC_REPRESENTATION_CONTEXT(2) 
PARAMETRIC_REPRESENTATION_CONTEXT() REPRESENTATION_CONTEXT('2D SPACE',''
  ) );
#5115 = PCURVE('',#5116,#5121);
#5116 = CYLINDRICAL_SURFACE('',#5117,1.5);
#5117 = AXIS2_PLACEMENT_3D('',#5118,#5119,#5120);
#5118 = CARTESIAN_POINT('',(133.,111.,15.2));
#5119 = DIRECTION('',(0.,0.,1.));
#5120 = DIRECTION('',(1.,0.,0.));
#5121 = DEFINITIONAL_REPRESENTATION('',(#5122),#5153);
#5122 = B_SPLINE_CURVE_WITH_KNOTS('',8,(#5123,#5124,#5125,#5126,#5127,
    #5128,#5129,#5130,#5131,#5132,#5133,#5134,#5135,#5136,#5137,#5138,
    #5139,#5140,#5141,#5142,#5143,#5144,#5145,#5146,#5147,#5148,#5149,
    #5150,#5151,#5152),.UNSPECIFIED.,.F.,.F.,(9,7,7,7,9),(0.,
    1.570796326795,3.926990816987,5.105088062083,6.28318530718),
  .UNSPECIFIED.);
#5123 = CARTESIAN_POINT('',(0.,-10.7));
#5124 = CARTESIAN_POINT('',(-0.196349540849,-10.7));
#5125 = CARTESIAN_POINT('',(-0.392699081699,-10.76609225668));
#5126 = CARTESIAN_POINT('',(-0.589048622548,-10.89826878025));
#5127 = CARTESIAN_POINT('',(-0.785398163398,-11.0911180022));
#5128 = CARTESIAN_POINT('',(-0.981747704247,-11.33372595372));
#5129 = CARTESIAN_POINT('',(-1.178097245096,-11.61095240254));
#5130 = CARTESIAN_POINT('',(-1.374446785946,-11.90547568872));
#5131 = CARTESIAN_POINT('',(-1.865320638069,-12.64178646691));
#5132 = CARTESIAN_POINT('',(-2.159844949339,-13.08357453472));
#5133 = CARTESIAN_POINT('',(-2.454369260617,-13.46695275149));
#5134 = CARTESIAN_POINT('',(-2.748893571877,-13.73359448001));
#5135 = CARTESIAN_POINT('',(-3.043417883169,-13.84109339992));
#5136 = CARTESIAN_POINT('',(-3.337942194437,-13.78028919091));
#5137 = CARTESIAN_POINT('',(-3.632466505713,-13.57305037836));
#5138 = CARTESIAN_POINT('',(-4.074252972624,-13.10446506848));
#5139 = CARTESIAN_POINT('',(-4.221515128262,-12.92198235348));
#5140 = CARTESIAN_POINT('',(-4.368777283897,-12.71837384916));
#5141 = CARTESIAN_POINT('',(-4.516039439535,-12.50001639387));
#5142 = CARTESIAN_POINT('',(-4.663301595173,-12.27414744045));
#5143 = CARTESIAN_POINT('',(-4.810563750809,-12.04835903516));
#5144 = CARTESIAN_POINT('',(-4.957825906446,-11.83005358871));
#5145 = CARTESIAN_POINT('',(-5.25235021772,-11.42189611419));
#5146 = CARTESIAN_POINT('',(-5.399612373357,-11.23204423549));
#5147 = CARTESIAN_POINT('',(-5.546874528995,-11.06316226477));
#5148 = CARTESIAN_POINT('',(-5.694136684631,-10.92133834155));
#5149 = CARTESIAN_POINT('',(-5.841398840268,-10.81152821772));
#5150 = CARTESIAN_POINT('',(-5.988660995906,-10.73717637784));
#5151 = CARTESIAN_POINT('',(-6.135923151543,-10.7));
#5152 = CARTESIAN_POINT('',(-6.28318530718,-10.7));
#5153 = ( GEOMETRIC_REPRESENTATION_CONTEXT(2) 
PARAMETRIC_REPRESENTATION_CONTEXT() REPRESENTATION_CONTEXT('2D SPACE',''
  ) );
#5154 = ORIENTED_EDGE('',*,*,#5155,.T.);
#5155 = EDGE_CURVE('',#5100,#5156,#5158,.T.);
#5156 = VERTEX_POINT('',#5157);
#5157 = CARTESIAN_POINT('',(131.93933982822,109.93933982822,
    1.939339828222));
#5158 = SURFACE_CURVE('',#5159,(#5164,#5171),.PCURVE_S1.);
#5159 = ELLIPSE('',#5160,2.12132034356,1.5);
#5160 = AXIS2_PLACEMENT_3D('',#5161,#5162,#5163);
#5161 = CARTESIAN_POINT('',(133.,111.,3.));
#5162 = DIRECTION('',(0.707106781187,0.,-0.707106781187));
#5163 = DIRECTION('',(0.707106781187,0.,0.707106781187));
#5164 = PCURVE('',#962,#5165);
#5165 = DEFINITIONAL_REPRESENTATION('',(#5166),#5170);
#5166 = ELLIPSE('',#5167,2.12132034356,1.5);
#5167 = AXIS2_PLACEMENT_2D('',#5168,#5169);
#5168 = CARTESIAN_POINT('',(-100.,2.12132034356));
#5169 = DIRECTION('',(-0.,-1.));
#5170 = ( GEOMETRIC_REPRESENTATION_CONTEXT(2) 
PARAMETRIC_REPRESENTATION_CONTEXT() REPRESENTATION_CONTEXT('2D SPACE',''
  ) );
#5171 = PCURVE('',#5116,#5172);
#5172 = DEFINITIONAL_REPRESENTATION('',(#5173),#5204);
#5173 = B_SPLINE_CURVE_WITH_KNOTS('',8,(#5174,#5175,#5176,#5177,#5178,
    #5179,#5180,#5181,#5182,#5183,#5184,#5185,#5186,#5187,#5188,#5189,
    #5190,#5191,#5192,#5193,#5194,#5195,#5196,#5197,#5198,#5199,#5200,
    #5201,#5202,#5203),.UNSPECIFIED.,.F.,.F.,(9,7,7,7,9),(0.,
    1.570796326795,3.926990816987,5.105088062083,6.28318530718),
  .UNSPECIFIED.);
#5174 = CARTESIAN_POINT('',(0.,-10.7));
#5175 = CARTESIAN_POINT('',(-0.196349540849,-10.7));
#5176 = CARTESIAN_POINT('',(-0.392699081699,-10.76609225668));
#5177 = CARTESIAN_POINT('',(-0.589048622548,-10.89826878025));
#5178 = CARTESIAN_POINT('',(-0.785398163398,-11.0911180022));
#5179 = CARTESIAN_POINT('',(-0.981747704247,-11.33372595372));
#5180 = CARTESIAN_POINT('',(-1.178097245096,-11.61095240254));
#5181 = CARTESIAN_POINT('',(-1.374446785946,-11.90547568872));
#5182 = CARTESIAN_POINT('',(-1.865320638069,-12.64178646691));
#5183 = CARTESIAN_POINT('',(-2.159844949339,-13.08357453472));
#5184 = CARTESIAN_POINT('',(-2.454369260617,-13.46695275149));
#5185 = CARTESIAN_POINT('',(-2.748893571877,-13.73359448001));
#5186 = CARTESIAN_POINT('',(-3.043417883169,-13.84109339992));
#5187 = CARTESIAN_POINT('',(-3.337942194437,-13.78028919091));
#5188 = CARTESIAN_POINT('',(-3.632466505713,-13.57305037836));
#5189 = CARTESIAN_POINT('',(-4.074252972624,-13.10446506848));
#5190 = CARTESIAN_POINT('',(-4.221515128262,-12.92198235348));
#5191 = CARTESIAN_POINT('',(-4.368777283897,-12.71837384916));
#5192 = CARTESIAN_POINT('',(-4.516039439535,-12.50001639387));
#5193 = CARTESIAN_POINT('',(-4.663301595173,-12.27414744045));
#5194 = CARTESIAN_POINT('',(-4.810563750809,-12.04835903516));
#5195 = CARTESIAN_POINT('',(-4.957825906446,-11.83005358871));
#5196 = CARTESIAN_POINT('',(-5.25235021772,-11.42189611419));
#5197 = CARTESIAN_POINT('',(-5.399612373357,-11.23204423549));
#5198 = CARTESIAN_POINT('',(-5.546874528995,-11.06316226477));
#5199 = CARTESIAN_POINT('',(-5.694136684631,-10.92133834155));
#5200 = CARTESIAN_POINT('',(-5.841398840268,-10.81152821772));
#5201 = CARTESIAN_POINT('',(-5.988660995906,-10.73717637784));
#5202 = CARTESIAN_POINT('',(-6.135923151543,-10.7));
#5203 = CARTESIAN_POINT('',(-6.28318530718,-10.7));
#5204 = ( GEOMETRIC_REPRESENTATION_CONTEXT(2) 
PARAMETRIC_REPRESENTATION_CONTEXT() REPRESENTATION_CONTEXT('2D SPACE',''
  ) );
#5205 = ORIENTED_EDGE('',*,*,#5206,.T.);
#5206 = EDGE_CURVE('',#5156,#5207,#5209,.T.);
#5207 = VERTEX_POINT('',#5208);
#5208 = CARTESIAN_POINT('',(131.,109.,1.));
#5209 = SURFACE_CURVE('',#5210,(#5214,#5221),.PCURVE_S1.);
#5210 = LINE('',#5211,#5212);
#5211 = CARTESIAN_POINT('',(117.,95.,-13.));
#5212 = VECTOR('',#5213,1.);
#5213 = DIRECTION('',(-0.57735026919,-0.57735026919,-0.57735026919));
#5214 = PCURVE('',#962,#5215);
#5215 = DEFINITIONAL_REPRESENTATION('',(#5216),#5220);
#5216 = LINE('',#5217,#5218);
#5217 = CARTESIAN_POINT('',(-84.,24.748737341529));
#5218 = VECTOR('',#5219,1.);
#5219 = DIRECTION('',(0.57735026919,0.816496580928));
#5220 = ( GEOMETRIC_REPRESENTATION_CONTEXT(2) 
PARAMETRIC_REPRESENTATION_CONTEXT() REPRESENTATION_CONTEXT('2D SPACE',''
  ) );
#5221 = PCURVE('',#881,#5222);
#5222 = DEFINITIONAL_REPRESENTATION('',(#5223),#5227);
#5223 = LINE('',#5224,#5225);
#5224 = CARTESIAN_POINT('',(-14.,24.748737341529));
#5225 = VECTOR('',#5226,1.);
#5226 = DIRECTION('',(-0.57735026919,0.816496580928));
#5227 = ( GEOMETRIC_REPRESENTATION_CONTEXT(2) 
PARAMETRIC_REPRESENTATION_CONTEXT() REPRESENTATION_CONTEXT('2D SPACE',''
  ) );
#5228 = ORIENTED_EDGE('',*,*,#5229,.F.);
#5229 = EDGE_CURVE('',#4373,#5207,#5230,.T.);
#5230 = SURFACE_CURVE('',#5231,(#5235,#5242),.PCURVE_S1.);
#5231 = LINE('',#5232,#5233);
#5232 = CARTESIAN_POINT('',(131.,11.,1.));
#5233 = VECTOR('',#5234,1.);
#5234 = DIRECTION('',(0.,1.,0.));
#5235 = PCURVE('',#962,#5236);
#5236 = DEFINITIONAL_REPRESENTATION('',(#5237),#5241);
#5237 = LINE('',#5238,#5239);
#5238 = CARTESIAN_POINT('',(-0.,4.949747468306));
#5239 = VECTOR('',#5240,1.);
#5240 = DIRECTION('',(-1.,0.));
#5241 = ( GEOMETRIC_REPRESENTATION_CONTEXT(2) 
PARAMETRIC_REPRESENTATION_CONTEXT() REPRESENTATION_CONTEXT('2D SPACE',''
  ) );
#5242 = PCURVE('',#5243,#5248);
#5243 = PLANE('',#5244);
#5244 = AXIS2_PLACEMENT_3D('',#5245,#5246,#5247);
#5245 = CARTESIAN_POINT('',(131.,11.,8.));
#5246 = DIRECTION('',(1.,0.,0.));
#5247 = DIRECTION('',(0.,1.,0.));
#5248 = DEFINITIONAL_REPRESENTATION('',(#5249),#5253);
#5249 = LINE('',#5250,#5251);
#5250 = CARTESIAN_POINT('',(0.,-7.));
#5251 = VECTOR('',#5252,1.);
#5252 = DIRECTION('',(1.,0.));
#5253 = ( GEOMETRIC_REPRESENTATION_CONTEXT(2) 
PARAMETRIC_REPRESENTATION_CONTEXT() REPRESENTATION_CONTEXT('2D SPACE',''
  ) );
#5254 = ORIENTED_EDGE('',*,*,#4372,.F.);
#5255 = ORIENTED_EDGE('',*,*,#5256,.T.);
#5256 = EDGE_CURVE('',#4317,#5257,#5259,.T.);
#5257 = VERTEX_POINT('',#5258);
#5258 = CARTESIAN_POINT('',(134.5,9.,4.5));
#5259 = SURFACE_CURVE('',#5260,(#5265,#5272),.PCURVE_S1.);
#5260 = ELLIPSE('',#5261,2.12132034356,1.5);
#5261 = AXIS2_PLACEMENT_3D('',#5262,#5263,#5264);
#5262 = CARTESIAN_POINT('',(133.,9.,3.));
#5263 = DIRECTION('',(0.707106781187,0.,-0.707106781187));
#5264 = DIRECTION('',(0.707106781187,0.,0.707106781187));
#5265 = PCURVE('',#962,#5266);
#5266 = DEFINITIONAL_REPRESENTATION('',(#5267),#5271);
#5267 = ELLIPSE('',#5268,2.12132034356,1.5);
#5268 = AXIS2_PLACEMENT_2D('',#5269,#5270);
#5269 = CARTESIAN_POINT('',(2.,2.12132034356));
#5270 = DIRECTION('',(-0.,-1.));
#5271 = ( GEOMETRIC_REPRESENTATION_CONTEXT(2) 
PARAMETRIC_REPRESENTATION_CONTEXT() REPRESENTATION_CONTEXT('2D SPACE',''
  ) );
#5272 = PCURVE('',#4333,#5273);
#5273 = DEFINITIONAL_REPRESENTATION('',(#5274),#5305);
#5274 = B_SPLINE_CURVE_WITH_KNOTS('',8,(#5275,#5276,#5277,#5278,#5279,
    #5280,#5281,#5282,#5283,#5284,#5285,#5286,#5287,#5288,#5289,#5290,
    #5291,#5292,#5293,#5294,#5295,#5296,#5297,#5298,#5299,#5300,#5301,
    #5302,#5303,#5304),.UNSPECIFIED.,.F.,.F.,(9,7,7,7,9),(0.,
    1.570796326795,3.926990816987,5.105088062083,6.28318530718),
  .UNSPECIFIED.);
#5275 = CARTESIAN_POINT('',(0.,-10.7));
#5276 = CARTESIAN_POINT('',(-0.196349540849,-10.7));
#5277 = CARTESIAN_POINT('',(-0.392699081699,-10.76609225668));
#5278 = CARTESIAN_POINT('',(-0.589048622548,-10.89826878025));
#5279 = CARTESIAN_POINT('',(-0.785398163398,-11.0911180022));
#5280 = CARTESIAN_POINT('',(-0.981747704247,-11.33372595372));
#5281 = CARTESIAN_POINT('',(-1.178097245096,-11.61095240254));
#5282 = CARTESIAN_POINT('',(-1.374446785946,-11.90547568872));
#5283 = CARTESIAN_POINT('',(-1.865320638069,-12.64178646691));
#5284 = CARTESIAN_POINT('',(-2.159844949344,-13.08357453472));
#5285 = CARTESIAN_POINT('',(-2.454369260617,-13.46695275149));
#5286 = CARTESIAN_POINT('',(-2.748893571887,-13.73359448001));
#5287 = CARTESIAN_POINT('',(-3.043417883158,-13.84109339992));
#5288 = CARTESIAN_POINT('',(-3.337942194441,-13.78028919091));
#5289 = CARTESIAN_POINT('',(-3.632466505713,-13.57305037836));
#5290 = CARTESIAN_POINT('',(-4.074252972624,-13.10446506848));
#5291 = CARTESIAN_POINT('',(-4.221515128262,-12.92198235348));
#5292 = CARTESIAN_POINT('',(-4.368777283898,-12.71837384916));
#5293 = CARTESIAN_POINT('',(-4.516039439535,-12.50001639387));
#5294 = CARTESIAN_POINT('',(-4.663301595173,-12.27414744045));
#5295 = CARTESIAN_POINT('',(-4.810563750809,-12.04835903516));
#5296 = CARTESIAN_POINT('',(-4.957825906446,-11.83005358871));
#5297 = CARTESIAN_POINT('',(-5.25235021772,-11.42189611419));
#5298 = CARTESIAN_POINT('',(-5.399612373357,-11.23204423549));
#5299 = CARTESIAN_POINT('',(-5.546874528994,-11.06316226477));
#5300 = CARTESIAN_POINT('',(-5.694136684632,-10.92133834155));
#5301 = CARTESIAN_POINT('',(-5.84139884027,-10.81152821772));
#5302 = CARTESIAN_POINT('',(-5.988660995905,-10.73717637784));
#5303 = CARTESIAN_POINT('',(-6.135923151543,-10.7));
#5304 = CARTESIAN_POINT('',(-6.28318530718,-10.7));
#5305 = ( GEOMETRIC_REPRESENTATION_CONTEXT(2) 
PARAMETRIC_REPRESENTATION_CONTEXT() REPRESENTATION_CONTEXT('2D SPACE',''
  ) );
#5306 = ORIENTED_EDGE('',*,*,#5307,.T.);
#5307 = EDGE_CURVE('',#5257,#4294,#5308,.T.);
#5308 = SURFACE_CURVE('',#5309,(#5314,#5321),.PCURVE_S1.);
#5309 = ELLIPSE('',#5310,2.12132034356,1.5);
#5310 = AXIS2_PLACEMENT_3D('',#5311,#5312,#5313);
#5311 = CARTESIAN_POINT('',(133.,9.,3.));
#5312 = DIRECTION('',(0.707106781187,0.,-0.707106781187));
#5313 = DIRECTION('',(0.707106781187,0.,0.707106781187));
#5314 = PCURVE('',#962,#5315);
#5315 = DEFINITIONAL_REPRESENTATION('',(#5316),#5320);
#5316 = ELLIPSE('',#5317,2.12132034356,1.5);
#5317 = AXIS2_PLACEMENT_2D('',#5318,#5319);
#5318 = CARTESIAN_POINT('',(2.,2.12132034356));
#5319 = DIRECTION('',(-0.,-1.));
#5320 = ( GEOMETRIC_REPRESENTATION_CONTEXT(2) 
PARAMETRIC_REPRESENTATION_CONTEXT() REPRESENTATION_CONTEXT('2D SPACE',''
  ) );
#5321 = PCURVE('',#4333,#5322);
#5322 = DEFINITIONAL_REPRESENTATION('',(#5323),#5354);
#5323 = B_SPLINE_CURVE_WITH_KNOTS('',8,(#5324,#5325,#5326,#5327,#5328,
    #5329,#5330,#5331,#5332,#5333,#5334,#5335,#5336,#5337,#5338,#5339,
    #5340,#5341,#5342,#5343,#5344,#5345,#5346,#5347,#5348,#5349,#5350,
    #5351,#5352,#5353),.UNSPECIFIED.,.F.,.F.,(9,7,7,7,9),(0.,
    1.570796326795,3.926990816987,5.105088062083,6.28318530718),
  .UNSPECIFIED.);
#5324 = CARTESIAN_POINT('',(0.,-10.7));
#5325 = CARTESIAN_POINT('',(-0.196349540849,-10.7));
#5326 = CARTESIAN_POINT('',(-0.392699081699,-10.76609225668));
#5327 = CARTESIAN_POINT('',(-0.589048622548,-10.89826878025));
#5328 = CARTESIAN_POINT('',(-0.785398163398,-11.0911180022));
#5329 = CARTESIAN_POINT('',(-0.981747704247,-11.33372595372));
#5330 = CARTESIAN_POINT('',(-1.178097245096,-11.61095240254));
#5331 = CARTESIAN_POINT('',(-1.374446785946,-11.90547568872));
#5332 = CARTESIAN_POINT('',(-1.865320638069,-12.64178646691));
#5333 = CARTESIAN_POINT('',(-2.159844949344,-13.08357453472));
#5334 = CARTESIAN_POINT('',(-2.454369260617,-13.46695275149));
#5335 = CARTESIAN_POINT('',(-2.748893571887,-13.73359448001));
#5336 = CARTESIAN_POINT('',(-3.043417883158,-13.84109339992));
#5337 = CARTESIAN_POINT('',(-3.337942194441,-13.78028919091));
#5338 = CARTESIAN_POINT('',(-3.632466505713,-13.57305037836));
#5339 = CARTESIAN_POINT('',(-4.074252972624,-13.10446506848));
#5340 = CARTESIAN_POINT('',(-4.221515128262,-12.92198235348));
#5341 = CARTESIAN_POINT('',(-4.368777283898,-12.71837384916));
#5342 = CARTESIAN_POINT('',(-4.516039439535,-12.50001639387));
#5343 = CARTESIAN_POINT('',(-4.663301595173,-12.27414744045));
#5344 = CARTESIAN_POINT('',(-4.810563750809,-12.04835903516));
#5345 = CARTESIAN_POINT('',(-4.957825906446,-11.83005358871));
#5346 = CARTESIAN_POINT('',(-5.25235021772,-11.42189611419));
#5347 = CARTESIAN_POINT('',(-5.399612373357,-11.23204423549));
#5348 = CARTESIAN_POINT('',(-5.546874528994,-11.06316226477));
#5349 = CARTESIAN_POINT('',(-5.694136684632,-10.92133834155));
#5350 = CARTESIAN_POINT('',(-5.84139884027,-10.81152821772));
#5351 = CARTESIAN_POINT('',(-5.988660995905,-10.73717637784));
#5352 = CARTESIAN_POINT('',(-6.135923151543,-10.7));
#5353 = CARTESIAN_POINT('',(-6.28318530718,-10.7));
#5354 = ( GEOMETRIC_REPRESENTATION_CONTEXT(2) 
PARAMETRIC_REPRESENTATION_CONTEXT() REPRESENTATION_CONTEXT('2D SPACE',''
  ) );
#5355 = ADVANCED_FACE('',(#5356),#1143,.F.);
#5356 = FACE_BOUND('',#5357,.T.);
#5357 = EDGE_LOOP('',(#5358,#5359,#5360,#5388,#5414,#5415));
#5358 = ORIENTED_EDGE('',*,*,#1126,.T.);
#5359 = ORIENTED_EDGE('',*,*,#4725,.F.);
#5360 = ORIENTED_EDGE('',*,*,#5361,.T.);
#5361 = EDGE_CURVE('',#4700,#5362,#5364,.T.);
#5362 = VERTEX_POINT('',#5363);
#5363 = CARTESIAN_POINT('',(144.55,33.5,6.2));
#5364 = SURFACE_CURVE('',#5365,(#5370,#5377),.PCURVE_S1.);
#5365 = CIRCLE('',#5366,4.75);
#5366 = AXIS2_PLACEMENT_3D('',#5367,#5368,#5369);
#5367 = CARTESIAN_POINT('',(139.8,33.5,6.2));
#5368 = DIRECTION('',(0.,0.,-1.));
#5369 = DIRECTION('',(1.,0.,0.));
#5370 = PCURVE('',#1143,#5371);
#5371 = DEFINITIONAL_REPRESENTATION('',(#5372),#5376);
#5372 = LINE('',#5373,#5374);
#5373 = CARTESIAN_POINT('',(6.28318530718,-10.));
#5374 = VECTOR('',#5375,1.);
#5375 = DIRECTION('',(-1.,0.));
#5376 = ( GEOMETRIC_REPRESENTATION_CONTEXT(2) 
PARAMETRIC_REPRESENTATION_CONTEXT() REPRESENTATION_CONTEXT('2D SPACE',''
  ) );
#5377 = PCURVE('',#4714,#5378);
#5378 = DEFINITIONAL_REPRESENTATION('',(#5379),#5387);
#5379 = ( BOUNDED_CURVE() B_SPLINE_CURVE(2,(#5380,#5381,#5382,#5383,
#5384,#5385,#5386),.UNSPECIFIED.,.T.,.F.) B_SPLINE_CURVE_WITH_KNOTS((1,2
    ,2,2,2,1),(-2.094395102393,0.,2.094395102393,4.188790204786,
6.28318530718,8.377580409573),.UNSPECIFIED.) CURVE() 
GEOMETRIC_REPRESENTATION_ITEM() RATIONAL_B_SPLINE_CURVE((1.,0.5,1.,0.5,
1.,0.5,1.)) REPRESENTATION_ITEM('') );
#5380 = CARTESIAN_POINT('',(4.75,-8.881784197001E-16));
#5381 = CARTESIAN_POINT('',(4.75,-8.227241335952));
#5382 = CARTESIAN_POINT('',(-2.375,-4.113620667976));
#5383 = CARTESIAN_POINT('',(-9.5,-2.05159287889E-15));
#5384 = CARTESIAN_POINT('',(-2.375,4.113620667976));
#5385 = CARTESIAN_POINT('',(4.75,8.227241335952));
#5386 = CARTESIAN_POINT('',(4.75,-8.881784197001E-16));
#5387 = ( GEOMETRIC_REPRESENTATION_CONTEXT(2) 
PARAMETRIC_REPRESENTATION_CONTEXT() REPRESENTATION_CONTEXT('2D SPACE',''
  ) );
#5388 = ORIENTED_EDGE('',*,*,#5389,.T.);
#5389 = EDGE_CURVE('',#5362,#4654,#5390,.T.);
#5390 = SURFACE_CURVE('',#5391,(#5396,#5403),.PCURVE_S1.);
#5391 = CIRCLE('',#5392,4.75);
#5392 = AXIS2_PLACEMENT_3D('',#5393,#5394,#5395);
#5393 = CARTESIAN_POINT('',(139.8,33.5,6.2));
#5394 = DIRECTION('',(0.,0.,-1.));
#5395 = DIRECTION('',(1.,0.,0.));
#5396 = PCURVE('',#1143,#5397);
#5397 = DEFINITIONAL_REPRESENTATION('',(#5398),#5402);
#5398 = LINE('',#5399,#5400);
#5399 = CARTESIAN_POINT('',(-0.,-10.));
#5400 = VECTOR('',#5401,1.);
#5401 = DIRECTION('',(-1.,0.));
#5402 = ( GEOMETRIC_REPRESENTATION_CONTEXT(2) 
PARAMETRIC_REPRESENTATION_CONTEXT() REPRESENTATION_CONTEXT('2D SPACE',''
  ) );
#5403 = PCURVE('',#4714,#5404);
#5404 = DEFINITIONAL_REPRESENTATION('',(#5405),#5413);
#5405 = ( BOUNDED_CURVE() B_SPLINE_CURVE(2,(#5406,#5407,#5408,#5409,
#5410,#5411,#5412),.UNSPECIFIED.,.T.,.F.) B_SPLINE_CURVE_WITH_KNOTS((1,2
    ,2,2,2,1),(-2.094395102393,0.,2.094395102393,4.188790204786,
6.28318530718,8.377580409573),.UNSPECIFIED.) CURVE() 
GEOMETRIC_REPRESENTATION_ITEM() RATIONAL_B_SPLINE_CURVE((1.,0.5,1.,0.5,
1.,0.5,1.)) REPRESENTATION_ITEM('') );
#5406 = CARTESIAN_POINT('',(4.75,-8.881784197001E-16));
#5407 = CARTESIAN_POINT('',(4.75,-8.227241335952));
#5408 = CARTESIAN_POINT('',(-2.375,-4.113620667976));
#5409 = CARTESIAN_POINT('',(-9.5,-2.05159287889E-15));
#5410 = CARTESIAN_POINT('',(-2.375,4.113620667976));
#5411 = CARTESIAN_POINT('',(4.75,8.227241335952));
#5412 = CARTESIAN_POINT('',(4.75,-8.881784197001E-16));
#5413 = ( GEOMETRIC_REPRESENTATION_CONTEXT(2) 
PARAMETRIC_REPRESENTATION_CONTEXT() REPRESENTATION_CONTEXT('2D SPACE',''
  ) );
#5414 = ORIENTED_EDGE('',*,*,#4653,.F.);
#5415 = ORIENTED_EDGE('',*,*,#1155,.T.);
#5416 = ADVANCED_FACE('',(#5417),#1067,.F.);
#5417 = FACE_BOUND('',#5418,.T.);
#5418 = EDGE_LOOP('',(#5419,#5420,#5421,#5449,#5475,#5476));
#5419 = ORIENTED_EDGE('',*,*,#1050,.T.);
#5420 = ORIENTED_EDGE('',*,*,#4842,.F.);
#5421 = ORIENTED_EDGE('',*,*,#5422,.T.);
#5422 = EDGE_CURVE('',#4817,#5423,#5425,.T.);
#5423 = VERTEX_POINT('',#5424);
#5424 = CARTESIAN_POINT('',(144.55,60.,6.2));
#5425 = SURFACE_CURVE('',#5426,(#5431,#5438),.PCURVE_S1.);
#5426 = CIRCLE('',#5427,4.75);
#5427 = AXIS2_PLACEMENT_3D('',#5428,#5429,#5430);
#5428 = CARTESIAN_POINT('',(139.8,60.,6.2));
#5429 = DIRECTION('',(0.,0.,-1.));
#5430 = DIRECTION('',(1.,0.,0.));
#5431 = PCURVE('',#1067,#5432);
#5432 = DEFINITIONAL_REPRESENTATION('',(#5433),#5437);
#5433 = LINE('',#5434,#5435);
#5434 = CARTESIAN_POINT('',(6.28318530718,-10.));
#5435 = VECTOR('',#5436,1.);
#5436 = DIRECTION('',(-1.,0.));
#5437 = ( GEOMETRIC_REPRESENTATION_CONTEXT(2) 
PARAMETRIC_REPRESENTATION_CONTEXT() REPRESENTATION_CONTEXT('2D SPACE',''
  ) );
#5438 = PCURVE('',#4831,#5439);
#5439 = DEFINITIONAL_REPRESENTATION('',(#5440),#5448);
#5440 = ( BOUNDED_CURVE() B_SPLINE_CURVE(2,(#5441,#5442,#5443,#5444,
#5445,#5446,#5447),.UNSPECIFIED.,.T.,.F.) B_SPLINE_CURVE_WITH_KNOTS((1,2
    ,2,2,2,1),(-2.094395102393,0.,2.094395102393,4.188790204786,
6.28318530718,8.377580409573),.UNSPECIFIED.) CURVE() 
GEOMETRIC_REPRESENTATION_ITEM() RATIONAL_B_SPLINE_CURVE((1.,0.5,1.,0.5,
1.,0.5,1.)) REPRESENTATION_ITEM('') );
#5441 = CARTESIAN_POINT('',(4.75,-8.881784197001E-16));
#5442 = CARTESIAN_POINT('',(4.75,-8.227241335952));
#5443 = CARTESIAN_POINT('',(-2.375,-4.113620667976));
#5444 = CARTESIAN_POINT('',(-9.5,-2.05159287889E-15));
#5445 = CARTESIAN_POINT('',(-2.375,4.113620667976));
#5446 = CARTESIAN_POINT('',(4.75,8.227241335952));
#5447 = CARTESIAN_POINT('',(4.75,-8.881784197001E-16));
#5448 = ( GEOMETRIC_REPRESENTATION_CONTEXT(2) 
PARAMETRIC_REPRESENTATION_CONTEXT() REPRESENTATION_CONTEXT('2D SPACE',''
  ) );
#5449 = ORIENTED_EDGE('',*,*,#5450,.T.);
#5450 = EDGE_CURVE('',#5423,#4771,#5451,.T.);
#5451 = SURFACE_CURVE('',#5452,(#5457,#5464),.PCURVE_S1.);
#5452 = CIRCLE('',#5453,4.75);
#5453 = AXIS2_PLACEMENT_3D('',#5454,#5455,#5456);
#5454 = CARTESIAN_POINT('',(139.8,60.,6.2));
#5455 = DIRECTION('',(0.,0.,-1.));
#5456 = DIRECTION('',(1.,0.,0.));
#5457 = PCURVE('',#1067,#5458);
#5458 = DEFINITIONAL_REPRESENTATION('',(#5459),#5463);
#5459 = LINE('',#5460,#5461);
#5460 = CARTESIAN_POINT('',(-0.,-10.));
#5461 = VECTOR('',#5462,1.);
#5462 = DIRECTION('',(-1.,0.));
#5463 = ( GEOMETRIC_REPRESENTATION_CONTEXT(2) 
PARAMETRIC_REPRESENTATION_CONTEXT() REPRESENTATION_CONTEXT('2D SPACE',''
  ) );
#5464 = PCURVE('',#4831,#5465);
#5465 = DEFINITIONAL_REPRESENTATION('',(#5466),#5474);
#5466 = ( BOUNDED_CURVE() B_SPLINE_CURVE(2,(#5467,#5468,#5469,#5470,
#5471,#5472,#5473),.UNSPECIFIED.,.T.,.F.) B_SPLINE_CURVE_WITH_KNOTS((1,2
    ,2,2,2,1),(-2.094395102393,0.,2.094395102393,4.188790204786,
6.28318530718,8.377580409573),.UNSPECIFIED.) CURVE() 
GEOMETRIC_REPRESENTATION_ITEM() RATIONAL_B_SPLINE_CURVE((1.,0.5,1.,0.5,
1.,0.5,1.)) REPRESENTATION_ITEM('') );
#5467 = CARTESIAN_POINT('',(4.75,-8.881784197001E-16));
#5468 = CARTESIAN_POINT('',(4.75,-8.227241335952));
#5469 = CARTESIAN_POINT('',(-2.375,-4.113620667976));
#5470 = CARTESIAN_POINT('',(-9.5,-2.05159287889E-15));
#5471 = CARTESIAN_POINT('',(-2.375,4.113620667976));
#5472 = CARTESIAN_POINT('',(4.75,8.227241335952));
#5473 = CARTESIAN_POINT('',(4.75,-8.881784197001E-16));
#5474 = ( GEOMETRIC_REPRESENTATION_CONTEXT(2) 
PARAMETRIC_REPRESENTATION_CONTEXT() REPRESENTATION_CONTEXT('2D SPACE',''
  ) );
#5475 = ORIENTED_EDGE('',*,*,#4770,.F.);
#5476 = ORIENTED_EDGE('',*,*,#1079,.T.);
#5477 = ADVANCED_FACE('',(#5478),#991,.F.);
#5478 = FACE_BOUND('',#5479,.T.);
#5479 = EDGE_LOOP('',(#5480,#5481,#5482,#5510,#5536,#5537));
#5480 = ORIENTED_EDGE('',*,*,#974,.T.);
#5481 = ORIENTED_EDGE('',*,*,#4959,.F.);
#5482 = ORIENTED_EDGE('',*,*,#5483,.T.);
#5483 = EDGE_CURVE('',#4934,#5484,#5486,.T.);
#5484 = VERTEX_POINT('',#5485);
#5485 = CARTESIAN_POINT('',(144.55,86.5,6.2));
#5486 = SURFACE_CURVE('',#5487,(#5492,#5499),.PCURVE_S1.);
#5487 = CIRCLE('',#5488,4.75);
#5488 = AXIS2_PLACEMENT_3D('',#5489,#5490,#5491);
#5489 = CARTESIAN_POINT('',(139.8,86.5,6.2));
#5490 = DIRECTION('',(0.,0.,-1.));
#5491 = DIRECTION('',(1.,0.,0.));
#5492 = PCURVE('',#991,#5493);
#5493 = DEFINITIONAL_REPRESENTATION('',(#5494),#5498);
#5494 = LINE('',#5495,#5496);
#5495 = CARTESIAN_POINT('',(6.28318530718,-10.));
#5496 = VECTOR('',#5497,1.);
#5497 = DIRECTION('',(-1.,0.));
#5498 = ( GEOMETRIC_REPRESENTATION_CONTEXT(2) 
PARAMETRIC_REPRESENTATION_CONTEXT() REPRESENTATION_CONTEXT('2D SPACE',''
  ) );
#5499 = PCURVE('',#4948,#5500);
#5500 = DEFINITIONAL_REPRESENTATION('',(#5501),#5509);
#5501 = ( BOUNDED_CURVE() B_SPLINE_CURVE(2,(#5502,#5503,#5504,#5505,
#5506,#5507,#5508),.UNSPECIFIED.,.T.,.F.) B_SPLINE_CURVE_WITH_KNOTS((1,2
    ,2,2,2,1),(-2.094395102393,0.,2.094395102393,4.188790204786,
6.28318530718,8.377580409573),.UNSPECIFIED.) CURVE() 
GEOMETRIC_REPRESENTATION_ITEM() RATIONAL_B_SPLINE_CURVE((1.,0.5,1.,0.5,
1.,0.5,1.)) REPRESENTATION_ITEM('') );
#5502 = CARTESIAN_POINT('',(4.75,-8.881784197001E-16));
#5503 = CARTESIAN_POINT('',(4.75,-8.227241335952));
#5504 = CARTESIAN_POINT('',(-2.375,-4.113620667976));
#5505 = CARTESIAN_POINT('',(-9.5,-2.05159287889E-15));
#5506 = CARTESIAN_POINT('',(-2.375,4.113620667976));
#5507 = CARTESIAN_POINT('',(4.75,8.227241335952));
#5508 = CARTESIAN_POINT('',(4.75,-8.881784197001E-16));
#5509 = ( GEOMETRIC_REPRESENTATION_CONTEXT(2) 
PARAMETRIC_REPRESENTATION_CONTEXT() REPRESENTATION_CONTEXT('2D SPACE',''
  ) );
#5510 = ORIENTED_EDGE('',*,*,#5511,.T.);
#5511 = EDGE_CURVE('',#5484,#4888,#5512,.T.);
#5512 = SURFACE_CURVE('',#5513,(#5518,#5525),.PCURVE_S1.);
#5513 = CIRCLE('',#5514,4.75);
#5514 = AXIS2_PLACEMENT_3D('',#5515,#5516,#5517);
#5515 = CARTESIAN_POINT('',(139.8,86.5,6.2));
#5516 = DIRECTION('',(0.,0.,-1.));
#5517 = DIRECTION('',(1.,0.,0.));
#5518 = PCURVE('',#991,#5519);
#5519 = DEFINITIONAL_REPRESENTATION('',(#5520),#5524);
#5520 = LINE('',#5521,#5522);
#5521 = CARTESIAN_POINT('',(-0.,-10.));
#5522 = VECTOR('',#5523,1.);
#5523 = DIRECTION('',(-1.,0.));
#5524 = ( GEOMETRIC_REPRESENTATION_CONTEXT(2) 
PARAMETRIC_REPRESENTATION_CONTEXT() REPRESENTATION_CONTEXT('2D SPACE',''
  ) );
#5525 = PCURVE('',#4948,#5526);
#5526 = DEFINITIONAL_REPRESENTATION('',(#5527),#5535);
#5527 = ( BOUNDED_CURVE() B_SPLINE_CURVE(2,(#5528,#5529,#5530,#5531,
#5532,#5533,#5534),.UNSPECIFIED.,.T.,.F.) B_SPLINE_CURVE_WITH_KNOTS((1,2
    ,2,2,2,1),(-2.094395102393,0.,2.094395102393,4.188790204786,
6.28318530718,8.377580409573),.UNSPECIFIED.) CURVE() 
GEOMETRIC_REPRESENTATION_ITEM() RATIONAL_B_SPLINE_CURVE((1.,0.5,1.,0.5,
1.,0.5,1.)) REPRESENTATION_ITEM('') );
#5528 = CARTESIAN_POINT('',(4.75,-8.881784197001E-16));
#5529 = CARTESIAN_POINT('',(4.75,-8.227241335952));
#5530 = CARTESIAN_POINT('',(-2.375,-4.113620667976));
#5531 = CARTESIAN_POINT('',(-9.5,-2.05159287889E-15));
#5532 = CARTESIAN_POINT('',(-2.375,4.113620667976));
#5533 = CARTESIAN_POINT('',(4.75,8.227241335952));
#5534 = CARTESIAN_POINT('',(4.75,-8.881784197001E-16));
#5535 = ( GEOMETRIC_REPRESENTATION_CONTEXT(2) 
PARAMETRIC_REPRESENTATION_CONTEXT() REPRESENTATION_CONTEXT('2D SPACE',''
  ) );
#5536 = ORIENTED_EDGE('',*,*,#4887,.F.);
#5537 = ORIENTED_EDGE('',*,*,#1003,.T.);
#5538 = ADVANCED_FACE('',(#5539),#910,.F.);
#5539 = FACE_BOUND('',#5540,.T.);
#5540 = EDGE_LOOP('',(#5541,#5542,#5588,#5616,#5642,#5643));
#5541 = ORIENTED_EDGE('',*,*,#893,.T.);
#5542 = ORIENTED_EDGE('',*,*,#5543,.F.);
#5543 = EDGE_CURVE('',#5544,#866,#5546,.T.);
#5544 = VERTEX_POINT('',#5545);
#5545 = CARTESIAN_POINT('',(135.20407789448,114.2,6.2));
#5546 = SURFACE_CURVE('',#5547,(#5552,#5581),.PCURVE_S1.);
#5547 = ELLIPSE('',#5548,6.717514421272,4.75);
#5548 = AXIS2_PLACEMENT_3D('',#5549,#5550,#5551);
#5549 = CARTESIAN_POINT('',(139.8,113.,5.));
#5550 = DIRECTION('',(0.,0.707106781187,-0.707106781187));
#5551 = DIRECTION('',(0.,0.707106781187,0.707106781187));
#5552 = PCURVE('',#910,#5553);
#5553 = DEFINITIONAL_REPRESENTATION('',(#5554),#5580);
#5554 = B_SPLINE_CURVE_WITH_KNOTS('',3,(#5555,#5556,#5557,#5558,#5559,
    #5560,#5561,#5562,#5563,#5564,#5565,#5566,#5567,#5568,#5569,#5570,
    #5571,#5572,#5573,#5574,#5575,#5576,#5577,#5578,#5579),
  .UNSPECIFIED.,.F.,.F.,(4,1,1,1,1,1,1,1,1,1,1,1,1,1,1,1,1,1,1,1,1,1,4),
  (4.967788076241,4.987251210937,5.006714345634,5.02617748033,
    5.045640615026,5.065103749722,5.084566884418,5.104030019114,
    5.123493153811,5.142956288507,5.162419423203,5.181882557899,
    5.201345692595,5.220808827292,5.240271961988,5.259735096684,
    5.27919823138,5.298661366076,5.318124500772,5.337587635469,
    5.357050770165,5.376513904861,5.395977039557),
  .QUASI_UNIFORM_KNOTS.);
#5555 = CARTESIAN_POINT('',(-3.396991749446,-10.));
#5556 = CARTESIAN_POINT('',(-3.403479461012,-9.970182967373));
#5557 = CARTESIAN_POINT('',(-3.416454884142,-9.910700486571));
#5558 = CARTESIAN_POINT('',(-3.435918018839,-9.821965110572));
#5559 = CARTESIAN_POINT('',(-3.455381153535,-9.733751748147));
#5560 = CARTESIAN_POINT('',(-3.474844288231,-9.646093799855));
#5561 = CARTESIAN_POINT('',(-3.494307422927,-9.559024474641));
#5562 = CARTESIAN_POINT('',(-3.513770557623,-9.472576753445));
#5563 = CARTESIAN_POINT('',(-3.53323369232,-9.386783383093));
#5564 = CARTESIAN_POINT('',(-3.552696827016,-9.301676862178));
#5565 = CARTESIAN_POINT('',(-3.572159961712,-9.217289429212));
#5566 = CARTESIAN_POINT('',(-3.591623096408,-9.133653050288));
#5567 = CARTESIAN_POINT('',(-3.611086231104,-9.050799407007));
#5568 = CARTESIAN_POINT('',(-3.6305493658,-8.968759884465));
#5569 = CARTESIAN_POINT('',(-3.650012500497,-8.887565559371));
#5570 = CARTESIAN_POINT('',(-3.669475635193,-8.807247188265));
#5571 = CARTESIAN_POINT('',(-3.688938769889,-8.727835195891));
#5572 = CARTESIAN_POINT('',(-3.708401904585,-8.649359663598));
#5573 = CARTESIAN_POINT('',(-3.727865039281,-8.571850318217));
#5574 = CARTESIAN_POINT('',(-3.747328173978,-8.495336519783));
#5575 = CARTESIAN_POINT('',(-3.766791308674,-8.419847254214));
#5576 = CARTESIAN_POINT('',(-3.78625444337,-8.345411108144));
#5577 = CARTESIAN_POINT('',(-3.805717578066,-8.272056311043));
#5578 = CARTESIAN_POINT('',(-3.818693001197,-8.223892454955));
#5579 = CARTESIAN_POINT('',(-3.825180712762,-8.2));
#5580 = ( GEOMETRIC_REPRESENTATION_CONTEXT(2) 
PARAMETRIC_REPRESENTATION_CONTEXT() REPRESENTATION_CONTEXT('2D SPACE',''
  ) );
#5581 = PCURVE('',#881,#5582);
#5582 = DEFINITIONAL_REPRESENTATION('',(#5583),#5587);
#5583 = ELLIPSE('',#5584,6.717514421272,4.75);
#5584 = AXIS2_PLACEMENT_2D('',#5585,#5586);
#5585 = CARTESIAN_POINT('',(8.8,-0.707106781187));
#5586 = DIRECTION('',(-0.,-1.));
#5587 = ( GEOMETRIC_REPRESENTATION_CONTEXT(2) 
PARAMETRIC_REPRESENTATION_CONTEXT() REPRESENTATION_CONTEXT('2D SPACE',''
  ) );
#5588 = ORIENTED_EDGE('',*,*,#5589,.T.);
#5589 = EDGE_CURVE('',#5544,#5590,#5592,.T.);
#5590 = VERTEX_POINT('',#5591);
#5591 = CARTESIAN_POINT('',(144.55,113.,6.2));
#5592 = SURFACE_CURVE('',#5593,(#5598,#5605),.PCURVE_S1.);
#5593 = CIRCLE('',#5594,4.75);
#5594 = AXIS2_PLACEMENT_3D('',#5595,#5596,#5597);
#5595 = CARTESIAN_POINT('',(139.8,113.,6.2));
#5596 = DIRECTION('',(0.,0.,-1.));
#5597 = DIRECTION('',(1.,0.,0.));
#5598 = PCURVE('',#910,#5599);
#5599 = DEFINITIONAL_REPRESENTATION('',(#5600),#5604);
#5600 = LINE('',#5601,#5602);
#5601 = CARTESIAN_POINT('',(-0.,-10.));
#5602 = VECTOR('',#5603,1.);
#5603 = DIRECTION('',(-1.,0.));
#5604 = ( GEOMETRIC_REPRESENTATION_CONTEXT(2) 
PARAMETRIC_REPRESENTATION_CONTEXT() REPRESENTATION_CONTEXT('2D SPACE',''
  ) );
#5605 = PCURVE('',#5065,#5606);
#5606 = DEFINITIONAL_REPRESENTATION('',(#5607),#5615);
#5607 = ( BOUNDED_CURVE() B_SPLINE_CURVE(2,(#5608,#5609,#5610,#5611,
#5612,#5613,#5614),.UNSPECIFIED.,.T.,.F.) B_SPLINE_CURVE_WITH_KNOTS((1,2
    ,2,2,2,1),(-2.094395102393,0.,2.094395102393,4.188790204786,
6.28318530718,8.377580409573),.UNSPECIFIED.) CURVE() 
GEOMETRIC_REPRESENTATION_ITEM() RATIONAL_B_SPLINE_CURVE((1.,0.5,1.,0.5,
1.,0.5,1.)) REPRESENTATION_ITEM('') );
#5608 = CARTESIAN_POINT('',(4.75,-8.881784197001E-16));
#5609 = CARTESIAN_POINT('',(4.75,-8.227241335952));
#5610 = CARTESIAN_POINT('',(-2.375,-4.113620667976));
#5611 = CARTESIAN_POINT('',(-9.5,-2.05159287889E-15));
#5612 = CARTESIAN_POINT('',(-2.375,4.113620667976));
#5613 = CARTESIAN_POINT('',(4.75,8.227241335952));
#5614 = CARTESIAN_POINT('',(4.75,-8.881784197001E-16));
#5615 = ( GEOMETRIC_REPRESENTATION_CONTEXT(2) 
PARAMETRIC_REPRESENTATION_CONTEXT() REPRESENTATION_CONTEXT('2D SPACE',''
  ) );
#5616 = ORIENTED_EDGE('',*,*,#5617,.T.);
#5617 = EDGE_CURVE('',#5590,#5005,#5618,.T.);
#5618 = SURFACE_CURVE('',#5619,(#5624,#5631),.PCURVE_S1.);
#5619 = CIRCLE('',#5620,4.75);
#5620 = AXIS2_PLACEMENT_3D('',#5621,#5622,#5623);
#5621 = CARTESIAN_POINT('',(139.8,113.,6.2));
#5622 = DIRECTION('',(0.,0.,-1.));
#5623 = DIRECTION('',(1.,0.,0.));
#5624 = PCURVE('',#910,#5625);
#5625 = DEFINITIONAL_REPRESENTATION('',(#5626),#5630);
#5626 = LINE('',#5627,#5628);
#5627 = CARTESIAN_POINT('',(-6.28318530718,-10.));
#5628 = VECTOR('',#5629,1.);
#5629 = DIRECTION('',(-1.,0.));
#5630 = ( GEOMETRIC_REPRESENTATION_CONTEXT(2) 
PARAMETRIC_REPRESENTATION_CONTEXT() REPRESENTATION_CONTEXT('2D SPACE',''
  ) );
#5631 = PCURVE('',#5065,#5632);
#5632 = DEFINITIONAL_REPRESENTATION('',(#5633),#5641);
#5633 = ( BOUNDED_CURVE() B_SPLINE_CURVE(2,(#5634,#5635,#5636,#5637,
#5638,#5639,#5640),.UNSPECIFIED.,.T.,.F.) B_SPLINE_CURVE_WITH_KNOTS((1,2
    ,2,2,2,1),(-2.094395102393,0.,2.094395102393,4.188790204786,
6.28318530718,8.377580409573),.UNSPECIFIED.) CURVE() 
GEOMETRIC_REPRESENTATION_ITEM() RATIONAL_B_SPLINE_CURVE((1.,0.5,1.,0.5,
1.,0.5,1.)) REPRESENTATION_ITEM('') );
#5634 = CARTESIAN_POINT('',(4.75,-8.881784197001E-16));
#5635 = CARTESIAN_POINT('',(4.75,-8.227241335952));
#5636 = CARTESIAN_POINT('',(-2.375,-4.113620667976));
#5637 = CARTESIAN_POINT('',(-9.5,-2.05159287889E-15));
#5638 = CARTESIAN_POINT('',(-2.375,4.113620667976));
#5639 = CARTESIAN_POINT('',(4.75,8.227241335952));
#5640 = CARTESIAN_POINT('',(4.75,-8.881784197001E-16));
#5641 = ( GEOMETRIC_REPRESENTATION_CONTEXT(2) 
PARAMETRIC_REPRESENTATION_CONTEXT() REPRESENTATION_CONTEXT('2D SPACE',''
  ) );
#5642 = ORIENTED_EDGE('',*,*,#5004,.F.);
#5643 = ORIENTED_EDGE('',*,*,#922,.T.);
#5644 = ADVANCED_FACE('',(#5645),#881,.F.);
#5645 = FACE_BOUND('',#5646,.T.);
#5646 = EDGE_LOOP('',(#5647,#5648,#5667,#5668,#5669,#5670,#5721,#5770,
    #5771,#5797,#5798));
#5647 = ORIENTED_EDGE('',*,*,#5076,.F.);
#5648 = ORIENTED_EDGE('',*,*,#5649,.T.);
#5649 = EDGE_CURVE('',#5051,#5544,#5650,.T.);
#5650 = SURFACE_CURVE('',#5651,(#5655,#5661),.PCURVE_S1.);
#5651 = LINE('',#5652,#5653);
#5652 = CARTESIAN_POINT('',(135.4,114.2,6.2));
#5653 = VECTOR('',#5654,1.);
#5654 = DIRECTION('',(-1.,0.,0.));
#5655 = PCURVE('',#881,#5656);
#5656 = DEFINITIONAL_REPRESENTATION('',(#5657),#5660);
#5657 = B_SPLINE_CURVE_WITH_KNOTS('',1,(#5658,#5659),.UNSPECIFIED.,.F.,
  .F.,(2,2),(-2.6,0.35),.PIECEWISE_BEZIER_KNOTS.);
#5658 = CARTESIAN_POINT('',(7.,-2.404163056034));
#5659 = CARTESIAN_POINT('',(4.05,-2.404163056034));
#5660 = ( GEOMETRIC_REPRESENTATION_CONTEXT(2) 
PARAMETRIC_REPRESENTATION_CONTEXT() REPRESENTATION_CONTEXT('2D SPACE',''
  ) );
#5661 = PCURVE('',#5065,#5662);
#5662 = DEFINITIONAL_REPRESENTATION('',(#5663),#5666);
#5663 = B_SPLINE_CURVE_WITH_KNOTS('',1,(#5664,#5665),.UNSPECIFIED.,.F.,
  .F.,(2,2),(-2.6,0.35),.PIECEWISE_BEZIER_KNOTS.);
#5664 = CARTESIAN_POINT('',(-1.8,1.2));
#5665 = CARTESIAN_POINT('',(-4.75,1.2));
#5666 = ( GEOMETRIC_REPRESENTATION_CONTEXT(2) 
PARAMETRIC_REPRESENTATION_CONTEXT() REPRESENTATION_CONTEXT('2D SPACE',''
  ) );
#5667 = ORIENTED_EDGE('',*,*,#5543,.T.);
#5668 = ORIENTED_EDGE('',*,*,#865,.T.);
#5669 = ORIENTED_EDGE('',*,*,#3759,.T.);
#5670 = ORIENTED_EDGE('',*,*,#5671,.T.);
#5671 = EDGE_CURVE('',#3760,#5672,#5674,.T.);
#5672 = VERTEX_POINT('',#5673);
#5673 = CARTESIAN_POINT('',(32.5,111.,3.));
#5674 = SURFACE_CURVE('',#5675,(#5680,#5687),.PCURVE_S1.);
#5675 = ELLIPSE('',#5676,2.12132034356,1.5);
#5676 = AXIS2_PLACEMENT_3D('',#5677,#5678,#5679);
#5677 = CARTESIAN_POINT('',(31.,111.,3.));
#5678 = DIRECTION('',(0.,0.707106781187,-0.707106781187));
#5679 = DIRECTION('',(0.,0.707106781187,0.707106781187));
#5680 = PCURVE('',#881,#5681);
#5681 = DEFINITIONAL_REPRESENTATION('',(#5682),#5686);
#5682 = ELLIPSE('',#5683,2.12132034356,1.5);
#5683 = AXIS2_PLACEMENT_2D('',#5684,#5685);
#5684 = CARTESIAN_POINT('',(-100.,2.12132034356));
#5685 = DIRECTION('',(-0.,-1.));
#5686 = ( GEOMETRIC_REPRESENTATION_CONTEXT(2) 
PARAMETRIC_REPRESENTATION_CONTEXT() REPRESENTATION_CONTEXT('2D SPACE',''
  ) );
#5687 = PCURVE('',#4113,#5688);
#5688 = DEFINITIONAL_REPRESENTATION('',(#5689),#5720);
#5689 = B_SPLINE_CURVE_WITH_KNOTS('',8,(#5690,#5691,#5692,#5693,#5694,
    #5695,#5696,#5697,#5698,#5699,#5700,#5701,#5702,#5703,#5704,#5705,
    #5706,#5707,#5708,#5709,#5710,#5711,#5712,#5713,#5714,#5715,#5716,
    #5717,#5718,#5719),.UNSPECIFIED.,.F.,.F.,(9,7,7,7,9),(1.570796326795
    ,3.14159265359,4.319689898686,6.08683576633,7.853981633974),
  .UNSPECIFIED.);
#5690 = CARTESIAN_POINT('',(0.,-12.2));
#5691 = CARTESIAN_POINT('',(-0.196349540849,-12.49452431127));
#5692 = CARTESIAN_POINT('',(-0.392699081699,-12.78904759745));
#5693 = CARTESIAN_POINT('',(-0.589048622548,-13.06627404627));
#5694 = CARTESIAN_POINT('',(-0.785398163397,-13.30888199779));
#5695 = CARTESIAN_POINT('',(-0.981747704247,-13.50173121974));
#5696 = CARTESIAN_POINT('',(-1.178097245096,-13.63390774331));
#5697 = CARTESIAN_POINT('',(-1.374446785946,-13.7));
#5698 = CARTESIAN_POINT('',(-1.718058482432,-13.7));
#5699 = CARTESIAN_POINT('',(-1.865320638069,-13.66282362215));
#5700 = CARTESIAN_POINT('',(-2.012582793706,-13.58847178227));
#5701 = CARTESIAN_POINT('',(-2.159844949343,-13.47866165845));
#5702 = CARTESIAN_POINT('',(-2.30710710498,-13.33683773522));
#5703 = CARTESIAN_POINT('',(-2.454369260617,-13.1679557645));
#5704 = CARTESIAN_POINT('',(-2.601631416254,-12.9781038858));
#5705 = CARTESIAN_POINT('',(-2.969786805347,-12.46790704265));
#5706 = CARTESIAN_POINT('',(-3.190680038799,-12.12977854256));
#5707 = CARTESIAN_POINT('',(-3.411573272266,-11.78240253174));
#5708 = CARTESIAN_POINT('',(-3.632466505689,-11.4518619326));
#5709 = CARTESIAN_POINT('',(-3.853359739183,-11.16405597864));
#5710 = CARTESIAN_POINT('',(-4.07425297262,-10.94014401086));
#5711 = CARTESIAN_POINT('',(-4.29514620608,-10.79346327746));
#5712 = CARTESIAN_POINT('',(-4.736932672991,-10.66418088132));
#5713 = CARTESIAN_POINT('',(-4.95782590644,-10.68157914701));
#5714 = CARTESIAN_POINT('',(-5.178719139891,-10.78582170351));
#5715 = CARTESIAN_POINT('',(-5.399612373323,-10.9731808442));
#5716 = CARTESIAN_POINT('',(-5.620505606814,-11.23061753325));
#5717 = CARTESIAN_POINT('',(-5.841398840264,-11.53732011622));
#5718 = CARTESIAN_POINT('',(-6.062292073724,-11.86866014981));
#5719 = CARTESIAN_POINT('',(-6.28318530718,-12.2));
#5720 = ( GEOMETRIC_REPRESENTATION_CONTEXT(2) 
PARAMETRIC_REPRESENTATION_CONTEXT() REPRESENTATION_CONTEXT('2D SPACE',''
  ) );
#5721 = ORIENTED_EDGE('',*,*,#5722,.T.);
#5722 = EDGE_CURVE('',#5672,#4076,#5723,.T.);
#5723 = SURFACE_CURVE('',#5724,(#5729,#5736),.PCURVE_S1.);
#5724 = ELLIPSE('',#5725,2.12132034356,1.5);
#5725 = AXIS2_PLACEMENT_3D('',#5726,#5727,#5728);
#5726 = CARTESIAN_POINT('',(31.,111.,3.));
#5727 = DIRECTION('',(0.,0.707106781187,-0.707106781187));
#5728 = DIRECTION('',(0.,0.707106781187,0.707106781187));
#5729 = PCURVE('',#881,#5730);
#5730 = DEFINITIONAL_REPRESENTATION('',(#5731),#5735);
#5731 = ELLIPSE('',#5732,2.12132034356,1.5);
#5732 = AXIS2_PLACEMENT_2D('',#5733,#5734);
#5733 = CARTESIAN_POINT('',(-100.,2.12132034356));
#5734 = DIRECTION('',(-0.,-1.));
#5735 = ( GEOMETRIC_REPRESENTATION_CONTEXT(2) 
PARAMETRIC_REPRESENTATION_CONTEXT() REPRESENTATION_CONTEXT('2D SPACE',''
  ) );
#5736 = PCURVE('',#4113,#5737);
#5737 = DEFINITIONAL_REPRESENTATION('',(#5738),#5769);
#5738 = B_SPLINE_CURVE_WITH_KNOTS('',8,(#5739,#5740,#5741,#5742,#5743,
    #5744,#5745,#5746,#5747,#5748,#5749,#5750,#5751,#5752,#5753,#5754,
    #5755,#5756,#5757,#5758,#5759,#5760,#5761,#5762,#5763,#5764,#5765,
    #5766,#5767,#5768),.UNSPECIFIED.,.F.,.F.,(9,7,7,7,9),(1.570796326795
    ,3.14159265359,4.319689898686,6.08683576633,7.853981633974),
  .UNSPECIFIED.);
#5739 = CARTESIAN_POINT('',(0.,-12.2));
#5740 = CARTESIAN_POINT('',(-0.196349540849,-12.49452431127));
#5741 = CARTESIAN_POINT('',(-0.392699081699,-12.78904759745));
#5742 = CARTESIAN_POINT('',(-0.589048622548,-13.06627404627));
#5743 = CARTESIAN_POINT('',(-0.785398163397,-13.30888199779));
#5744 = CARTESIAN_POINT('',(-0.981747704247,-13.50173121974));
#5745 = CARTESIAN_POINT('',(-1.178097245096,-13.63390774331));
#5746 = CARTESIAN_POINT('',(-1.374446785946,-13.7));
#5747 = CARTESIAN_POINT('',(-1.718058482432,-13.7));
#5748 = CARTESIAN_POINT('',(-1.865320638069,-13.66282362215));
#5749 = CARTESIAN_POINT('',(-2.012582793706,-13.58847178227));
#5750 = CARTESIAN_POINT('',(-2.159844949343,-13.47866165845));
#5751 = CARTESIAN_POINT('',(-2.30710710498,-13.33683773522));
#5752 = CARTESIAN_POINT('',(-2.454369260617,-13.1679557645));
#5753 = CARTESIAN_POINT('',(-2.601631416254,-12.9781038858));
#5754 = CARTESIAN_POINT('',(-2.969786805347,-12.46790704265));
#5755 = CARTESIAN_POINT('',(-3.190680038799,-12.12977854256));
#5756 = CARTESIAN_POINT('',(-3.411573272266,-11.78240253174));
#5757 = CARTESIAN_POINT('',(-3.632466505689,-11.4518619326));
#5758 = CARTESIAN_POINT('',(-3.853359739183,-11.16405597864));
#5759 = CARTESIAN_POINT('',(-4.07425297262,-10.94014401086));
#5760 = CARTESIAN_POINT('',(-4.29514620608,-10.79346327746));
#5761 = CARTESIAN_POINT('',(-4.736932672991,-10.66418088132));
#5762 = CARTESIAN_POINT('',(-4.95782590644,-10.68157914701));
#5763 = CARTESIAN_POINT('',(-5.178719139891,-10.78582170351));
#5764 = CARTESIAN_POINT('',(-5.399612373323,-10.9731808442));
#5765 = CARTESIAN_POINT('',(-5.620505606814,-11.23061753325));
#5766 = CARTESIAN_POINT('',(-5.841398840264,-11.53732011622));
#5767 = CARTESIAN_POINT('',(-6.062292073724,-11.86866014981));
#5768 = CARTESIAN_POINT('',(-6.28318530718,-12.2));
#5769 = ( GEOMETRIC_REPRESENTATION_CONTEXT(2) 
PARAMETRIC_REPRESENTATION_CONTEXT() REPRESENTATION_CONTEXT('2D SPACE',''
  ) );
#5770 = ORIENTED_EDGE('',*,*,#4075,.T.);
#5771 = ORIENTED_EDGE('',*,*,#5772,.F.);
#5772 = EDGE_CURVE('',#5207,#4048,#5773,.T.);
#5773 = SURFACE_CURVE('',#5774,(#5778,#5785),.PCURVE_S1.);
#5774 = LINE('',#5775,#5776);
#5775 = CARTESIAN_POINT('',(131.,109.,1.));
#5776 = VECTOR('',#5777,1.);
#5777 = DIRECTION('',(-1.,0.,0.));
#5778 = PCURVE('',#881,#5779);
#5779 = DEFINITIONAL_REPRESENTATION('',(#5780),#5784);
#5780 = LINE('',#5781,#5782);
#5781 = CARTESIAN_POINT('',(0.,4.949747468306));
#5782 = VECTOR('',#5783,1.);
#5783 = DIRECTION('',(-1.,0.));
#5784 = ( GEOMETRIC_REPRESENTATION_CONTEXT(2) 
PARAMETRIC_REPRESENTATION_CONTEXT() REPRESENTATION_CONTEXT('2D SPACE',''
  ) );
#5785 = PCURVE('',#5786,#5791);
#5786 = PLANE('',#5787);
#5787 = AXIS2_PLACEMENT_3D('',#5788,#5789,#5790);
#5788 = CARTESIAN_POINT('',(131.,109.,8.));
#5789 = DIRECTION('',(0.,1.,0.));
#5790 = DIRECTION('',(-1.,0.,0.));
#5791 = DEFINITIONAL_REPRESENTATION('',(#5792),#5796);
#5792 = LINE('',#5793,#5794);
#5793 = CARTESIAN_POINT('',(0.,-7.));
#5794 = VECTOR('',#5795,1.);
#5795 = DIRECTION('',(1.,0.));
#5796 = ( GEOMETRIC_REPRESENTATION_CONTEXT(2) 
PARAMETRIC_REPRESENTATION_CONTEXT() REPRESENTATION_CONTEXT('2D SPACE',''
  ) );
#5797 = ORIENTED_EDGE('',*,*,#5206,.F.);
#5798 = ORIENTED_EDGE('',*,*,#5799,.T.);
#5799 = EDGE_CURVE('',#5156,#5077,#5800,.T.);
#5800 = SURFACE_CURVE('',#5801,(#5806,#5813),.PCURVE_S1.);
#5801 = ELLIPSE('',#5802,2.12132034356,1.5);
#5802 = AXIS2_PLACEMENT_3D('',#5803,#5804,#5805);
#5803 = CARTESIAN_POINT('',(133.,111.,3.));
#5804 = DIRECTION('',(0.,0.707106781187,-0.707106781187));
#5805 = DIRECTION('',(0.,0.707106781187,0.707106781187));
#5806 = PCURVE('',#881,#5807);
#5807 = DEFINITIONAL_REPRESENTATION('',(#5808),#5812);
#5808 = ELLIPSE('',#5809,2.12132034356,1.5);
#5809 = AXIS2_PLACEMENT_2D('',#5810,#5811);
#5810 = CARTESIAN_POINT('',(2.,2.12132034356));
#5811 = DIRECTION('',(-0.,-1.));
#5812 = ( GEOMETRIC_REPRESENTATION_CONTEXT(2) 
PARAMETRIC_REPRESENTATION_CONTEXT() REPRESENTATION_CONTEXT('2D SPACE',''
  ) );
#5813 = PCURVE('',#5116,#5814);
#5814 = DEFINITIONAL_REPRESENTATION('',(#5815),#5846);
#5815 = B_SPLINE_CURVE_WITH_KNOTS('',8,(#5816,#5817,#5818,#5819,#5820,
    #5821,#5822,#5823,#5824,#5825,#5826,#5827,#5828,#5829,#5830,#5831,
    #5832,#5833,#5834,#5835,#5836,#5837,#5838,#5839,#5840,#5841,#5842,
    #5843,#5844,#5845),.UNSPECIFIED.,.F.,.F.,(9,7,7,7,9),(1.570796326795
    ,3.14159265359,4.319689898686,6.08683576633,7.853981633974),
  .UNSPECIFIED.);
#5816 = CARTESIAN_POINT('',(0.,-12.2));
#5817 = CARTESIAN_POINT('',(-0.196349540849,-12.49452431127));
#5818 = CARTESIAN_POINT('',(-0.392699081699,-12.78904759745));
#5819 = CARTESIAN_POINT('',(-0.589048622548,-13.06627404627));
#5820 = CARTESIAN_POINT('',(-0.785398163398,-13.30888199779));
#5821 = CARTESIAN_POINT('',(-0.981747704247,-13.50173121974));
#5822 = CARTESIAN_POINT('',(-1.178097245096,-13.63390774331));
#5823 = CARTESIAN_POINT('',(-1.374446785946,-13.7));
#5824 = CARTESIAN_POINT('',(-1.718058482432,-13.7));
#5825 = CARTESIAN_POINT('',(-1.865320638069,-13.66282362215));
#5826 = CARTESIAN_POINT('',(-2.012582793706,-13.58847178227));
#5827 = CARTESIAN_POINT('',(-2.159844949343,-13.47866165845));
#5828 = CARTESIAN_POINT('',(-2.30710710498,-13.33683773522));
#5829 = CARTESIAN_POINT('',(-2.454369260617,-13.1679557645));
#5830 = CARTESIAN_POINT('',(-2.601631416254,-12.9781038858));
#5831 = CARTESIAN_POINT('',(-2.969786805347,-12.46790704265));
#5832 = CARTESIAN_POINT('',(-3.190680038799,-12.12977854256));
#5833 = CARTESIAN_POINT('',(-3.411573272255,-11.78240253174));
#5834 = CARTESIAN_POINT('',(-3.632466505704,-11.4518619326));
#5835 = CARTESIAN_POINT('',(-3.853359739167,-11.16405597864));
#5836 = CARTESIAN_POINT('',(-4.074252972623,-10.94014401086));
#5837 = CARTESIAN_POINT('',(-4.29514620608,-10.79346327746));
#5838 = CARTESIAN_POINT('',(-4.736932672991,-10.66418088132));
#5839 = CARTESIAN_POINT('',(-4.957825906446,-10.68157914701));
#5840 = CARTESIAN_POINT('',(-5.178719139887,-10.78582170351));
#5841 = CARTESIAN_POINT('',(-5.39961237336,-10.9731808442));
#5842 = CARTESIAN_POINT('',(-5.620505606807,-11.23061753325));
#5843 = CARTESIAN_POINT('',(-5.841398840265,-11.53732011622));
#5844 = CARTESIAN_POINT('',(-6.062292073724,-11.86866014981));
#5845 = CARTESIAN_POINT('',(-6.28318530718,-12.2));
#5846 = ( GEOMETRIC_REPRESENTATION_CONTEXT(2) 
PARAMETRIC_REPRESENTATION_CONTEXT() REPRESENTATION_CONTEXT('2D SPACE',''
  ) );
#5847 = ADVANCED_FACE('',(#5848),#1404,.F.);
#5848 = FACE_BOUND('',#5849,.T.);
#5849 = EDGE_LOOP('',(#5850,#5851,#5874,#5905));
#5850 = ORIENTED_EDGE('',*,*,#1387,.T.);
#5851 = ORIENTED_EDGE('',*,*,#5852,.T.);
#5852 = EDGE_CURVE('',#1388,#5853,#5855,.T.);
#5853 = VERTEX_POINT('',#5854);
#5854 = CARTESIAN_POINT('',(161.15,99.75,6.2));
#5855 = SEAM_CURVE('',#5856,(#5860,#5867),.PCURVE_S1.);
#5856 = LINE('',#5857,#5858);
#5857 = CARTESIAN_POINT('',(161.15,99.75,16.2));
#5858 = VECTOR('',#5859,1.);
#5859 = DIRECTION('',(0.,0.,-1.));
#5860 = PCURVE('',#1404,#5861);
#5861 = DEFINITIONAL_REPRESENTATION('',(#5862),#5866);
#5862 = LINE('',#5863,#5864);
#5863 = CARTESIAN_POINT('',(-6.28318530718,0.));
#5864 = VECTOR('',#5865,1.);
#5865 = DIRECTION('',(-0.,-1.));
#5866 = ( GEOMETRIC_REPRESENTATION_CONTEXT(2) 
PARAMETRIC_REPRESENTATION_CONTEXT() REPRESENTATION_CONTEXT('2D SPACE',''
  ) );
#5867 = PCURVE('',#1404,#5868);
#5868 = DEFINITIONAL_REPRESENTATION('',(#5869),#5873);
#5869 = LINE('',#5870,#5871);
#5870 = CARTESIAN_POINT('',(-0.,0.));
#5871 = VECTOR('',#5872,1.);
#5872 = DIRECTION('',(-0.,-1.));
#5873 = ( GEOMETRIC_REPRESENTATION_CONTEXT(2) 
PARAMETRIC_REPRESENTATION_CONTEXT() REPRESENTATION_CONTEXT('2D SPACE',''
  ) );
#5874 = ORIENTED_EDGE('',*,*,#5875,.T.);
#5875 = EDGE_CURVE('',#5853,#5853,#5876,.T.);
#5876 = SURFACE_CURVE('',#5877,(#5882,#5889),.PCURVE_S1.);
#5877 = CIRCLE('',#5878,4.75);
#5878 = AXIS2_PLACEMENT_3D('',#5879,#5880,#5881);
#5879 = CARTESIAN_POINT('',(156.4,99.75,6.2));
#5880 = DIRECTION('',(0.,0.,-1.));
#5881 = DIRECTION('',(1.,0.,0.));
#5882 = PCURVE('',#1404,#5883);
#5883 = DEFINITIONAL_REPRESENTATION('',(#5884),#5888);
#5884 = LINE('',#5885,#5886);
#5885 = CARTESIAN_POINT('',(-0.,-10.));
#5886 = VECTOR('',#5887,1.);
#5887 = DIRECTION('',(-1.,0.));
#5888 = ( GEOMETRIC_REPRESENTATION_CONTEXT(2) 
PARAMETRIC_REPRESENTATION_CONTEXT() REPRESENTATION_CONTEXT('2D SPACE',''
  ) );
#5889 = PCURVE('',#5890,#5895);
#5890 = PLANE('',#5891);
#5891 = AXIS2_PLACEMENT_3D('',#5892,#5893,#5894);
#5892 = CARTESIAN_POINT('',(156.4,99.75,6.2));
#5893 = DIRECTION('',(0.,0.,1.));
#5894 = DIRECTION('',(1.,0.,0.));
#5895 = DEFINITIONAL_REPRESENTATION('',(#5896),#5904);
#5896 = ( BOUNDED_CURVE() B_SPLINE_CURVE(2,(#5897,#5898,#5899,#5900,
#5901,#5902,#5903),.UNSPECIFIED.,.T.,.F.) B_SPLINE_CURVE_WITH_KNOTS((1,2
    ,2,2,2,1),(-2.094395102393,0.,2.094395102393,4.188790204786,
6.28318530718,8.377580409573),.UNSPECIFIED.) CURVE() 
GEOMETRIC_REPRESENTATION_ITEM() RATIONAL_B_SPLINE_CURVE((1.,0.5,1.,0.5,
1.,0.5,1.)) REPRESENTATION_ITEM('') );
#5897 = CARTESIAN_POINT('',(4.75,3.552713678801E-15));
#5898 = CARTESIAN_POINT('',(4.75,-8.227241335952));
#5899 = CARTESIAN_POINT('',(-2.375,-4.113620667976));
#5900 = CARTESIAN_POINT('',(-9.5,2.389299219611E-15));
#5901 = CARTESIAN_POINT('',(-2.375,4.113620667976));
#5902 = CARTESIAN_POINT('',(4.75,8.227241335952));
#5903 = CARTESIAN_POINT('',(4.75,3.552713678801E-15));
#5904 = ( GEOMETRIC_REPRESENTATION_CONTEXT(2) 
PARAMETRIC_REPRESENTATION_CONTEXT() REPRESENTATION_CONTEXT('2D SPACE',''
  ) );
#5905 = ORIENTED_EDGE('',*,*,#5852,.F.);
#5906 = ADVANCED_FACE('',(#5907),#1459,.T.);
#5907 = FACE_BOUND('',#5908,.T.);
#5908 = EDGE_LOOP('',(#5909,#5910,#5911,#5912));
#5909 = ORIENTED_EDGE('',*,*,#1475,.F.);
#5910 = ORIENTED_EDGE('',*,*,#1442,.F.);
#5911 = ORIENTED_EDGE('',*,*,#1581,.F.);
#5912 = ORIENTED_EDGE('',*,*,#3265,.T.);
#5913 = ADVANCED_FACE('',(#5914,#6034,#6060,#6091,#6122),#1546,.F.);
#5914 = FACE_BOUND('',#5915,.F.);
#5915 = EDGE_LOOP('',(#5916,#5917,#5918,#5919,#5920,#5943,#5966,#5989,
    #6012,#6033));
#5916 = ORIENTED_EDGE('',*,*,#1527,.T.);
#5917 = ORIENTED_EDGE('',*,*,#3243,.T.);
#5918 = ORIENTED_EDGE('',*,*,#3056,.T.);
#5919 = ORIENTED_EDGE('',*,*,#2696,.T.);
#5920 = ORIENTED_EDGE('',*,*,#5921,.F.);
#5921 = EDGE_CURVE('',#5922,#2699,#5924,.T.);
#5922 = VERTEX_POINT('',#5923);
#5923 = CARTESIAN_POINT('',(35.106840321881,11.,0.));
#5924 = SURFACE_CURVE('',#5925,(#5929,#5936),.PCURVE_S1.);
#5925 = LINE('',#5926,#5927);
#5926 = CARTESIAN_POINT('',(35.106840321881,12.681581,0.));
#5927 = VECTOR('',#5928,1.);
#5928 = DIRECTION('',(0.,-1.,0.));
#5929 = PCURVE('',#1546,#5930);
#5930 = DEFINITIONAL_REPRESENTATION('',(#5931),#5935);
#5931 = LINE('',#5932,#5933);
#5932 = CARTESIAN_POINT('',(-54.911983704,-47.31314952473));
#5933 = VECTOR('',#5934,1.);
#5934 = DIRECTION('',(0.,-1.));
#5935 = ( GEOMETRIC_REPRESENTATION_CONTEXT(2) 
PARAMETRIC_REPRESENTATION_CONTEXT() REPRESENTATION_CONTEXT('2D SPACE',''
  ) );
#5936 = PCURVE('',#3042,#5937);
#5937 = DEFINITIONAL_REPRESENTATION('',(#5938),#5942);
#5938 = LINE('',#5939,#5940);
#5939 = CARTESIAN_POINT('',(0.,0.));
#5940 = VECTOR('',#5941,1.);
#5941 = DIRECTION('',(1.,0.));
#5942 = ( GEOMETRIC_REPRESENTATION_CONTEXT(2) 
PARAMETRIC_REPRESENTATION_CONTEXT() REPRESENTATION_CONTEXT('2D SPACE',''
  ) );
#5943 = ORIENTED_EDGE('',*,*,#5944,.F.);
#5944 = EDGE_CURVE('',#5945,#5922,#5947,.T.);
#5945 = VERTEX_POINT('',#5946);
#5946 = CARTESIAN_POINT('',(33.,11.,0.));
#5947 = SURFACE_CURVE('',#5948,(#5952,#5959),.PCURVE_S1.);
#5948 = LINE('',#5949,#5950);
#5949 = CARTESIAN_POINT('',(61.509412012942,11.,0.));
#5950 = VECTOR('',#5951,1.);
#5951 = DIRECTION('',(1.,0.,0.));
#5952 = PCURVE('',#1546,#5953);
#5953 = DEFINITIONAL_REPRESENTATION('',(#5954),#5958);
#5954 = LINE('',#5955,#5956);
#5955 = CARTESIAN_POINT('',(-28.50941201294,-48.99473052473));
#5956 = VECTOR('',#5957,1.);
#5957 = DIRECTION('',(1.,0.));
#5958 = ( GEOMETRIC_REPRESENTATION_CONTEXT(2) 
PARAMETRIC_REPRESENTATION_CONTEXT() REPRESENTATION_CONTEXT('2D SPACE',''
  ) );
#5959 = PCURVE('',#4409,#5960);
#5960 = DEFINITIONAL_REPRESENTATION('',(#5961),#5965);
#5961 = LINE('',#5962,#5963);
#5962 = CARTESIAN_POINT('',(28.509412012942,-8.));
#5963 = VECTOR('',#5964,1.);
#5964 = DIRECTION('',(1.,0.));
#5965 = ( GEOMETRIC_REPRESENTATION_CONTEXT(2) 
PARAMETRIC_REPRESENTATION_CONTEXT() REPRESENTATION_CONTEXT('2D SPACE',''
  ) );
#5966 = ORIENTED_EDGE('',*,*,#5967,.F.);
#5967 = EDGE_CURVE('',#5968,#5945,#5970,.T.);
#5968 = VERTEX_POINT('',#5969);
#5969 = CARTESIAN_POINT('',(33.,109.,0.));
#5970 = SURFACE_CURVE('',#5971,(#5975,#5982),.PCURVE_S1.);
#5971 = LINE('',#5972,#5973);
#5972 = CARTESIAN_POINT('',(33.,84.497365262367,0.));
#5973 = VECTOR('',#5974,1.);
#5974 = DIRECTION('',(0.,-1.,0.));
#5975 = PCURVE('',#1546,#5976);
#5976 = DEFINITIONAL_REPRESENTATION('',(#5977),#5981);
#5977 = LINE('',#5978,#5979);
#5978 = CARTESIAN_POINT('',(-57.01882402588,24.502634737633));
#5979 = VECTOR('',#5980,1.);
#5980 = DIRECTION('',(0.,-1.));
#5981 = ( GEOMETRIC_REPRESENTATION_CONTEXT(2) 
PARAMETRIC_REPRESENTATION_CONTEXT() REPRESENTATION_CONTEXT('2D SPACE',''
  ) );
#5982 = PCURVE('',#4063,#5983);
#5983 = DEFINITIONAL_REPRESENTATION('',(#5984),#5988);
#5984 = LINE('',#5985,#5986);
#5985 = CARTESIAN_POINT('',(24.502634737633,-8.));
#5986 = VECTOR('',#5987,1.);
#5987 = DIRECTION('',(1.,0.));
#5988 = ( GEOMETRIC_REPRESENTATION_CONTEXT(2) 
PARAMETRIC_REPRESENTATION_CONTEXT() REPRESENTATION_CONTEXT('2D SPACE',''
  ) );
#5989 = ORIENTED_EDGE('',*,*,#5990,.F.);
#5990 = EDGE_CURVE('',#5991,#5968,#5993,.T.);
#5991 = VERTEX_POINT('',#5992);
#5992 = CARTESIAN_POINT('',(34.893159678119,109.,0.));
#5993 = SURFACE_CURVE('',#5994,(#5998,#6005),.PCURVE_S1.);
#5994 = LINE('',#5995,#5996);
#5995 = CARTESIAN_POINT('',(110.50941201294,109.,0.));
#5996 = VECTOR('',#5997,1.);
#5997 = DIRECTION('',(-1.,0.,0.));
#5998 = PCURVE('',#1546,#5999);
#5999 = DEFINITIONAL_REPRESENTATION('',(#6000),#6004);
#6000 = LINE('',#6001,#6002);
#6001 = CARTESIAN_POINT('',(20.490587987058,49.005269475265));
#6002 = VECTOR('',#6003,1.);
#6003 = DIRECTION('',(-1.,0.));
#6004 = ( GEOMETRIC_REPRESENTATION_CONTEXT(2) 
PARAMETRIC_REPRESENTATION_CONTEXT() REPRESENTATION_CONTEXT('2D SPACE',''
  ) );
#6005 = PCURVE('',#5786,#6006);
#6006 = DEFINITIONAL_REPRESENTATION('',(#6007),#6011);
#6007 = LINE('',#6008,#6009);
#6008 = CARTESIAN_POINT('',(20.490587987058,-8.));
#6009 = VECTOR('',#6010,1.);
#6010 = DIRECTION('',(1.,0.));
#6011 = ( GEOMETRIC_REPRESENTATION_CONTEXT(2) 
PARAMETRIC_REPRESENTATION_CONTEXT() REPRESENTATION_CONTEXT('2D SPACE',''
  ) );
#6012 = ORIENTED_EDGE('',*,*,#6013,.F.);
#6013 = EDGE_CURVE('',#1687,#5991,#6014,.T.);
#6014 = SURFACE_CURVE('',#6015,(#6019,#6026),.PCURVE_S1.);
#6015 = LINE('',#6016,#6017);
#6016 = CARTESIAN_POINT('',(34.893159678119,122.88436,0.));
#6017 = VECTOR('',#6018,1.);
#6018 = DIRECTION('',(-1.224646799147E-16,-1.,0.));
#6019 = PCURVE('',#1546,#6020);
#6020 = DEFINITIONAL_REPRESENTATION('',(#6021),#6025);
#6021 = LINE('',#6022,#6023);
#6022 = CARTESIAN_POINT('',(-55.12566434776,62.889629475265));
#6023 = VECTOR('',#6024,1.);
#6024 = DIRECTION('',(-1.224646799147E-16,-1.));
#6025 = ( GEOMETRIC_REPRESENTATION_CONTEXT(2) 
PARAMETRIC_REPRESENTATION_CONTEXT() REPRESENTATION_CONTEXT('2D SPACE',''
  ) );
#6026 = PCURVE('',#1724,#6027);
#6027 = DEFINITIONAL_REPRESENTATION('',(#6028),#6032);
#6028 = LINE('',#6029,#6030);
#6029 = CARTESIAN_POINT('',(0.,0.));
#6030 = VECTOR('',#6031,1.);
#6031 = DIRECTION('',(1.,0.));
#6032 = ( GEOMETRIC_REPRESENTATION_CONTEXT(2) 
PARAMETRIC_REPRESENTATION_CONTEXT() REPRESENTATION_CONTEXT('2D SPACE',''
  ) );
#6033 = ORIENTED_EDGE('',*,*,#1686,.T.);
#6034 = FACE_BOUND('',#6035,.F.);
#6035 = EDGE_LOOP('',(#6036));
#6036 = ORIENTED_EDGE('',*,*,#6037,.F.);
#6037 = EDGE_CURVE('',#6038,#6038,#6040,.T.);
#6038 = VERTEX_POINT('',#6039);
#6039 = CARTESIAN_POINT('',(32.5,9.,0.));
#6040 = SURFACE_CURVE('',#6041,(#6046,#6053),.PCURVE_S1.);
#6041 = CIRCLE('',#6042,1.5);
#6042 = AXIS2_PLACEMENT_3D('',#6043,#6044,#6045);
#6043 = CARTESIAN_POINT('',(31.,9.,0.));
#6044 = DIRECTION('',(0.,0.,1.));
#6045 = DIRECTION('',(1.,0.,0.));
#6046 = PCURVE('',#1546,#6047);
#6047 = DEFINITIONAL_REPRESENTATION('',(#6048),#6052);
#6048 = CIRCLE('',#6049,1.5);
#6049 = AXIS2_PLACEMENT_2D('',#6050,#6051);
#6050 = CARTESIAN_POINT('',(-59.01882402588,-50.99473052473));
#6051 = DIRECTION('',(1.,0.));
#6052 = ( GEOMETRIC_REPRESENTATION_CONTEXT(2) 
PARAMETRIC_REPRESENTATION_CONTEXT() REPRESENTATION_CONTEXT('2D SPACE',''
  ) );
#6053 = PCURVE('',#3985,#6054);
#6054 = DEFINITIONAL_REPRESENTATION('',(#6055),#6059);
#6055 = LINE('',#6056,#6057);
#6056 = CARTESIAN_POINT('',(-6.28318530718,-15.2));
#6057 = VECTOR('',#6058,1.);
#6058 = DIRECTION('',(1.,-0.));
#6059 = ( GEOMETRIC_REPRESENTATION_CONTEXT(2) 
PARAMETRIC_REPRESENTATION_CONTEXT() REPRESENTATION_CONTEXT('2D SPACE',''
  ) );
#6060 = FACE_BOUND('',#6061,.F.);
#6061 = EDGE_LOOP('',(#6062));
#6062 = ORIENTED_EDGE('',*,*,#6063,.F.);
#6063 = EDGE_CURVE('',#6064,#6064,#6066,.T.);
#6064 = VERTEX_POINT('',#6065);
#6065 = CARTESIAN_POINT('',(26.3,20.25,0.));
#6066 = SURFACE_CURVE('',#6067,(#6072,#6079),.PCURVE_S1.);
#6067 = CIRCLE('',#6068,2.7);
#6068 = AXIS2_PLACEMENT_3D('',#6069,#6070,#6071);
#6069 = CARTESIAN_POINT('',(23.6,20.25,0.));
#6070 = DIRECTION('',(0.,0.,1.));
#6071 = DIRECTION('',(1.,0.,0.));
#6072 = PCURVE('',#1546,#6073);
#6073 = DEFINITIONAL_REPRESENTATION('',(#6074),#6078);
#6074 = CIRCLE('',#6075,2.7);
#6075 = AXIS2_PLACEMENT_2D('',#6076,#6077);
#6076 = CARTESIAN_POINT('',(-66.41882402588,-39.74473052473));
#6077 = DIRECTION('',(1.,0.));
#6078 = ( GEOMETRIC_REPRESENTATION_CONTEXT(2) 
PARAMETRIC_REPRESENTATION_CONTEXT() REPRESENTATION_CONTEXT('2D SPACE',''
  ) );
#6079 = PCURVE('',#6080,#6085);
#6080 = CYLINDRICAL_SURFACE('',#6081,2.7);
#6081 = AXIS2_PLACEMENT_3D('',#6082,#6083,#6084);
#6082 = CARTESIAN_POINT('',(23.6,20.25,15.2));
#6083 = DIRECTION('',(0.,0.,1.));
#6084 = DIRECTION('',(1.,0.,0.));
#6085 = DEFINITIONAL_REPRESENTATION('',(#6086),#6090);
#6086 = LINE('',#6087,#6088);
#6087 = CARTESIAN_POINT('',(-6.28318530718,-15.2));
#6088 = VECTOR('',#6089,1.);
#6089 = DIRECTION('',(1.,-0.));
#6090 = ( GEOMETRIC_REPRESENTATION_CONTEXT(2) 
PARAMETRIC_REPRESENTATION_CONTEXT() REPRESENTATION_CONTEXT('2D SPACE',''
  ) );
#6091 = FACE_BOUND('',#6092,.F.);
#6092 = EDGE_LOOP('',(#6093));
#6093 = ORIENTED_EDGE('',*,*,#6094,.F.);
#6094 = EDGE_CURVE('',#6095,#6095,#6097,.T.);
#6095 = VERTEX_POINT('',#6096);
#6096 = CARTESIAN_POINT('',(26.3,99.75,0.));
#6097 = SURFACE_CURVE('',#6098,(#6103,#6110),.PCURVE_S1.);
#6098 = CIRCLE('',#6099,2.7);
#6099 = AXIS2_PLACEMENT_3D('',#6100,#6101,#6102);
#6100 = CARTESIAN_POINT('',(23.6,99.75,0.));
#6101 = DIRECTION('',(0.,0.,1.));
#6102 = DIRECTION('',(1.,0.,0.));
#6103 = PCURVE('',#1546,#6104);
#6104 = DEFINITIONAL_REPRESENTATION('',(#6105),#6109);
#6105 = CIRCLE('',#6106,2.7);
#6106 = AXIS2_PLACEMENT_2D('',#6107,#6108);
#6107 = CARTESIAN_POINT('',(-66.41882402588,39.755269475265));
#6108 = DIRECTION('',(1.,0.));
#6109 = ( GEOMETRIC_REPRESENTATION_CONTEXT(2) 
PARAMETRIC_REPRESENTATION_CONTEXT() REPRESENTATION_CONTEXT('2D SPACE',''
  ) );
#6110 = PCURVE('',#6111,#6116);
#6111 = CYLINDRICAL_SURFACE('',#6112,2.7);
#6112 = AXIS2_PLACEMENT_3D('',#6113,#6114,#6115);
#6113 = CARTESIAN_POINT('',(23.6,99.75,15.2));
#6114 = DIRECTION('',(0.,0.,1.));
#6115 = DIRECTION('',(1.,0.,0.));
#6116 = DEFINITIONAL_REPRESENTATION('',(#6117),#6121);
#6117 = LINE('',#6118,#6119);
#6118 = CARTESIAN_POINT('',(-6.28318530718,-15.2));
#6119 = VECTOR('',#6120,1.);
#6120 = DIRECTION('',(1.,-0.));
#6121 = ( GEOMETRIC_REPRESENTATION_CONTEXT(2) 
PARAMETRIC_REPRESENTATION_CONTEXT() REPRESENTATION_CONTEXT('2D SPACE',''
  ) );
#6122 = FACE_BOUND('',#6123,.F.);
#6123 = EDGE_LOOP('',(#6124));
#6124 = ORIENTED_EDGE('',*,*,#6125,.F.);
#6125 = EDGE_CURVE('',#6126,#6126,#6128,.T.);
#6126 = VERTEX_POINT('',#6127);
#6127 = CARTESIAN_POINT('',(32.5,111.,0.));
#6128 = SURFACE_CURVE('',#6129,(#6134,#6141),.PCURVE_S1.);
#6129 = CIRCLE('',#6130,1.5);
#6130 = AXIS2_PLACEMENT_3D('',#6131,#6132,#6133);
#6131 = CARTESIAN_POINT('',(31.,111.,0.));
#6132 = DIRECTION('',(0.,0.,1.));
#6133 = DIRECTION('',(1.,0.,0.));
#6134 = PCURVE('',#1546,#6135);
#6135 = DEFINITIONAL_REPRESENTATION('',(#6136),#6140);
#6136 = CIRCLE('',#6137,1.5);
#6137 = AXIS2_PLACEMENT_2D('',#6138,#6139);
#6138 = CARTESIAN_POINT('',(-59.01882402588,51.005269475265));
#6139 = DIRECTION('',(1.,0.));
#6140 = ( GEOMETRIC_REPRESENTATION_CONTEXT(2) 
PARAMETRIC_REPRESENTATION_CONTEXT() REPRESENTATION_CONTEXT('2D SPACE',''
  ) );
#6141 = PCURVE('',#4113,#6142);
#6142 = DEFINITIONAL_REPRESENTATION('',(#6143),#6147);
#6143 = LINE('',#6144,#6145);
#6144 = CARTESIAN_POINT('',(-6.28318530718,-15.2));
#6145 = VECTOR('',#6146,1.);
#6146 = DIRECTION('',(1.,-0.));
#6147 = ( GEOMETRIC_REPRESENTATION_CONTEXT(2) 
PARAMETRIC_REPRESENTATION_CONTEXT() REPRESENTATION_CONTEXT('2D SPACE',''
  ) );
#6148 = ADVANCED_FACE('',(#6149,#6269,#6295,#6326,#6357,#6388,#6419,
    #6450,#6481,#6507),#1651,.F.);
#6149 = FACE_BOUND('',#6150,.F.);
#6150 = EDGE_LOOP('',(#6151,#6152,#6175,#6198,#6221,#6244,#6265,#6266,
    #6267,#6268));
#6151 = ORIENTED_EDGE('',*,*,#1633,.T.);
#6152 = ORIENTED_EDGE('',*,*,#6153,.F.);
#6153 = EDGE_CURVE('',#6154,#1636,#6156,.T.);
#6154 = VERTEX_POINT('',#6155);
#6155 = CARTESIAN_POINT('',(128.89315967811,109.,0.));
#6156 = SURFACE_CURVE('',#6157,(#6161,#6168),.PCURVE_S1.);
#6157 = LINE('',#6158,#6159);
#6158 = CARTESIAN_POINT('',(128.89315967811,107.318419,0.));
#6159 = VECTOR('',#6160,1.);
#6160 = DIRECTION('',(1.224646799147E-16,1.,0.));
#6161 = PCURVE('',#1651,#6162);
#6162 = DEFINITIONAL_REPRESENTATION('',(#6163),#6167);
#6163 = LINE('',#6164,#6165);
#6164 = CARTESIAN_POINT('',(38.874335652235,47.323688475265));
#6165 = VECTOR('',#6166,1.);
#6166 = DIRECTION('',(1.224646799147E-16,1.));
#6167 = ( GEOMETRIC_REPRESENTATION_CONTEXT(2) 
PARAMETRIC_REPRESENTATION_CONTEXT() REPRESENTATION_CONTEXT('2D SPACE',''
  ) );
#6168 = PCURVE('',#1984,#6169);
#6169 = DEFINITIONAL_REPRESENTATION('',(#6170),#6174);
#6170 = LINE('',#6171,#6172);
#6171 = CARTESIAN_POINT('',(0.,0.));
#6172 = VECTOR('',#6173,1.);
#6173 = DIRECTION('',(1.,0.));
#6174 = ( GEOMETRIC_REPRESENTATION_CONTEXT(2) 
PARAMETRIC_REPRESENTATION_CONTEXT() REPRESENTATION_CONTEXT('2D SPACE',''
  ) );
#6175 = ORIENTED_EDGE('',*,*,#6176,.F.);
#6176 = EDGE_CURVE('',#6177,#6154,#6179,.T.);
#6177 = VERTEX_POINT('',#6178);
#6178 = CARTESIAN_POINT('',(131.,109.,0.));
#6179 = SURFACE_CURVE('',#6180,(#6184,#6191),.PCURVE_S1.);
#6180 = LINE('',#6181,#6182);
#6181 = CARTESIAN_POINT('',(110.50941201294,109.,0.));
#6182 = VECTOR('',#6183,1.);
#6183 = DIRECTION('',(-1.,0.,0.));
#6184 = PCURVE('',#1651,#6185);
#6185 = DEFINITIONAL_REPRESENTATION('',(#6186),#6190);
#6186 = LINE('',#6187,#6188);
#6187 = CARTESIAN_POINT('',(20.490587987058,49.005269475265));
#6188 = VECTOR('',#6189,1.);
#6189 = DIRECTION('',(-1.,0.));
#6190 = ( GEOMETRIC_REPRESENTATION_CONTEXT(2) 
PARAMETRIC_REPRESENTATION_CONTEXT() REPRESENTATION_CONTEXT('2D SPACE',''
  ) );
#6191 = PCURVE('',#5786,#6192);
#6192 = DEFINITIONAL_REPRESENTATION('',(#6193),#6197);
#6193 = LINE('',#6194,#6195);
#6194 = CARTESIAN_POINT('',(20.490587987058,-8.));
#6195 = VECTOR('',#6196,1.);
#6196 = DIRECTION('',(1.,0.));
#6197 = ( GEOMETRIC_REPRESENTATION_CONTEXT(2) 
PARAMETRIC_REPRESENTATION_CONTEXT() REPRESENTATION_CONTEXT('2D SPACE',''
  ) );
#6198 = ORIENTED_EDGE('',*,*,#6199,.F.);
#6199 = EDGE_CURVE('',#6200,#6177,#6202,.T.);
#6200 = VERTEX_POINT('',#6201);
#6201 = CARTESIAN_POINT('',(131.,11.,0.));
#6202 = SURFACE_CURVE('',#6203,(#6207,#6214),.PCURVE_S1.);
#6203 = LINE('',#6204,#6205);
#6204 = CARTESIAN_POINT('',(131.,35.497365262367,0.));
#6205 = VECTOR('',#6206,1.);
#6206 = DIRECTION('',(0.,1.,0.));
#6207 = PCURVE('',#1651,#6208);
#6208 = DEFINITIONAL_REPRESENTATION('',(#6209),#6213);
#6209 = LINE('',#6210,#6211);
#6210 = CARTESIAN_POINT('',(40.981175974116,-24.49736526236));
#6211 = VECTOR('',#6212,1.);
#6212 = DIRECTION('',(0.,1.));
#6213 = ( GEOMETRIC_REPRESENTATION_CONTEXT(2) 
PARAMETRIC_REPRESENTATION_CONTEXT() REPRESENTATION_CONTEXT('2D SPACE',''
  ) );
#6214 = PCURVE('',#5243,#6215);
#6215 = DEFINITIONAL_REPRESENTATION('',(#6216),#6220);
#6216 = LINE('',#6217,#6218);
#6217 = CARTESIAN_POINT('',(24.497365262367,-8.));
#6218 = VECTOR('',#6219,1.);
#6219 = DIRECTION('',(1.,0.));
#6220 = ( GEOMETRIC_REPRESENTATION_CONTEXT(2) 
PARAMETRIC_REPRESENTATION_CONTEXT() REPRESENTATION_CONTEXT('2D SPACE',''
  ) );
#6221 = ORIENTED_EDGE('',*,*,#6222,.F.);
#6222 = EDGE_CURVE('',#6223,#6200,#6225,.T.);
#6223 = VERTEX_POINT('',#6224);
#6224 = CARTESIAN_POINT('',(129.10684032188,11.,0.));
#6225 = SURFACE_CURVE('',#6226,(#6230,#6237),.PCURVE_S1.);
#6226 = LINE('',#6227,#6228);
#6227 = CARTESIAN_POINT('',(61.509412012942,11.,0.));
#6228 = VECTOR('',#6229,1.);
#6229 = DIRECTION('',(1.,0.,0.));
#6230 = PCURVE('',#1651,#6231);
#6231 = DEFINITIONAL_REPRESENTATION('',(#6232),#6236);
#6232 = LINE('',#6233,#6234);
#6233 = CARTESIAN_POINT('',(-28.50941201294,-48.99473052473));
#6234 = VECTOR('',#6235,1.);
#6235 = DIRECTION('',(1.,0.));
#6236 = ( GEOMETRIC_REPRESENTATION_CONTEXT(2) 
PARAMETRIC_REPRESENTATION_CONTEXT() REPRESENTATION_CONTEXT('2D SPACE',''
  ) );
#6237 = PCURVE('',#4409,#6238);
#6238 = DEFINITIONAL_REPRESENTATION('',(#6239),#6243);
#6239 = LINE('',#6240,#6241);
#6240 = CARTESIAN_POINT('',(28.509412012942,-8.));
#6241 = VECTOR('',#6242,1.);
#6242 = DIRECTION('',(1.,0.));
#6243 = ( GEOMETRIC_REPRESENTATION_CONTEXT(2) 
PARAMETRIC_REPRESENTATION_CONTEXT() REPRESENTATION_CONTEXT('2D SPACE',''
  ) );
#6244 = ORIENTED_EDGE('',*,*,#6245,.F.);
#6245 = EDGE_CURVE('',#2745,#6223,#6246,.T.);
#6246 = SURFACE_CURVE('',#6247,(#6251,#6258),.PCURVE_S1.);
#6247 = LINE('',#6248,#6249);
#6248 = CARTESIAN_POINT('',(129.10684032188,-2.88436,0.));
#6249 = VECTOR('',#6250,1.);
#6250 = DIRECTION('',(0.,1.,0.));
#6251 = PCURVE('',#1651,#6252);
#6252 = DEFINITIONAL_REPRESENTATION('',(#6253),#6257);
#6253 = LINE('',#6254,#6255);
#6254 = CARTESIAN_POINT('',(39.088016295998,-62.87909052473));
#6255 = VECTOR('',#6256,1.);
#6256 = DIRECTION('',(0.,1.));
#6257 = ( GEOMETRIC_REPRESENTATION_CONTEXT(2) 
PARAMETRIC_REPRESENTATION_CONTEXT() REPRESENTATION_CONTEXT('2D SPACE',''
  ) );
#6258 = PCURVE('',#2782,#6259);
#6259 = DEFINITIONAL_REPRESENTATION('',(#6260),#6264);
#6260 = LINE('',#6261,#6262);
#6261 = CARTESIAN_POINT('',(0.,0.));
#6262 = VECTOR('',#6263,1.);
#6263 = DIRECTION('',(1.,0.));
#6264 = ( GEOMETRIC_REPRESENTATION_CONTEXT(2) 
PARAMETRIC_REPRESENTATION_CONTEXT() REPRESENTATION_CONTEXT('2D SPACE',''
  ) );
#6265 = ORIENTED_EDGE('',*,*,#2744,.T.);
#6266 = ORIENTED_EDGE('',*,*,#2619,.T.);
#6267 = ORIENTED_EDGE('',*,*,#2154,.T.);
#6268 = ORIENTED_EDGE('',*,*,#1998,.T.);
#6269 = FACE_BOUND('',#6270,.F.);
#6270 = EDGE_LOOP('',(#6271));
#6271 = ORIENTED_EDGE('',*,*,#6272,.F.);
#6272 = EDGE_CURVE('',#6273,#6273,#6275,.T.);
#6273 = VERTEX_POINT('',#6274);
#6274 = CARTESIAN_POINT('',(134.5,9.,0.));
#6275 = SURFACE_CURVE('',#6276,(#6281,#6288),.PCURVE_S1.);
#6276 = CIRCLE('',#6277,1.5);
#6277 = AXIS2_PLACEMENT_3D('',#6278,#6279,#6280);
#6278 = CARTESIAN_POINT('',(133.,9.,0.));
#6279 = DIRECTION('',(0.,0.,1.));
#6280 = DIRECTION('',(1.,0.,0.));
#6281 = PCURVE('',#1651,#6282);
#6282 = DEFINITIONAL_REPRESENTATION('',(#6283),#6287);
#6283 = CIRCLE('',#6284,1.5);
#6284 = AXIS2_PLACEMENT_2D('',#6285,#6286);
#6285 = CARTESIAN_POINT('',(42.981175974116,-50.99473052473));
#6286 = DIRECTION('',(1.,0.));
#6287 = ( GEOMETRIC_REPRESENTATION_CONTEXT(2) 
PARAMETRIC_REPRESENTATION_CONTEXT() REPRESENTATION_CONTEXT('2D SPACE',''
  ) );
#6288 = PCURVE('',#4333,#6289);
#6289 = DEFINITIONAL_REPRESENTATION('',(#6290),#6294);
#6290 = LINE('',#6291,#6292);
#6291 = CARTESIAN_POINT('',(-6.28318530718,-15.2));
#6292 = VECTOR('',#6293,1.);
#6293 = DIRECTION('',(1.,-0.));
#6294 = ( GEOMETRIC_REPRESENTATION_CONTEXT(2) 
PARAMETRIC_REPRESENTATION_CONTEXT() REPRESENTATION_CONTEXT('2D SPACE',''
  ) );
#6295 = FACE_BOUND('',#6296,.F.);
#6296 = EDGE_LOOP('',(#6297));
#6297 = ORIENTED_EDGE('',*,*,#6298,.F.);
#6298 = EDGE_CURVE('',#6299,#6299,#6301,.T.);
#6299 = VERTEX_POINT('',#6300);
#6300 = CARTESIAN_POINT('',(142.5,7.,0.));
#6301 = SURFACE_CURVE('',#6302,(#6307,#6314),.PCURVE_S1.);
#6302 = CIRCLE('',#6303,2.7);
#6303 = AXIS2_PLACEMENT_3D('',#6304,#6305,#6306);
#6304 = CARTESIAN_POINT('',(139.8,7.,0.));
#6305 = DIRECTION('',(0.,0.,1.));
#6306 = DIRECTION('',(1.,0.,0.));
#6307 = PCURVE('',#1651,#6308);
#6308 = DEFINITIONAL_REPRESENTATION('',(#6309),#6313);
#6309 = CIRCLE('',#6310,2.7);
#6310 = AXIS2_PLACEMENT_2D('',#6311,#6312);
#6311 = CARTESIAN_POINT('',(49.781175974116,-52.99473052473));
#6312 = DIRECTION('',(1.,0.));
#6313 = ( GEOMETRIC_REPRESENTATION_CONTEXT(2) 
PARAMETRIC_REPRESENTATION_CONTEXT() REPRESENTATION_CONTEXT('2D SPACE',''
  ) );
#6314 = PCURVE('',#6315,#6320);
#6315 = CYLINDRICAL_SURFACE('',#6316,2.7);
#6316 = AXIS2_PLACEMENT_3D('',#6317,#6318,#6319);
#6317 = CARTESIAN_POINT('',(139.8,7.,15.2));
#6318 = DIRECTION('',(0.,0.,1.));
#6319 = DIRECTION('',(1.,0.,0.));
#6320 = DEFINITIONAL_REPRESENTATION('',(#6321),#6325);
#6321 = LINE('',#6322,#6323);
#6322 = CARTESIAN_POINT('',(-6.28318530718,-15.2));
#6323 = VECTOR('',#6324,1.);
#6324 = DIRECTION('',(1.,-0.));
#6325 = ( GEOMETRIC_REPRESENTATION_CONTEXT(2) 
PARAMETRIC_REPRESENTATION_CONTEXT() REPRESENTATION_CONTEXT('2D SPACE',''
  ) );
#6326 = FACE_BOUND('',#6327,.F.);
#6327 = EDGE_LOOP('',(#6328));
#6328 = ORIENTED_EDGE('',*,*,#6329,.F.);
#6329 = EDGE_CURVE('',#6330,#6330,#6332,.T.);
#6330 = VERTEX_POINT('',#6331);
#6331 = CARTESIAN_POINT('',(159.1,20.25,0.));
#6332 = SURFACE_CURVE('',#6333,(#6338,#6345),.PCURVE_S1.);
#6333 = CIRCLE('',#6334,2.7);
#6334 = AXIS2_PLACEMENT_3D('',#6335,#6336,#6337);
#6335 = CARTESIAN_POINT('',(156.4,20.25,0.));
#6336 = DIRECTION('',(0.,0.,1.));
#6337 = DIRECTION('',(1.,0.,0.));
#6338 = PCURVE('',#1651,#6339);
#6339 = DEFINITIONAL_REPRESENTATION('',(#6340),#6344);
#6340 = CIRCLE('',#6341,2.7);
#6341 = AXIS2_PLACEMENT_2D('',#6342,#6343);
#6342 = CARTESIAN_POINT('',(66.381175974116,-39.74473052473));
#6343 = DIRECTION('',(1.,0.));
#6344 = ( GEOMETRIC_REPRESENTATION_CONTEXT(2) 
PARAMETRIC_REPRESENTATION_CONTEXT() REPRESENTATION_CONTEXT('2D SPACE',''
  ) );
#6345 = PCURVE('',#6346,#6351);
#6346 = CYLINDRICAL_SURFACE('',#6347,2.7);
#6347 = AXIS2_PLACEMENT_3D('',#6348,#6349,#6350);
#6348 = CARTESIAN_POINT('',(156.4,20.25,15.2));
#6349 = DIRECTION('',(0.,0.,1.));
#6350 = DIRECTION('',(1.,0.,0.));
#6351 = DEFINITIONAL_REPRESENTATION('',(#6352),#6356);
#6352 = LINE('',#6353,#6354);
#6353 = CARTESIAN_POINT('',(-6.28318530718,-15.2));
#6354 = VECTOR('',#6355,1.);
#6355 = DIRECTION('',(1.,-0.));
#6356 = ( GEOMETRIC_REPRESENTATION_CONTEXT(2) 
PARAMETRIC_REPRESENTATION_CONTEXT() REPRESENTATION_CONTEXT('2D SPACE',''
  ) );
#6357 = FACE_BOUND('',#6358,.F.);
#6358 = EDGE_LOOP('',(#6359));
#6359 = ORIENTED_EDGE('',*,*,#6360,.F.);
#6360 = EDGE_CURVE('',#6361,#6361,#6363,.T.);
#6361 = VERTEX_POINT('',#6362);
#6362 = CARTESIAN_POINT('',(142.5,33.5,0.));
#6363 = SURFACE_CURVE('',#6364,(#6369,#6376),.PCURVE_S1.);
#6364 = CIRCLE('',#6365,2.7);
#6365 = AXIS2_PLACEMENT_3D('',#6366,#6367,#6368);
#6366 = CARTESIAN_POINT('',(139.8,33.5,0.));
#6367 = DIRECTION('',(0.,0.,1.));
#6368 = DIRECTION('',(1.,0.,0.));
#6369 = PCURVE('',#1651,#6370);
#6370 = DEFINITIONAL_REPRESENTATION('',(#6371),#6375);
#6371 = CIRCLE('',#6372,2.7);
#6372 = AXIS2_PLACEMENT_2D('',#6373,#6374);
#6373 = CARTESIAN_POINT('',(49.781175974116,-26.49473052473));
#6374 = DIRECTION('',(1.,0.));
#6375 = ( GEOMETRIC_REPRESENTATION_CONTEXT(2) 
PARAMETRIC_REPRESENTATION_CONTEXT() REPRESENTATION_CONTEXT('2D SPACE',''
  ) );
#6376 = PCURVE('',#6377,#6382);
#6377 = CYLINDRICAL_SURFACE('',#6378,2.7);
#6378 = AXIS2_PLACEMENT_3D('',#6379,#6380,#6381);
#6379 = CARTESIAN_POINT('',(139.8,33.5,15.2));
#6380 = DIRECTION('',(0.,0.,1.));
#6381 = DIRECTION('',(1.,0.,0.));
#6382 = DEFINITIONAL_REPRESENTATION('',(#6383),#6387);
#6383 = LINE('',#6384,#6385);
#6384 = CARTESIAN_POINT('',(-6.28318530718,-15.2));
#6385 = VECTOR('',#6386,1.);
#6386 = DIRECTION('',(1.,-0.));
#6387 = ( GEOMETRIC_REPRESENTATION_CONTEXT(2) 
PARAMETRIC_REPRESENTATION_CONTEXT() REPRESENTATION_CONTEXT('2D SPACE',''
  ) );
#6388 = FACE_BOUND('',#6389,.F.);
#6389 = EDGE_LOOP('',(#6390));
#6390 = ORIENTED_EDGE('',*,*,#6391,.F.);
#6391 = EDGE_CURVE('',#6392,#6392,#6394,.T.);
#6392 = VERTEX_POINT('',#6393);
#6393 = CARTESIAN_POINT('',(142.5,60.,0.));
#6394 = SURFACE_CURVE('',#6395,(#6400,#6407),.PCURVE_S1.);
#6395 = CIRCLE('',#6396,2.7);
#6396 = AXIS2_PLACEMENT_3D('',#6397,#6398,#6399);
#6397 = CARTESIAN_POINT('',(139.8,60.,0.));
#6398 = DIRECTION('',(0.,0.,1.));
#6399 = DIRECTION('',(1.,0.,0.));
#6400 = PCURVE('',#1651,#6401);
#6401 = DEFINITIONAL_REPRESENTATION('',(#6402),#6406);
#6402 = CIRCLE('',#6403,2.7);
#6403 = AXIS2_PLACEMENT_2D('',#6404,#6405);
#6404 = CARTESIAN_POINT('',(49.781175974116,5.269475265102E-03));
#6405 = DIRECTION('',(1.,0.));
#6406 = ( GEOMETRIC_REPRESENTATION_CONTEXT(2) 
PARAMETRIC_REPRESENTATION_CONTEXT() REPRESENTATION_CONTEXT('2D SPACE',''
  ) );
#6407 = PCURVE('',#6408,#6413);
#6408 = CYLINDRICAL_SURFACE('',#6409,2.7);
#6409 = AXIS2_PLACEMENT_3D('',#6410,#6411,#6412);
#6410 = CARTESIAN_POINT('',(139.8,60.,15.2));
#6411 = DIRECTION('',(0.,0.,1.));
#6412 = DIRECTION('',(1.,0.,0.));
#6413 = DEFINITIONAL_REPRESENTATION('',(#6414),#6418);
#6414 = LINE('',#6415,#6416);
#6415 = CARTESIAN_POINT('',(-6.28318530718,-15.2));
#6416 = VECTOR('',#6417,1.);
#6417 = DIRECTION('',(1.,-0.));
#6418 = ( GEOMETRIC_REPRESENTATION_CONTEXT(2) 
PARAMETRIC_REPRESENTATION_CONTEXT() REPRESENTATION_CONTEXT('2D SPACE',''
  ) );
#6419 = FACE_BOUND('',#6420,.F.);
#6420 = EDGE_LOOP('',(#6421));
#6421 = ORIENTED_EDGE('',*,*,#6422,.F.);
#6422 = EDGE_CURVE('',#6423,#6423,#6425,.T.);
#6423 = VERTEX_POINT('',#6424);
#6424 = CARTESIAN_POINT('',(142.5,86.5,0.));
#6425 = SURFACE_CURVE('',#6426,(#6431,#6438),.PCURVE_S1.);
#6426 = CIRCLE('',#6427,2.7);
#6427 = AXIS2_PLACEMENT_3D('',#6428,#6429,#6430);
#6428 = CARTESIAN_POINT('',(139.8,86.5,0.));
#6429 = DIRECTION('',(0.,0.,1.));
#6430 = DIRECTION('',(1.,0.,0.));
#6431 = PCURVE('',#1651,#6432);
#6432 = DEFINITIONAL_REPRESENTATION('',(#6433),#6437);
#6433 = CIRCLE('',#6434,2.7);
#6434 = AXIS2_PLACEMENT_2D('',#6435,#6436);
#6435 = CARTESIAN_POINT('',(49.781175974116,26.505269475265));
#6436 = DIRECTION('',(1.,0.));
#6437 = ( GEOMETRIC_REPRESENTATION_CONTEXT(2) 
PARAMETRIC_REPRESENTATION_CONTEXT() REPRESENTATION_CONTEXT('2D SPACE',''
  ) );
#6438 = PCURVE('',#6439,#6444);
#6439 = CYLINDRICAL_SURFACE('',#6440,2.7);
#6440 = AXIS2_PLACEMENT_3D('',#6441,#6442,#6443);
#6441 = CARTESIAN_POINT('',(139.8,86.5,15.2));
#6442 = DIRECTION('',(0.,0.,1.));
#6443 = DIRECTION('',(1.,0.,0.));
#6444 = DEFINITIONAL_REPRESENTATION('',(#6445),#6449);
#6445 = LINE('',#6446,#6447);
#6446 = CARTESIAN_POINT('',(-6.28318530718,-15.2));
#6447 = VECTOR('',#6448,1.);
#6448 = DIRECTION('',(1.,-0.));
#6449 = ( GEOMETRIC_REPRESENTATION_CONTEXT(2) 
PARAMETRIC_REPRESENTATION_CONTEXT() REPRESENTATION_CONTEXT('2D SPACE',''
  ) );
#6450 = FACE_BOUND('',#6451,.F.);
#6451 = EDGE_LOOP('',(#6452));
#6452 = ORIENTED_EDGE('',*,*,#6453,.F.);
#6453 = EDGE_CURVE('',#6454,#6454,#6456,.T.);
#6454 = VERTEX_POINT('',#6455);
#6455 = CARTESIAN_POINT('',(159.1,99.75,0.));
#6456 = SURFACE_CURVE('',#6457,(#6462,#6469),.PCURVE_S1.);
#6457 = CIRCLE('',#6458,2.7);
#6458 = AXIS2_PLACEMENT_3D('',#6459,#6460,#6461);
#6459 = CARTESIAN_POINT('',(156.4,99.75,0.));
#6460 = DIRECTION('',(0.,0.,1.));
#6461 = DIRECTION('',(1.,0.,0.));
#6462 = PCURVE('',#1651,#6463);
#6463 = DEFINITIONAL_REPRESENTATION('',(#6464),#6468);
#6464 = CIRCLE('',#6465,2.7);
#6465 = AXIS2_PLACEMENT_2D('',#6466,#6467);
#6466 = CARTESIAN_POINT('',(66.381175974116,39.755269475265));
#6467 = DIRECTION('',(1.,0.));
#6468 = ( GEOMETRIC_REPRESENTATION_CONTEXT(2) 
PARAMETRIC_REPRESENTATION_CONTEXT() REPRESENTATION_CONTEXT('2D SPACE',''
  ) );
#6469 = PCURVE('',#6470,#6475);
#6470 = CYLINDRICAL_SURFACE('',#6471,2.7);
#6471 = AXIS2_PLACEMENT_3D('',#6472,#6473,#6474);
#6472 = CARTESIAN_POINT('',(156.4,99.75,15.2));
#6473 = DIRECTION('',(0.,0.,1.));
#6474 = DIRECTION('',(1.,0.,0.));
#6475 = DEFINITIONAL_REPRESENTATION('',(#6476),#6480);
#6476 = LINE('',#6477,#6478);
#6477 = CARTESIAN_POINT('',(-6.28318530718,-15.2));
#6478 = VECTOR('',#6479,1.);
#6479 = DIRECTION('',(1.,-0.));
#6480 = ( GEOMETRIC_REPRESENTATION_CONTEXT(2) 
PARAMETRIC_REPRESENTATION_CONTEXT() REPRESENTATION_CONTEXT('2D SPACE',''
  ) );
#6481 = FACE_BOUND('',#6482,.F.);
#6482 = EDGE_LOOP('',(#6483));
#6483 = ORIENTED_EDGE('',*,*,#6484,.F.);
#6484 = EDGE_CURVE('',#6485,#6485,#6487,.T.);
#6485 = VERTEX_POINT('',#6486);
#6486 = CARTESIAN_POINT('',(134.5,111.,0.));
#6487 = SURFACE_CURVE('',#6488,(#6493,#6500),.PCURVE_S1.);
#6488 = CIRCLE('',#6489,1.5);
#6489 = AXIS2_PLACEMENT_3D('',#6490,#6491,#6492);
#6490 = CARTESIAN_POINT('',(133.,111.,0.));
#6491 = DIRECTION('',(0.,0.,1.));
#6492 = DIRECTION('',(1.,0.,0.));
#6493 = PCURVE('',#1651,#6494);
#6494 = DEFINITIONAL_REPRESENTATION('',(#6495),#6499);
#6495 = CIRCLE('',#6496,1.5);
#6496 = AXIS2_PLACEMENT_2D('',#6497,#6498);
#6497 = CARTESIAN_POINT('',(42.981175974116,51.005269475265));
#6498 = DIRECTION('',(1.,0.));
#6499 = ( GEOMETRIC_REPRESENTATION_CONTEXT(2) 
PARAMETRIC_REPRESENTATION_CONTEXT() REPRESENTATION_CONTEXT('2D SPACE',''
  ) );
#6500 = PCURVE('',#5116,#6501);
#6501 = DEFINITIONAL_REPRESENTATION('',(#6502),#6506);
#6502 = LINE('',#6503,#6504);
#6503 = CARTESIAN_POINT('',(-6.28318530718,-15.2));
#6504 = VECTOR('',#6505,1.);
#6505 = DIRECTION('',(1.,-0.));
#6506 = ( GEOMETRIC_REPRESENTATION_CONTEXT(2) 
PARAMETRIC_REPRESENTATION_CONTEXT() REPRESENTATION_CONTEXT('2D SPACE',''
  ) );
#6507 = FACE_BOUND('',#6508,.F.);
#6508 = EDGE_LOOP('',(#6509));
#6509 = ORIENTED_EDGE('',*,*,#6510,.F.);
#6510 = EDGE_CURVE('',#6511,#6511,#6513,.T.);
#6511 = VERTEX_POINT('',#6512);
#6512 = CARTESIAN_POINT('',(142.5,113.,0.));
#6513 = SURFACE_CURVE('',#6514,(#6519,#6526),.PCURVE_S1.);
#6514 = CIRCLE('',#6515,2.7);
#6515 = AXIS2_PLACEMENT_3D('',#6516,#6517,#6518);
#6516 = CARTESIAN_POINT('',(139.8,113.,0.));
#6517 = DIRECTION('',(0.,0.,1.));
#6518 = DIRECTION('',(1.,0.,0.));
#6519 = PCURVE('',#1651,#6520);
#6520 = DEFINITIONAL_REPRESENTATION('',(#6521),#6525);
#6521 = CIRCLE('',#6522,2.7);
#6522 = AXIS2_PLACEMENT_2D('',#6523,#6524);
#6523 = CARTESIAN_POINT('',(49.781175974116,53.005269475265));
#6524 = DIRECTION('',(1.,0.));
#6525 = ( GEOMETRIC_REPRESENTATION_CONTEXT(2) 
PARAMETRIC_REPRESENTATION_CONTEXT() REPRESENTATION_CONTEXT('2D SPACE',''
  ) );
#6526 = PCURVE('',#6527,#6532);
#6527 = CYLINDRICAL_SURFACE('',#6528,2.7);
#6528 = AXIS2_PLACEMENT_3D('',#6529,#6530,#6531);
#6529 = CARTESIAN_POINT('',(139.8,113.,15.2));
#6530 = DIRECTION('',(0.,0.,1.));
#6531 = DIRECTION('',(1.,0.,0.));
#6532 = DEFINITIONAL_REPRESENTATION('',(#6533),#6537);
#6533 = LINE('',#6534,#6535);
#6534 = CARTESIAN_POINT('',(-6.28318530718,-15.2));
#6535 = VECTOR('',#6536,1.);
#6536 = DIRECTION('',(1.,-0.));
#6537 = ( GEOMETRIC_REPRESENTATION_CONTEXT(2) 
PARAMETRIC_REPRESENTATION_CONTEXT() REPRESENTATION_CONTEXT('2D SPACE',''
  ) );
#6538 = ADVANCED_FACE('',(#6539),#1984,.T.);
#6539 = FACE_BOUND('',#6540,.T.);
#6540 = EDGE_LOOP('',(#6541,#6542,#6563,#6591,#6617));
#6541 = ORIENTED_EDGE('',*,*,#6153,.F.);
#6542 = ORIENTED_EDGE('',*,*,#6543,.T.);
#6543 = EDGE_CURVE('',#6154,#6544,#6546,.T.);
#6544 = VERTEX_POINT('',#6545);
#6545 = CARTESIAN_POINT('',(128.89315967811,109.,0.4));
#6546 = SURFACE_CURVE('',#6547,(#6551,#6557),.PCURVE_S1.);
#6547 = LINE('',#6548,#6549);
#6548 = CARTESIAN_POINT('',(128.89315967811,109.,4.));
#6549 = VECTOR('',#6550,1.);
#6550 = DIRECTION('',(0.,-0.,1.));
#6551 = PCURVE('',#1984,#6552);
#6552 = DEFINITIONAL_REPRESENTATION('',(#6553),#6556);
#6553 = B_SPLINE_CURVE_WITH_KNOTS('',1,(#6554,#6555),.UNSPECIFIED.,.F.,
  .F.,(2,2),(-4.,-3.6),.PIECEWISE_BEZIER_KNOTS.);
#6554 = CARTESIAN_POINT('',(1.681581,0.));
#6555 = CARTESIAN_POINT('',(1.681581,-0.4));
#6556 = ( GEOMETRIC_REPRESENTATION_CONTEXT(2) 
PARAMETRIC_REPRESENTATION_CONTEXT() REPRESENTATION_CONTEXT('2D SPACE',''
  ) );
#6557 = PCURVE('',#5786,#6558);
#6558 = DEFINITIONAL_REPRESENTATION('',(#6559),#6562);
#6559 = B_SPLINE_CURVE_WITH_KNOTS('',1,(#6560,#6561),.UNSPECIFIED.,.F.,
  .F.,(2,2),(-4.,-3.6),.PIECEWISE_BEZIER_KNOTS.);
#6560 = CARTESIAN_POINT('',(2.106840321881,-8.));
#6561 = CARTESIAN_POINT('',(2.106840321881,-7.6));
#6562 = ( GEOMETRIC_REPRESENTATION_CONTEXT(2) 
PARAMETRIC_REPRESENTATION_CONTEXT() REPRESENTATION_CONTEXT('2D SPACE',''
  ) );
#6563 = ORIENTED_EDGE('',*,*,#6564,.T.);
#6564 = EDGE_CURVE('',#6544,#6565,#6567,.T.);
#6565 = VERTEX_POINT('',#6566);
#6566 = CARTESIAN_POINT('',(128.89315967811,115.633964,0.4));
#6567 = SURFACE_CURVE('',#6568,(#6572,#6579),.PCURVE_S1.);
#6568 = LINE('',#6569,#6570);
#6569 = CARTESIAN_POINT('',(128.89315967811,107.318419,0.4));
#6570 = VECTOR('',#6571,1.);
#6571 = DIRECTION('',(1.224646799147E-16,1.,0.));
#6572 = PCURVE('',#1984,#6573);
#6573 = DEFINITIONAL_REPRESENTATION('',(#6574),#6578);
#6574 = LINE('',#6575,#6576);
#6575 = CARTESIAN_POINT('',(0.,-0.4));
#6576 = VECTOR('',#6577,1.);
#6577 = DIRECTION('',(1.,0.));
#6578 = ( GEOMETRIC_REPRESENTATION_CONTEXT(2) 
PARAMETRIC_REPRESENTATION_CONTEXT() REPRESENTATION_CONTEXT('2D SPACE',''
  ) );
#6579 = PCURVE('',#6580,#6585);
#6580 = PLANE('',#6581);
#6581 = AXIS2_PLACEMENT_3D('',#6582,#6583,#6584);
#6582 = CARTESIAN_POINT('',(124.89315967811,115.1013895,0.4));
#6583 = DIRECTION('',(0.,0.,1.));
#6584 = DIRECTION('',(-1.,1.224646799147E-16,0.));
#6585 = DEFINITIONAL_REPRESENTATION('',(#6586),#6590);
#6586 = LINE('',#6587,#6588);
#6587 = CARTESIAN_POINT('',(-4.,7.7829705));
#6588 = VECTOR('',#6589,1.);
#6589 = DIRECTION('',(0.,-1.));
#6590 = ( GEOMETRIC_REPRESENTATION_CONTEXT(2) 
PARAMETRIC_REPRESENTATION_CONTEXT() REPRESENTATION_CONTEXT('2D SPACE',''
  ) );
#6591 = ORIENTED_EDGE('',*,*,#6592,.T.);
#6592 = EDGE_CURVE('',#6565,#1946,#6593,.T.);
#6593 = SURFACE_CURVE('',#6594,(#6598,#6605),.PCURVE_S1.);
#6594 = LINE('',#6595,#6596);
#6595 = CARTESIAN_POINT('',(128.89315967811,107.318419,0.4));
#6596 = VECTOR('',#6597,1.);
#6597 = DIRECTION('',(1.224646799147E-16,1.,0.));
#6598 = PCURVE('',#1984,#6599);
#6599 = DEFINITIONAL_REPRESENTATION('',(#6600),#6604);
#6600 = LINE('',#6601,#6602);
#6601 = CARTESIAN_POINT('',(0.,-0.4));
#6602 = VECTOR('',#6603,1.);
#6603 = DIRECTION('',(1.,0.));
#6604 = ( GEOMETRIC_REPRESENTATION_CONTEXT(2) 
PARAMETRIC_REPRESENTATION_CONTEXT() REPRESENTATION_CONTEXT('2D SPACE',''
  ) );
#6605 = PCURVE('',#6606,#6611);
#6606 = PLANE('',#6607);
#6607 = AXIS2_PLACEMENT_3D('',#6608,#6609,#6610);
#6608 = CARTESIAN_POINT('',(124.8933185,119.2591415,0.4));
#6609 = DIRECTION('',(0.,0.,1.));
#6610 = DIRECTION('',(-1.,1.224646799147E-16,0.));
#6611 = DEFINITIONAL_REPRESENTATION('',(#6612),#6616);
#6612 = LINE('',#6613,#6614);
#6613 = CARTESIAN_POINT('',(-3.999841178119,11.9407225));
#6614 = VECTOR('',#6615,1.);
#6615 = DIRECTION('',(0.,-1.));
#6616 = ( GEOMETRIC_REPRESENTATION_CONTEXT(2) 
PARAMETRIC_REPRESENTATION_CONTEXT() REPRESENTATION_CONTEXT('2D SPACE',''
  ) );
#6617 = ORIENTED_EDGE('',*,*,#1971,.T.);
#6618 = ADVANCED_FACE('',(#6619),#1960,.T.);
#6619 = FACE_BOUND('',#6620,.T.);
#6620 = EDGE_LOOP('',(#6621,#6644,#6672,#6693));
#6621 = ORIENTED_EDGE('',*,*,#6622,.F.);
#6622 = EDGE_CURVE('',#6623,#1946,#6625,.T.);
#6623 = VERTEX_POINT('',#6624);
#6624 = CARTESIAN_POINT('',(128.893265,115.633964,0.4));
#6625 = SURFACE_CURVE('',#6626,(#6630,#6637),.PCURVE_S1.);
#6626 = LINE('',#6627,#6628);
#6627 = CARTESIAN_POINT('',(128.893265,115.633964,0.4));
#6628 = VECTOR('',#6629,1.);
#6629 = DIRECTION('',(1.224646799147E-16,1.,0.));
#6630 = PCURVE('',#1960,#6631);
#6631 = DEFINITIONAL_REPRESENTATION('',(#6632),#6636);
#6632 = LINE('',#6633,#6634);
#6633 = CARTESIAN_POINT('',(0.,0.));
#6634 = VECTOR('',#6635,1.);
#6635 = DIRECTION('',(1.,0.));
#6636 = ( GEOMETRIC_REPRESENTATION_CONTEXT(2) 
PARAMETRIC_REPRESENTATION_CONTEXT() REPRESENTATION_CONTEXT('2D SPACE',''
  ) );
#6637 = PCURVE('',#6606,#6638);
#6638 = DEFINITIONAL_REPRESENTATION('',(#6639),#6643);
#6639 = LINE('',#6640,#6641);
#6640 = CARTESIAN_POINT('',(-3.9999465,3.6251775));
#6641 = VECTOR('',#6642,1.);
#6642 = DIRECTION('',(0.,-1.));
#6643 = ( GEOMETRIC_REPRESENTATION_CONTEXT(2) 
PARAMETRIC_REPRESENTATION_CONTEXT() REPRESENTATION_CONTEXT('2D SPACE',''
  ) );
#6644 = ORIENTED_EDGE('',*,*,#6645,.T.);
#6645 = EDGE_CURVE('',#6623,#6646,#6648,.T.);
#6646 = VERTEX_POINT('',#6647);
#6647 = CARTESIAN_POINT('',(128.893265,115.633964,2.4));
#6648 = SURFACE_CURVE('',#6649,(#6653,#6660),.PCURVE_S1.);
#6649 = LINE('',#6650,#6651);
#6650 = CARTESIAN_POINT('',(128.893265,115.633964,0.4));
#6651 = VECTOR('',#6652,1.);
#6652 = DIRECTION('',(0.,0.,1.));
#6653 = PCURVE('',#1960,#6654);
#6654 = DEFINITIONAL_REPRESENTATION('',(#6655),#6659);
#6655 = LINE('',#6656,#6657);
#6656 = CARTESIAN_POINT('',(0.,0.));
#6657 = VECTOR('',#6658,1.);
#6658 = DIRECTION('',(0.,-1.));
#6659 = ( GEOMETRIC_REPRESENTATION_CONTEXT(2) 
PARAMETRIC_REPRESENTATION_CONTEXT() REPRESENTATION_CONTEXT('2D SPACE',''
  ) );
#6660 = PCURVE('',#6661,#6666);
#6661 = PLANE('',#6662);
#6662 = AXIS2_PLACEMENT_3D('',#6663,#6664,#6665);
#6663 = CARTESIAN_POINT('',(120.893372,115.633964,0.4));
#6664 = DIRECTION('',(1.224646799147E-16,1.,0.));
#6665 = DIRECTION('',(1.,-1.224646799147E-16,0.));
#6666 = DEFINITIONAL_REPRESENTATION('',(#6667),#6671);
#6667 = LINE('',#6668,#6669);
#6668 = CARTESIAN_POINT('',(7.999893,0.));
#6669 = VECTOR('',#6670,1.);
#6670 = DIRECTION('',(0.,-1.));
#6671 = ( GEOMETRIC_REPRESENTATION_CONTEXT(2) 
PARAMETRIC_REPRESENTATION_CONTEXT() REPRESENTATION_CONTEXT('2D SPACE',''
  ) );
#6672 = ORIENTED_EDGE('',*,*,#6673,.T.);
#6673 = EDGE_CURVE('',#6646,#1920,#6674,.T.);
#6674 = SURFACE_CURVE('',#6675,(#6679,#6686),.PCURVE_S1.);
#6675 = LINE('',#6676,#6677);
#6676 = CARTESIAN_POINT('',(128.893265,115.633964,2.4));
#6677 = VECTOR('',#6678,1.);
#6678 = DIRECTION('',(1.224646799147E-16,1.,0.));
#6679 = PCURVE('',#1960,#6680);
#6680 = DEFINITIONAL_REPRESENTATION('',(#6681),#6685);
#6681 = LINE('',#6682,#6683);
#6682 = CARTESIAN_POINT('',(0.,-2.));
#6683 = VECTOR('',#6684,1.);
#6684 = DIRECTION('',(1.,0.));
#6685 = ( GEOMETRIC_REPRESENTATION_CONTEXT(2) 
PARAMETRIC_REPRESENTATION_CONTEXT() REPRESENTATION_CONTEXT('2D SPACE',''
  ) );
#6686 = PCURVE('',#1934,#6687);
#6687 = DEFINITIONAL_REPRESENTATION('',(#6688),#6692);
#6688 = LINE('',#6689,#6690);
#6689 = CARTESIAN_POINT('',(-3.9999465,3.6251775));
#6690 = VECTOR('',#6691,1.);
#6691 = DIRECTION('',(0.,-1.));
#6692 = ( GEOMETRIC_REPRESENTATION_CONTEXT(2) 
PARAMETRIC_REPRESENTATION_CONTEXT() REPRESENTATION_CONTEXT('2D SPACE',''
  ) );
#6693 = ORIENTED_EDGE('',*,*,#1945,.T.);
#6694 = ADVANCED_FACE('',(#6695),#1934,.F.);
#6695 = FACE_BOUND('',#6696,.F.);
#6696 = EDGE_LOOP('',(#6697,#6720,#6721,#6722));
#6697 = ORIENTED_EDGE('',*,*,#6698,.T.);
#6698 = EDGE_CURVE('',#6699,#6646,#6701,.T.);
#6699 = VERTEX_POINT('',#6700);
#6700 = CARTESIAN_POINT('',(120.893372,115.633964,2.4));
#6701 = SURFACE_CURVE('',#6702,(#6706,#6713),.PCURVE_S1.);
#6702 = LINE('',#6703,#6704);
#6703 = CARTESIAN_POINT('',(120.893372,115.633964,2.4));
#6704 = VECTOR('',#6705,1.);
#6705 = DIRECTION('',(1.,-1.224646799147E-16,0.));
#6706 = PCURVE('',#1934,#6707);
#6707 = DEFINITIONAL_REPRESENTATION('',(#6708),#6712);
#6708 = LINE('',#6709,#6710);
#6709 = CARTESIAN_POINT('',(3.9999465,3.6251775));
#6710 = VECTOR('',#6711,1.);
#6711 = DIRECTION('',(-1.,0.));
#6712 = ( GEOMETRIC_REPRESENTATION_CONTEXT(2) 
PARAMETRIC_REPRESENTATION_CONTEXT() REPRESENTATION_CONTEXT('2D SPACE',''
  ) );
#6713 = PCURVE('',#6661,#6714);
#6714 = DEFINITIONAL_REPRESENTATION('',(#6715),#6719);
#6715 = LINE('',#6716,#6717);
#6716 = CARTESIAN_POINT('',(0.,-2.));
#6717 = VECTOR('',#6718,1.);
#6718 = DIRECTION('',(1.,0.));
#6719 = ( GEOMETRIC_REPRESENTATION_CONTEXT(2) 
PARAMETRIC_REPRESENTATION_CONTEXT() REPRESENTATION_CONTEXT('2D SPACE',''
  ) );
#6720 = ORIENTED_EDGE('',*,*,#6673,.T.);
#6721 = ORIENTED_EDGE('',*,*,#1919,.T.);
#6722 = ORIENTED_EDGE('',*,*,#6723,.T.);
#6723 = EDGE_CURVE('',#1894,#6699,#6724,.T.);
#6724 = SURFACE_CURVE('',#6725,(#6729,#6736),.PCURVE_S1.);
#6725 = LINE('',#6726,#6727);
#6726 = CARTESIAN_POINT('',(120.893372,122.884319,2.4));
#6727 = VECTOR('',#6728,1.);
#6728 = DIRECTION('',(-1.224646799147E-16,-1.,0.));
#6729 = PCURVE('',#1934,#6730);
#6730 = DEFINITIONAL_REPRESENTATION('',(#6731),#6735);
#6731 = LINE('',#6732,#6733);
#6732 = CARTESIAN_POINT('',(3.9999465,-3.6251775));
#6733 = VECTOR('',#6734,1.);
#6734 = DIRECTION('',(0.,1.));
#6735 = ( GEOMETRIC_REPRESENTATION_CONTEXT(2) 
PARAMETRIC_REPRESENTATION_CONTEXT() REPRESENTATION_CONTEXT('2D SPACE',''
  ) );
#6736 = PCURVE('',#1908,#6737);
#6737 = DEFINITIONAL_REPRESENTATION('',(#6738),#6742);
#6738 = LINE('',#6739,#6740);
#6739 = CARTESIAN_POINT('',(0.,-2.));
#6740 = VECTOR('',#6741,1.);
#6741 = DIRECTION('',(1.,0.));
#6742 = ( GEOMETRIC_REPRESENTATION_CONTEXT(2) 
PARAMETRIC_REPRESENTATION_CONTEXT() REPRESENTATION_CONTEXT('2D SPACE',''
  ) );
#6743 = ADVANCED_FACE('',(#6744),#1908,.T.);
#6744 = FACE_BOUND('',#6745,.T.);
#6745 = EDGE_LOOP('',(#6746,#6769,#6770,#6771));
#6746 = ORIENTED_EDGE('',*,*,#6747,.F.);
#6747 = EDGE_CURVE('',#1868,#6748,#6750,.T.);
#6748 = VERTEX_POINT('',#6749);
#6749 = CARTESIAN_POINT('',(120.893372,115.633964,0.4));
#6750 = SURFACE_CURVE('',#6751,(#6755,#6762),.PCURVE_S1.);
#6751 = LINE('',#6752,#6753);
#6752 = CARTESIAN_POINT('',(120.893372,122.884319,0.4));
#6753 = VECTOR('',#6754,1.);
#6754 = DIRECTION('',(-1.224646799147E-16,-1.,0.));
#6755 = PCURVE('',#1908,#6756);
#6756 = DEFINITIONAL_REPRESENTATION('',(#6757),#6761);
#6757 = LINE('',#6758,#6759);
#6758 = CARTESIAN_POINT('',(0.,0.));
#6759 = VECTOR('',#6760,1.);
#6760 = DIRECTION('',(1.,0.));
#6761 = ( GEOMETRIC_REPRESENTATION_CONTEXT(2) 
PARAMETRIC_REPRESENTATION_CONTEXT() REPRESENTATION_CONTEXT('2D SPACE',''
  ) );
#6762 = PCURVE('',#6580,#6763);
#6763 = DEFINITIONAL_REPRESENTATION('',(#6764),#6768);
#6764 = LINE('',#6765,#6766);
#6765 = CARTESIAN_POINT('',(3.999787678119,-7.7829295));
#6766 = VECTOR('',#6767,1.);
#6767 = DIRECTION('',(0.,1.));
#6768 = ( GEOMETRIC_REPRESENTATION_CONTEXT(2) 
PARAMETRIC_REPRESENTATION_CONTEXT() REPRESENTATION_CONTEXT('2D SPACE',''
  ) );
#6769 = ORIENTED_EDGE('',*,*,#1893,.T.);
#6770 = ORIENTED_EDGE('',*,*,#6723,.T.);
#6771 = ORIENTED_EDGE('',*,*,#6772,.F.);
#6772 = EDGE_CURVE('',#6748,#6699,#6773,.T.);
#6773 = SURFACE_CURVE('',#6774,(#6778,#6785),.PCURVE_S1.);
#6774 = LINE('',#6775,#6776);
#6775 = CARTESIAN_POINT('',(120.893372,115.633964,0.4));
#6776 = VECTOR('',#6777,1.);
#6777 = DIRECTION('',(0.,0.,1.));
#6778 = PCURVE('',#1908,#6779);
#6779 = DEFINITIONAL_REPRESENTATION('',(#6780),#6784);
#6780 = LINE('',#6781,#6782);
#6781 = CARTESIAN_POINT('',(7.250355,0.));
#6782 = VECTOR('',#6783,1.);
#6783 = DIRECTION('',(0.,-1.));
#6784 = ( GEOMETRIC_REPRESENTATION_CONTEXT(2) 
PARAMETRIC_REPRESENTATION_CONTEXT() REPRESENTATION_CONTEXT('2D SPACE',''
  ) );
#6785 = PCURVE('',#6661,#6786);
#6786 = DEFINITIONAL_REPRESENTATION('',(#6787),#6791);
#6787 = LINE('',#6788,#6789);
#6788 = CARTESIAN_POINT('',(0.,-0.));
#6789 = VECTOR('',#6790,1.);
#6790 = DIRECTION('',(0.,-1.));
#6791 = ( GEOMETRIC_REPRESENTATION_CONTEXT(2) 
PARAMETRIC_REPRESENTATION_CONTEXT() REPRESENTATION_CONTEXT('2D SPACE',''
  ) );
#6792 = ADVANCED_FACE('',(#6793),#1882,.T.);
#6793 = FACE_BOUND('',#6794,.T.);
#6794 = EDGE_LOOP('',(#6795,#6818,#6819,#6842));
#6795 = ORIENTED_EDGE('',*,*,#6796,.F.);
#6796 = EDGE_CURVE('',#1840,#6797,#6799,.T.);
#6797 = VERTEX_POINT('',#6798);
#6798 = CARTESIAN_POINT('',(120.89315967811,109.,0.));
#6799 = SURFACE_CURVE('',#6800,(#6804,#6811),.PCURVE_S1.);
#6800 = LINE('',#6801,#6802);
#6801 = CARTESIAN_POINT('',(120.89315967811,122.88436,0.));
#6802 = VECTOR('',#6803,1.);
#6803 = DIRECTION('',(-1.224646799147E-16,-1.,0.));
#6804 = PCURVE('',#1882,#6805);
#6805 = DEFINITIONAL_REPRESENTATION('',(#6806),#6810);
#6806 = LINE('',#6807,#6808);
#6807 = CARTESIAN_POINT('',(0.,0.));
#6808 = VECTOR('',#6809,1.);
#6809 = DIRECTION('',(1.,0.));
#6810 = ( GEOMETRIC_REPRESENTATION_CONTEXT(2) 
PARAMETRIC_REPRESENTATION_CONTEXT() REPRESENTATION_CONTEXT('2D SPACE',''
  ) );
#6811 = PCURVE('',#1855,#6812);
#6812 = DEFINITIONAL_REPRESENTATION('',(#6813),#6817);
#6813 = LINE('',#6814,#6815);
#6814 = CARTESIAN_POINT('',(30.874335652235,62.889629475265));
#6815 = VECTOR('',#6816,1.);
#6816 = DIRECTION('',(-1.224646799147E-16,-1.));
#6817 = ( GEOMETRIC_REPRESENTATION_CONTEXT(2) 
PARAMETRIC_REPRESENTATION_CONTEXT() REPRESENTATION_CONTEXT('2D SPACE',''
  ) );
#6818 = ORIENTED_EDGE('',*,*,#1867,.T.);
#6819 = ORIENTED_EDGE('',*,*,#6820,.T.);
#6820 = EDGE_CURVE('',#1868,#6821,#6823,.T.);
#6821 = VERTEX_POINT('',#6822);
#6822 = CARTESIAN_POINT('',(120.89315967811,109.,0.4));
#6823 = SURFACE_CURVE('',#6824,(#6828,#6835),.PCURVE_S1.);
#6824 = LINE('',#6825,#6826);
#6825 = CARTESIAN_POINT('',(120.89315967811,122.88436,0.4));
#6826 = VECTOR('',#6827,1.);
#6827 = DIRECTION('',(-1.224646799147E-16,-1.,0.));
#6828 = PCURVE('',#1882,#6829);
#6829 = DEFINITIONAL_REPRESENTATION('',(#6830),#6834);
#6830 = LINE('',#6831,#6832);
#6831 = CARTESIAN_POINT('',(0.,-0.4));
#6832 = VECTOR('',#6833,1.);
#6833 = DIRECTION('',(1.,0.));
#6834 = ( GEOMETRIC_REPRESENTATION_CONTEXT(2) 
PARAMETRIC_REPRESENTATION_CONTEXT() REPRESENTATION_CONTEXT('2D SPACE',''
  ) );
#6835 = PCURVE('',#6580,#6836);
#6836 = DEFINITIONAL_REPRESENTATION('',(#6837),#6841);
#6837 = LINE('',#6838,#6839);
#6838 = CARTESIAN_POINT('',(4.,-7.7829705));
#6839 = VECTOR('',#6840,1.);
#6840 = DIRECTION('',(0.,1.));
#6841 = ( GEOMETRIC_REPRESENTATION_CONTEXT(2) 
PARAMETRIC_REPRESENTATION_CONTEXT() REPRESENTATION_CONTEXT('2D SPACE',''
  ) );
#6842 = ORIENTED_EDGE('',*,*,#6843,.T.);
#6843 = EDGE_CURVE('',#6821,#6797,#6844,.T.);
#6844 = SURFACE_CURVE('',#6845,(#6849,#6855),.PCURVE_S1.);
#6845 = LINE('',#6846,#6847);
#6846 = CARTESIAN_POINT('',(120.89315967811,109.,4.));
#6847 = VECTOR('',#6848,1.);
#6848 = DIRECTION('',(0.,0.,-1.));
#6849 = PCURVE('',#1882,#6850);
#6850 = DEFINITIONAL_REPRESENTATION('',(#6851),#6854);
#6851 = B_SPLINE_CURVE_WITH_KNOTS('',1,(#6852,#6853),.UNSPECIFIED.,.F.,
  .F.,(2,2),(3.6,4.),.PIECEWISE_BEZIER_KNOTS.);
#6852 = CARTESIAN_POINT('',(13.88436,-0.4));
#6853 = CARTESIAN_POINT('',(13.88436,0.));
#6854 = ( GEOMETRIC_REPRESENTATION_CONTEXT(2) 
PARAMETRIC_REPRESENTATION_CONTEXT() REPRESENTATION_CONTEXT('2D SPACE',''
  ) );
#6855 = PCURVE('',#5786,#6856);
#6856 = DEFINITIONAL_REPRESENTATION('',(#6857),#6860);
#6857 = B_SPLINE_CURVE_WITH_KNOTS('',1,(#6858,#6859),.UNSPECIFIED.,.F.,
  .F.,(2,2),(3.6,4.),.PIECEWISE_BEZIER_KNOTS.);
#6858 = CARTESIAN_POINT('',(10.106840321881,-7.6));
#6859 = CARTESIAN_POINT('',(10.106840321881,-8.));
#6860 = ( GEOMETRIC_REPRESENTATION_CONTEXT(2) 
PARAMETRIC_REPRESENTATION_CONTEXT() REPRESENTATION_CONTEXT('2D SPACE',''
  ) );
#6861 = ADVANCED_FACE('',(#6862),#1855,.F.);
#6862 = FACE_BOUND('',#6863,.F.);
#6863 = EDGE_LOOP('',(#6864,#6865,#6888,#6909));
#6864 = ORIENTED_EDGE('',*,*,#1839,.T.);
#6865 = ORIENTED_EDGE('',*,*,#6866,.F.);
#6866 = EDGE_CURVE('',#6867,#1814,#6869,.T.);
#6867 = VERTEX_POINT('',#6868);
#6868 = CARTESIAN_POINT('',(42.893159678119,109.,0.));
#6869 = SURFACE_CURVE('',#6870,(#6874,#6881),.PCURVE_S1.);
#6870 = LINE('',#6871,#6872);
#6871 = CARTESIAN_POINT('',(42.893159678119,107.318419,0.));
#6872 = VECTOR('',#6873,1.);
#6873 = DIRECTION('',(1.224646799147E-16,1.,0.));
#6874 = PCURVE('',#1855,#6875);
#6875 = DEFINITIONAL_REPRESENTATION('',(#6876),#6880);
#6876 = LINE('',#6877,#6878);
#6877 = CARTESIAN_POINT('',(-47.12566434776,47.323688475265));
#6878 = VECTOR('',#6879,1.);
#6879 = DIRECTION('',(1.224646799147E-16,1.));
#6880 = ( GEOMETRIC_REPRESENTATION_CONTEXT(2) 
PARAMETRIC_REPRESENTATION_CONTEXT() REPRESENTATION_CONTEXT('2D SPACE',''
  ) );
#6881 = PCURVE('',#1828,#6882);
#6882 = DEFINITIONAL_REPRESENTATION('',(#6883),#6887);
#6883 = LINE('',#6884,#6885);
#6884 = CARTESIAN_POINT('',(0.,0.));
#6885 = VECTOR('',#6886,1.);
#6886 = DIRECTION('',(1.,0.));
#6887 = ( GEOMETRIC_REPRESENTATION_CONTEXT(2) 
PARAMETRIC_REPRESENTATION_CONTEXT() REPRESENTATION_CONTEXT('2D SPACE',''
  ) );
#6888 = ORIENTED_EDGE('',*,*,#6889,.F.);
#6889 = EDGE_CURVE('',#6797,#6867,#6890,.T.);
#6890 = SURFACE_CURVE('',#6891,(#6895,#6902),.PCURVE_S1.);
#6891 = LINE('',#6892,#6893);
#6892 = CARTESIAN_POINT('',(110.50941201294,109.,0.));
#6893 = VECTOR('',#6894,1.);
#6894 = DIRECTION('',(-1.,0.,0.));
#6895 = PCURVE('',#1855,#6896);
#6896 = DEFINITIONAL_REPRESENTATION('',(#6897),#6901);
#6897 = LINE('',#6898,#6899);
#6898 = CARTESIAN_POINT('',(20.490587987058,49.005269475265));
#6899 = VECTOR('',#6900,1.);
#6900 = DIRECTION('',(-1.,0.));
#6901 = ( GEOMETRIC_REPRESENTATION_CONTEXT(2) 
PARAMETRIC_REPRESENTATION_CONTEXT() REPRESENTATION_CONTEXT('2D SPACE',''
  ) );
#6902 = PCURVE('',#5786,#6903);
#6903 = DEFINITIONAL_REPRESENTATION('',(#6904),#6908);
#6904 = LINE('',#6905,#6906);
#6905 = CARTESIAN_POINT('',(20.490587987058,-8.));
#6906 = VECTOR('',#6907,1.);
#6907 = DIRECTION('',(1.,0.));
#6908 = ( GEOMETRIC_REPRESENTATION_CONTEXT(2) 
PARAMETRIC_REPRESENTATION_CONTEXT() REPRESENTATION_CONTEXT('2D SPACE',''
  ) );
#6909 = ORIENTED_EDGE('',*,*,#6796,.F.);
#6910 = ADVANCED_FACE('',(#6911),#1828,.T.);
#6911 = FACE_BOUND('',#6912,.T.);
#6912 = EDGE_LOOP('',(#6913,#6914,#6935,#6963,#6989));
#6913 = ORIENTED_EDGE('',*,*,#6866,.F.);
#6914 = ORIENTED_EDGE('',*,*,#6915,.T.);
#6915 = EDGE_CURVE('',#6867,#6916,#6918,.T.);
#6916 = VERTEX_POINT('',#6917);
#6917 = CARTESIAN_POINT('',(42.893159678119,109.,0.4));
#6918 = SURFACE_CURVE('',#6919,(#6923,#6929),.PCURVE_S1.);
#6919 = LINE('',#6920,#6921);
#6920 = CARTESIAN_POINT('',(42.893159678119,109.,4.));
#6921 = VECTOR('',#6922,1.);
#6922 = DIRECTION('',(0.,-0.,1.));
#6923 = PCURVE('',#1828,#6924);
#6924 = DEFINITIONAL_REPRESENTATION('',(#6925),#6928);
#6925 = B_SPLINE_CURVE_WITH_KNOTS('',1,(#6926,#6927),.UNSPECIFIED.,.F.,
  .F.,(2,2),(-4.,-3.6),.PIECEWISE_BEZIER_KNOTS.);
#6926 = CARTESIAN_POINT('',(1.681581,0.));
#6927 = CARTESIAN_POINT('',(1.681581,-0.4));
#6928 = ( GEOMETRIC_REPRESENTATION_CONTEXT(2) 
PARAMETRIC_REPRESENTATION_CONTEXT() REPRESENTATION_CONTEXT('2D SPACE',''
  ) );
#6929 = PCURVE('',#5786,#6930);
#6930 = DEFINITIONAL_REPRESENTATION('',(#6931),#6934);
#6931 = B_SPLINE_CURVE_WITH_KNOTS('',1,(#6932,#6933),.UNSPECIFIED.,.F.,
  .F.,(2,2),(-4.,-3.6),.PIECEWISE_BEZIER_KNOTS.);
#6932 = CARTESIAN_POINT('',(88.106840321881,-8.));
#6933 = CARTESIAN_POINT('',(88.106840321881,-7.6));
#6934 = ( GEOMETRIC_REPRESENTATION_CONTEXT(2) 
PARAMETRIC_REPRESENTATION_CONTEXT() REPRESENTATION_CONTEXT('2D SPACE',''
  ) );
#6935 = ORIENTED_EDGE('',*,*,#6936,.T.);
#6936 = EDGE_CURVE('',#6916,#6937,#6939,.T.);
#6937 = VERTEX_POINT('',#6938);
#6938 = CARTESIAN_POINT('',(42.893159678119,115.633964,0.4));
#6939 = SURFACE_CURVE('',#6940,(#6944,#6951),.PCURVE_S1.);
#6940 = LINE('',#6941,#6942);
#6941 = CARTESIAN_POINT('',(42.893159678119,107.318419,0.4));
#6942 = VECTOR('',#6943,1.);
#6943 = DIRECTION('',(1.224646799147E-16,1.,0.));
#6944 = PCURVE('',#1828,#6945);
#6945 = DEFINITIONAL_REPRESENTATION('',(#6946),#6950);
#6946 = LINE('',#6947,#6948);
#6947 = CARTESIAN_POINT('',(0.,-0.4));
#6948 = VECTOR('',#6949,1.);
#6949 = DIRECTION('',(1.,0.));
#6950 = ( GEOMETRIC_REPRESENTATION_CONTEXT(2) 
PARAMETRIC_REPRESENTATION_CONTEXT() REPRESENTATION_CONTEXT('2D SPACE',''
  ) );
#6951 = PCURVE('',#6952,#6957);
#6952 = PLANE('',#6953);
#6953 = AXIS2_PLACEMENT_3D('',#6954,#6955,#6956);
#6954 = CARTESIAN_POINT('',(38.893159678119,115.1013895,0.4));
#6955 = DIRECTION('',(0.,0.,1.));
#6956 = DIRECTION('',(-1.,1.224646799147E-16,0.));
#6957 = DEFINITIONAL_REPRESENTATION('',(#6958),#6962);
#6958 = LINE('',#6959,#6960);
#6959 = CARTESIAN_POINT('',(-4.,7.7829705));
#6960 = VECTOR('',#6961,1.);
#6961 = DIRECTION('',(0.,-1.));
#6962 = ( GEOMETRIC_REPRESENTATION_CONTEXT(2) 
PARAMETRIC_REPRESENTATION_CONTEXT() REPRESENTATION_CONTEXT('2D SPACE',''
  ) );
#6963 = ORIENTED_EDGE('',*,*,#6964,.T.);
#6964 = EDGE_CURVE('',#6937,#1788,#6965,.T.);
#6965 = SURFACE_CURVE('',#6966,(#6970,#6977),.PCURVE_S1.);
#6966 = LINE('',#6967,#6968);
#6967 = CARTESIAN_POINT('',(42.893159678119,107.318419,0.4));
#6968 = VECTOR('',#6969,1.);
#6969 = DIRECTION('',(1.224646799147E-16,1.,0.));
#6970 = PCURVE('',#1828,#6971);
#6971 = DEFINITIONAL_REPRESENTATION('',(#6972),#6976);
#6972 = LINE('',#6973,#6974);
#6973 = CARTESIAN_POINT('',(0.,-0.4));
#6974 = VECTOR('',#6975,1.);
#6975 = DIRECTION('',(1.,0.));
#6976 = ( GEOMETRIC_REPRESENTATION_CONTEXT(2) 
PARAMETRIC_REPRESENTATION_CONTEXT() REPRESENTATION_CONTEXT('2D SPACE',''
  ) );
#6977 = PCURVE('',#6978,#6983);
#6978 = PLANE('',#6979);
#6979 = AXIS2_PLACEMENT_3D('',#6980,#6981,#6982);
#6980 = CARTESIAN_POINT('',(38.8933185,119.2591415,0.4));
#6981 = DIRECTION('',(0.,0.,1.));
#6982 = DIRECTION('',(-1.,1.224646799147E-16,0.));
#6983 = DEFINITIONAL_REPRESENTATION('',(#6984),#6988);
#6984 = LINE('',#6985,#6986);
#6985 = CARTESIAN_POINT('',(-3.999841178119,11.9407225));
#6986 = VECTOR('',#6987,1.);
#6987 = DIRECTION('',(0.,-1.));
#6988 = ( GEOMETRIC_REPRESENTATION_CONTEXT(2) 
PARAMETRIC_REPRESENTATION_CONTEXT() REPRESENTATION_CONTEXT('2D SPACE',''
  ) );
#6989 = ORIENTED_EDGE('',*,*,#1813,.T.);
#6990 = ADVANCED_FACE('',(#6991),#1802,.T.);
#6991 = FACE_BOUND('',#6992,.T.);
#6992 = EDGE_LOOP('',(#6993,#7016,#7044,#7065));
#6993 = ORIENTED_EDGE('',*,*,#6994,.F.);
#6994 = EDGE_CURVE('',#6995,#1788,#6997,.T.);
#6995 = VERTEX_POINT('',#6996);
#6996 = CARTESIAN_POINT('',(42.893265,115.633964,0.4));
#6997 = SURFACE_CURVE('',#6998,(#7002,#7009),.PCURVE_S1.);
#6998 = LINE('',#6999,#7000);
#6999 = CARTESIAN_POINT('',(42.893265,115.633964,0.4));
#7000 = VECTOR('',#7001,1.);
#7001 = DIRECTION('',(1.224646799147E-16,1.,0.));
#7002 = PCURVE('',#1802,#7003);
#7003 = DEFINITIONAL_REPRESENTATION('',(#7004),#7008);
#7004 = LINE('',#7005,#7006);
#7005 = CARTESIAN_POINT('',(0.,0.));
#7006 = VECTOR('',#7007,1.);
#7007 = DIRECTION('',(1.,0.));
#7008 = ( GEOMETRIC_REPRESENTATION_CONTEXT(2) 
PARAMETRIC_REPRESENTATION_CONTEXT() REPRESENTATION_CONTEXT('2D SPACE',''
  ) );
#7009 = PCURVE('',#6978,#7010);
#7010 = DEFINITIONAL_REPRESENTATION('',(#7011),#7015);
#7011 = LINE('',#7012,#7013);
#7012 = CARTESIAN_POINT('',(-3.9999465,3.6251775));
#7013 = VECTOR('',#7014,1.);
#7014 = DIRECTION('',(0.,-1.));
#7015 = ( GEOMETRIC_REPRESENTATION_CONTEXT(2) 
PARAMETRIC_REPRESENTATION_CONTEXT() REPRESENTATION_CONTEXT('2D SPACE',''
  ) );
#7016 = ORIENTED_EDGE('',*,*,#7017,.T.);
#7017 = EDGE_CURVE('',#6995,#7018,#7020,.T.);
#7018 = VERTEX_POINT('',#7019);
#7019 = CARTESIAN_POINT('',(42.893265,115.633964,2.4));
#7020 = SURFACE_CURVE('',#7021,(#7025,#7032),.PCURVE_S1.);
#7021 = LINE('',#7022,#7023);
#7022 = CARTESIAN_POINT('',(42.893265,115.633964,0.4));
#7023 = VECTOR('',#7024,1.);
#7024 = DIRECTION('',(0.,0.,1.));
#7025 = PCURVE('',#1802,#7026);
#7026 = DEFINITIONAL_REPRESENTATION('',(#7027),#7031);
#7027 = LINE('',#7028,#7029);
#7028 = CARTESIAN_POINT('',(0.,0.));
#7029 = VECTOR('',#7030,1.);
#7030 = DIRECTION('',(0.,-1.));
#7031 = ( GEOMETRIC_REPRESENTATION_CONTEXT(2) 
PARAMETRIC_REPRESENTATION_CONTEXT() REPRESENTATION_CONTEXT('2D SPACE',''
  ) );
#7032 = PCURVE('',#7033,#7038);
#7033 = PLANE('',#7034);
#7034 = AXIS2_PLACEMENT_3D('',#7035,#7036,#7037);
#7035 = CARTESIAN_POINT('',(34.893372,115.633964,0.4));
#7036 = DIRECTION('',(1.224646799147E-16,1.,0.));
#7037 = DIRECTION('',(1.,-1.224646799147E-16,0.));
#7038 = DEFINITIONAL_REPRESENTATION('',(#7039),#7043);
#7039 = LINE('',#7040,#7041);
#7040 = CARTESIAN_POINT('',(7.999893,0.));
#7041 = VECTOR('',#7042,1.);
#7042 = DIRECTION('',(0.,-1.));
#7043 = ( GEOMETRIC_REPRESENTATION_CONTEXT(2) 
PARAMETRIC_REPRESENTATION_CONTEXT() REPRESENTATION_CONTEXT('2D SPACE',''
  ) );
#7044 = ORIENTED_EDGE('',*,*,#7045,.T.);
#7045 = EDGE_CURVE('',#7018,#1762,#7046,.T.);
#7046 = SURFACE_CURVE('',#7047,(#7051,#7058),.PCURVE_S1.);
#7047 = LINE('',#7048,#7049);
#7048 = CARTESIAN_POINT('',(42.893265,115.633964,2.4));
#7049 = VECTOR('',#7050,1.);
#7050 = DIRECTION('',(1.224646799147E-16,1.,0.));
#7051 = PCURVE('',#1802,#7052);
#7052 = DEFINITIONAL_REPRESENTATION('',(#7053),#7057);
#7053 = LINE('',#7054,#7055);
#7054 = CARTESIAN_POINT('',(0.,-2.));
#7055 = VECTOR('',#7056,1.);
#7056 = DIRECTION('',(1.,0.));
#7057 = ( GEOMETRIC_REPRESENTATION_CONTEXT(2) 
PARAMETRIC_REPRESENTATION_CONTEXT() REPRESENTATION_CONTEXT('2D SPACE',''
  ) );
#7058 = PCURVE('',#1776,#7059);
#7059 = DEFINITIONAL_REPRESENTATION('',(#7060),#7064);
#7060 = LINE('',#7061,#7062);
#7061 = CARTESIAN_POINT('',(-3.9999465,3.6251775));
#7062 = VECTOR('',#7063,1.);
#7063 = DIRECTION('',(0.,-1.));
#7064 = ( GEOMETRIC_REPRESENTATION_CONTEXT(2) 
PARAMETRIC_REPRESENTATION_CONTEXT() REPRESENTATION_CONTEXT('2D SPACE',''
  ) );
#7065 = ORIENTED_EDGE('',*,*,#1787,.T.);
#7066 = ADVANCED_FACE('',(#7067),#1776,.F.);
#7067 = FACE_BOUND('',#7068,.F.);
#7068 = EDGE_LOOP('',(#7069,#7092,#7093,#7094));
#7069 = ORIENTED_EDGE('',*,*,#7070,.T.);
#7070 = EDGE_CURVE('',#7071,#7018,#7073,.T.);
#7071 = VERTEX_POINT('',#7072);
#7072 = CARTESIAN_POINT('',(34.893372,115.633964,2.4));
#7073 = SURFACE_CURVE('',#7074,(#7078,#7085),.PCURVE_S1.);
#7074 = LINE('',#7075,#7076);
#7075 = CARTESIAN_POINT('',(34.893372,115.633964,2.4));
#7076 = VECTOR('',#7077,1.);
#7077 = DIRECTION('',(1.,-1.224646799147E-16,0.));
#7078 = PCURVE('',#1776,#7079);
#7079 = DEFINITIONAL_REPRESENTATION('',(#7080),#7084);
#7080 = LINE('',#7081,#7082);
#7081 = CARTESIAN_POINT('',(3.9999465,3.6251775));
#7082 = VECTOR('',#7083,1.);
#7083 = DIRECTION('',(-1.,0.));
#7084 = ( GEOMETRIC_REPRESENTATION_CONTEXT(2) 
PARAMETRIC_REPRESENTATION_CONTEXT() REPRESENTATION_CONTEXT('2D SPACE',''
  ) );
#7085 = PCURVE('',#7033,#7086);
#7086 = DEFINITIONAL_REPRESENTATION('',(#7087),#7091);
#7087 = LINE('',#7088,#7089);
#7088 = CARTESIAN_POINT('',(0.,-2.));
#7089 = VECTOR('',#7090,1.);
#7090 = DIRECTION('',(1.,0.));
#7091 = ( GEOMETRIC_REPRESENTATION_CONTEXT(2) 
PARAMETRIC_REPRESENTATION_CONTEXT() REPRESENTATION_CONTEXT('2D SPACE',''
  ) );
#7092 = ORIENTED_EDGE('',*,*,#7045,.T.);
#7093 = ORIENTED_EDGE('',*,*,#1761,.T.);
#7094 = ORIENTED_EDGE('',*,*,#7095,.T.);
#7095 = EDGE_CURVE('',#1736,#7071,#7096,.T.);
#7096 = SURFACE_CURVE('',#7097,(#7101,#7108),.PCURVE_S1.);
#7097 = LINE('',#7098,#7099);
#7098 = CARTESIAN_POINT('',(34.893372,122.884319,2.4));
#7099 = VECTOR('',#7100,1.);
#7100 = DIRECTION('',(-1.224646799147E-16,-1.,0.));
#7101 = PCURVE('',#1776,#7102);
#7102 = DEFINITIONAL_REPRESENTATION('',(#7103),#7107);
#7103 = LINE('',#7104,#7105);
#7104 = CARTESIAN_POINT('',(3.9999465,-3.6251775));
#7105 = VECTOR('',#7106,1.);
#7106 = DIRECTION('',(0.,1.));
#7107 = ( GEOMETRIC_REPRESENTATION_CONTEXT(2) 
PARAMETRIC_REPRESENTATION_CONTEXT() REPRESENTATION_CONTEXT('2D SPACE',''
  ) );
#7108 = PCURVE('',#1750,#7109);
#7109 = DEFINITIONAL_REPRESENTATION('',(#7110),#7114);
#7110 = LINE('',#7111,#7112);
#7111 = CARTESIAN_POINT('',(0.,-2.));
#7112 = VECTOR('',#7113,1.);
#7113 = DIRECTION('',(1.,0.));
#7114 = ( GEOMETRIC_REPRESENTATION_CONTEXT(2) 
PARAMETRIC_REPRESENTATION_CONTEXT() REPRESENTATION_CONTEXT('2D SPACE',''
  ) );
#7115 = ADVANCED_FACE('',(#7116),#1750,.T.);
#7116 = FACE_BOUND('',#7117,.T.);
#7117 = EDGE_LOOP('',(#7118,#7141,#7142,#7143));
#7118 = ORIENTED_EDGE('',*,*,#7119,.F.);
#7119 = EDGE_CURVE('',#1710,#7120,#7122,.T.);
#7120 = VERTEX_POINT('',#7121);
#7121 = CARTESIAN_POINT('',(34.893372,115.633964,0.4));
#7122 = SURFACE_CURVE('',#7123,(#7127,#7134),.PCURVE_S1.);
#7123 = LINE('',#7124,#7125);
#7124 = CARTESIAN_POINT('',(34.893372,122.884319,0.4));
#7125 = VECTOR('',#7126,1.);
#7126 = DIRECTION('',(-1.224646799147E-16,-1.,0.));
#7127 = PCURVE('',#1750,#7128);
#7128 = DEFINITIONAL_REPRESENTATION('',(#7129),#7133);
#7129 = LINE('',#7130,#7131);
#7130 = CARTESIAN_POINT('',(0.,0.));
#7131 = VECTOR('',#7132,1.);
#7132 = DIRECTION('',(1.,0.));
#7133 = ( GEOMETRIC_REPRESENTATION_CONTEXT(2) 
PARAMETRIC_REPRESENTATION_CONTEXT() REPRESENTATION_CONTEXT('2D SPACE',''
  ) );
#7134 = PCURVE('',#6952,#7135);
#7135 = DEFINITIONAL_REPRESENTATION('',(#7136),#7140);
#7136 = LINE('',#7137,#7138);
#7137 = CARTESIAN_POINT('',(3.999787678119,-7.7829295));
#7138 = VECTOR('',#7139,1.);
#7139 = DIRECTION('',(0.,1.));
#7140 = ( GEOMETRIC_REPRESENTATION_CONTEXT(2) 
PARAMETRIC_REPRESENTATION_CONTEXT() REPRESENTATION_CONTEXT('2D SPACE',''
  ) );
#7141 = ORIENTED_EDGE('',*,*,#1735,.T.);
#7142 = ORIENTED_EDGE('',*,*,#7095,.T.);
#7143 = ORIENTED_EDGE('',*,*,#7144,.F.);
#7144 = EDGE_CURVE('',#7120,#7071,#7145,.T.);
#7145 = SURFACE_CURVE('',#7146,(#7150,#7157),.PCURVE_S1.);
#7146 = LINE('',#7147,#7148);
#7147 = CARTESIAN_POINT('',(34.893372,115.633964,0.4));
#7148 = VECTOR('',#7149,1.);
#7149 = DIRECTION('',(0.,0.,1.));
#7150 = PCURVE('',#1750,#7151);
#7151 = DEFINITIONAL_REPRESENTATION('',(#7152),#7156);
#7152 = LINE('',#7153,#7154);
#7153 = CARTESIAN_POINT('',(7.250355,0.));
#7154 = VECTOR('',#7155,1.);
#7155 = DIRECTION('',(0.,-1.));
#7156 = ( GEOMETRIC_REPRESENTATION_CONTEXT(2) 
PARAMETRIC_REPRESENTATION_CONTEXT() REPRESENTATION_CONTEXT('2D SPACE',''
  ) );
#7157 = PCURVE('',#7033,#7158);
#7158 = DEFINITIONAL_REPRESENTATION('',(#7159),#7163);
#7159 = LINE('',#7160,#7161);
#7160 = CARTESIAN_POINT('',(0.,-0.));
#7161 = VECTOR('',#7162,1.);
#7162 = DIRECTION('',(0.,-1.));
#7163 = ( GEOMETRIC_REPRESENTATION_CONTEXT(2) 
PARAMETRIC_REPRESENTATION_CONTEXT() REPRESENTATION_CONTEXT('2D SPACE',''
  ) );
#7164 = ADVANCED_FACE('',(#7165),#1724,.T.);
#7165 = FACE_BOUND('',#7166,.T.);
#7166 = EDGE_LOOP('',(#7167,#7168,#7169,#7192));
#7167 = ORIENTED_EDGE('',*,*,#6013,.F.);
#7168 = ORIENTED_EDGE('',*,*,#1709,.T.);
#7169 = ORIENTED_EDGE('',*,*,#7170,.T.);
#7170 = EDGE_CURVE('',#1710,#7171,#7173,.T.);
#7171 = VERTEX_POINT('',#7172);
#7172 = CARTESIAN_POINT('',(34.893159678119,109.,0.4));
#7173 = SURFACE_CURVE('',#7174,(#7178,#7185),.PCURVE_S1.);
#7174 = LINE('',#7175,#7176);
#7175 = CARTESIAN_POINT('',(34.893159678119,122.88436,0.4));
#7176 = VECTOR('',#7177,1.);
#7177 = DIRECTION('',(-1.224646799147E-16,-1.,0.));
#7178 = PCURVE('',#1724,#7179);
#7179 = DEFINITIONAL_REPRESENTATION('',(#7180),#7184);
#7180 = LINE('',#7181,#7182);
#7181 = CARTESIAN_POINT('',(0.,-0.4));
#7182 = VECTOR('',#7183,1.);
#7183 = DIRECTION('',(1.,0.));
#7184 = ( GEOMETRIC_REPRESENTATION_CONTEXT(2) 
PARAMETRIC_REPRESENTATION_CONTEXT() REPRESENTATION_CONTEXT('2D SPACE',''
  ) );
#7185 = PCURVE('',#6952,#7186);
#7186 = DEFINITIONAL_REPRESENTATION('',(#7187),#7191);
#7187 = LINE('',#7188,#7189);
#7188 = CARTESIAN_POINT('',(4.,-7.7829705));
#7189 = VECTOR('',#7190,1.);
#7190 = DIRECTION('',(0.,1.));
#7191 = ( GEOMETRIC_REPRESENTATION_CONTEXT(2) 
PARAMETRIC_REPRESENTATION_CONTEXT() REPRESENTATION_CONTEXT('2D SPACE',''
  ) );
#7192 = ORIENTED_EDGE('',*,*,#7193,.T.);
#7193 = EDGE_CURVE('',#7171,#5991,#7194,.T.);
#7194 = SURFACE_CURVE('',#7195,(#7199,#7205),.PCURVE_S1.);
#7195 = LINE('',#7196,#7197);
#7196 = CARTESIAN_POINT('',(34.893159678119,109.,4.));
#7197 = VECTOR('',#7198,1.);
#7198 = DIRECTION('',(0.,0.,-1.));
#7199 = PCURVE('',#1724,#7200);
#7200 = DEFINITIONAL_REPRESENTATION('',(#7201),#7204);
#7201 = B_SPLINE_CURVE_WITH_KNOTS('',1,(#7202,#7203),.UNSPECIFIED.,.F.,
  .F.,(2,2),(3.6,4.),.PIECEWISE_BEZIER_KNOTS.);
#7202 = CARTESIAN_POINT('',(13.88436,-0.4));
#7203 = CARTESIAN_POINT('',(13.88436,0.));
#7204 = ( GEOMETRIC_REPRESENTATION_CONTEXT(2) 
PARAMETRIC_REPRESENTATION_CONTEXT() REPRESENTATION_CONTEXT('2D SPACE',''
  ) );
#7205 = PCURVE('',#5786,#7206);
#7206 = DEFINITIONAL_REPRESENTATION('',(#7207),#7210);
#7207 = B_SPLINE_CURVE_WITH_KNOTS('',1,(#7208,#7209),.UNSPECIFIED.,.F.,
  .F.,(2,2),(3.6,4.),.PIECEWISE_BEZIER_KNOTS.);
#7208 = CARTESIAN_POINT('',(96.106840321881,-7.6));
#7209 = CARTESIAN_POINT('',(96.106840321881,-8.));
#7210 = ( GEOMETRIC_REPRESENTATION_CONTEXT(2) 
PARAMETRIC_REPRESENTATION_CONTEXT() REPRESENTATION_CONTEXT('2D SPACE',''
  ) );
#7211 = ADVANCED_FACE('',(#7212),#2062,.T.);
#7212 = FACE_BOUND('',#7213,.T.);
#7213 = EDGE_LOOP('',(#7214,#7215,#7216));
#7214 = ORIENTED_EDGE('',*,*,#2123,.F.);
#7215 = ORIENTED_EDGE('',*,*,#2448,.T.);
#7216 = ORIENTED_EDGE('',*,*,#2045,.F.);
#7217 = ADVANCED_FACE('',(#7218),#2416,.T.);
#7218 = FACE_BOUND('',#7219,.T.);
#7219 = EDGE_LOOP('',(#7220,#7221));
#7220 = ORIENTED_EDGE('',*,*,#2472,.F.);
#7221 = ORIENTED_EDGE('',*,*,#2401,.T.);
#7222 = ADVANCED_FACE('',(#7223),#2349,.T.);
#7223 = FACE_BOUND('',#7224,.T.);
#7224 = EDGE_LOOP('',(#7225,#7226));
#7225 = ORIENTED_EDGE('',*,*,#2504,.F.);
#7226 = ORIENTED_EDGE('',*,*,#2334,.T.);
#7227 = ADVANCED_FACE('',(#7228),#2282,.T.);
#7228 = FACE_BOUND('',#7229,.T.);
#7229 = EDGE_LOOP('',(#7230,#7231));
#7230 = ORIENTED_EDGE('',*,*,#2536,.F.);
#7231 = ORIENTED_EDGE('',*,*,#2267,.T.);
#7232 = ADVANCED_FACE('',(#7233),#2215,.T.);
#7233 = FACE_BOUND('',#7234,.T.);
#7234 = EDGE_LOOP('',(#7235,#7236,#7237));
#7235 = ORIENTED_EDGE('',*,*,#2588,.F.);
#7236 = ORIENTED_EDGE('',*,*,#2666,.F.);
#7237 = ORIENTED_EDGE('',*,*,#2200,.T.);
#7238 = ADVANCED_FACE('',(#7239),#3042,.T.);
#7239 = FACE_BOUND('',#7240,.T.);
#7240 = EDGE_LOOP('',(#7241,#7242,#7263,#7291,#7317));
#7241 = ORIENTED_EDGE('',*,*,#5921,.F.);
#7242 = ORIENTED_EDGE('',*,*,#7243,.T.);
#7243 = EDGE_CURVE('',#5922,#7244,#7246,.T.);
#7244 = VERTEX_POINT('',#7245);
#7245 = CARTESIAN_POINT('',(35.106840321881,11.,0.4));
#7246 = SURFACE_CURVE('',#7247,(#7251,#7257),.PCURVE_S1.);
#7247 = LINE('',#7248,#7249);
#7248 = CARTESIAN_POINT('',(35.106840321881,11.,4.));
#7249 = VECTOR('',#7250,1.);
#7250 = DIRECTION('',(-0.,0.,1.));
#7251 = PCURVE('',#3042,#7252);
#7252 = DEFINITIONAL_REPRESENTATION('',(#7253),#7256);
#7253 = B_SPLINE_CURVE_WITH_KNOTS('',1,(#7254,#7255),.UNSPECIFIED.,.F.,
  .F.,(2,2),(-4.,-3.6),.PIECEWISE_BEZIER_KNOTS.);
#7254 = CARTESIAN_POINT('',(1.681581,0.));
#7255 = CARTESIAN_POINT('',(1.681581,-0.4));
#7256 = ( GEOMETRIC_REPRESENTATION_CONTEXT(2) 
PARAMETRIC_REPRESENTATION_CONTEXT() REPRESENTATION_CONTEXT('2D SPACE',''
  ) );
#7257 = PCURVE('',#4409,#7258);
#7258 = DEFINITIONAL_REPRESENTATION('',(#7259),#7262);
#7259 = B_SPLINE_CURVE_WITH_KNOTS('',1,(#7260,#7261),.UNSPECIFIED.,.F.,
  .F.,(2,2),(-4.,-3.6),.PIECEWISE_BEZIER_KNOTS.);
#7260 = CARTESIAN_POINT('',(2.106840321881,-8.));
#7261 = CARTESIAN_POINT('',(2.106840321881,-7.6));
#7262 = ( GEOMETRIC_REPRESENTATION_CONTEXT(2) 
PARAMETRIC_REPRESENTATION_CONTEXT() REPRESENTATION_CONTEXT('2D SPACE',''
  ) );
#7263 = ORIENTED_EDGE('',*,*,#7264,.T.);
#7264 = EDGE_CURVE('',#7244,#7265,#7267,.T.);
#7265 = VERTEX_POINT('',#7266);
#7266 = CARTESIAN_POINT('',(35.106840321881,4.366036,0.4));
#7267 = SURFACE_CURVE('',#7268,(#7272,#7279),.PCURVE_S1.);
#7268 = LINE('',#7269,#7270);
#7269 = CARTESIAN_POINT('',(35.106840321881,12.681581,0.4));
#7270 = VECTOR('',#7271,1.);
#7271 = DIRECTION('',(0.,-1.,0.));
#7272 = PCURVE('',#3042,#7273);
#7273 = DEFINITIONAL_REPRESENTATION('',(#7274),#7278);
#7274 = LINE('',#7275,#7276);
#7275 = CARTESIAN_POINT('',(0.,-0.4));
#7276 = VECTOR('',#7277,1.);
#7277 = DIRECTION('',(1.,0.));
#7278 = ( GEOMETRIC_REPRESENTATION_CONTEXT(2) 
PARAMETRIC_REPRESENTATION_CONTEXT() REPRESENTATION_CONTEXT('2D SPACE',''
  ) );
#7279 = PCURVE('',#7280,#7285);
#7280 = PLANE('',#7281);
#7281 = AXIS2_PLACEMENT_3D('',#7282,#7283,#7284);
#7282 = CARTESIAN_POINT('',(39.106840321881,4.8986105,0.4));
#7283 = DIRECTION('',(0.,0.,1.));
#7284 = DIRECTION('',(1.,0.,0.));
#7285 = DEFINITIONAL_REPRESENTATION('',(#7286),#7290);
#7286 = LINE('',#7287,#7288);
#7287 = CARTESIAN_POINT('',(-4.,7.7829705));
#7288 = VECTOR('',#7289,1.);
#7289 = DIRECTION('',(0.,-1.));
#7290 = ( GEOMETRIC_REPRESENTATION_CONTEXT(2) 
PARAMETRIC_REPRESENTATION_CONTEXT() REPRESENTATION_CONTEXT('2D SPACE',''
  ) );
#7291 = ORIENTED_EDGE('',*,*,#7292,.T.);
#7292 = EDGE_CURVE('',#7265,#3004,#7293,.T.);
#7293 = SURFACE_CURVE('',#7294,(#7298,#7305),.PCURVE_S1.);
#7294 = LINE('',#7295,#7296);
#7295 = CARTESIAN_POINT('',(35.106840321881,12.681581,0.4));
#7296 = VECTOR('',#7297,1.);
#7297 = DIRECTION('',(0.,-1.,0.));
#7298 = PCURVE('',#3042,#7299);
#7299 = DEFINITIONAL_REPRESENTATION('',(#7300),#7304);
#7300 = LINE('',#7301,#7302);
#7301 = CARTESIAN_POINT('',(0.,-0.4));
#7302 = VECTOR('',#7303,1.);
#7303 = DIRECTION('',(1.,0.));
#7304 = ( GEOMETRIC_REPRESENTATION_CONTEXT(2) 
PARAMETRIC_REPRESENTATION_CONTEXT() REPRESENTATION_CONTEXT('2D SPACE',''
  ) );
#7305 = PCURVE('',#7306,#7311);
#7306 = PLANE('',#7307);
#7307 = AXIS2_PLACEMENT_3D('',#7308,#7309,#7310);
#7308 = CARTESIAN_POINT('',(39.1066815,0.7408585,0.4));
#7309 = DIRECTION('',(0.,0.,1.));
#7310 = DIRECTION('',(1.,0.,0.));
#7311 = DEFINITIONAL_REPRESENTATION('',(#7312),#7316);
#7312 = LINE('',#7313,#7314);
#7313 = CARTESIAN_POINT('',(-3.999841178119,11.9407225));
#7314 = VECTOR('',#7315,1.);
#7315 = DIRECTION('',(0.,-1.));
#7316 = ( GEOMETRIC_REPRESENTATION_CONTEXT(2) 
PARAMETRIC_REPRESENTATION_CONTEXT() REPRESENTATION_CONTEXT('2D SPACE',''
  ) );
#7317 = ORIENTED_EDGE('',*,*,#3029,.T.);
#7318 = ADVANCED_FACE('',(#7319),#3018,.T.);
#7319 = FACE_BOUND('',#7320,.T.);
#7320 = EDGE_LOOP('',(#7321,#7344,#7372,#7393));
#7321 = ORIENTED_EDGE('',*,*,#7322,.F.);
#7322 = EDGE_CURVE('',#7323,#3004,#7325,.T.);
#7323 = VERTEX_POINT('',#7324);
#7324 = CARTESIAN_POINT('',(35.106735,4.366036,0.4));
#7325 = SURFACE_CURVE('',#7326,(#7330,#7337),.PCURVE_S1.);
#7326 = LINE('',#7327,#7328);
#7327 = CARTESIAN_POINT('',(35.106735,4.366036,0.4));
#7328 = VECTOR('',#7329,1.);
#7329 = DIRECTION('',(0.,-1.,0.));
#7330 = PCURVE('',#3018,#7331);
#7331 = DEFINITIONAL_REPRESENTATION('',(#7332),#7336);
#7332 = LINE('',#7333,#7334);
#7333 = CARTESIAN_POINT('',(0.,0.));
#7334 = VECTOR('',#7335,1.);
#7335 = DIRECTION('',(1.,0.));
#7336 = ( GEOMETRIC_REPRESENTATION_CONTEXT(2) 
PARAMETRIC_REPRESENTATION_CONTEXT() REPRESENTATION_CONTEXT('2D SPACE',''
  ) );
#7337 = PCURVE('',#7306,#7338);
#7338 = DEFINITIONAL_REPRESENTATION('',(#7339),#7343);
#7339 = LINE('',#7340,#7341);
#7340 = CARTESIAN_POINT('',(-3.9999465,3.6251775));
#7341 = VECTOR('',#7342,1.);
#7342 = DIRECTION('',(0.,-1.));
#7343 = ( GEOMETRIC_REPRESENTATION_CONTEXT(2) 
PARAMETRIC_REPRESENTATION_CONTEXT() REPRESENTATION_CONTEXT('2D SPACE',''
  ) );
#7344 = ORIENTED_EDGE('',*,*,#7345,.T.);
#7345 = EDGE_CURVE('',#7323,#7346,#7348,.T.);
#7346 = VERTEX_POINT('',#7347);
#7347 = CARTESIAN_POINT('',(35.106735,4.366036,2.4));
#7348 = SURFACE_CURVE('',#7349,(#7353,#7360),.PCURVE_S1.);
#7349 = LINE('',#7350,#7351);
#7350 = CARTESIAN_POINT('',(35.106735,4.366036,0.4));
#7351 = VECTOR('',#7352,1.);
#7352 = DIRECTION('',(0.,0.,1.));
#7353 = PCURVE('',#3018,#7354);
#7354 = DEFINITIONAL_REPRESENTATION('',(#7355),#7359);
#7355 = LINE('',#7356,#7357);
#7356 = CARTESIAN_POINT('',(0.,0.));
#7357 = VECTOR('',#7358,1.);
#7358 = DIRECTION('',(0.,-1.));
#7359 = ( GEOMETRIC_REPRESENTATION_CONTEXT(2) 
PARAMETRIC_REPRESENTATION_CONTEXT() REPRESENTATION_CONTEXT('2D SPACE',''
  ) );
#7360 = PCURVE('',#7361,#7366);
#7361 = PLANE('',#7362);
#7362 = AXIS2_PLACEMENT_3D('',#7363,#7364,#7365);
#7363 = CARTESIAN_POINT('',(43.106628,4.366036,0.4));
#7364 = DIRECTION('',(0.,-1.,0.));
#7365 = DIRECTION('',(-1.,0.,0.));
#7366 = DEFINITIONAL_REPRESENTATION('',(#7367),#7371);
#7367 = LINE('',#7368,#7369);
#7368 = CARTESIAN_POINT('',(7.999893,0.));
#7369 = VECTOR('',#7370,1.);
#7370 = DIRECTION('',(0.,-1.));
#7371 = ( GEOMETRIC_REPRESENTATION_CONTEXT(2) 
PARAMETRIC_REPRESENTATION_CONTEXT() REPRESENTATION_CONTEXT('2D SPACE',''
  ) );
#7372 = ORIENTED_EDGE('',*,*,#7373,.T.);
#7373 = EDGE_CURVE('',#7346,#2978,#7374,.T.);
#7374 = SURFACE_CURVE('',#7375,(#7379,#7386),.PCURVE_S1.);
#7375 = LINE('',#7376,#7377);
#7376 = CARTESIAN_POINT('',(35.106735,4.366036,2.4));
#7377 = VECTOR('',#7378,1.);
#7378 = DIRECTION('',(0.,-1.,0.));
#7379 = PCURVE('',#3018,#7380);
#7380 = DEFINITIONAL_REPRESENTATION('',(#7381),#7385);
#7381 = LINE('',#7382,#7383);
#7382 = CARTESIAN_POINT('',(0.,-2.));
#7383 = VECTOR('',#7384,1.);
#7384 = DIRECTION('',(1.,0.));
#7385 = ( GEOMETRIC_REPRESENTATION_CONTEXT(2) 
PARAMETRIC_REPRESENTATION_CONTEXT() REPRESENTATION_CONTEXT('2D SPACE',''
  ) );
#7386 = PCURVE('',#2992,#7387);
#7387 = DEFINITIONAL_REPRESENTATION('',(#7388),#7392);
#7388 = LINE('',#7389,#7390);
#7389 = CARTESIAN_POINT('',(-3.9999465,3.6251775));
#7390 = VECTOR('',#7391,1.);
#7391 = DIRECTION('',(0.,-1.));
#7392 = ( GEOMETRIC_REPRESENTATION_CONTEXT(2) 
PARAMETRIC_REPRESENTATION_CONTEXT() REPRESENTATION_CONTEXT('2D SPACE',''
  ) );
#7393 = ORIENTED_EDGE('',*,*,#3003,.T.);
#7394 = ADVANCED_FACE('',(#7395),#2992,.F.);
#7395 = FACE_BOUND('',#7396,.F.);
#7396 = EDGE_LOOP('',(#7397,#7420,#7421,#7422));
#7397 = ORIENTED_EDGE('',*,*,#7398,.T.);
#7398 = EDGE_CURVE('',#7399,#7346,#7401,.T.);
#7399 = VERTEX_POINT('',#7400);
#7400 = CARTESIAN_POINT('',(43.106628,4.366036,2.4));
#7401 = SURFACE_CURVE('',#7402,(#7406,#7413),.PCURVE_S1.);
#7402 = LINE('',#7403,#7404);
#7403 = CARTESIAN_POINT('',(43.106628,4.366036,2.4));
#7404 = VECTOR('',#7405,1.);
#7405 = DIRECTION('',(-1.,0.,0.));
#7406 = PCURVE('',#2992,#7407);
#7407 = DEFINITIONAL_REPRESENTATION('',(#7408),#7412);
#7408 = LINE('',#7409,#7410);
#7409 = CARTESIAN_POINT('',(3.9999465,3.6251775));
#7410 = VECTOR('',#7411,1.);
#7411 = DIRECTION('',(-1.,0.));
#7412 = ( GEOMETRIC_REPRESENTATION_CONTEXT(2) 
PARAMETRIC_REPRESENTATION_CONTEXT() REPRESENTATION_CONTEXT('2D SPACE',''
  ) );
#7413 = PCURVE('',#7361,#7414);
#7414 = DEFINITIONAL_REPRESENTATION('',(#7415),#7419);
#7415 = LINE('',#7416,#7417);
#7416 = CARTESIAN_POINT('',(0.,-2.));
#7417 = VECTOR('',#7418,1.);
#7418 = DIRECTION('',(1.,0.));
#7419 = ( GEOMETRIC_REPRESENTATION_CONTEXT(2) 
PARAMETRIC_REPRESENTATION_CONTEXT() REPRESENTATION_CONTEXT('2D SPACE',''
  ) );
#7420 = ORIENTED_EDGE('',*,*,#7373,.T.);
#7421 = ORIENTED_EDGE('',*,*,#2977,.T.);
#7422 = ORIENTED_EDGE('',*,*,#7423,.T.);
#7423 = EDGE_CURVE('',#2952,#7399,#7424,.T.);
#7424 = SURFACE_CURVE('',#7425,(#7429,#7436),.PCURVE_S1.);
#7425 = LINE('',#7426,#7427);
#7426 = CARTESIAN_POINT('',(43.106628,-2.884319,2.4));
#7427 = VECTOR('',#7428,1.);
#7428 = DIRECTION('',(0.,1.,0.));
#7429 = PCURVE('',#2992,#7430);
#7430 = DEFINITIONAL_REPRESENTATION('',(#7431),#7435);
#7431 = LINE('',#7432,#7433);
#7432 = CARTESIAN_POINT('',(3.9999465,-3.6251775));
#7433 = VECTOR('',#7434,1.);
#7434 = DIRECTION('',(0.,1.));
#7435 = ( GEOMETRIC_REPRESENTATION_CONTEXT(2) 
PARAMETRIC_REPRESENTATION_CONTEXT() REPRESENTATION_CONTEXT('2D SPACE',''
  ) );
#7436 = PCURVE('',#2966,#7437);
#7437 = DEFINITIONAL_REPRESENTATION('',(#7438),#7442);
#7438 = LINE('',#7439,#7440);
#7439 = CARTESIAN_POINT('',(0.,-2.));
#7440 = VECTOR('',#7441,1.);
#7441 = DIRECTION('',(1.,0.));
#7442 = ( GEOMETRIC_REPRESENTATION_CONTEXT(2) 
PARAMETRIC_REPRESENTATION_CONTEXT() REPRESENTATION_CONTEXT('2D SPACE',''
  ) );
#7443 = ADVANCED_FACE('',(#7444),#2966,.T.);
#7444 = FACE_BOUND('',#7445,.T.);
#7445 = EDGE_LOOP('',(#7446,#7469,#7470,#7471));
#7446 = ORIENTED_EDGE('',*,*,#7447,.F.);
#7447 = EDGE_CURVE('',#2926,#7448,#7450,.T.);
#7448 = VERTEX_POINT('',#7449);
#7449 = CARTESIAN_POINT('',(43.106628,4.366036,0.4));
#7450 = SURFACE_CURVE('',#7451,(#7455,#7462),.PCURVE_S1.);
#7451 = LINE('',#7452,#7453);
#7452 = CARTESIAN_POINT('',(43.106628,-2.884319,0.4));
#7453 = VECTOR('',#7454,1.);
#7454 = DIRECTION('',(0.,1.,0.));
#7455 = PCURVE('',#2966,#7456);
#7456 = DEFINITIONAL_REPRESENTATION('',(#7457),#7461);
#7457 = LINE('',#7458,#7459);
#7458 = CARTESIAN_POINT('',(0.,0.));
#7459 = VECTOR('',#7460,1.);
#7460 = DIRECTION('',(1.,0.));
#7461 = ( GEOMETRIC_REPRESENTATION_CONTEXT(2) 
PARAMETRIC_REPRESENTATION_CONTEXT() REPRESENTATION_CONTEXT('2D SPACE',''
  ) );
#7462 = PCURVE('',#7280,#7463);
#7463 = DEFINITIONAL_REPRESENTATION('',(#7464),#7468);
#7464 = LINE('',#7465,#7466);
#7465 = CARTESIAN_POINT('',(3.999787678119,-7.7829295));
#7466 = VECTOR('',#7467,1.);
#7467 = DIRECTION('',(0.,1.));
#7468 = ( GEOMETRIC_REPRESENTATION_CONTEXT(2) 
PARAMETRIC_REPRESENTATION_CONTEXT() REPRESENTATION_CONTEXT('2D SPACE',''
  ) );
#7469 = ORIENTED_EDGE('',*,*,#2951,.T.);
#7470 = ORIENTED_EDGE('',*,*,#7423,.T.);
#7471 = ORIENTED_EDGE('',*,*,#7472,.F.);
#7472 = EDGE_CURVE('',#7448,#7399,#7473,.T.);
#7473 = SURFACE_CURVE('',#7474,(#7478,#7485),.PCURVE_S1.);
#7474 = LINE('',#7475,#7476);
#7475 = CARTESIAN_POINT('',(43.106628,4.366036,0.4));
#7476 = VECTOR('',#7477,1.);
#7477 = DIRECTION('',(0.,0.,1.));
#7478 = PCURVE('',#2966,#7479);
#7479 = DEFINITIONAL_REPRESENTATION('',(#7480),#7484);
#7480 = LINE('',#7481,#7482);
#7481 = CARTESIAN_POINT('',(7.250355,0.));
#7482 = VECTOR('',#7483,1.);
#7483 = DIRECTION('',(0.,-1.));
#7484 = ( GEOMETRIC_REPRESENTATION_CONTEXT(2) 
PARAMETRIC_REPRESENTATION_CONTEXT() REPRESENTATION_CONTEXT('2D SPACE',''
  ) );
#7485 = PCURVE('',#7361,#7486);
#7486 = DEFINITIONAL_REPRESENTATION('',(#7487),#7491);
#7487 = LINE('',#7488,#7489);
#7488 = CARTESIAN_POINT('',(0.,-0.));
#7489 = VECTOR('',#7490,1.);
#7490 = DIRECTION('',(0.,-1.));
#7491 = ( GEOMETRIC_REPRESENTATION_CONTEXT(2) 
PARAMETRIC_REPRESENTATION_CONTEXT() REPRESENTATION_CONTEXT('2D SPACE',''
  ) );
#7492 = ADVANCED_FACE('',(#7493),#2940,.T.);
#7493 = FACE_BOUND('',#7494,.T.);
#7494 = EDGE_LOOP('',(#7495,#7518,#7519,#7542));
#7495 = ORIENTED_EDGE('',*,*,#7496,.F.);
#7496 = EDGE_CURVE('',#2898,#7497,#7499,.T.);
#7497 = VERTEX_POINT('',#7498);
#7498 = CARTESIAN_POINT('',(43.106840321881,11.,0.));
#7499 = SURFACE_CURVE('',#7500,(#7504,#7511),.PCURVE_S1.);
#7500 = LINE('',#7501,#7502);
#7501 = CARTESIAN_POINT('',(43.106840321881,-2.88436,0.));
#7502 = VECTOR('',#7503,1.);
#7503 = DIRECTION('',(0.,1.,0.));
#7504 = PCURVE('',#2940,#7505);
#7505 = DEFINITIONAL_REPRESENTATION('',(#7506),#7510);
#7506 = LINE('',#7507,#7508);
#7507 = CARTESIAN_POINT('',(0.,0.));
#7508 = VECTOR('',#7509,1.);
#7509 = DIRECTION('',(1.,0.));
#7510 = ( GEOMETRIC_REPRESENTATION_CONTEXT(2) 
PARAMETRIC_REPRESENTATION_CONTEXT() REPRESENTATION_CONTEXT('2D SPACE',''
  ) );
#7511 = PCURVE('',#2913,#7512);
#7512 = DEFINITIONAL_REPRESENTATION('',(#7513),#7517);
#7513 = LINE('',#7514,#7515);
#7514 = CARTESIAN_POINT('',(-46.911983704,-62.87909052473));
#7515 = VECTOR('',#7516,1.);
#7516 = DIRECTION('',(0.,1.));
#7517 = ( GEOMETRIC_REPRESENTATION_CONTEXT(2) 
PARAMETRIC_REPRESENTATION_CONTEXT() REPRESENTATION_CONTEXT('2D SPACE',''
  ) );
#7518 = ORIENTED_EDGE('',*,*,#2925,.T.);
#7519 = ORIENTED_EDGE('',*,*,#7520,.T.);
#7520 = EDGE_CURVE('',#2926,#7521,#7523,.T.);
#7521 = VERTEX_POINT('',#7522);
#7522 = CARTESIAN_POINT('',(43.106840321881,11.,0.4));
#7523 = SURFACE_CURVE('',#7524,(#7528,#7535),.PCURVE_S1.);
#7524 = LINE('',#7525,#7526);
#7525 = CARTESIAN_POINT('',(43.106840321881,-2.88436,0.4));
#7526 = VECTOR('',#7527,1.);
#7527 = DIRECTION('',(0.,1.,0.));
#7528 = PCURVE('',#2940,#7529);
#7529 = DEFINITIONAL_REPRESENTATION('',(#7530),#7534);
#7530 = LINE('',#7531,#7532);
#7531 = CARTESIAN_POINT('',(0.,-0.4));
#7532 = VECTOR('',#7533,1.);
#7533 = DIRECTION('',(1.,0.));
#7534 = ( GEOMETRIC_REPRESENTATION_CONTEXT(2) 
PARAMETRIC_REPRESENTATION_CONTEXT() REPRESENTATION_CONTEXT('2D SPACE',''
  ) );
#7535 = PCURVE('',#7280,#7536);
#7536 = DEFINITIONAL_REPRESENTATION('',(#7537),#7541);
#7537 = LINE('',#7538,#7539);
#7538 = CARTESIAN_POINT('',(4.,-7.7829705));
#7539 = VECTOR('',#7540,1.);
#7540 = DIRECTION('',(0.,1.));
#7541 = ( GEOMETRIC_REPRESENTATION_CONTEXT(2) 
PARAMETRIC_REPRESENTATION_CONTEXT() REPRESENTATION_CONTEXT('2D SPACE',''
  ) );
#7542 = ORIENTED_EDGE('',*,*,#7543,.T.);
#7543 = EDGE_CURVE('',#7521,#7497,#7544,.T.);
#7544 = SURFACE_CURVE('',#7545,(#7549,#7555),.PCURVE_S1.);
#7545 = LINE('',#7546,#7547);
#7546 = CARTESIAN_POINT('',(43.106840321881,11.,4.));
#7547 = VECTOR('',#7548,1.);
#7548 = DIRECTION('',(-0.,-0.,-1.));
#7549 = PCURVE('',#2940,#7550);
#7550 = DEFINITIONAL_REPRESENTATION('',(#7551),#7554);
#7551 = B_SPLINE_CURVE_WITH_KNOTS('',1,(#7552,#7553),.UNSPECIFIED.,.F.,
  .F.,(2,2),(3.6,4.),.PIECEWISE_BEZIER_KNOTS.);
#7552 = CARTESIAN_POINT('',(13.88436,-0.4));
#7553 = CARTESIAN_POINT('',(13.88436,0.));
#7554 = ( GEOMETRIC_REPRESENTATION_CONTEXT(2) 
PARAMETRIC_REPRESENTATION_CONTEXT() REPRESENTATION_CONTEXT('2D SPACE',''
  ) );
#7555 = PCURVE('',#4409,#7556);
#7556 = DEFINITIONAL_REPRESENTATION('',(#7557),#7560);
#7557 = B_SPLINE_CURVE_WITH_KNOTS('',1,(#7558,#7559),.UNSPECIFIED.,.F.,
  .F.,(2,2),(3.6,4.),.PIECEWISE_BEZIER_KNOTS.);
#7558 = CARTESIAN_POINT('',(10.106840321881,-7.6));
#7559 = CARTESIAN_POINT('',(10.106840321881,-8.));
#7560 = ( GEOMETRIC_REPRESENTATION_CONTEXT(2) 
PARAMETRIC_REPRESENTATION_CONTEXT() REPRESENTATION_CONTEXT('2D SPACE',''
  ) );
#7561 = ADVANCED_FACE('',(#7562),#2913,.F.);
#7562 = FACE_BOUND('',#7563,.F.);
#7563 = EDGE_LOOP('',(#7564,#7565,#7566,#7589));
#7564 = ORIENTED_EDGE('',*,*,#7496,.F.);
#7565 = ORIENTED_EDGE('',*,*,#2897,.T.);
#7566 = ORIENTED_EDGE('',*,*,#7567,.F.);
#7567 = EDGE_CURVE('',#7568,#2872,#7570,.T.);
#7568 = VERTEX_POINT('',#7569);
#7569 = CARTESIAN_POINT('',(121.10684032188,11.,0.));
#7570 = SURFACE_CURVE('',#7571,(#7575,#7582),.PCURVE_S1.);
#7571 = LINE('',#7572,#7573);
#7572 = CARTESIAN_POINT('',(121.10684032188,12.681581,0.));
#7573 = VECTOR('',#7574,1.);
#7574 = DIRECTION('',(0.,-1.,0.));
#7575 = PCURVE('',#2913,#7576);
#7576 = DEFINITIONAL_REPRESENTATION('',(#7577),#7581);
#7577 = LINE('',#7578,#7579);
#7578 = CARTESIAN_POINT('',(31.088016295998,-47.31314952473));
#7579 = VECTOR('',#7580,1.);
#7580 = DIRECTION('',(0.,-1.));
#7581 = ( GEOMETRIC_REPRESENTATION_CONTEXT(2) 
PARAMETRIC_REPRESENTATION_CONTEXT() REPRESENTATION_CONTEXT('2D SPACE',''
  ) );
#7582 = PCURVE('',#2886,#7583);
#7583 = DEFINITIONAL_REPRESENTATION('',(#7584),#7588);
#7584 = LINE('',#7585,#7586);
#7585 = CARTESIAN_POINT('',(0.,0.));
#7586 = VECTOR('',#7587,1.);
#7587 = DIRECTION('',(1.,0.));
#7588 = ( GEOMETRIC_REPRESENTATION_CONTEXT(2) 
PARAMETRIC_REPRESENTATION_CONTEXT() REPRESENTATION_CONTEXT('2D SPACE',''
  ) );
#7589 = ORIENTED_EDGE('',*,*,#7590,.F.);
#7590 = EDGE_CURVE('',#7497,#7568,#7591,.T.);
#7591 = SURFACE_CURVE('',#7592,(#7596,#7603),.PCURVE_S1.);
#7592 = LINE('',#7593,#7594);
#7593 = CARTESIAN_POINT('',(61.509412012942,11.,0.));
#7594 = VECTOR('',#7595,1.);
#7595 = DIRECTION('',(1.,0.,0.));
#7596 = PCURVE('',#2913,#7597);
#7597 = DEFINITIONAL_REPRESENTATION('',(#7598),#7602);
#7598 = LINE('',#7599,#7600);
#7599 = CARTESIAN_POINT('',(-28.50941201294,-48.99473052473));
#7600 = VECTOR('',#7601,1.);
#7601 = DIRECTION('',(1.,0.));
#7602 = ( GEOMETRIC_REPRESENTATION_CONTEXT(2) 
PARAMETRIC_REPRESENTATION_CONTEXT() REPRESENTATION_CONTEXT('2D SPACE',''
  ) );
#7603 = PCURVE('',#4409,#7604);
#7604 = DEFINITIONAL_REPRESENTATION('',(#7605),#7609);
#7605 = LINE('',#7606,#7607);
#7606 = CARTESIAN_POINT('',(28.509412012942,-8.));
#7607 = VECTOR('',#7608,1.);
#7608 = DIRECTION('',(1.,0.));
#7609 = ( GEOMETRIC_REPRESENTATION_CONTEXT(2) 
PARAMETRIC_REPRESENTATION_CONTEXT() REPRESENTATION_CONTEXT('2D SPACE',''
  ) );
#7610 = ADVANCED_FACE('',(#7611),#2886,.T.);
#7611 = FACE_BOUND('',#7612,.T.);
#7612 = EDGE_LOOP('',(#7613,#7614,#7635,#7663,#7689));
#7613 = ORIENTED_EDGE('',*,*,#7567,.F.);
#7614 = ORIENTED_EDGE('',*,*,#7615,.T.);
#7615 = EDGE_CURVE('',#7568,#7616,#7618,.T.);
#7616 = VERTEX_POINT('',#7617);
#7617 = CARTESIAN_POINT('',(121.10684032188,11.,0.4));
#7618 = SURFACE_CURVE('',#7619,(#7623,#7629),.PCURVE_S1.);
#7619 = LINE('',#7620,#7621);
#7620 = CARTESIAN_POINT('',(121.10684032188,11.,4.));
#7621 = VECTOR('',#7622,1.);
#7622 = DIRECTION('',(-0.,0.,1.));
#7623 = PCURVE('',#2886,#7624);
#7624 = DEFINITIONAL_REPRESENTATION('',(#7625),#7628);
#7625 = B_SPLINE_CURVE_WITH_KNOTS('',1,(#7626,#7627),.UNSPECIFIED.,.F.,
  .F.,(2,2),(-4.,-3.6),.PIECEWISE_BEZIER_KNOTS.);
#7626 = CARTESIAN_POINT('',(1.681581,0.));
#7627 = CARTESIAN_POINT('',(1.681581,-0.4));
#7628 = ( GEOMETRIC_REPRESENTATION_CONTEXT(2) 
PARAMETRIC_REPRESENTATION_CONTEXT() REPRESENTATION_CONTEXT('2D SPACE',''
  ) );
#7629 = PCURVE('',#4409,#7630);
#7630 = DEFINITIONAL_REPRESENTATION('',(#7631),#7634);
#7631 = B_SPLINE_CURVE_WITH_KNOTS('',1,(#7632,#7633),.UNSPECIFIED.,.F.,
  .F.,(2,2),(-4.,-3.6),.PIECEWISE_BEZIER_KNOTS.);
#7632 = CARTESIAN_POINT('',(88.106840321881,-8.));
#7633 = CARTESIAN_POINT('',(88.106840321881,-7.6));
#7634 = ( GEOMETRIC_REPRESENTATION_CONTEXT(2) 
PARAMETRIC_REPRESENTATION_CONTEXT() REPRESENTATION_CONTEXT('2D SPACE',''
  ) );
#7635 = ORIENTED_EDGE('',*,*,#7636,.T.);
#7636 = EDGE_CURVE('',#7616,#7637,#7639,.T.);
#7637 = VERTEX_POINT('',#7638);
#7638 = CARTESIAN_POINT('',(121.10684032188,4.366036,0.4));
#7639 = SURFACE_CURVE('',#7640,(#7644,#7651),.PCURVE_S1.);
#7640 = LINE('',#7641,#7642);
#7641 = CARTESIAN_POINT('',(121.10684032188,12.681581,0.4));
#7642 = VECTOR('',#7643,1.);
#7643 = DIRECTION('',(0.,-1.,0.));
#7644 = PCURVE('',#2886,#7645);
#7645 = DEFINITIONAL_REPRESENTATION('',(#7646),#7650);
#7646 = LINE('',#7647,#7648);
#7647 = CARTESIAN_POINT('',(0.,-0.4));
#7648 = VECTOR('',#7649,1.);
#7649 = DIRECTION('',(1.,0.));
#7650 = ( GEOMETRIC_REPRESENTATION_CONTEXT(2) 
PARAMETRIC_REPRESENTATION_CONTEXT() REPRESENTATION_CONTEXT('2D SPACE',''
  ) );
#7651 = PCURVE('',#7652,#7657);
#7652 = PLANE('',#7653);
#7653 = AXIS2_PLACEMENT_3D('',#7654,#7655,#7656);
#7654 = CARTESIAN_POINT('',(125.10684032188,4.8986105,0.4));
#7655 = DIRECTION('',(0.,0.,1.));
#7656 = DIRECTION('',(1.,0.,0.));
#7657 = DEFINITIONAL_REPRESENTATION('',(#7658),#7662);
#7658 = LINE('',#7659,#7660);
#7659 = CARTESIAN_POINT('',(-4.,7.7829705));
#7660 = VECTOR('',#7661,1.);
#7661 = DIRECTION('',(0.,-1.));
#7662 = ( GEOMETRIC_REPRESENTATION_CONTEXT(2) 
PARAMETRIC_REPRESENTATION_CONTEXT() REPRESENTATION_CONTEXT('2D SPACE',''
  ) );
#7663 = ORIENTED_EDGE('',*,*,#7664,.T.);
#7664 = EDGE_CURVE('',#7637,#2846,#7665,.T.);
#7665 = SURFACE_CURVE('',#7666,(#7670,#7677),.PCURVE_S1.);
#7666 = LINE('',#7667,#7668);
#7667 = CARTESIAN_POINT('',(121.10684032188,12.681581,0.4));
#7668 = VECTOR('',#7669,1.);
#7669 = DIRECTION('',(0.,-1.,0.));
#7670 = PCURVE('',#2886,#7671);
#7671 = DEFINITIONAL_REPRESENTATION('',(#7672),#7676);
#7672 = LINE('',#7673,#7674);
#7673 = CARTESIAN_POINT('',(0.,-0.4));
#7674 = VECTOR('',#7675,1.);
#7675 = DIRECTION('',(1.,0.));
#7676 = ( GEOMETRIC_REPRESENTATION_CONTEXT(2) 
PARAMETRIC_REPRESENTATION_CONTEXT() REPRESENTATION_CONTEXT('2D SPACE',''
  ) );
#7677 = PCURVE('',#7678,#7683);
#7678 = PLANE('',#7679);
#7679 = AXIS2_PLACEMENT_3D('',#7680,#7681,#7682);
#7680 = CARTESIAN_POINT('',(125.1066815,0.7408585,0.4));
#7681 = DIRECTION('',(0.,0.,1.));
#7682 = DIRECTION('',(1.,0.,0.));
#7683 = DEFINITIONAL_REPRESENTATION('',(#7684),#7688);
#7684 = LINE('',#7685,#7686);
#7685 = CARTESIAN_POINT('',(-3.999841178119,11.9407225));
#7686 = VECTOR('',#7687,1.);
#7687 = DIRECTION('',(0.,-1.));
#7688 = ( GEOMETRIC_REPRESENTATION_CONTEXT(2) 
PARAMETRIC_REPRESENTATION_CONTEXT() REPRESENTATION_CONTEXT('2D SPACE',''
  ) );
#7689 = ORIENTED_EDGE('',*,*,#2871,.T.);
#7690 = ADVANCED_FACE('',(#7691),#2860,.T.);
#7691 = FACE_BOUND('',#7692,.T.);
#7692 = EDGE_LOOP('',(#7693,#7716,#7744,#7765));
#7693 = ORIENTED_EDGE('',*,*,#7694,.F.);
#7694 = EDGE_CURVE('',#7695,#2846,#7697,.T.);
#7695 = VERTEX_POINT('',#7696);
#7696 = CARTESIAN_POINT('',(121.106735,4.366036,0.4));
#7697 = SURFACE_CURVE('',#7698,(#7702,#7709),.PCURVE_S1.);
#7698 = LINE('',#7699,#7700);
#7699 = CARTESIAN_POINT('',(121.106735,4.366036,0.4));
#7700 = VECTOR('',#7701,1.);
#7701 = DIRECTION('',(0.,-1.,0.));
#7702 = PCURVE('',#2860,#7703);
#7703 = DEFINITIONAL_REPRESENTATION('',(#7704),#7708);
#7704 = LINE('',#7705,#7706);
#7705 = CARTESIAN_POINT('',(0.,0.));
#7706 = VECTOR('',#7707,1.);
#7707 = DIRECTION('',(1.,0.));
#7708 = ( GEOMETRIC_REPRESENTATION_CONTEXT(2) 
PARAMETRIC_REPRESENTATION_CONTEXT() REPRESENTATION_CONTEXT('2D SPACE',''
  ) );
#7709 = PCURVE('',#7678,#7710);
#7710 = DEFINITIONAL_REPRESENTATION('',(#7711),#7715);
#7711 = LINE('',#7712,#7713);
#7712 = CARTESIAN_POINT('',(-3.9999465,3.6251775));
#7713 = VECTOR('',#7714,1.);
#7714 = DIRECTION('',(0.,-1.));
#7715 = ( GEOMETRIC_REPRESENTATION_CONTEXT(2) 
PARAMETRIC_REPRESENTATION_CONTEXT() REPRESENTATION_CONTEXT('2D SPACE',''
  ) );
#7716 = ORIENTED_EDGE('',*,*,#7717,.T.);
#7717 = EDGE_CURVE('',#7695,#7718,#7720,.T.);
#7718 = VERTEX_POINT('',#7719);
#7719 = CARTESIAN_POINT('',(121.106735,4.366036,2.4));
#7720 = SURFACE_CURVE('',#7721,(#7725,#7732),.PCURVE_S1.);
#7721 = LINE('',#7722,#7723);
#7722 = CARTESIAN_POINT('',(121.106735,4.366036,0.4));
#7723 = VECTOR('',#7724,1.);
#7724 = DIRECTION('',(0.,0.,1.));
#7725 = PCURVE('',#2860,#7726);
#7726 = DEFINITIONAL_REPRESENTATION('',(#7727),#7731);
#7727 = LINE('',#7728,#7729);
#7728 = CARTESIAN_POINT('',(0.,0.));
#7729 = VECTOR('',#7730,1.);
#7730 = DIRECTION('',(0.,-1.));
#7731 = ( GEOMETRIC_REPRESENTATION_CONTEXT(2) 
PARAMETRIC_REPRESENTATION_CONTEXT() REPRESENTATION_CONTEXT('2D SPACE',''
  ) );
#7732 = PCURVE('',#7733,#7738);
#7733 = PLANE('',#7734);
#7734 = AXIS2_PLACEMENT_3D('',#7735,#7736,#7737);
#7735 = CARTESIAN_POINT('',(129.106628,4.366036,0.4));
#7736 = DIRECTION('',(0.,-1.,0.));
#7737 = DIRECTION('',(-1.,0.,0.));
#7738 = DEFINITIONAL_REPRESENTATION('',(#7739),#7743);
#7739 = LINE('',#7740,#7741);
#7740 = CARTESIAN_POINT('',(7.999893,0.));
#7741 = VECTOR('',#7742,1.);
#7742 = DIRECTION('',(0.,-1.));
#7743 = ( GEOMETRIC_REPRESENTATION_CONTEXT(2) 
PARAMETRIC_REPRESENTATION_CONTEXT() REPRESENTATION_CONTEXT('2D SPACE',''
  ) );
#7744 = ORIENTED_EDGE('',*,*,#7745,.T.);
#7745 = EDGE_CURVE('',#7718,#2820,#7746,.T.);
#7746 = SURFACE_CURVE('',#7747,(#7751,#7758),.PCURVE_S1.);
#7747 = LINE('',#7748,#7749);
#7748 = CARTESIAN_POINT('',(121.106735,4.366036,2.4));
#7749 = VECTOR('',#7750,1.);
#7750 = DIRECTION('',(0.,-1.,0.));
#7751 = PCURVE('',#2860,#7752);
#7752 = DEFINITIONAL_REPRESENTATION('',(#7753),#7757);
#7753 = LINE('',#7754,#7755);
#7754 = CARTESIAN_POINT('',(0.,-2.));
#7755 = VECTOR('',#7756,1.);
#7756 = DIRECTION('',(1.,0.));
#7757 = ( GEOMETRIC_REPRESENTATION_CONTEXT(2) 
PARAMETRIC_REPRESENTATION_CONTEXT() REPRESENTATION_CONTEXT('2D SPACE',''
  ) );
#7758 = PCURVE('',#2834,#7759);
#7759 = DEFINITIONAL_REPRESENTATION('',(#7760),#7764);
#7760 = LINE('',#7761,#7762);
#7761 = CARTESIAN_POINT('',(-3.9999465,3.6251775));
#7762 = VECTOR('',#7763,1.);
#7763 = DIRECTION('',(0.,-1.));
#7764 = ( GEOMETRIC_REPRESENTATION_CONTEXT(2) 
PARAMETRIC_REPRESENTATION_CONTEXT() REPRESENTATION_CONTEXT('2D SPACE',''
  ) );
#7765 = ORIENTED_EDGE('',*,*,#2845,.T.);
#7766 = ADVANCED_FACE('',(#7767),#2834,.F.);
#7767 = FACE_BOUND('',#7768,.F.);
#7768 = EDGE_LOOP('',(#7769,#7792,#7793,#7794));
#7769 = ORIENTED_EDGE('',*,*,#7770,.T.);
#7770 = EDGE_CURVE('',#7771,#7718,#7773,.T.);
#7771 = VERTEX_POINT('',#7772);
#7772 = CARTESIAN_POINT('',(129.106628,4.366036,2.4));
#7773 = SURFACE_CURVE('',#7774,(#7778,#7785),.PCURVE_S1.);
#7774 = LINE('',#7775,#7776);
#7775 = CARTESIAN_POINT('',(129.106628,4.366036,2.4));
#7776 = VECTOR('',#7777,1.);
#7777 = DIRECTION('',(-1.,0.,0.));
#7778 = PCURVE('',#2834,#7779);
#7779 = DEFINITIONAL_REPRESENTATION('',(#7780),#7784);
#7780 = LINE('',#7781,#7782);
#7781 = CARTESIAN_POINT('',(3.9999465,3.6251775));
#7782 = VECTOR('',#7783,1.);
#7783 = DIRECTION('',(-1.,0.));
#7784 = ( GEOMETRIC_REPRESENTATION_CONTEXT(2) 
PARAMETRIC_REPRESENTATION_CONTEXT() REPRESENTATION_CONTEXT('2D SPACE',''
  ) );
#7785 = PCURVE('',#7733,#7786);
#7786 = DEFINITIONAL_REPRESENTATION('',(#7787),#7791);
#7787 = LINE('',#7788,#7789);
#7788 = CARTESIAN_POINT('',(0.,-2.));
#7789 = VECTOR('',#7790,1.);
#7790 = DIRECTION('',(1.,0.));
#7791 = ( GEOMETRIC_REPRESENTATION_CONTEXT(2) 
PARAMETRIC_REPRESENTATION_CONTEXT() REPRESENTATION_CONTEXT('2D SPACE',''
  ) );
#7792 = ORIENTED_EDGE('',*,*,#7745,.T.);
#7793 = ORIENTED_EDGE('',*,*,#2819,.T.);
#7794 = ORIENTED_EDGE('',*,*,#7795,.T.);
#7795 = EDGE_CURVE('',#2794,#7771,#7796,.T.);
#7796 = SURFACE_CURVE('',#7797,(#7801,#7808),.PCURVE_S1.);
#7797 = LINE('',#7798,#7799);
#7798 = CARTESIAN_POINT('',(129.106628,-2.884319,2.4));
#7799 = VECTOR('',#7800,1.);
#7800 = DIRECTION('',(0.,1.,0.));
#7801 = PCURVE('',#2834,#7802);
#7802 = DEFINITIONAL_REPRESENTATION('',(#7803),#7807);
#7803 = LINE('',#7804,#7805);
#7804 = CARTESIAN_POINT('',(3.9999465,-3.6251775));
#7805 = VECTOR('',#7806,1.);
#7806 = DIRECTION('',(0.,1.));
#7807 = ( GEOMETRIC_REPRESENTATION_CONTEXT(2) 
PARAMETRIC_REPRESENTATION_CONTEXT() REPRESENTATION_CONTEXT('2D SPACE',''
  ) );
#7808 = PCURVE('',#2808,#7809);
#7809 = DEFINITIONAL_REPRESENTATION('',(#7810),#7814);
#7810 = LINE('',#7811,#7812);
#7811 = CARTESIAN_POINT('',(0.,-2.));
#7812 = VECTOR('',#7813,1.);
#7813 = DIRECTION('',(1.,0.));
#7814 = ( GEOMETRIC_REPRESENTATION_CONTEXT(2) 
PARAMETRIC_REPRESENTATION_CONTEXT() REPRESENTATION_CONTEXT('2D SPACE',''
  ) );
#7815 = ADVANCED_FACE('',(#7816),#2808,.T.);
#7816 = FACE_BOUND('',#7817,.T.);
#7817 = EDGE_LOOP('',(#7818,#7841,#7842,#7843));
#7818 = ORIENTED_EDGE('',*,*,#7819,.F.);
#7819 = EDGE_CURVE('',#2768,#7820,#7822,.T.);
#7820 = VERTEX_POINT('',#7821);
#7821 = CARTESIAN_POINT('',(129.106628,4.366036,0.4));
#7822 = SURFACE_CURVE('',#7823,(#7827,#7834),.PCURVE_S1.);
#7823 = LINE('',#7824,#7825);
#7824 = CARTESIAN_POINT('',(129.106628,-2.884319,0.4));
#7825 = VECTOR('',#7826,1.);
#7826 = DIRECTION('',(0.,1.,0.));
#7827 = PCURVE('',#2808,#7828);
#7828 = DEFINITIONAL_REPRESENTATION('',(#7829),#7833);
#7829 = LINE('',#7830,#7831);
#7830 = CARTESIAN_POINT('',(0.,0.));
#7831 = VECTOR('',#7832,1.);
#7832 = DIRECTION('',(1.,0.));
#7833 = ( GEOMETRIC_REPRESENTATION_CONTEXT(2) 
PARAMETRIC_REPRESENTATION_CONTEXT() REPRESENTATION_CONTEXT('2D SPACE',''
  ) );
#7834 = PCURVE('',#7652,#7835);
#7835 = DEFINITIONAL_REPRESENTATION('',(#7836),#7840);
#7836 = LINE('',#7837,#7838);
#7837 = CARTESIAN_POINT('',(3.999787678119,-7.7829295));
#7838 = VECTOR('',#7839,1.);
#7839 = DIRECTION('',(0.,1.));
#7840 = ( GEOMETRIC_REPRESENTATION_CONTEXT(2) 
PARAMETRIC_REPRESENTATION_CONTEXT() REPRESENTATION_CONTEXT('2D SPACE',''
  ) );
#7841 = ORIENTED_EDGE('',*,*,#2793,.T.);
#7842 = ORIENTED_EDGE('',*,*,#7795,.T.);
#7843 = ORIENTED_EDGE('',*,*,#7844,.F.);
#7844 = EDGE_CURVE('',#7820,#7771,#7845,.T.);
#7845 = SURFACE_CURVE('',#7846,(#7850,#7857),.PCURVE_S1.);
#7846 = LINE('',#7847,#7848);
#7847 = CARTESIAN_POINT('',(129.106628,4.366036,0.4));
#7848 = VECTOR('',#7849,1.);
#7849 = DIRECTION('',(0.,0.,1.));
#7850 = PCURVE('',#2808,#7851);
#7851 = DEFINITIONAL_REPRESENTATION('',(#7852),#7856);
#7852 = LINE('',#7853,#7854);
#7853 = CARTESIAN_POINT('',(7.250355,0.));
#7854 = VECTOR('',#7855,1.);
#7855 = DIRECTION('',(0.,-1.));
#7856 = ( GEOMETRIC_REPRESENTATION_CONTEXT(2) 
PARAMETRIC_REPRESENTATION_CONTEXT() REPRESENTATION_CONTEXT('2D SPACE',''
  ) );
#7857 = PCURVE('',#7733,#7858);
#7858 = DEFINITIONAL_REPRESENTATION('',(#7859),#7863);
#7859 = LINE('',#7860,#7861);
#7860 = CARTESIAN_POINT('',(0.,-0.));
#7861 = VECTOR('',#7862,1.);
#7862 = DIRECTION('',(0.,-1.));
#7863 = ( GEOMETRIC_REPRESENTATION_CONTEXT(2) 
PARAMETRIC_REPRESENTATION_CONTEXT() REPRESENTATION_CONTEXT('2D SPACE',''
  ) );
#7864 = ADVANCED_FACE('',(#7865),#2782,.T.);
#7865 = FACE_BOUND('',#7866,.T.);
#7866 = EDGE_LOOP('',(#7867,#7868,#7869,#7892));
#7867 = ORIENTED_EDGE('',*,*,#6245,.F.);
#7868 = ORIENTED_EDGE('',*,*,#2767,.T.);
#7869 = ORIENTED_EDGE('',*,*,#7870,.T.);
#7870 = EDGE_CURVE('',#2768,#7871,#7873,.T.);
#7871 = VERTEX_POINT('',#7872);
#7872 = CARTESIAN_POINT('',(129.10684032188,11.,0.4));
#7873 = SURFACE_CURVE('',#7874,(#7878,#7885),.PCURVE_S1.);
#7874 = LINE('',#7875,#7876);
#7875 = CARTESIAN_POINT('',(129.10684032188,-2.88436,0.4));
#7876 = VECTOR('',#7877,1.);
#7877 = DIRECTION('',(0.,1.,0.));
#7878 = PCURVE('',#2782,#7879);
#7879 = DEFINITIONAL_REPRESENTATION('',(#7880),#7884);
#7880 = LINE('',#7881,#7882);
#7881 = CARTESIAN_POINT('',(0.,-0.4));
#7882 = VECTOR('',#7883,1.);
#7883 = DIRECTION('',(1.,0.));
#7884 = ( GEOMETRIC_REPRESENTATION_CONTEXT(2) 
PARAMETRIC_REPRESENTATION_CONTEXT() REPRESENTATION_CONTEXT('2D SPACE',''
  ) );
#7885 = PCURVE('',#7652,#7886);
#7886 = DEFINITIONAL_REPRESENTATION('',(#7887),#7891);
#7887 = LINE('',#7888,#7889);
#7888 = CARTESIAN_POINT('',(4.,-7.7829705));
#7889 = VECTOR('',#7890,1.);
#7890 = DIRECTION('',(0.,1.));
#7891 = ( GEOMETRIC_REPRESENTATION_CONTEXT(2) 
PARAMETRIC_REPRESENTATION_CONTEXT() REPRESENTATION_CONTEXT('2D SPACE',''
  ) );
#7892 = ORIENTED_EDGE('',*,*,#7893,.T.);
#7893 = EDGE_CURVE('',#7871,#6223,#7894,.T.);
#7894 = SURFACE_CURVE('',#7895,(#7899,#7905),.PCURVE_S1.);
#7895 = LINE('',#7896,#7897);
#7896 = CARTESIAN_POINT('',(129.10684032188,11.,4.));
#7897 = VECTOR('',#7898,1.);
#7898 = DIRECTION('',(-0.,-0.,-1.));
#7899 = PCURVE('',#2782,#7900);
#7900 = DEFINITIONAL_REPRESENTATION('',(#7901),#7904);
#7901 = B_SPLINE_CURVE_WITH_KNOTS('',1,(#7902,#7903),.UNSPECIFIED.,.F.,
  .F.,(2,2),(3.6,4.),.PIECEWISE_BEZIER_KNOTS.);
#7902 = CARTESIAN_POINT('',(13.88436,-0.4));
#7903 = CARTESIAN_POINT('',(13.88436,0.));
#7904 = ( GEOMETRIC_REPRESENTATION_CONTEXT(2) 
PARAMETRIC_REPRESENTATION_CONTEXT() REPRESENTATION_CONTEXT('2D SPACE',''
  ) );
#7905 = PCURVE('',#4409,#7906);
#7906 = DEFINITIONAL_REPRESENTATION('',(#7907),#7910);
#7907 = B_SPLINE_CURVE_WITH_KNOTS('',1,(#7908,#7909),.UNSPECIFIED.,.F.,
  .F.,(2,2),(3.6,4.),.PIECEWISE_BEZIER_KNOTS.);
#7908 = CARTESIAN_POINT('',(96.106840321881,-7.6));
#7909 = CARTESIAN_POINT('',(96.106840321881,-8.));
#7910 = ( GEOMETRIC_REPRESENTATION_CONTEXT(2) 
PARAMETRIC_REPRESENTATION_CONTEXT() REPRESENTATION_CONTEXT('2D SPACE',''
  ) );
#7911 = ADVANCED_FACE('',(#7912),#3120,.T.);
#7912 = FACE_BOUND('',#7913,.T.);
#7913 = EDGE_LOOP('',(#7914,#7915,#7916,#7917));
#7914 = ORIENTED_EDGE('',*,*,#3212,.F.);
#7915 = ORIENTED_EDGE('',*,*,#3184,.F.);
#7916 = ORIENTED_EDGE('',*,*,#3494,.T.);
#7917 = ORIENTED_EDGE('',*,*,#3103,.F.);
#7918 = ADVANCED_FACE('',(#7919),#3461,.T.);
#7919 = FACE_BOUND('',#7920,.T.);
#7920 = EDGE_LOOP('',(#7921,#7922,#7923));
#7921 = ORIENTED_EDGE('',*,*,#3547,.F.);
#7922 = ORIENTED_EDGE('',*,*,#3519,.F.);
#7923 = ORIENTED_EDGE('',*,*,#3446,.T.);
#7924 = ADVANCED_FACE('',(#7925),#3392,.T.);
#7925 = FACE_BOUND('',#7926,.T.);
#7926 = EDGE_LOOP('',(#7927,#7928,#7929));
#7927 = ORIENTED_EDGE('',*,*,#3608,.F.);
#7928 = ORIENTED_EDGE('',*,*,#3580,.F.);
#7929 = ORIENTED_EDGE('',*,*,#3377,.T.);
#7930 = ADVANCED_FACE('',(#7931),#3323,.T.);
#7931 = FACE_BOUND('',#7932,.T.);
#7932 = EDGE_LOOP('',(#7933,#7934,#7935));
#7933 = ORIENTED_EDGE('',*,*,#3669,.F.);
#7934 = ORIENTED_EDGE('',*,*,#3641,.F.);
#7935 = ORIENTED_EDGE('',*,*,#3308,.T.);
#7936 = ADVANCED_FACE('',(#7937,#7940),#3739,.T.);
#7937 = FACE_BOUND('',#7938,.T.);
#7938 = EDGE_LOOP('',(#7939));
#7939 = ORIENTED_EDGE('',*,*,#3724,.F.);
#7940 = FACE_BOUND('',#7941,.T.);
#7941 = EDGE_LOOP('',(#7942));
#7942 = ORIENTED_EDGE('',*,*,#7943,.F.);
#7943 = EDGE_CURVE('',#7944,#7944,#7946,.T.);
#7944 = VERTEX_POINT('',#7945);
#7945 = CARTESIAN_POINT('',(159.1,20.25,6.2));
#7946 = SURFACE_CURVE('',#7947,(#7952,#7959),.PCURVE_S1.);
#7947 = CIRCLE('',#7948,2.7);
#7948 = AXIS2_PLACEMENT_3D('',#7949,#7950,#7951);
#7949 = CARTESIAN_POINT('',(156.4,20.25,6.2));
#7950 = DIRECTION('',(0.,0.,1.));
#7951 = DIRECTION('',(1.,0.,0.));
#7952 = PCURVE('',#3739,#7953);
#7953 = DEFINITIONAL_REPRESENTATION('',(#7954),#7958);
#7954 = CIRCLE('',#7955,2.7);
#7955 = AXIS2_PLACEMENT_2D('',#7956,#7957);
#7956 = CARTESIAN_POINT('',(0.,3.552713678801E-15));
#7957 = DIRECTION('',(1.,0.));
#7958 = ( GEOMETRIC_REPRESENTATION_CONTEXT(2) 
PARAMETRIC_REPRESENTATION_CONTEXT() REPRESENTATION_CONTEXT('2D SPACE',''
  ) );
#7959 = PCURVE('',#6346,#7960);
#7960 = DEFINITIONAL_REPRESENTATION('',(#7961),#7965);
#7961 = LINE('',#7962,#7963);
#7962 = CARTESIAN_POINT('',(-6.28318530718,-9.));
#7963 = VECTOR('',#7964,1.);
#7964 = DIRECTION('',(1.,-0.));
#7965 = ( GEOMETRIC_REPRESENTATION_CONTEXT(2) 
PARAMETRIC_REPRESENTATION_CONTEXT() REPRESENTATION_CONTEXT('2D SPACE',''
  ) );
#7966 = ADVANCED_FACE('',(#7967),#4113,.F.);
#7967 = FACE_BOUND('',#7968,.T.);
#7968 = EDGE_LOOP('',(#7969,#7970,#7991,#7992,#7993,#7994));
#7969 = ORIENTED_EDGE('',*,*,#5722,.F.);
#7970 = ORIENTED_EDGE('',*,*,#7971,.T.);
#7971 = EDGE_CURVE('',#5672,#6126,#7972,.T.);
#7972 = SEAM_CURVE('',#7973,(#7977,#7984),.PCURVE_S1.);
#7973 = LINE('',#7974,#7975);
#7974 = CARTESIAN_POINT('',(32.5,111.,15.2));
#7975 = VECTOR('',#7976,1.);
#7976 = DIRECTION('',(0.,0.,-1.));
#7977 = PCURVE('',#4113,#7978);
#7978 = DEFINITIONAL_REPRESENTATION('',(#7979),#7983);
#7979 = LINE('',#7980,#7981);
#7980 = CARTESIAN_POINT('',(-6.28318530718,0.));
#7981 = VECTOR('',#7982,1.);
#7982 = DIRECTION('',(-0.,-1.));
#7983 = ( GEOMETRIC_REPRESENTATION_CONTEXT(2) 
PARAMETRIC_REPRESENTATION_CONTEXT() REPRESENTATION_CONTEXT('2D SPACE',''
  ) );
#7984 = PCURVE('',#4113,#7985);
#7985 = DEFINITIONAL_REPRESENTATION('',(#7986),#7990);
#7986 = LINE('',#7987,#7988);
#7987 = CARTESIAN_POINT('',(-0.,0.));
#7988 = VECTOR('',#7989,1.);
#7989 = DIRECTION('',(-0.,-1.));
#7990 = ( GEOMETRIC_REPRESENTATION_CONTEXT(2) 
PARAMETRIC_REPRESENTATION_CONTEXT() REPRESENTATION_CONTEXT('2D SPACE',''
  ) );
#7991 = ORIENTED_EDGE('',*,*,#6125,.F.);
#7992 = ORIENTED_EDGE('',*,*,#7971,.F.);
#7993 = ORIENTED_EDGE('',*,*,#5671,.F.);
#7994 = ORIENTED_EDGE('',*,*,#4098,.F.);
#7995 = ADVANCED_FACE('',(#7996),#4063,.F.);
#7996 = FACE_BOUND('',#7997,.F.);
#7997 = EDGE_LOOP('',(#7998,#8019,#8020,#8041));
#7998 = ORIENTED_EDGE('',*,*,#7999,.F.);
#7999 = EDGE_CURVE('',#4025,#5945,#8000,.T.);
#8000 = SURFACE_CURVE('',#8001,(#8005,#8012),.PCURVE_S1.);
#8001 = LINE('',#8002,#8003);
#8002 = CARTESIAN_POINT('',(33.,11.,8.));
#8003 = VECTOR('',#8004,1.);
#8004 = DIRECTION('',(-0.,-0.,-1.));
#8005 = PCURVE('',#4063,#8006);
#8006 = DEFINITIONAL_REPRESENTATION('',(#8007),#8011);
#8007 = LINE('',#8008,#8009);
#8008 = CARTESIAN_POINT('',(98.,0.));
#8009 = VECTOR('',#8010,1.);
#8010 = DIRECTION('',(0.,-1.));
#8011 = ( GEOMETRIC_REPRESENTATION_CONTEXT(2) 
PARAMETRIC_REPRESENTATION_CONTEXT() REPRESENTATION_CONTEXT('2D SPACE',''
  ) );
#8012 = PCURVE('',#4409,#8013);
#8013 = DEFINITIONAL_REPRESENTATION('',(#8014),#8018);
#8014 = LINE('',#8015,#8016);
#8015 = CARTESIAN_POINT('',(0.,0.));
#8016 = VECTOR('',#8017,1.);
#8017 = DIRECTION('',(0.,-1.));
#8018 = ( GEOMETRIC_REPRESENTATION_CONTEXT(2) 
PARAMETRIC_REPRESENTATION_CONTEXT() REPRESENTATION_CONTEXT('2D SPACE',''
  ) );
#8019 = ORIENTED_EDGE('',*,*,#4047,.F.);
#8020 = ORIENTED_EDGE('',*,*,#8021,.T.);
#8021 = EDGE_CURVE('',#4048,#5968,#8022,.T.);
#8022 = SURFACE_CURVE('',#8023,(#8027,#8034),.PCURVE_S1.);
#8023 = LINE('',#8024,#8025);
#8024 = CARTESIAN_POINT('',(33.,109.,8.));
#8025 = VECTOR('',#8026,1.);
#8026 = DIRECTION('',(-0.,-0.,-1.));
#8027 = PCURVE('',#4063,#8028);
#8028 = DEFINITIONAL_REPRESENTATION('',(#8029),#8033);
#8029 = LINE('',#8030,#8031);
#8030 = CARTESIAN_POINT('',(0.,0.));
#8031 = VECTOR('',#8032,1.);
#8032 = DIRECTION('',(0.,-1.));
#8033 = ( GEOMETRIC_REPRESENTATION_CONTEXT(2) 
PARAMETRIC_REPRESENTATION_CONTEXT() REPRESENTATION_CONTEXT('2D SPACE',''
  ) );
#8034 = PCURVE('',#5786,#8035);
#8035 = DEFINITIONAL_REPRESENTATION('',(#8036),#8040);
#8036 = LINE('',#8037,#8038);
#8037 = CARTESIAN_POINT('',(98.,0.));
#8038 = VECTOR('',#8039,1.);
#8039 = DIRECTION('',(0.,-1.));
#8040 = ( GEOMETRIC_REPRESENTATION_CONTEXT(2) 
PARAMETRIC_REPRESENTATION_CONTEXT() REPRESENTATION_CONTEXT('2D SPACE',''
  ) );
#8041 = ORIENTED_EDGE('',*,*,#5967,.T.);
#8042 = ADVANCED_FACE('',(#8043),#3985,.F.);
#8043 = FACE_BOUND('',#8044,.T.);
#8044 = EDGE_LOOP('',(#8045,#8046,#8067,#8068,#8069,#8070));
#8045 = ORIENTED_EDGE('',*,*,#4473,.F.);
#8046 = ORIENTED_EDGE('',*,*,#8047,.T.);
#8047 = EDGE_CURVE('',#4423,#6038,#8048,.T.);
#8048 = SEAM_CURVE('',#8049,(#8053,#8060),.PCURVE_S1.);
#8049 = LINE('',#8050,#8051);
#8050 = CARTESIAN_POINT('',(32.5,9.,15.2));
#8051 = VECTOR('',#8052,1.);
#8052 = DIRECTION('',(0.,0.,-1.));
#8053 = PCURVE('',#3985,#8054);
#8054 = DEFINITIONAL_REPRESENTATION('',(#8055),#8059);
#8055 = LINE('',#8056,#8057);
#8056 = CARTESIAN_POINT('',(-6.28318530718,0.));
#8057 = VECTOR('',#8058,1.);
#8058 = DIRECTION('',(-0.,-1.));
#8059 = ( GEOMETRIC_REPRESENTATION_CONTEXT(2) 
PARAMETRIC_REPRESENTATION_CONTEXT() REPRESENTATION_CONTEXT('2D SPACE',''
  ) );
#8060 = PCURVE('',#3985,#8061);
#8061 = DEFINITIONAL_REPRESENTATION('',(#8062),#8066);
#8062 = LINE('',#8063,#8064);
#8063 = CARTESIAN_POINT('',(-0.,0.));
#8064 = VECTOR('',#8065,1.);
#8065 = DIRECTION('',(-0.,-1.));
#8066 = ( GEOMETRIC_REPRESENTATION_CONTEXT(2) 
PARAMETRIC_REPRESENTATION_CONTEXT() REPRESENTATION_CONTEXT('2D SPACE',''
  ) );
#8067 = ORIENTED_EDGE('',*,*,#6037,.F.);
#8068 = ORIENTED_EDGE('',*,*,#8047,.F.);
#8069 = ORIENTED_EDGE('',*,*,#4422,.F.);
#8070 = ORIENTED_EDGE('',*,*,#3968,.F.);
#8071 = ADVANCED_FACE('',(#8072,#8076),#3907,.T.);
#8072 = FACE_BOUND('',#8073,.T.);
#8073 = EDGE_LOOP('',(#8074,#8075));
#8074 = ORIENTED_EDGE('',*,*,#4188,.F.);
#8075 = ORIENTED_EDGE('',*,*,#3892,.F.);
#8076 = FACE_BOUND('',#8077,.T.);
#8077 = EDGE_LOOP('',(#8078));
#8078 = ORIENTED_EDGE('',*,*,#8079,.F.);
#8079 = EDGE_CURVE('',#8080,#8080,#8082,.T.);
#8080 = VERTEX_POINT('',#8081);
#8081 = CARTESIAN_POINT('',(26.3,20.25,6.2));
#8082 = SURFACE_CURVE('',#8083,(#8088,#8095),.PCURVE_S1.);
#8083 = CIRCLE('',#8084,2.7);
#8084 = AXIS2_PLACEMENT_3D('',#8085,#8086,#8087);
#8085 = CARTESIAN_POINT('',(23.6,20.25,6.2));
#8086 = DIRECTION('',(0.,0.,1.));
#8087 = DIRECTION('',(1.,0.,0.));
#8088 = PCURVE('',#3907,#8089);
#8089 = DEFINITIONAL_REPRESENTATION('',(#8090),#8094);
#8090 = CIRCLE('',#8091,2.7);
#8091 = AXIS2_PLACEMENT_2D('',#8092,#8093);
#8092 = CARTESIAN_POINT('',(3.552713678801E-15,3.552713678801E-15));
#8093 = DIRECTION('',(1.,0.));
#8094 = ( GEOMETRIC_REPRESENTATION_CONTEXT(2) 
PARAMETRIC_REPRESENTATION_CONTEXT() REPRESENTATION_CONTEXT('2D SPACE',''
  ) );
#8095 = PCURVE('',#6080,#8096);
#8096 = DEFINITIONAL_REPRESENTATION('',(#8097),#8101);
#8097 = LINE('',#8098,#8099);
#8098 = CARTESIAN_POINT('',(-6.28318530718,-9.));
#8099 = VECTOR('',#8100,1.);
#8100 = DIRECTION('',(1.,-0.));
#8101 = ( GEOMETRIC_REPRESENTATION_CONTEXT(2) 
PARAMETRIC_REPRESENTATION_CONTEXT() REPRESENTATION_CONTEXT('2D SPACE',''
  ) );
#8102 = ADVANCED_FACE('',(#8103,#8107),#3826,.T.);
#8103 = FACE_BOUND('',#8104,.T.);
#8104 = EDGE_LOOP('',(#8105,#8106));
#8105 = ORIENTED_EDGE('',*,*,#4156,.F.);
#8106 = ORIENTED_EDGE('',*,*,#3811,.F.);
#8107 = FACE_BOUND('',#8108,.T.);
#8108 = EDGE_LOOP('',(#8109));
#8109 = ORIENTED_EDGE('',*,*,#8110,.F.);
#8110 = EDGE_CURVE('',#8111,#8111,#8113,.T.);
#8111 = VERTEX_POINT('',#8112);
#8112 = CARTESIAN_POINT('',(26.3,99.75,6.2));
#8113 = SURFACE_CURVE('',#8114,(#8119,#8126),.PCURVE_S1.);
#8114 = CIRCLE('',#8115,2.7);
#8115 = AXIS2_PLACEMENT_3D('',#8116,#8117,#8118);
#8116 = CARTESIAN_POINT('',(23.6,99.75,6.2));
#8117 = DIRECTION('',(0.,0.,1.));
#8118 = DIRECTION('',(1.,0.,0.));
#8119 = PCURVE('',#3826,#8120);
#8120 = DEFINITIONAL_REPRESENTATION('',(#8121),#8125);
#8121 = CIRCLE('',#8122,2.7);
#8122 = AXIS2_PLACEMENT_2D('',#8123,#8124);
#8123 = CARTESIAN_POINT('',(3.552713678801E-15,0.));
#8124 = DIRECTION('',(1.,0.));
#8125 = ( GEOMETRIC_REPRESENTATION_CONTEXT(2) 
PARAMETRIC_REPRESENTATION_CONTEXT() REPRESENTATION_CONTEXT('2D SPACE',''
  ) );
#8126 = PCURVE('',#6111,#8127);
#8127 = DEFINITIONAL_REPRESENTATION('',(#8128),#8132);
#8128 = LINE('',#8129,#8130);
#8129 = CARTESIAN_POINT('',(-6.28318530718,-9.));
#8130 = VECTOR('',#8131,1.);
#8131 = DIRECTION('',(1.,-0.));
#8132 = ( GEOMETRIC_REPRESENTATION_CONTEXT(2) 
PARAMETRIC_REPRESENTATION_CONTEXT() REPRESENTATION_CONTEXT('2D SPACE',''
  ) );
#8133 = ADVANCED_FACE('',(#8134),#4409,.F.);
#8134 = FACE_BOUND('',#8135,.F.);
#8135 = EDGE_LOOP('',(#8136,#8157,#8158,#8159,#8160,#8161,#8180,#8181,
    #8182,#8183,#8202,#8203));
#8136 = ORIENTED_EDGE('',*,*,#8137,.F.);
#8137 = EDGE_CURVE('',#4373,#6200,#8138,.T.);
#8138 = SURFACE_CURVE('',#8139,(#8143,#8150),.PCURVE_S1.);
#8139 = LINE('',#8140,#8141);
#8140 = CARTESIAN_POINT('',(131.,11.,8.));
#8141 = VECTOR('',#8142,1.);
#8142 = DIRECTION('',(-0.,-0.,-1.));
#8143 = PCURVE('',#4409,#8144);
#8144 = DEFINITIONAL_REPRESENTATION('',(#8145),#8149);
#8145 = LINE('',#8146,#8147);
#8146 = CARTESIAN_POINT('',(98.,0.));
#8147 = VECTOR('',#8148,1.);
#8148 = DIRECTION('',(0.,-1.));
#8149 = ( GEOMETRIC_REPRESENTATION_CONTEXT(2) 
PARAMETRIC_REPRESENTATION_CONTEXT() REPRESENTATION_CONTEXT('2D SPACE',''
  ) );
#8150 = PCURVE('',#5243,#8151);
#8151 = DEFINITIONAL_REPRESENTATION('',(#8152),#8156);
#8152 = LINE('',#8153,#8154);
#8153 = CARTESIAN_POINT('',(0.,0.));
#8154 = VECTOR('',#8155,1.);
#8155 = DIRECTION('',(0.,-1.));
#8156 = ( GEOMETRIC_REPRESENTATION_CONTEXT(2) 
PARAMETRIC_REPRESENTATION_CONTEXT() REPRESENTATION_CONTEXT('2D SPACE',''
  ) );
#8157 = ORIENTED_EDGE('',*,*,#4395,.F.);
#8158 = ORIENTED_EDGE('',*,*,#7999,.T.);
#8159 = ORIENTED_EDGE('',*,*,#5944,.T.);
#8160 = ORIENTED_EDGE('',*,*,#7243,.T.);
#8161 = ORIENTED_EDGE('',*,*,#8162,.F.);
#8162 = EDGE_CURVE('',#7521,#7244,#8163,.T.);
#8163 = SURFACE_CURVE('',#8164,(#8168,#8174),.PCURVE_S1.);
#8164 = LINE('',#8165,#8166);
#8165 = CARTESIAN_POINT('',(36.053420160941,11.,0.4));
#8166 = VECTOR('',#8167,1.);
#8167 = DIRECTION('',(-1.,0.,0.));
#8168 = PCURVE('',#4409,#8169);
#8169 = DEFINITIONAL_REPRESENTATION('',(#8170),#8173);
#8170 = B_SPLINE_CURVE_WITH_KNOTS('',1,(#8171,#8172),.UNSPECIFIED.,.F.,
  .F.,(2,2),(-7.053420160941,0.946579839059),.PIECEWISE_BEZIER_KNOTS.);
#8171 = CARTESIAN_POINT('',(10.106840321881,-7.6));
#8172 = CARTESIAN_POINT('',(2.106840321881,-7.6));
#8173 = ( GEOMETRIC_REPRESENTATION_CONTEXT(2) 
PARAMETRIC_REPRESENTATION_CONTEXT() REPRESENTATION_CONTEXT('2D SPACE',''
  ) );
#8174 = PCURVE('',#7280,#8175);
#8175 = DEFINITIONAL_REPRESENTATION('',(#8176),#8179);
#8176 = B_SPLINE_CURVE_WITH_KNOTS('',1,(#8177,#8178),.UNSPECIFIED.,.F.,
  .F.,(2,2),(-7.053420160941,0.946579839059),.PIECEWISE_BEZIER_KNOTS.);
#8177 = CARTESIAN_POINT('',(4.,6.1013895));
#8178 = CARTESIAN_POINT('',(-4.,6.1013895));
#8179 = ( GEOMETRIC_REPRESENTATION_CONTEXT(2) 
PARAMETRIC_REPRESENTATION_CONTEXT() REPRESENTATION_CONTEXT('2D SPACE',''
  ) );
#8180 = ORIENTED_EDGE('',*,*,#7543,.T.);
#8181 = ORIENTED_EDGE('',*,*,#7590,.T.);
#8182 = ORIENTED_EDGE('',*,*,#7615,.T.);
#8183 = ORIENTED_EDGE('',*,*,#8184,.F.);
#8184 = EDGE_CURVE('',#7871,#7616,#8185,.T.);
#8185 = SURFACE_CURVE('',#8186,(#8190,#8196),.PCURVE_S1.);
#8186 = LINE('',#8187,#8188);
#8187 = CARTESIAN_POINT('',(79.053420160941,11.,0.4));
#8188 = VECTOR('',#8189,1.);
#8189 = DIRECTION('',(-1.,0.,0.));
#8190 = PCURVE('',#4409,#8191);
#8191 = DEFINITIONAL_REPRESENTATION('',(#8192),#8195);
#8192 = B_SPLINE_CURVE_WITH_KNOTS('',1,(#8193,#8194),.UNSPECIFIED.,.F.,
  .F.,(2,2),(-50.05342016094,-42.05342016094),.PIECEWISE_BEZIER_KNOTS.);
#8193 = CARTESIAN_POINT('',(96.106840321881,-7.6));
#8194 = CARTESIAN_POINT('',(88.106840321881,-7.6));
#8195 = ( GEOMETRIC_REPRESENTATION_CONTEXT(2) 
PARAMETRIC_REPRESENTATION_CONTEXT() REPRESENTATION_CONTEXT('2D SPACE',''
  ) );
#8196 = PCURVE('',#7652,#8197);
#8197 = DEFINITIONAL_REPRESENTATION('',(#8198),#8201);
#8198 = B_SPLINE_CURVE_WITH_KNOTS('',1,(#8199,#8200),.UNSPECIFIED.,.F.,
  .F.,(2,2),(-50.05342016094,-42.05342016094),.PIECEWISE_BEZIER_KNOTS.);
#8199 = CARTESIAN_POINT('',(4.,6.1013895));
#8200 = CARTESIAN_POINT('',(-4.,6.1013895));
#8201 = ( GEOMETRIC_REPRESENTATION_CONTEXT(2) 
PARAMETRIC_REPRESENTATION_CONTEXT() REPRESENTATION_CONTEXT('2D SPACE',''
  ) );
#8202 = ORIENTED_EDGE('',*,*,#7893,.T.);
#8203 = ORIENTED_EDGE('',*,*,#6222,.T.);
#8204 = ADVANCED_FACE('',(#8205),#4333,.F.);
#8205 = FACE_BOUND('',#8206,.T.);
#8206 = EDGE_LOOP('',(#8207,#8208,#8229,#8230,#8231,#8232));
#8207 = ORIENTED_EDGE('',*,*,#5307,.F.);
#8208 = ORIENTED_EDGE('',*,*,#8209,.T.);
#8209 = EDGE_CURVE('',#5257,#6273,#8210,.T.);
#8210 = SEAM_CURVE('',#8211,(#8215,#8222),.PCURVE_S1.);
#8211 = LINE('',#8212,#8213);
#8212 = CARTESIAN_POINT('',(134.5,9.,15.2));
#8213 = VECTOR('',#8214,1.);
#8214 = DIRECTION('',(0.,0.,-1.));
#8215 = PCURVE('',#4333,#8216);
#8216 = DEFINITIONAL_REPRESENTATION('',(#8217),#8221);
#8217 = LINE('',#8218,#8219);
#8218 = CARTESIAN_POINT('',(-6.28318530718,0.));
#8219 = VECTOR('',#8220,1.);
#8220 = DIRECTION('',(-0.,-1.));
#8221 = ( GEOMETRIC_REPRESENTATION_CONTEXT(2) 
PARAMETRIC_REPRESENTATION_CONTEXT() REPRESENTATION_CONTEXT('2D SPACE',''
  ) );
#8222 = PCURVE('',#4333,#8223);
#8223 = DEFINITIONAL_REPRESENTATION('',(#8224),#8228);
#8224 = LINE('',#8225,#8226);
#8225 = CARTESIAN_POINT('',(-0.,0.));
#8226 = VECTOR('',#8227,1.);
#8227 = DIRECTION('',(-0.,-1.));
#8228 = ( GEOMETRIC_REPRESENTATION_CONTEXT(2) 
PARAMETRIC_REPRESENTATION_CONTEXT() REPRESENTATION_CONTEXT('2D SPACE',''
  ) );
#8229 = ORIENTED_EDGE('',*,*,#6272,.F.);
#8230 = ORIENTED_EDGE('',*,*,#8209,.F.);
#8231 = ORIENTED_EDGE('',*,*,#5256,.F.);
#8232 = ORIENTED_EDGE('',*,*,#4316,.F.);
#8233 = ADVANCED_FACE('',(#8234,#8240),#4282,.T.);
#8234 = FACE_BOUND('',#8235,.T.);
#8235 = EDGE_LOOP('',(#8236,#8237,#8238,#8239));
#8236 = ORIENTED_EDGE('',*,*,#4600,.F.);
#8237 = ORIENTED_EDGE('',*,*,#4572,.F.);
#8238 = ORIENTED_EDGE('',*,*,#4632,.F.);
#8239 = ORIENTED_EDGE('',*,*,#4267,.F.);
#8240 = FACE_BOUND('',#8241,.T.);
#8241 = EDGE_LOOP('',(#8242));
#8242 = ORIENTED_EDGE('',*,*,#8243,.F.);
#8243 = EDGE_CURVE('',#8244,#8244,#8246,.T.);
#8244 = VERTEX_POINT('',#8245);
#8245 = CARTESIAN_POINT('',(142.5,7.,6.2));
#8246 = SURFACE_CURVE('',#8247,(#8252,#8259),.PCURVE_S1.);
#8247 = CIRCLE('',#8248,2.7);
#8248 = AXIS2_PLACEMENT_3D('',#8249,#8250,#8251);
#8249 = CARTESIAN_POINT('',(139.8,7.,6.2));
#8250 = DIRECTION('',(0.,0.,1.));
#8251 = DIRECTION('',(1.,0.,0.));
#8252 = PCURVE('',#4282,#8253);
#8253 = DEFINITIONAL_REPRESENTATION('',(#8254),#8258);
#8254 = CIRCLE('',#8255,2.7);
#8255 = AXIS2_PLACEMENT_2D('',#8256,#8257);
#8256 = CARTESIAN_POINT('',(0.,-8.881784197001E-16));
#8257 = DIRECTION('',(1.,0.));
#8258 = ( GEOMETRIC_REPRESENTATION_CONTEXT(2) 
PARAMETRIC_REPRESENTATION_CONTEXT() REPRESENTATION_CONTEXT('2D SPACE',''
  ) );
#8259 = PCURVE('',#6315,#8260);
#8260 = DEFINITIONAL_REPRESENTATION('',(#8261),#8265);
#8261 = LINE('',#8262,#8263);
#8262 = CARTESIAN_POINT('',(-6.28318530718,-9.));
#8263 = VECTOR('',#8264,1.);
#8264 = DIRECTION('',(1.,-0.));
#8265 = ( GEOMETRIC_REPRESENTATION_CONTEXT(2) 
PARAMETRIC_REPRESENTATION_CONTEXT() REPRESENTATION_CONTEXT('2D SPACE',''
  ) );
#8266 = ADVANCED_FACE('',(#8267),#5243,.F.);
#8267 = FACE_BOUND('',#8268,.F.);
#8268 = EDGE_LOOP('',(#8269,#8290,#8291,#8292));
#8269 = ORIENTED_EDGE('',*,*,#8270,.F.);
#8270 = EDGE_CURVE('',#5207,#6177,#8271,.T.);
#8271 = SURFACE_CURVE('',#8272,(#8276,#8283),.PCURVE_S1.);
#8272 = LINE('',#8273,#8274);
#8273 = CARTESIAN_POINT('',(131.,109.,8.));
#8274 = VECTOR('',#8275,1.);
#8275 = DIRECTION('',(-0.,-0.,-1.));
#8276 = PCURVE('',#5243,#8277);
#8277 = DEFINITIONAL_REPRESENTATION('',(#8278),#8282);
#8278 = LINE('',#8279,#8280);
#8279 = CARTESIAN_POINT('',(98.,0.));
#8280 = VECTOR('',#8281,1.);
#8281 = DIRECTION('',(0.,-1.));
#8282 = ( GEOMETRIC_REPRESENTATION_CONTEXT(2) 
PARAMETRIC_REPRESENTATION_CONTEXT() REPRESENTATION_CONTEXT('2D SPACE',''
  ) );
#8283 = PCURVE('',#5786,#8284);
#8284 = DEFINITIONAL_REPRESENTATION('',(#8285),#8289);
#8285 = LINE('',#8286,#8287);
#8286 = CARTESIAN_POINT('',(0.,0.));
#8287 = VECTOR('',#8288,1.);
#8288 = DIRECTION('',(0.,-1.));
#8289 = ( GEOMETRIC_REPRESENTATION_CONTEXT(2) 
PARAMETRIC_REPRESENTATION_CONTEXT() REPRESENTATION_CONTEXT('2D SPACE',''
  ) );
#8290 = ORIENTED_EDGE('',*,*,#5229,.F.);
#8291 = ORIENTED_EDGE('',*,*,#8137,.T.);
#8292 = ORIENTED_EDGE('',*,*,#6199,.T.);
#8293 = ADVANCED_FACE('',(#8294),#5116,.F.);
#8294 = FACE_BOUND('',#8295,.T.);
#8295 = EDGE_LOOP('',(#8296,#8297,#8318,#8319,#8320,#8321));
#8296 = ORIENTED_EDGE('',*,*,#5155,.F.);
#8297 = ORIENTED_EDGE('',*,*,#8298,.T.);
#8298 = EDGE_CURVE('',#5100,#6485,#8299,.T.);
#8299 = SEAM_CURVE('',#8300,(#8304,#8311),.PCURVE_S1.);
#8300 = LINE('',#8301,#8302);
#8301 = CARTESIAN_POINT('',(134.5,111.,15.2));
#8302 = VECTOR('',#8303,1.);
#8303 = DIRECTION('',(0.,0.,-1.));
#8304 = PCURVE('',#5116,#8305);
#8305 = DEFINITIONAL_REPRESENTATION('',(#8306),#8310);
#8306 = LINE('',#8307,#8308);
#8307 = CARTESIAN_POINT('',(-6.28318530718,0.));
#8308 = VECTOR('',#8309,1.);
#8309 = DIRECTION('',(-0.,-1.));
#8310 = ( GEOMETRIC_REPRESENTATION_CONTEXT(2) 
PARAMETRIC_REPRESENTATION_CONTEXT() REPRESENTATION_CONTEXT('2D SPACE',''
  ) );
#8311 = PCURVE('',#5116,#8312);
#8312 = DEFINITIONAL_REPRESENTATION('',(#8313),#8317);
#8313 = LINE('',#8314,#8315);
#8314 = CARTESIAN_POINT('',(-0.,0.));
#8315 = VECTOR('',#8316,1.);
#8316 = DIRECTION('',(-0.,-1.));
#8317 = ( GEOMETRIC_REPRESENTATION_CONTEXT(2) 
PARAMETRIC_REPRESENTATION_CONTEXT() REPRESENTATION_CONTEXT('2D SPACE',''
  ) );
#8318 = ORIENTED_EDGE('',*,*,#6484,.F.);
#8319 = ORIENTED_EDGE('',*,*,#8298,.F.);
#8320 = ORIENTED_EDGE('',*,*,#5099,.F.);
#8321 = ORIENTED_EDGE('',*,*,#5799,.F.);
#8322 = ADVANCED_FACE('',(#8323,#8329),#5065,.T.);
#8323 = FACE_BOUND('',#8324,.T.);
#8324 = EDGE_LOOP('',(#8325,#8326,#8327,#8328));
#8325 = ORIENTED_EDGE('',*,*,#5617,.F.);
#8326 = ORIENTED_EDGE('',*,*,#5589,.F.);
#8327 = ORIENTED_EDGE('',*,*,#5649,.F.);
#8328 = ORIENTED_EDGE('',*,*,#5050,.F.);
#8329 = FACE_BOUND('',#8330,.T.);
#8330 = EDGE_LOOP('',(#8331));
#8331 = ORIENTED_EDGE('',*,*,#8332,.F.);
#8332 = EDGE_CURVE('',#8333,#8333,#8335,.T.);
#8333 = VERTEX_POINT('',#8334);
#8334 = CARTESIAN_POINT('',(142.5,113.,6.2));
#8335 = SURFACE_CURVE('',#8336,(#8341,#8348),.PCURVE_S1.);
#8336 = CIRCLE('',#8337,2.7);
#8337 = AXIS2_PLACEMENT_3D('',#8338,#8339,#8340);
#8338 = CARTESIAN_POINT('',(139.8,113.,6.2));
#8339 = DIRECTION('',(0.,0.,1.));
#8340 = DIRECTION('',(1.,0.,0.));
#8341 = PCURVE('',#5065,#8342);
#8342 = DEFINITIONAL_REPRESENTATION('',(#8343),#8347);
#8343 = CIRCLE('',#8344,2.7);
#8344 = AXIS2_PLACEMENT_2D('',#8345,#8346);
#8345 = CARTESIAN_POINT('',(0.,0.));
#8346 = DIRECTION('',(1.,0.));
#8347 = ( GEOMETRIC_REPRESENTATION_CONTEXT(2) 
PARAMETRIC_REPRESENTATION_CONTEXT() REPRESENTATION_CONTEXT('2D SPACE',''
  ) );
#8348 = PCURVE('',#6527,#8349);
#8349 = DEFINITIONAL_REPRESENTATION('',(#8350),#8354);
#8350 = LINE('',#8351,#8352);
#8351 = CARTESIAN_POINT('',(-6.28318530718,-9.));
#8352 = VECTOR('',#8353,1.);
#8353 = DIRECTION('',(1.,-0.));
#8354 = ( GEOMETRIC_REPRESENTATION_CONTEXT(2) 
PARAMETRIC_REPRESENTATION_CONTEXT() REPRESENTATION_CONTEXT('2D SPACE',''
  ) );
#8355 = ADVANCED_FACE('',(#8356,#8361),#4948,.T.);
#8356 = FACE_BOUND('',#8357,.T.);
#8357 = EDGE_LOOP('',(#8358,#8359,#8360));
#8358 = ORIENTED_EDGE('',*,*,#5511,.F.);
#8359 = ORIENTED_EDGE('',*,*,#5483,.F.);
#8360 = ORIENTED_EDGE('',*,*,#4933,.F.);
#8361 = FACE_BOUND('',#8362,.T.);
#8362 = EDGE_LOOP('',(#8363));
#8363 = ORIENTED_EDGE('',*,*,#8364,.F.);
#8364 = EDGE_CURVE('',#8365,#8365,#8367,.T.);
#8365 = VERTEX_POINT('',#8366);
#8366 = CARTESIAN_POINT('',(142.5,86.5,6.2));
#8367 = SURFACE_CURVE('',#8368,(#8373,#8380),.PCURVE_S1.);
#8368 = CIRCLE('',#8369,2.7);
#8369 = AXIS2_PLACEMENT_3D('',#8370,#8371,#8372);
#8370 = CARTESIAN_POINT('',(139.8,86.5,6.2));
#8371 = DIRECTION('',(0.,0.,1.));
#8372 = DIRECTION('',(1.,0.,0.));
#8373 = PCURVE('',#4948,#8374);
#8374 = DEFINITIONAL_REPRESENTATION('',(#8375),#8379);
#8375 = CIRCLE('',#8376,2.7);
#8376 = AXIS2_PLACEMENT_2D('',#8377,#8378);
#8377 = CARTESIAN_POINT('',(0.,0.));
#8378 = DIRECTION('',(1.,0.));
#8379 = ( GEOMETRIC_REPRESENTATION_CONTEXT(2) 
PARAMETRIC_REPRESENTATION_CONTEXT() REPRESENTATION_CONTEXT('2D SPACE',''
  ) );
#8380 = PCURVE('',#6439,#8381);
#8381 = DEFINITIONAL_REPRESENTATION('',(#8382),#8386);
#8382 = LINE('',#8383,#8384);
#8383 = CARTESIAN_POINT('',(-6.28318530718,-9.));
#8384 = VECTOR('',#8385,1.);
#8385 = DIRECTION('',(1.,-0.));
#8386 = ( GEOMETRIC_REPRESENTATION_CONTEXT(2) 
PARAMETRIC_REPRESENTATION_CONTEXT() REPRESENTATION_CONTEXT('2D SPACE',''
  ) );
#8387 = ADVANCED_FACE('',(#8388,#8393),#4831,.T.);
#8388 = FACE_BOUND('',#8389,.T.);
#8389 = EDGE_LOOP('',(#8390,#8391,#8392));
#8390 = ORIENTED_EDGE('',*,*,#5450,.F.);
#8391 = ORIENTED_EDGE('',*,*,#5422,.F.);
#8392 = ORIENTED_EDGE('',*,*,#4816,.F.);
#8393 = FACE_BOUND('',#8394,.T.);
#8394 = EDGE_LOOP('',(#8395));
#8395 = ORIENTED_EDGE('',*,*,#8396,.F.);
#8396 = EDGE_CURVE('',#8397,#8397,#8399,.T.);
#8397 = VERTEX_POINT('',#8398);
#8398 = CARTESIAN_POINT('',(142.5,60.,6.2));
#8399 = SURFACE_CURVE('',#8400,(#8405,#8412),.PCURVE_S1.);
#8400 = CIRCLE('',#8401,2.7);
#8401 = AXIS2_PLACEMENT_3D('',#8402,#8403,#8404);
#8402 = CARTESIAN_POINT('',(139.8,60.,6.2));
#8403 = DIRECTION('',(0.,0.,1.));
#8404 = DIRECTION('',(1.,0.,0.));
#8405 = PCURVE('',#4831,#8406);
#8406 = DEFINITIONAL_REPRESENTATION('',(#8407),#8411);
#8407 = CIRCLE('',#8408,2.7);
#8408 = AXIS2_PLACEMENT_2D('',#8409,#8410);
#8409 = CARTESIAN_POINT('',(0.,0.));
#8410 = DIRECTION('',(1.,0.));
#8411 = ( GEOMETRIC_REPRESENTATION_CONTEXT(2) 
PARAMETRIC_REPRESENTATION_CONTEXT() REPRESENTATION_CONTEXT('2D SPACE',''
  ) );
#8412 = PCURVE('',#6408,#8413);
#8413 = DEFINITIONAL_REPRESENTATION('',(#8414),#8418);
#8414 = LINE('',#8415,#8416);
#8415 = CARTESIAN_POINT('',(-6.28318530718,-9.));
#8416 = VECTOR('',#8417,1.);
#8417 = DIRECTION('',(1.,-0.));
#8418 = ( GEOMETRIC_REPRESENTATION_CONTEXT(2) 
PARAMETRIC_REPRESENTATION_CONTEXT() REPRESENTATION_CONTEXT('2D SPACE',''
  ) );
#8419 = ADVANCED_FACE('',(#8420,#8425),#4714,.T.);
#8420 = FACE_BOUND('',#8421,.T.);
#8421 = EDGE_LOOP('',(#8422,#8423,#8424));
#8422 = ORIENTED_EDGE('',*,*,#5389,.F.);
#8423 = ORIENTED_EDGE('',*,*,#5361,.F.);
#8424 = ORIENTED_EDGE('',*,*,#4699,.F.);
#8425 = FACE_BOUND('',#8426,.T.);
#8426 = EDGE_LOOP('',(#8427));
#8427 = ORIENTED_EDGE('',*,*,#8428,.F.);
#8428 = EDGE_CURVE('',#8429,#8429,#8431,.T.);
#8429 = VERTEX_POINT('',#8430);
#8430 = CARTESIAN_POINT('',(142.5,33.5,6.2));
#8431 = SURFACE_CURVE('',#8432,(#8437,#8444),.PCURVE_S1.);
#8432 = CIRCLE('',#8433,2.7);
#8433 = AXIS2_PLACEMENT_3D('',#8434,#8435,#8436);
#8434 = CARTESIAN_POINT('',(139.8,33.5,6.2));
#8435 = DIRECTION('',(0.,0.,1.));
#8436 = DIRECTION('',(1.,0.,0.));
#8437 = PCURVE('',#4714,#8438);
#8438 = DEFINITIONAL_REPRESENTATION('',(#8439),#8443);
#8439 = CIRCLE('',#8440,2.7);
#8440 = AXIS2_PLACEMENT_2D('',#8441,#8442);
#8441 = CARTESIAN_POINT('',(0.,0.));
#8442 = DIRECTION('',(1.,0.));
#8443 = ( GEOMETRIC_REPRESENTATION_CONTEXT(2) 
PARAMETRIC_REPRESENTATION_CONTEXT() REPRESENTATION_CONTEXT('2D SPACE',''
  ) );
#8444 = PCURVE('',#6377,#8445);
#8445 = DEFINITIONAL_REPRESENTATION('',(#8446),#8450);
#8446 = LINE('',#8447,#8448);
#8447 = CARTESIAN_POINT('',(-6.28318530718,-9.));
#8448 = VECTOR('',#8449,1.);
#8449 = DIRECTION('',(1.,-0.));
#8450 = ( GEOMETRIC_REPRESENTATION_CONTEXT(2) 
PARAMETRIC_REPRESENTATION_CONTEXT() REPRESENTATION_CONTEXT('2D SPACE',''
  ) );
#8451 = ADVANCED_FACE('',(#8452),#5786,.F.);
#8452 = FACE_BOUND('',#8453,.F.);
#8453 = EDGE_LOOP('',(#8454,#8455,#8456,#8457,#8458,#8459,#8478,#8479,
    #8480,#8481,#8500,#8501));
#8454 = ORIENTED_EDGE('',*,*,#8021,.F.);
#8455 = ORIENTED_EDGE('',*,*,#5772,.F.);
#8456 = ORIENTED_EDGE('',*,*,#8270,.T.);
#8457 = ORIENTED_EDGE('',*,*,#6176,.T.);
#8458 = ORIENTED_EDGE('',*,*,#6543,.T.);
#8459 = ORIENTED_EDGE('',*,*,#8460,.F.);
#8460 = EDGE_CURVE('',#6821,#6544,#8461,.T.);
#8461 = SURFACE_CURVE('',#8462,(#8466,#8472),.PCURVE_S1.);
#8462 = LINE('',#8463,#8464);
#8463 = CARTESIAN_POINT('',(127.94657983905,109.,0.4));
#8464 = VECTOR('',#8465,1.);
#8465 = DIRECTION('',(1.,0.,0.));
#8466 = PCURVE('',#5786,#8467);
#8467 = DEFINITIONAL_REPRESENTATION('',(#8468),#8471);
#8468 = B_SPLINE_CURVE_WITH_KNOTS('',1,(#8469,#8470),.UNSPECIFIED.,.F.,
  .F.,(2,2),(-7.053420160941,0.946579839059),.PIECEWISE_BEZIER_KNOTS.);
#8469 = CARTESIAN_POINT('',(10.106840321881,-7.6));
#8470 = CARTESIAN_POINT('',(2.106840321881,-7.6));
#8471 = ( GEOMETRIC_REPRESENTATION_CONTEXT(2) 
PARAMETRIC_REPRESENTATION_CONTEXT() REPRESENTATION_CONTEXT('2D SPACE',''
  ) );
#8472 = PCURVE('',#6580,#8473);
#8473 = DEFINITIONAL_REPRESENTATION('',(#8474),#8477);
#8474 = B_SPLINE_CURVE_WITH_KNOTS('',1,(#8475,#8476),.UNSPECIFIED.,.F.,
  .F.,(2,2),(-7.053420160941,0.946579839059),.PIECEWISE_BEZIER_KNOTS.);
#8475 = CARTESIAN_POINT('',(4.,6.1013895));
#8476 = CARTESIAN_POINT('',(-4.,6.1013895));
#8477 = ( GEOMETRIC_REPRESENTATION_CONTEXT(2) 
PARAMETRIC_REPRESENTATION_CONTEXT() REPRESENTATION_CONTEXT('2D SPACE',''
  ) );
#8478 = ORIENTED_EDGE('',*,*,#6843,.T.);
#8479 = ORIENTED_EDGE('',*,*,#6889,.T.);
#8480 = ORIENTED_EDGE('',*,*,#6915,.T.);
#8481 = ORIENTED_EDGE('',*,*,#8482,.F.);
#8482 = EDGE_CURVE('',#7171,#6916,#8483,.T.);
#8483 = SURFACE_CURVE('',#8484,(#8488,#8494),.PCURVE_S1.);
#8484 = LINE('',#8485,#8486);
#8485 = CARTESIAN_POINT('',(84.946579839059,109.,0.4));
#8486 = VECTOR('',#8487,1.);
#8487 = DIRECTION('',(1.,0.,0.));
#8488 = PCURVE('',#5786,#8489);
#8489 = DEFINITIONAL_REPRESENTATION('',(#8490),#8493);
#8490 = B_SPLINE_CURVE_WITH_KNOTS('',1,(#8491,#8492),.UNSPECIFIED.,.F.,
  .F.,(2,2),(-50.05342016094,-42.05342016094),.PIECEWISE_BEZIER_KNOTS.);
#8491 = CARTESIAN_POINT('',(96.106840321881,-7.6));
#8492 = CARTESIAN_POINT('',(88.106840321881,-7.6));
#8493 = ( GEOMETRIC_REPRESENTATION_CONTEXT(2) 
PARAMETRIC_REPRESENTATION_CONTEXT() REPRESENTATION_CONTEXT('2D SPACE',''
  ) );
#8494 = PCURVE('',#6952,#8495);
#8495 = DEFINITIONAL_REPRESENTATION('',(#8496),#8499);
#8496 = B_SPLINE_CURVE_WITH_KNOTS('',1,(#8497,#8498),.UNSPECIFIED.,.F.,
  .F.,(2,2),(-50.05342016094,-42.05342016094),.PIECEWISE_BEZIER_KNOTS.);
#8497 = CARTESIAN_POINT('',(4.,6.1013895));
#8498 = CARTESIAN_POINT('',(-4.,6.1013895));
#8499 = ( GEOMETRIC_REPRESENTATION_CONTEXT(2) 
PARAMETRIC_REPRESENTATION_CONTEXT() REPRESENTATION_CONTEXT('2D SPACE',''
  ) );
#8500 = ORIENTED_EDGE('',*,*,#7193,.T.);
#8501 = ORIENTED_EDGE('',*,*,#5990,.T.);
#8502 = ADVANCED_FACE('',(#8503,#8506),#5890,.T.);
#8503 = FACE_BOUND('',#8504,.T.);
#8504 = EDGE_LOOP('',(#8505));
#8505 = ORIENTED_EDGE('',*,*,#5875,.F.);
#8506 = FACE_BOUND('',#8507,.T.);
#8507 = EDGE_LOOP('',(#8508));
#8508 = ORIENTED_EDGE('',*,*,#8509,.F.);
#8509 = EDGE_CURVE('',#8510,#8510,#8512,.T.);
#8510 = VERTEX_POINT('',#8511);
#8511 = CARTESIAN_POINT('',(159.1,99.75,6.2));
#8512 = SURFACE_CURVE('',#8513,(#8518,#8525),.PCURVE_S1.);
#8513 = CIRCLE('',#8514,2.7);
#8514 = AXIS2_PLACEMENT_3D('',#8515,#8516,#8517);
#8515 = CARTESIAN_POINT('',(156.4,99.75,6.2));
#8516 = DIRECTION('',(0.,0.,1.));
#8517 = DIRECTION('',(1.,0.,0.));
#8518 = PCURVE('',#5890,#8519);
#8519 = DEFINITIONAL_REPRESENTATION('',(#8520),#8524);
#8520 = CIRCLE('',#8521,2.7);
#8521 = AXIS2_PLACEMENT_2D('',#8522,#8523);
#8522 = CARTESIAN_POINT('',(0.,0.));
#8523 = DIRECTION('',(1.,0.));
#8524 = ( GEOMETRIC_REPRESENTATION_CONTEXT(2) 
PARAMETRIC_REPRESENTATION_CONTEXT() REPRESENTATION_CONTEXT('2D SPACE',''
  ) );
#8525 = PCURVE('',#6470,#8526);
#8526 = DEFINITIONAL_REPRESENTATION('',(#8527),#8531);
#8527 = LINE('',#8528,#8529);
#8528 = CARTESIAN_POINT('',(-6.28318530718,-9.));
#8529 = VECTOR('',#8530,1.);
#8530 = DIRECTION('',(1.,-0.));
#8531 = ( GEOMETRIC_REPRESENTATION_CONTEXT(2) 
PARAMETRIC_REPRESENTATION_CONTEXT() REPRESENTATION_CONTEXT('2D SPACE',''
  ) );
#8532 = ADVANCED_FACE('',(#8533),#6080,.F.);
#8533 = FACE_BOUND('',#8534,.T.);
#8534 = EDGE_LOOP('',(#8535,#8556,#8557,#8558));
#8535 = ORIENTED_EDGE('',*,*,#8536,.F.);
#8536 = EDGE_CURVE('',#8080,#6064,#8537,.T.);
#8537 = SEAM_CURVE('',#8538,(#8542,#8549),.PCURVE_S1.);
#8538 = LINE('',#8539,#8540);
#8539 = CARTESIAN_POINT('',(26.3,20.25,15.2));
#8540 = VECTOR('',#8541,1.);
#8541 = DIRECTION('',(0.,0.,-1.));
#8542 = PCURVE('',#6080,#8543);
#8543 = DEFINITIONAL_REPRESENTATION('',(#8544),#8548);
#8544 = LINE('',#8545,#8546);
#8545 = CARTESIAN_POINT('',(-6.28318530718,0.));
#8546 = VECTOR('',#8547,1.);
#8547 = DIRECTION('',(-0.,-1.));
#8548 = ( GEOMETRIC_REPRESENTATION_CONTEXT(2) 
PARAMETRIC_REPRESENTATION_CONTEXT() REPRESENTATION_CONTEXT('2D SPACE',''
  ) );
#8549 = PCURVE('',#6080,#8550);
#8550 = DEFINITIONAL_REPRESENTATION('',(#8551),#8555);
#8551 = LINE('',#8552,#8553);
#8552 = CARTESIAN_POINT('',(-0.,0.));
#8553 = VECTOR('',#8554,1.);
#8554 = DIRECTION('',(-0.,-1.));
#8555 = ( GEOMETRIC_REPRESENTATION_CONTEXT(2) 
PARAMETRIC_REPRESENTATION_CONTEXT() REPRESENTATION_CONTEXT('2D SPACE',''
  ) );
#8556 = ORIENTED_EDGE('',*,*,#8079,.T.);
#8557 = ORIENTED_EDGE('',*,*,#8536,.T.);
#8558 = ORIENTED_EDGE('',*,*,#6063,.F.);
#8559 = ADVANCED_FACE('',(#8560),#6111,.F.);
#8560 = FACE_BOUND('',#8561,.T.);
#8561 = EDGE_LOOP('',(#8562,#8583,#8584,#8585));
#8562 = ORIENTED_EDGE('',*,*,#8563,.F.);
#8563 = EDGE_CURVE('',#8111,#6095,#8564,.T.);
#8564 = SEAM_CURVE('',#8565,(#8569,#8576),.PCURVE_S1.);
#8565 = LINE('',#8566,#8567);
#8566 = CARTESIAN_POINT('',(26.3,99.75,15.2));
#8567 = VECTOR('',#8568,1.);
#8568 = DIRECTION('',(0.,0.,-1.));
#8569 = PCURVE('',#6111,#8570);
#8570 = DEFINITIONAL_REPRESENTATION('',(#8571),#8575);
#8571 = LINE('',#8572,#8573);
#8572 = CARTESIAN_POINT('',(-6.28318530718,0.));
#8573 = VECTOR('',#8574,1.);
#8574 = DIRECTION('',(-0.,-1.));
#8575 = ( GEOMETRIC_REPRESENTATION_CONTEXT(2) 
PARAMETRIC_REPRESENTATION_CONTEXT() REPRESENTATION_CONTEXT('2D SPACE',''
  ) );
#8576 = PCURVE('',#6111,#8577);
#8577 = DEFINITIONAL_REPRESENTATION('',(#8578),#8582);
#8578 = LINE('',#8579,#8580);
#8579 = CARTESIAN_POINT('',(-0.,0.));
#8580 = VECTOR('',#8581,1.);
#8581 = DIRECTION('',(-0.,-1.));
#8582 = ( GEOMETRIC_REPRESENTATION_CONTEXT(2) 
PARAMETRIC_REPRESENTATION_CONTEXT() REPRESENTATION_CONTEXT('2D SPACE',''
  ) );
#8583 = ORIENTED_EDGE('',*,*,#8110,.T.);
#8584 = ORIENTED_EDGE('',*,*,#8563,.T.);
#8585 = ORIENTED_EDGE('',*,*,#6094,.F.);
#8586 = ADVANCED_FACE('',(#8587),#6315,.F.);
#8587 = FACE_BOUND('',#8588,.T.);
#8588 = EDGE_LOOP('',(#8589,#8610,#8611,#8612));
#8589 = ORIENTED_EDGE('',*,*,#8590,.F.);
#8590 = EDGE_CURVE('',#8244,#6299,#8591,.T.);
#8591 = SEAM_CURVE('',#8592,(#8596,#8603),.PCURVE_S1.);
#8592 = LINE('',#8593,#8594);
#8593 = CARTESIAN_POINT('',(142.5,7.,15.2));
#8594 = VECTOR('',#8595,1.);
#8595 = DIRECTION('',(0.,0.,-1.));
#8596 = PCURVE('',#6315,#8597);
#8597 = DEFINITIONAL_REPRESENTATION('',(#8598),#8602);
#8598 = LINE('',#8599,#8600);
#8599 = CARTESIAN_POINT('',(-6.28318530718,0.));
#8600 = VECTOR('',#8601,1.);
#8601 = DIRECTION('',(-0.,-1.));
#8602 = ( GEOMETRIC_REPRESENTATION_CONTEXT(2) 
PARAMETRIC_REPRESENTATION_CONTEXT() REPRESENTATION_CONTEXT('2D SPACE',''
  ) );
#8603 = PCURVE('',#6315,#8604);
#8604 = DEFINITIONAL_REPRESENTATION('',(#8605),#8609);
#8605 = LINE('',#8606,#8607);
#8606 = CARTESIAN_POINT('',(-0.,0.));
#8607 = VECTOR('',#8608,1.);
#8608 = DIRECTION('',(-0.,-1.));
#8609 = ( GEOMETRIC_REPRESENTATION_CONTEXT(2) 
PARAMETRIC_REPRESENTATION_CONTEXT() REPRESENTATION_CONTEXT('2D SPACE',''
  ) );
#8610 = ORIENTED_EDGE('',*,*,#8243,.T.);
#8611 = ORIENTED_EDGE('',*,*,#8590,.T.);
#8612 = ORIENTED_EDGE('',*,*,#6298,.F.);
#8613 = ADVANCED_FACE('',(#8614),#6346,.F.);
#8614 = FACE_BOUND('',#8615,.T.);
#8615 = EDGE_LOOP('',(#8616,#8637,#8638,#8639));
#8616 = ORIENTED_EDGE('',*,*,#8617,.F.);
#8617 = EDGE_CURVE('',#7944,#6330,#8618,.T.);
#8618 = SEAM_CURVE('',#8619,(#8623,#8630),.PCURVE_S1.);
#8619 = LINE('',#8620,#8621);
#8620 = CARTESIAN_POINT('',(159.1,20.25,15.2));
#8621 = VECTOR('',#8622,1.);
#8622 = DIRECTION('',(0.,0.,-1.));
#8623 = PCURVE('',#6346,#8624);
#8624 = DEFINITIONAL_REPRESENTATION('',(#8625),#8629);
#8625 = LINE('',#8626,#8627);
#8626 = CARTESIAN_POINT('',(-6.28318530718,0.));
#8627 = VECTOR('',#8628,1.);
#8628 = DIRECTION('',(-0.,-1.));
#8629 = ( GEOMETRIC_REPRESENTATION_CONTEXT(2) 
PARAMETRIC_REPRESENTATION_CONTEXT() REPRESENTATION_CONTEXT('2D SPACE',''
  ) );
#8630 = PCURVE('',#6346,#8631);
#8631 = DEFINITIONAL_REPRESENTATION('',(#8632),#8636);
#8632 = LINE('',#8633,#8634);
#8633 = CARTESIAN_POINT('',(-0.,0.));
#8634 = VECTOR('',#8635,1.);
#8635 = DIRECTION('',(-0.,-1.));
#8636 = ( GEOMETRIC_REPRESENTATION_CONTEXT(2) 
PARAMETRIC_REPRESENTATION_CONTEXT() REPRESENTATION_CONTEXT('2D SPACE',''
  ) );
#8637 = ORIENTED_EDGE('',*,*,#7943,.T.);
#8638 = ORIENTED_EDGE('',*,*,#8617,.T.);
#8639 = ORIENTED_EDGE('',*,*,#6329,.F.);
#8640 = ADVANCED_FACE('',(#8641),#6377,.F.);
#8641 = FACE_BOUND('',#8642,.T.);
#8642 = EDGE_LOOP('',(#8643,#8664,#8665,#8666));
#8643 = ORIENTED_EDGE('',*,*,#8644,.F.);
#8644 = EDGE_CURVE('',#8429,#6361,#8645,.T.);
#8645 = SEAM_CURVE('',#8646,(#8650,#8657),.PCURVE_S1.);
#8646 = LINE('',#8647,#8648);
#8647 = CARTESIAN_POINT('',(142.5,33.5,15.2));
#8648 = VECTOR('',#8649,1.);
#8649 = DIRECTION('',(0.,0.,-1.));
#8650 = PCURVE('',#6377,#8651);
#8651 = DEFINITIONAL_REPRESENTATION('',(#8652),#8656);
#8652 = LINE('',#8653,#8654);
#8653 = CARTESIAN_POINT('',(-6.28318530718,0.));
#8654 = VECTOR('',#8655,1.);
#8655 = DIRECTION('',(-0.,-1.));
#8656 = ( GEOMETRIC_REPRESENTATION_CONTEXT(2) 
PARAMETRIC_REPRESENTATION_CONTEXT() REPRESENTATION_CONTEXT('2D SPACE',''
  ) );
#8657 = PCURVE('',#6377,#8658);
#8658 = DEFINITIONAL_REPRESENTATION('',(#8659),#8663);
#8659 = LINE('',#8660,#8661);
#8660 = CARTESIAN_POINT('',(-0.,0.));
#8661 = VECTOR('',#8662,1.);
#8662 = DIRECTION('',(-0.,-1.));
#8663 = ( GEOMETRIC_REPRESENTATION_CONTEXT(2) 
PARAMETRIC_REPRESENTATION_CONTEXT() REPRESENTATION_CONTEXT('2D SPACE',''
  ) );
#8664 = ORIENTED_EDGE('',*,*,#8428,.T.);
#8665 = ORIENTED_EDGE('',*,*,#8644,.T.);
#8666 = ORIENTED_EDGE('',*,*,#6360,.F.);
#8667 = ADVANCED_FACE('',(#8668),#6408,.F.);
#8668 = FACE_BOUND('',#8669,.T.);
#8669 = EDGE_LOOP('',(#8670,#8691,#8692,#8693));
#8670 = ORIENTED_EDGE('',*,*,#8671,.F.);
#8671 = EDGE_CURVE('',#8397,#6392,#8672,.T.);
#8672 = SEAM_CURVE('',#8673,(#8677,#8684),.PCURVE_S1.);
#8673 = LINE('',#8674,#8675);
#8674 = CARTESIAN_POINT('',(142.5,60.,15.2));
#8675 = VECTOR('',#8676,1.);
#8676 = DIRECTION('',(0.,0.,-1.));
#8677 = PCURVE('',#6408,#8678);
#8678 = DEFINITIONAL_REPRESENTATION('',(#8679),#8683);
#8679 = LINE('',#8680,#8681);
#8680 = CARTESIAN_POINT('',(-6.28318530718,0.));
#8681 = VECTOR('',#8682,1.);
#8682 = DIRECTION('',(-0.,-1.));
#8683 = ( GEOMETRIC_REPRESENTATION_CONTEXT(2) 
PARAMETRIC_REPRESENTATION_CONTEXT() REPRESENTATION_CONTEXT('2D SPACE',''
  ) );
#8684 = PCURVE('',#6408,#8685);
#8685 = DEFINITIONAL_REPRESENTATION('',(#8686),#8690);
#8686 = LINE('',#8687,#8688);
#8687 = CARTESIAN_POINT('',(-0.,0.));
#8688 = VECTOR('',#8689,1.);
#8689 = DIRECTION('',(-0.,-1.));
#8690 = ( GEOMETRIC_REPRESENTATION_CONTEXT(2) 
PARAMETRIC_REPRESENTATION_CONTEXT() REPRESENTATION_CONTEXT('2D SPACE',''
  ) );
#8691 = ORIENTED_EDGE('',*,*,#8396,.T.);
#8692 = ORIENTED_EDGE('',*,*,#8671,.T.);
#8693 = ORIENTED_EDGE('',*,*,#6391,.F.);
#8694 = ADVANCED_FACE('',(#8695),#6439,.F.);
#8695 = FACE_BOUND('',#8696,.T.);
#8696 = EDGE_LOOP('',(#8697,#8718,#8719,#8720));
#8697 = ORIENTED_EDGE('',*,*,#8698,.F.);
#8698 = EDGE_CURVE('',#8365,#6423,#8699,.T.);
#8699 = SEAM_CURVE('',#8700,(#8704,#8711),.PCURVE_S1.);
#8700 = LINE('',#8701,#8702);
#8701 = CARTESIAN_POINT('',(142.5,86.5,15.2));
#8702 = VECTOR('',#8703,1.);
#8703 = DIRECTION('',(0.,0.,-1.));
#8704 = PCURVE('',#6439,#8705);
#8705 = DEFINITIONAL_REPRESENTATION('',(#8706),#8710);
#8706 = LINE('',#8707,#8708);
#8707 = CARTESIAN_POINT('',(-6.28318530718,0.));
#8708 = VECTOR('',#8709,1.);
#8709 = DIRECTION('',(-0.,-1.));
#8710 = ( GEOMETRIC_REPRESENTATION_CONTEXT(2) 
PARAMETRIC_REPRESENTATION_CONTEXT() REPRESENTATION_CONTEXT('2D SPACE',''
  ) );
#8711 = PCURVE('',#6439,#8712);
#8712 = DEFINITIONAL_REPRESENTATION('',(#8713),#8717);
#8713 = LINE('',#8714,#8715);
#8714 = CARTESIAN_POINT('',(-0.,0.));
#8715 = VECTOR('',#8716,1.);
#8716 = DIRECTION('',(-0.,-1.));
#8717 = ( GEOMETRIC_REPRESENTATION_CONTEXT(2) 
PARAMETRIC_REPRESENTATION_CONTEXT() REPRESENTATION_CONTEXT('2D SPACE',''
  ) );
#8718 = ORIENTED_EDGE('',*,*,#8364,.T.);
#8719 = ORIENTED_EDGE('',*,*,#8698,.T.);
#8720 = ORIENTED_EDGE('',*,*,#6422,.F.);
#8721 = ADVANCED_FACE('',(#8722),#6470,.F.);
#8722 = FACE_BOUND('',#8723,.T.);
#8723 = EDGE_LOOP('',(#8724,#8745,#8746,#8747));
#8724 = ORIENTED_EDGE('',*,*,#8725,.F.);
#8725 = EDGE_CURVE('',#8510,#6454,#8726,.T.);
#8726 = SEAM_CURVE('',#8727,(#8731,#8738),.PCURVE_S1.);
#8727 = LINE('',#8728,#8729);
#8728 = CARTESIAN_POINT('',(159.1,99.75,15.2));
#8729 = VECTOR('',#8730,1.);
#8730 = DIRECTION('',(0.,0.,-1.));
#8731 = PCURVE('',#6470,#8732);
#8732 = DEFINITIONAL_REPRESENTATION('',(#8733),#8737);
#8733 = LINE('',#8734,#8735);
#8734 = CARTESIAN_POINT('',(-6.28318530718,0.));
#8735 = VECTOR('',#8736,1.);
#8736 = DIRECTION('',(-0.,-1.));
#8737 = ( GEOMETRIC_REPRESENTATION_CONTEXT(2) 
PARAMETRIC_REPRESENTATION_CONTEXT() REPRESENTATION_CONTEXT('2D SPACE',''
  ) );
#8738 = PCURVE('',#6470,#8739);
#8739 = DEFINITIONAL_REPRESENTATION('',(#8740),#8744);
#8740 = LINE('',#8741,#8742);
#8741 = CARTESIAN_POINT('',(-0.,0.));
#8742 = VECTOR('',#8743,1.);
#8743 = DIRECTION('',(-0.,-1.));
#8744 = ( GEOMETRIC_REPRESENTATION_CONTEXT(2) 
PARAMETRIC_REPRESENTATION_CONTEXT() REPRESENTATION_CONTEXT('2D SPACE',''
  ) );
#8745 = ORIENTED_EDGE('',*,*,#8509,.T.);
#8746 = ORIENTED_EDGE('',*,*,#8725,.T.);
#8747 = ORIENTED_EDGE('',*,*,#6453,.F.);
#8748 = ADVANCED_FACE('',(#8749),#6527,.F.);
#8749 = FACE_BOUND('',#8750,.T.);
#8750 = EDGE_LOOP('',(#8751,#8772,#8773,#8774));
#8751 = ORIENTED_EDGE('',*,*,#8752,.F.);
#8752 = EDGE_CURVE('',#8333,#6511,#8753,.T.);
#8753 = SEAM_CURVE('',#8754,(#8758,#8765),.PCURVE_S1.);
#8754 = LINE('',#8755,#8756);
#8755 = CARTESIAN_POINT('',(142.5,113.,15.2));
#8756 = VECTOR('',#8757,1.);
#8757 = DIRECTION('',(0.,0.,-1.));
#8758 = PCURVE('',#6527,#8759);
#8759 = DEFINITIONAL_REPRESENTATION('',(#8760),#8764);
#8760 = LINE('',#8761,#8762);
#8761 = CARTESIAN_POINT('',(-6.28318530718,0.));
#8762 = VECTOR('',#8763,1.);
#8763 = DIRECTION('',(-0.,-1.));
#8764 = ( GEOMETRIC_REPRESENTATION_CONTEXT(2) 
PARAMETRIC_REPRESENTATION_CONTEXT() REPRESENTATION_CONTEXT('2D SPACE',''
  ) );
#8765 = PCURVE('',#6527,#8766);
#8766 = DEFINITIONAL_REPRESENTATION('',(#8767),#8771);
#8767 = LINE('',#8768,#8769);
#8768 = CARTESIAN_POINT('',(-0.,0.));
#8769 = VECTOR('',#8770,1.);
#8770 = DIRECTION('',(-0.,-1.));
#8771 = ( GEOMETRIC_REPRESENTATION_CONTEXT(2) 
PARAMETRIC_REPRESENTATION_CONTEXT() REPRESENTATION_CONTEXT('2D SPACE',''
  ) );
#8772 = ORIENTED_EDGE('',*,*,#8332,.T.);
#8773 = ORIENTED_EDGE('',*,*,#8752,.T.);
#8774 = ORIENTED_EDGE('',*,*,#6510,.F.);
#8775 = ADVANCED_FACE('',(#8776),#6606,.T.);
#8776 = FACE_BOUND('',#8777,.T.);
#8777 = EDGE_LOOP('',(#8778,#8779,#8800));
#8778 = ORIENTED_EDGE('',*,*,#6592,.F.);
#8779 = ORIENTED_EDGE('',*,*,#8780,.T.);
#8780 = EDGE_CURVE('',#6565,#6623,#8781,.T.);
#8781 = SURFACE_CURVE('',#8782,(#8786,#8793),.PCURVE_S1.);
#8782 = LINE('',#8783,#8784);
#8783 = CARTESIAN_POINT('',(120.893372,115.633964,0.4));
#8784 = VECTOR('',#8785,1.);
#8785 = DIRECTION('',(1.,-1.224646799147E-16,0.));
#8786 = PCURVE('',#6606,#8787);
#8787 = DEFINITIONAL_REPRESENTATION('',(#8788),#8792);
#8788 = LINE('',#8789,#8790);
#8789 = CARTESIAN_POINT('',(3.9999465,3.6251775));
#8790 = VECTOR('',#8791,1.);
#8791 = DIRECTION('',(-1.,0.));
#8792 = ( GEOMETRIC_REPRESENTATION_CONTEXT(2) 
PARAMETRIC_REPRESENTATION_CONTEXT() REPRESENTATION_CONTEXT('2D SPACE',''
  ) );
#8793 = PCURVE('',#6661,#8794);
#8794 = DEFINITIONAL_REPRESENTATION('',(#8795),#8799);
#8795 = LINE('',#8796,#8797);
#8796 = CARTESIAN_POINT('',(0.,-0.));
#8797 = VECTOR('',#8798,1.);
#8798 = DIRECTION('',(1.,0.));
#8799 = ( GEOMETRIC_REPRESENTATION_CONTEXT(2) 
PARAMETRIC_REPRESENTATION_CONTEXT() REPRESENTATION_CONTEXT('2D SPACE',''
  ) );
#8800 = ORIENTED_EDGE('',*,*,#6622,.T.);
#8801 = ADVANCED_FACE('',(#8802),#6580,.F.);
#8802 = FACE_BOUND('',#8803,.F.);
#8803 = EDGE_LOOP('',(#8804,#8805,#8806,#8807,#8828));
#8804 = ORIENTED_EDGE('',*,*,#6820,.T.);
#8805 = ORIENTED_EDGE('',*,*,#8460,.T.);
#8806 = ORIENTED_EDGE('',*,*,#6564,.T.);
#8807 = ORIENTED_EDGE('',*,*,#8808,.F.);
#8808 = EDGE_CURVE('',#6748,#6565,#8809,.T.);
#8809 = SURFACE_CURVE('',#8810,(#8814,#8821),.PCURVE_S1.);
#8810 = LINE('',#8811,#8812);
#8811 = CARTESIAN_POINT('',(120.893372,115.633964,0.4));
#8812 = VECTOR('',#8813,1.);
#8813 = DIRECTION('',(1.,-1.224646799147E-16,0.));
#8814 = PCURVE('',#6580,#8815);
#8815 = DEFINITIONAL_REPRESENTATION('',(#8816),#8820);
#8816 = LINE('',#8817,#8818);
#8817 = CARTESIAN_POINT('',(3.999787678119,-0.5325745));
#8818 = VECTOR('',#8819,1.);
#8819 = DIRECTION('',(-1.,0.));
#8820 = ( GEOMETRIC_REPRESENTATION_CONTEXT(2) 
PARAMETRIC_REPRESENTATION_CONTEXT() REPRESENTATION_CONTEXT('2D SPACE',''
  ) );
#8821 = PCURVE('',#6661,#8822);
#8822 = DEFINITIONAL_REPRESENTATION('',(#8823),#8827);
#8823 = LINE('',#8824,#8825);
#8824 = CARTESIAN_POINT('',(0.,-0.));
#8825 = VECTOR('',#8826,1.);
#8826 = DIRECTION('',(1.,0.));
#8827 = ( GEOMETRIC_REPRESENTATION_CONTEXT(2) 
PARAMETRIC_REPRESENTATION_CONTEXT() REPRESENTATION_CONTEXT('2D SPACE',''
  ) );
#8828 = ORIENTED_EDGE('',*,*,#6747,.F.);
#8829 = ADVANCED_FACE('',(#8830),#6661,.T.);
#8830 = FACE_BOUND('',#8831,.T.);
#8831 = EDGE_LOOP('',(#8832,#8833,#8834,#8835,#8836));
#8832 = ORIENTED_EDGE('',*,*,#6772,.T.);
#8833 = ORIENTED_EDGE('',*,*,#6698,.T.);
#8834 = ORIENTED_EDGE('',*,*,#6645,.F.);
#8835 = ORIENTED_EDGE('',*,*,#8780,.F.);
#8836 = ORIENTED_EDGE('',*,*,#8808,.F.);
#8837 = ADVANCED_FACE('',(#8838),#6978,.T.);
#8838 = FACE_BOUND('',#8839,.T.);
#8839 = EDGE_LOOP('',(#8840,#8841,#8862));
#8840 = ORIENTED_EDGE('',*,*,#6964,.F.);
#8841 = ORIENTED_EDGE('',*,*,#8842,.T.);
#8842 = EDGE_CURVE('',#6937,#6995,#8843,.T.);
#8843 = SURFACE_CURVE('',#8844,(#8848,#8855),.PCURVE_S1.);
#8844 = LINE('',#8845,#8846);
#8845 = CARTESIAN_POINT('',(34.893372,115.633964,0.4));
#8846 = VECTOR('',#8847,1.);
#8847 = DIRECTION('',(1.,-1.224646799147E-16,0.));
#8848 = PCURVE('',#6978,#8849);
#8849 = DEFINITIONAL_REPRESENTATION('',(#8850),#8854);
#8850 = LINE('',#8851,#8852);
#8851 = CARTESIAN_POINT('',(3.9999465,3.6251775));
#8852 = VECTOR('',#8853,1.);
#8853 = DIRECTION('',(-1.,0.));
#8854 = ( GEOMETRIC_REPRESENTATION_CONTEXT(2) 
PARAMETRIC_REPRESENTATION_CONTEXT() REPRESENTATION_CONTEXT('2D SPACE',''
  ) );
#8855 = PCURVE('',#7033,#8856);
#8856 = DEFINITIONAL_REPRESENTATION('',(#8857),#8861);
#8857 = LINE('',#8858,#8859);
#8858 = CARTESIAN_POINT('',(0.,-0.));
#8859 = VECTOR('',#8860,1.);
#8860 = DIRECTION('',(1.,0.));
#8861 = ( GEOMETRIC_REPRESENTATION_CONTEXT(2) 
PARAMETRIC_REPRESENTATION_CONTEXT() REPRESENTATION_CONTEXT('2D SPACE',''
  ) );
#8862 = ORIENTED_EDGE('',*,*,#6994,.T.);
#8863 = ADVANCED_FACE('',(#8864),#6952,.F.);
#8864 = FACE_BOUND('',#8865,.F.);
#8865 = EDGE_LOOP('',(#8866,#8867,#8868,#8869,#8890));
#8866 = ORIENTED_EDGE('',*,*,#7170,.T.);
#8867 = ORIENTED_EDGE('',*,*,#8482,.T.);
#8868 = ORIENTED_EDGE('',*,*,#6936,.T.);
#8869 = ORIENTED_EDGE('',*,*,#8870,.F.);
#8870 = EDGE_CURVE('',#7120,#6937,#8871,.T.);
#8871 = SURFACE_CURVE('',#8872,(#8876,#8883),.PCURVE_S1.);
#8872 = LINE('',#8873,#8874);
#8873 = CARTESIAN_POINT('',(34.893372,115.633964,0.4));
#8874 = VECTOR('',#8875,1.);
#8875 = DIRECTION('',(1.,-1.224646799147E-16,0.));
#8876 = PCURVE('',#6952,#8877);
#8877 = DEFINITIONAL_REPRESENTATION('',(#8878),#8882);
#8878 = LINE('',#8879,#8880);
#8879 = CARTESIAN_POINT('',(3.999787678119,-0.5325745));
#8880 = VECTOR('',#8881,1.);
#8881 = DIRECTION('',(-1.,0.));
#8882 = ( GEOMETRIC_REPRESENTATION_CONTEXT(2) 
PARAMETRIC_REPRESENTATION_CONTEXT() REPRESENTATION_CONTEXT('2D SPACE',''
  ) );
#8883 = PCURVE('',#7033,#8884);
#8884 = DEFINITIONAL_REPRESENTATION('',(#8885),#8889);
#8885 = LINE('',#8886,#8887);
#8886 = CARTESIAN_POINT('',(0.,-0.));
#8887 = VECTOR('',#8888,1.);
#8888 = DIRECTION('',(1.,0.));
#8889 = ( GEOMETRIC_REPRESENTATION_CONTEXT(2) 
PARAMETRIC_REPRESENTATION_CONTEXT() REPRESENTATION_CONTEXT('2D SPACE',''
  ) );
#8890 = ORIENTED_EDGE('',*,*,#7119,.F.);
#8891 = ADVANCED_FACE('',(#8892),#7033,.T.);
#8892 = FACE_BOUND('',#8893,.T.);
#8893 = EDGE_LOOP('',(#8894,#8895,#8896,#8897,#8898));
#8894 = ORIENTED_EDGE('',*,*,#7144,.T.);
#8895 = ORIENTED_EDGE('',*,*,#7070,.T.);
#8896 = ORIENTED_EDGE('',*,*,#7017,.F.);
#8897 = ORIENTED_EDGE('',*,*,#8842,.F.);
#8898 = ORIENTED_EDGE('',*,*,#8870,.F.);
#8899 = ADVANCED_FACE('',(#8900),#7306,.T.);
#8900 = FACE_BOUND('',#8901,.T.);
#8901 = EDGE_LOOP('',(#8902,#8903,#8924));
#8902 = ORIENTED_EDGE('',*,*,#7292,.F.);
#8903 = ORIENTED_EDGE('',*,*,#8904,.T.);
#8904 = EDGE_CURVE('',#7265,#7323,#8905,.T.);
#8905 = SURFACE_CURVE('',#8906,(#8910,#8917),.PCURVE_S1.);
#8906 = LINE('',#8907,#8908);
#8907 = CARTESIAN_POINT('',(43.106628,4.366036,0.4));
#8908 = VECTOR('',#8909,1.);
#8909 = DIRECTION('',(-1.,0.,0.));
#8910 = PCURVE('',#7306,#8911);
#8911 = DEFINITIONAL_REPRESENTATION('',(#8912),#8916);
#8912 = LINE('',#8913,#8914);
#8913 = CARTESIAN_POINT('',(3.9999465,3.6251775));
#8914 = VECTOR('',#8915,1.);
#8915 = DIRECTION('',(-1.,0.));
#8916 = ( GEOMETRIC_REPRESENTATION_CONTEXT(2) 
PARAMETRIC_REPRESENTATION_CONTEXT() REPRESENTATION_CONTEXT('2D SPACE',''
  ) );
#8917 = PCURVE('',#7361,#8918);
#8918 = DEFINITIONAL_REPRESENTATION('',(#8919),#8923);
#8919 = LINE('',#8920,#8921);
#8920 = CARTESIAN_POINT('',(0.,-0.));
#8921 = VECTOR('',#8922,1.);
#8922 = DIRECTION('',(1.,0.));
#8923 = ( GEOMETRIC_REPRESENTATION_CONTEXT(2) 
PARAMETRIC_REPRESENTATION_CONTEXT() REPRESENTATION_CONTEXT('2D SPACE',''
  ) );
#8924 = ORIENTED_EDGE('',*,*,#7322,.T.);
#8925 = ADVANCED_FACE('',(#8926),#7280,.F.);
#8926 = FACE_BOUND('',#8927,.F.);
#8927 = EDGE_LOOP('',(#8928,#8929,#8930,#8931,#8952));
#8928 = ORIENTED_EDGE('',*,*,#7520,.T.);
#8929 = ORIENTED_EDGE('',*,*,#8162,.T.);
#8930 = ORIENTED_EDGE('',*,*,#7264,.T.);
#8931 = ORIENTED_EDGE('',*,*,#8932,.F.);
#8932 = EDGE_CURVE('',#7448,#7265,#8933,.T.);
#8933 = SURFACE_CURVE('',#8934,(#8938,#8945),.PCURVE_S1.);
#8934 = LINE('',#8935,#8936);
#8935 = CARTESIAN_POINT('',(43.106628,4.366036,0.4));
#8936 = VECTOR('',#8937,1.);
#8937 = DIRECTION('',(-1.,0.,0.));
#8938 = PCURVE('',#7280,#8939);
#8939 = DEFINITIONAL_REPRESENTATION('',(#8940),#8944);
#8940 = LINE('',#8941,#8942);
#8941 = CARTESIAN_POINT('',(3.999787678119,-0.5325745));
#8942 = VECTOR('',#8943,1.);
#8943 = DIRECTION('',(-1.,0.));
#8944 = ( GEOMETRIC_REPRESENTATION_CONTEXT(2) 
PARAMETRIC_REPRESENTATION_CONTEXT() REPRESENTATION_CONTEXT('2D SPACE',''
  ) );
#8945 = PCURVE('',#7361,#8946);
#8946 = DEFINITIONAL_REPRESENTATION('',(#8947),#8951);
#8947 = LINE('',#8948,#8949);
#8948 = CARTESIAN_POINT('',(0.,-0.));
#8949 = VECTOR('',#8950,1.);
#8950 = DIRECTION('',(1.,0.));
#8951 = ( GEOMETRIC_REPRESENTATION_CONTEXT(2) 
PARAMETRIC_REPRESENTATION_CONTEXT() REPRESENTATION_CONTEXT('2D SPACE',''
  ) );
#8952 = ORIENTED_EDGE('',*,*,#7447,.F.);
#8953 = ADVANCED_FACE('',(#8954),#7361,.T.);
#8954 = FACE_BOUND('',#8955,.T.);
#8955 = EDGE_LOOP('',(#8956,#8957,#8958,#8959,#8960));
#8956 = ORIENTED_EDGE('',*,*,#7472,.T.);
#8957 = ORIENTED_EDGE('',*,*,#7398,.T.);
#8958 = ORIENTED_EDGE('',*,*,#7345,.F.);
#8959 = ORIENTED_EDGE('',*,*,#8904,.F.);
#8960 = ORIENTED_EDGE('',*,*,#8932,.F.);
#8961 = ADVANCED_FACE('',(#8962),#7678,.T.);
#8962 = FACE_BOUND('',#8963,.T.);
#8963 = EDGE_LOOP('',(#8964,#8965,#8986));
#8964 = ORIENTED_EDGE('',*,*,#7664,.F.);
#8965 = ORIENTED_EDGE('',*,*,#8966,.T.);
#8966 = EDGE_CURVE('',#7637,#7695,#8967,.T.);
#8967 = SURFACE_CURVE('',#8968,(#8972,#8979),.PCURVE_S1.);
#8968 = LINE('',#8969,#8970);
#8969 = CARTESIAN_POINT('',(129.106628,4.366036,0.4));
#8970 = VECTOR('',#8971,1.);
#8971 = DIRECTION('',(-1.,0.,0.));
#8972 = PCURVE('',#7678,#8973);
#8973 = DEFINITIONAL_REPRESENTATION('',(#8974),#8978);
#8974 = LINE('',#8975,#8976);
#8975 = CARTESIAN_POINT('',(3.9999465,3.6251775));
#8976 = VECTOR('',#8977,1.);
#8977 = DIRECTION('',(-1.,0.));
#8978 = ( GEOMETRIC_REPRESENTATION_CONTEXT(2) 
PARAMETRIC_REPRESENTATION_CONTEXT() REPRESENTATION_CONTEXT('2D SPACE',''
  ) );
#8979 = PCURVE('',#7733,#8980);
#8980 = DEFINITIONAL_REPRESENTATION('',(#8981),#8985);
#8981 = LINE('',#8982,#8983);
#8982 = CARTESIAN_POINT('',(0.,-0.));
#8983 = VECTOR('',#8984,1.);
#8984 = DIRECTION('',(1.,0.));
#8985 = ( GEOMETRIC_REPRESENTATION_CONTEXT(2) 
PARAMETRIC_REPRESENTATION_CONTEXT() REPRESENTATION_CONTEXT('2D SPACE',''
  ) );
#8986 = ORIENTED_EDGE('',*,*,#7694,.T.);
#8987 = ADVANCED_FACE('',(#8988),#7652,.F.);
#8988 = FACE_BOUND('',#8989,.F.);
#8989 = EDGE_LOOP('',(#8990,#8991,#8992,#8993,#9014));
#8990 = ORIENTED_EDGE('',*,*,#7870,.T.);
#8991 = ORIENTED_EDGE('',*,*,#8184,.T.);
#8992 = ORIENTED_EDGE('',*,*,#7636,.T.);
#8993 = ORIENTED_EDGE('',*,*,#8994,.F.);
#8994 = EDGE_CURVE('',#7820,#7637,#8995,.T.);
#8995 = SURFACE_CURVE('',#8996,(#9000,#9007),.PCURVE_S1.);
#8996 = LINE('',#8997,#8998);
#8997 = CARTESIAN_POINT('',(129.106628,4.366036,0.4));
#8998 = VECTOR('',#8999,1.);
#8999 = DIRECTION('',(-1.,0.,0.));
#9000 = PCURVE('',#7652,#9001);
#9001 = DEFINITIONAL_REPRESENTATION('',(#9002),#9006);
#9002 = LINE('',#9003,#9004);
#9003 = CARTESIAN_POINT('',(3.999787678119,-0.5325745));
#9004 = VECTOR('',#9005,1.);
#9005 = DIRECTION('',(-1.,0.));
#9006 = ( GEOMETRIC_REPRESENTATION_CONTEXT(2) 
PARAMETRIC_REPRESENTATION_CONTEXT() REPRESENTATION_CONTEXT('2D SPACE',''
  ) );
#9007 = PCURVE('',#7733,#9008);
#9008 = DEFINITIONAL_REPRESENTATION('',(#9009),#9013);
#9009 = LINE('',#9010,#9011);
#9010 = CARTESIAN_POINT('',(0.,-0.));
#9011 = VECTOR('',#9012,1.);
#9012 = DIRECTION('',(1.,0.));
#9013 = ( GEOMETRIC_REPRESENTATION_CONTEXT(2) 
PARAMETRIC_REPRESENTATION_CONTEXT() REPRESENTATION_CONTEXT('2D SPACE',''
  ) );
#9014 = ORIENTED_EDGE('',*,*,#7819,.F.);
#9015 = ADVANCED_FACE('',(#9016),#7733,.T.);
#9016 = FACE_BOUND('',#9017,.T.);
#9017 = EDGE_LOOP('',(#9018,#9019,#9020,#9021,#9022));
#9018 = ORIENTED_EDGE('',*,*,#7844,.T.);
#9019 = ORIENTED_EDGE('',*,*,#7770,.T.);
#9020 = ORIENTED_EDGE('',*,*,#7717,.F.);
#9021 = ORIENTED_EDGE('',*,*,#8966,.F.);
#9022 = ORIENTED_EDGE('',*,*,#8994,.F.);
#9023 = ( GEOMETRIC_REPRESENTATION_CONTEXT(3) 
GLOBAL_UNCERTAINTY_ASSIGNED_CONTEXT((#9027)) 
GLOBAL_UNIT_ASSIGNED_CONTEXT((#9024,#9025,#9026)) REPRESENTATION_CONTEXT
('Context #1','3D Context with UNIT and UNCERTAINTY') );
#9024 = ( LENGTH_UNIT() NAMED_UNIT(*) SI_UNIT(.MILLI.,.METRE.) );
#9025 = ( NAMED_UNIT(*) PLANE_ANGLE_UNIT() SI_UNIT($,.RADIAN.) );
#9026 = ( NAMED_UNIT(*) SI_UNIT($,.STERADIAN.) SOLID_ANGLE_UNIT() );
#9027 = UNCERTAINTY_MEASURE_WITH_UNIT(LENGTH_MEASURE(5.E-05),#9024,
  'distance_accuracy_value','confusion accuracy');
#9028 = PRODUCT_RELATED_PRODUCT_CATEGORY('part',$,(#7));
#9029 = MECHANICAL_DESIGN_GEOMETRIC_PRESENTATION_REPRESENTATION('',(
    #9030),#9023);
#9030 = STYLED_ITEM('color',(#9031),#15);
#9031 = PRESENTATION_STYLE_ASSIGNMENT((#9032,#9040));
#9032 = SURFACE_STYLE_USAGE(.BOTH.,#9033);
#9033 = SURFACE_SIDE_STYLE('',(#9034,#9038));
#9034 = SURFACE_STYLE_FILL_AREA(#9035);
#9035 = FILL_AREA_STYLE('',(#9036));
#9036 = FILL_AREA_STYLE_COLOUR('',#9037);
#9037 = COLOUR_RGB('',0.43137299742,0.752941011991,0.725489982856);
#9038 = SURFACE_STYLE_RENDERING_WITH_PROPERTIES(.NORMAL_SHADING.,#9037,(
    #9039));
#9039 = SURFACE_STYLE_TRANSPARENT(0.899999976158);
#9040 = CURVE_STYLE('',#9041,POSITIVE_LENGTH_MEASURE(0.1),#9042);
#9041 = DRAUGHTING_PRE_DEFINED_CURVE_FONT('continuous');
#9042 = COLOUR_RGB('',9.803921802644E-02,9.803921802644E-02,
  9.803921802644E-02);
ENDSEC;
END-ISO-10303-21;
