ISO-10303-21;
HEADER;
FILE_DESCRIPTION(('FreeCAD Model'),'2;1');
FILE_NAME('Open CASCADE Shape Model','2026-04-29T20:15:10',(''),(''),
  'Open CASCADE STEP processor 7.8','FreeCAD','Unknown');
FILE_SCHEMA(('AUTOMOTIVE_DESIGN { 1 0 10303 214 1 1 1 1 }'));
ENDSEC;
DATA;
#1 = APPLICATION_PROTOCOL_DEFINITION('international standard',
  'automotive_design',2000,#2);
#2 = APPLICATION_CONTEXT(
  'core data for automotive mechanical design processes');
#3 = SHAPE_DEFINITION_REPRESENTATION(#4,#10);
#4 = PRODUCT_DEFINITION_SHAPE('','',#5);
#5 = PRODUCT_DEFINITION('design','',#6,#9);
#6 = PRODUCT_DEFINITION_FORMATION('','',#7);
#7 = PRODUCT('1inch-24mm','1inch-24mm','',(#8));
#8 = PRODUCT_CONTEXT('',#2,'mechanical');
#9 = PRODUCT_DEFINITION_CONTEXT('part definition',#2,'design');
#10 = ADVANCED_BREP_SHAPE_REPRESENTATION('',(#11,#15),#7859);
#11 = AXIS2_PLACEMENT_3D('',#12,#13,#14);
#12 = CARTESIAN_POINT('',(0.,0.,0.));
#13 = DIRECTION('',(0.,0.,1.));
#14 = DIRECTION('',(1.,0.,-0.));
#15 = MANIFOLD_SOLID_BREP('',#16);
#16 = CLOSED_SHELL('',(#17,#135,#1330,#1383,#4035,#4068,#5719,#6360,
    #6933,#7351,#7382,#7828));
#17 = ADVANCED_FACE('',(#18),#33,.T.);
#18 = FACE_BOUND('',#19,.F.);
#19 = EDGE_LOOP('',(#20,#56,#82,#111));
#20 = ORIENTED_EDGE('',*,*,#21,.F.);
#21 = EDGE_CURVE('',#22,#24,#26,.T.);
#22 = VERTEX_POINT('',#23);
#23 = CARTESIAN_POINT('',(-10.90871211463,-5.,3.));
#24 = VERTEX_POINT('',#25);
#25 = CARTESIAN_POINT('',(10.908712114636,-5.,3.));
#26 = SURFACE_CURVE('',#27,(#32,#44),.PCURVE_S1.);
#27 = CIRCLE('',#28,12.);
#28 = AXIS2_PLACEMENT_3D('',#29,#30,#31);
#29 = CARTESIAN_POINT('',(0.,0.,3.));
#30 = DIRECTION('',(0.,0.,1.));
#31 = DIRECTION('',(1.,0.,0.));
#32 = PCURVE('',#33,#38);
#33 = CYLINDRICAL_SURFACE('',#34,12.);
#34 = AXIS2_PLACEMENT_3D('',#35,#36,#37);
#35 = CARTESIAN_POINT('',(0.,0.,3.));
#36 = DIRECTION('',(-0.,-0.,-1.));
#37 = DIRECTION('',(1.,0.,0.));
#38 = DEFINITIONAL_REPRESENTATION('',(#39),#43);
#39 = LINE('',#40,#41);
#40 = CARTESIAN_POINT('',(-0.,0.));
#41 = VECTOR('',#42,1.);
#42 = DIRECTION('',(-1.,0.));
#43 = ( GEOMETRIC_REPRESENTATION_CONTEXT(2) 
PARAMETRIC_REPRESENTATION_CONTEXT() REPRESENTATION_CONTEXT('2D SPACE',''
  ) );
#44 = PCURVE('',#45,#50);
#45 = PLANE('',#46);
#46 = AXIS2_PLACEMENT_3D('',#47,#48,#49);
#47 = CARTESIAN_POINT('',(2.398622264029E-02,0.356151128196,3.));
#48 = DIRECTION('',(0.,0.,1.));
#49 = DIRECTION('',(1.,0.,0.));
#50 = DEFINITIONAL_REPRESENTATION('',(#51),#55);
#51 = CIRCLE('',#52,12.);
#52 = AXIS2_PLACEMENT_2D('',#53,#54);
#53 = CARTESIAN_POINT('',(-2.398622264029E-02,-0.356151128196));
#54 = DIRECTION('',(1.,0.));
#55 = ( GEOMETRIC_REPRESENTATION_CONTEXT(2) 
PARAMETRIC_REPRESENTATION_CONTEXT() REPRESENTATION_CONTEXT('2D SPACE',''
  ) );
#56 = ORIENTED_EDGE('',*,*,#57,.F.);
#57 = EDGE_CURVE('',#58,#22,#60,.T.);
#58 = VERTEX_POINT('',#59);
#59 = CARTESIAN_POINT('',(-10.90871211463,-5.,15.));
#60 = SURFACE_CURVE('',#61,(#65,#71),.PCURVE_S1.);
#61 = LINE('',#62,#63);
#62 = CARTESIAN_POINT('',(-10.90871211463,-5.,3.));
#63 = VECTOR('',#64,1.);
#64 = DIRECTION('',(-0.,-0.,-1.));
#65 = PCURVE('',#33,#66);
#66 = DEFINITIONAL_REPRESENTATION('',(#67),#70);
#67 = B_SPLINE_CURVE_WITH_KNOTS('',1,(#68,#69),.UNSPECIFIED.,.F.,.F.,(2,
    2),(-12.00009306891,9.306891744476E-05),.PIECEWISE_BEZIER_KNOTS.);
#68 = CARTESIAN_POINT('',(-3.571368084894,-12.00009306891));
#69 = CARTESIAN_POINT('',(-3.571368084894,9.306891744476E-05));
#70 = ( GEOMETRIC_REPRESENTATION_CONTEXT(2) 
PARAMETRIC_REPRESENTATION_CONTEXT() REPRESENTATION_CONTEXT('2D SPACE',''
  ) );
#71 = PCURVE('',#72,#77);
#72 = PLANE('',#73);
#73 = AXIS2_PLACEMENT_3D('',#74,#75,#76);
#74 = CARTESIAN_POINT('',(-14.,-5.,0.));
#75 = DIRECTION('',(0.,1.,0.));
#76 = DIRECTION('',(0.,0.,1.));
#77 = DEFINITIONAL_REPRESENTATION('',(#78),#81);
#78 = B_SPLINE_CURVE_WITH_KNOTS('',1,(#79,#80),.UNSPECIFIED.,.F.,.F.,(2,
    2),(-12.00009306891,9.306891744476E-05),.PIECEWISE_BEZIER_KNOTS.);
#79 = CARTESIAN_POINT('',(15.000093068917,3.091287885364));
#80 = CARTESIAN_POINT('',(2.999906931083,3.091287885364));
#81 = ( GEOMETRIC_REPRESENTATION_CONTEXT(2) 
PARAMETRIC_REPRESENTATION_CONTEXT() REPRESENTATION_CONTEXT('2D SPACE',''
  ) );
#82 = ORIENTED_EDGE('',*,*,#83,.T.);
#83 = EDGE_CURVE('',#58,#84,#86,.T.);
#84 = VERTEX_POINT('',#85);
#85 = CARTESIAN_POINT('',(10.908712114636,-5.,15.));
#86 = SURFACE_CURVE('',#87,(#92,#99),.PCURVE_S1.);
#87 = CIRCLE('',#88,12.);
#88 = AXIS2_PLACEMENT_3D('',#89,#90,#91);
#89 = CARTESIAN_POINT('',(0.,0.,15.));
#90 = DIRECTION('',(0.,0.,1.));
#91 = DIRECTION('',(1.,0.,0.));
#92 = PCURVE('',#33,#93);
#93 = DEFINITIONAL_REPRESENTATION('',(#94),#98);
#94 = LINE('',#95,#96);
#95 = CARTESIAN_POINT('',(-0.,-12.));
#96 = VECTOR('',#97,1.);
#97 = DIRECTION('',(-1.,0.));
#98 = ( GEOMETRIC_REPRESENTATION_CONTEXT(2) 
PARAMETRIC_REPRESENTATION_CONTEXT() REPRESENTATION_CONTEXT('2D SPACE',''
  ) );
#99 = PCURVE('',#100,#105);
#100 = PLANE('',#101);
#101 = AXIS2_PLACEMENT_3D('',#102,#103,#104);
#102 = CARTESIAN_POINT('',(2.398622264029E-02,0.356151128196,15.));
#103 = DIRECTION('',(0.,0.,1.));
#104 = DIRECTION('',(1.,0.,0.));
#105 = DEFINITIONAL_REPRESENTATION('',(#106),#110);
#106 = CIRCLE('',#107,12.);
#107 = AXIS2_PLACEMENT_2D('',#108,#109);
#108 = CARTESIAN_POINT('',(-2.398622264029E-02,-0.356151128196));
#109 = DIRECTION('',(1.,0.));
#110 = ( GEOMETRIC_REPRESENTATION_CONTEXT(2) 
PARAMETRIC_REPRESENTATION_CONTEXT() REPRESENTATION_CONTEXT('2D SPACE',''
  ) );
#111 = ORIENTED_EDGE('',*,*,#112,.T.);
#112 = EDGE_CURVE('',#84,#24,#113,.T.);
#113 = SURFACE_CURVE('',#114,(#118,#124),.PCURVE_S1.);
#114 = LINE('',#115,#116);
#115 = CARTESIAN_POINT('',(10.908712114636,-5.,3.));
#116 = VECTOR('',#117,1.);
#117 = DIRECTION('',(-0.,-0.,-1.));
#118 = PCURVE('',#33,#119);
#119 = DEFINITIONAL_REPRESENTATION('',(#120),#123);
#120 = B_SPLINE_CURVE_WITH_KNOTS('',1,(#121,#122),.UNSPECIFIED.,.F.,.F.,
  (2,2),(-12.00009306891,9.306891744476E-05),.PIECEWISE_BEZIER_KNOTS.);
#121 = CARTESIAN_POINT('',(-5.853409875875,-12.00009306891));
#122 = CARTESIAN_POINT('',(-5.853409875875,9.306891744476E-05));
#123 = ( GEOMETRIC_REPRESENTATION_CONTEXT(2) 
PARAMETRIC_REPRESENTATION_CONTEXT() REPRESENTATION_CONTEXT('2D SPACE',''
  ) );
#124 = PCURVE('',#125,#130);
#125 = PLANE('',#126);
#126 = AXIS2_PLACEMENT_3D('',#127,#128,#129);
#127 = CARTESIAN_POINT('',(-14.,-5.,0.));
#128 = DIRECTION('',(0.,1.,0.));
#129 = DIRECTION('',(0.,0.,1.));
#130 = DEFINITIONAL_REPRESENTATION('',(#131),#134);
#131 = B_SPLINE_CURVE_WITH_KNOTS('',1,(#132,#133),.UNSPECIFIED.,.F.,.F.,
  (2,2),(-12.00009306891,9.306891744476E-05),.PIECEWISE_BEZIER_KNOTS.);
#132 = CARTESIAN_POINT('',(15.000093068917,24.908712114636));
#133 = CARTESIAN_POINT('',(2.999906931083,24.908712114636));
#134 = ( GEOMETRIC_REPRESENTATION_CONTEXT(2) 
PARAMETRIC_REPRESENTATION_CONTEXT() REPRESENTATION_CONTEXT('2D SPACE',''
  ) );
#135 = ADVANCED_FACE('',(#136),#45,.F.);
#136 = FACE_BOUND('',#137,.F.);
#137 = EDGE_LOOP('',(#138,#159,#160,#181,#235,#764,#1293));
#138 = ORIENTED_EDGE('',*,*,#139,.T.);
#139 = EDGE_CURVE('',#140,#22,#142,.T.);
#140 = VERTEX_POINT('',#141);
#141 = CARTESIAN_POINT('',(-10.67318188674,-5.,3.));
#142 = SURFACE_CURVE('',#143,(#147,#153),.PCURVE_S1.);
#143 = LINE('',#144,#145);
#144 = CARTESIAN_POINT('',(-6.98800688868,-5.,3.));
#145 = VECTOR('',#146,1.);
#146 = DIRECTION('',(-1.,0.,0.));
#147 = PCURVE('',#45,#148);
#148 = DEFINITIONAL_REPRESENTATION('',(#149),#152);
#149 = B_SPLINE_CURVE_WITH_KNOTS('',1,(#150,#151),.UNSPECIFIED.,.F.,.F.,
  (2,2),(-18.98800688868,5.01199311132),.PIECEWISE_BEZIER_KNOTS.);
#150 = CARTESIAN_POINT('',(11.97601377736,-5.356151128196));
#151 = CARTESIAN_POINT('',(-12.02398622264,-5.356151128196));
#152 = ( GEOMETRIC_REPRESENTATION_CONTEXT(2) 
PARAMETRIC_REPRESENTATION_CONTEXT() REPRESENTATION_CONTEXT('2D SPACE',''
  ) );
#153 = PCURVE('',#72,#154);
#154 = DEFINITIONAL_REPRESENTATION('',(#155),#158);
#155 = B_SPLINE_CURVE_WITH_KNOTS('',1,(#156,#157),.UNSPECIFIED.,.F.,.F.,
  (2,2),(-18.98800688868,5.01199311132),.PIECEWISE_BEZIER_KNOTS.);
#156 = CARTESIAN_POINT('',(3.,26.));
#157 = CARTESIAN_POINT('',(3.,2.));
#158 = ( GEOMETRIC_REPRESENTATION_CONTEXT(2) 
PARAMETRIC_REPRESENTATION_CONTEXT() REPRESENTATION_CONTEXT('2D SPACE',''
  ) );
#159 = ORIENTED_EDGE('',*,*,#21,.T.);
#160 = ORIENTED_EDGE('',*,*,#161,.T.);
#161 = EDGE_CURVE('',#24,#162,#164,.T.);
#162 = VERTEX_POINT('',#163);
#163 = CARTESIAN_POINT('',(10.667975132056,-5.,3.));
#164 = SURFACE_CURVE('',#165,(#169,#175),.PCURVE_S1.);
#165 = LINE('',#166,#167);
#166 = CARTESIAN_POINT('',(-6.98800688868,-5.,3.));
#167 = VECTOR('',#168,1.);
#168 = DIRECTION('',(-1.,0.,0.));
#169 = PCURVE('',#45,#170);
#170 = DEFINITIONAL_REPRESENTATION('',(#171),#174);
#171 = B_SPLINE_CURVE_WITH_KNOTS('',1,(#172,#173),.UNSPECIFIED.,.F.,.F.,
  (2,2),(-18.98800688868,5.01199311132),.PIECEWISE_BEZIER_KNOTS.);
#172 = CARTESIAN_POINT('',(11.97601377736,-5.356151128196));
#173 = CARTESIAN_POINT('',(-12.02398622264,-5.356151128196));
#174 = ( GEOMETRIC_REPRESENTATION_CONTEXT(2) 
PARAMETRIC_REPRESENTATION_CONTEXT() REPRESENTATION_CONTEXT('2D SPACE',''
  ) );
#175 = PCURVE('',#125,#176);
#176 = DEFINITIONAL_REPRESENTATION('',(#177),#180);
#177 = B_SPLINE_CURVE_WITH_KNOTS('',1,(#178,#179),.UNSPECIFIED.,.F.,.F.,
  (2,2),(-18.98800688868,5.01199311132),.PIECEWISE_BEZIER_KNOTS.);
#178 = CARTESIAN_POINT('',(3.,26.));
#179 = CARTESIAN_POINT('',(3.,2.));
#180 = ( GEOMETRIC_REPRESENTATION_CONTEXT(2) 
PARAMETRIC_REPRESENTATION_CONTEXT() REPRESENTATION_CONTEXT('2D SPACE',''
  ) );
#181 = ORIENTED_EDGE('',*,*,#182,.F.);
#182 = EDGE_CURVE('',#183,#162,#185,.T.);
#183 = VERTEX_POINT('',#184);
#184 = CARTESIAN_POINT('',(8.266388263383,-7.305686431423,3.));
#185 = SURFACE_CURVE('',#186,(#198,#213),.PCURVE_S1.);
#186 = B_SPLINE_CURVE_WITH_KNOTS('',3,(#187,#188,#189,#190,#191,#192,
    #193,#194,#195,#196,#197),.UNSPECIFIED.,.F.,.F.,(4,1,1,1,1,1,1,1,4),
  (0.,1.,2.,3.,4.,5.,6.,7.,8.),.QUASI_UNIFORM_KNOTS.);
#187 = CARTESIAN_POINT('',(-11.51610734792,-2.550155494847,3.));
#188 = CARTESIAN_POINT('',(-11.12466323259,-3.470357377354,3.));
#189 = CARTESIAN_POINT('',(-11.33319862674,-5.000006683116,3.));
#190 = CARTESIAN_POINT('',(-6.707238656892,-8.781740004332,3.));
#191 = CARTESIAN_POINT('',(-3.002605039896,-5.276354018084,3.));
#192 = CARTESIAN_POINT('',(2.353687460231E-31,-6.944589321384,3.));
#193 = CARTESIAN_POINT('',(3.002322612862,-5.426221898997,3.));
#194 = CARTESIAN_POINT('',(7.100108531903,-8.661377030209,3.));
#195 = CARTESIAN_POINT('',(10.973346020556,-5.427831856316,3.));
#196 = CARTESIAN_POINT('',(11.446100000006,-3.00000000001,3.));
#197 = CARTESIAN_POINT('',(11.675,-2.,3.));
#198 = PCURVE('',#45,#199);
#199 = DEFINITIONAL_REPRESENTATION('',(#200),#212);
#200 = B_SPLINE_CURVE_WITH_KNOTS('',3,(#201,#202,#203,#204,#205,#206,
    #207,#208,#209,#210,#211),.UNSPECIFIED.,.F.,.F.,(4,1,1,1,1,1,1,1,4),
  (0.,1.,2.,3.,4.,5.,6.,7.,8.),.QUASI_UNIFORM_KNOTS.);
#201 = CARTESIAN_POINT('',(-11.54009357056,-2.906306623043));
#202 = CARTESIAN_POINT('',(-11.14864945523,-3.826508505551));
#203 = CARTESIAN_POINT('',(-11.35718484938,-5.356157811312));
#204 = CARTESIAN_POINT('',(-6.731224879532,-9.137891132528));
#205 = CARTESIAN_POINT('',(-3.026591262537,-5.63250514628));
#206 = CARTESIAN_POINT('',(-2.398622264029E-02,-7.30074044958));
#207 = CARTESIAN_POINT('',(2.978336390221,-5.782373027193));
#208 = CARTESIAN_POINT('',(7.076122309263,-9.017528158405));
#209 = CARTESIAN_POINT('',(10.949359797916,-5.783982984512));
#210 = CARTESIAN_POINT('',(11.422113777365,-3.356151128206));
#211 = CARTESIAN_POINT('',(11.65101377736,-2.356151128196));
#212 = ( GEOMETRIC_REPRESENTATION_CONTEXT(2) 
PARAMETRIC_REPRESENTATION_CONTEXT() REPRESENTATION_CONTEXT('2D SPACE',''
  ) );
#213 = PCURVE('',#214,#229);
#214 = SURFACE_OF_LINEAR_EXTRUSION('',#215,#227);
#215 = B_SPLINE_CURVE_WITH_KNOTS('',3,(#216,#217,#218,#219,#220,#221,
    #222,#223,#224,#225,#226),.UNSPECIFIED.,.F.,.F.,(4,1,1,1,1,1,1,1,4),
  (0.,1.,2.,3.,4.,5.,6.,7.,8.),.QUASI_UNIFORM_KNOTS.);
#216 = CARTESIAN_POINT('',(-11.51610734792,-2.550155494847,3.));
#217 = CARTESIAN_POINT('',(-11.12466323259,-3.470357377354,3.));
#218 = CARTESIAN_POINT('',(-11.33319862674,-5.000006683116,3.));
#219 = CARTESIAN_POINT('',(-6.707238656892,-8.781740004332,3.));
#220 = CARTESIAN_POINT('',(-3.002605039896,-5.276354018084,3.));
#221 = CARTESIAN_POINT('',(2.353687460231E-31,-6.944589321384,3.));
#222 = CARTESIAN_POINT('',(3.002322612862,-5.426221898997,3.));
#223 = CARTESIAN_POINT('',(7.100108531903,-8.661377030209,3.));
#224 = CARTESIAN_POINT('',(10.973346020556,-5.427831856316,3.));
#225 = CARTESIAN_POINT('',(11.446100000006,-3.00000000001,3.));
#226 = CARTESIAN_POINT('',(11.675,-2.,3.));
#227 = VECTOR('',#228,1.);
#228 = DIRECTION('',(-0.,-0.,-1.));
#229 = DEFINITIONAL_REPRESENTATION('',(#230),#234);
#230 = LINE('',#231,#232);
#231 = CARTESIAN_POINT('',(0.,0.));
#232 = VECTOR('',#233,1.);
#233 = DIRECTION('',(1.,0.));
#234 = ( GEOMETRIC_REPRESENTATION_CONTEXT(2) 
PARAMETRIC_REPRESENTATION_CONTEXT() REPRESENTATION_CONTEXT('2D SPACE',''
  ) );
#235 = ORIENTED_EDGE('',*,*,#236,.T.);
#236 = EDGE_CURVE('',#183,#237,#239,.T.);
#237 = VERTEX_POINT('',#238);
#238 = CARTESIAN_POINT('',(0.,-11.03205462075,3.));
#239 = SURFACE_CURVE('',#240,(#408,#579),.PCURVE_S1.);
#240 = B_SPLINE_CURVE_WITH_KNOTS('',6,(#241,#242,#243,#244,#245,#246,
    #247,#248,#249,#250,#251,#252,#253,#254,#255,#256,#257,#258,#259,
    #260,#261,#262,#263,#264,#265,#266,#267,#268,#269,#270,#271,#272,
    #273,#274,#275,#276,#277,#278,#279,#280,#281,#282,#283,#284,#285,
    #286,#287,#288,#289,#290,#291,#292,#293,#294,#295,#296,#297,#298,
    #299,#300,#301,#302,#303,#304,#305,#306,#307,#308,#309,#310,#311,
    #312,#313,#314,#315,#316,#317,#318,#319,#320,#321,#322,#323,#324,
    #325,#326,#327,#328,#329,#330,#331,#332,#333,#334,#335,#336,#337,
    #338,#339,#340,#341,#342,#343,#344,#345,#346,#347,#348,#349,#350,
    #351,#352,#353,#354,#355,#356,#357,#358,#359,#360,#361,#362,#363,
    #364,#365,#366,#367,#368,#369,#370,#371,#372,#373,#374,#375,#376,
    #377,#378,#379,#380,#381,#382,#383,#384,#385,#386,#387,#388,#389,
    #390,#391,#392,#393,#394,#395,#396,#397,#398,#399,#400,#401,#402,
    #403,#404,#405,#406,#407),.UNSPECIFIED.,.T.,.F.,(7,5,5,5,5,5,5,5,5,5
    ,5,5,5,5,5,5,5,5,5,5,5,5,5,5,5,5,5,5,5,5,5,5,5,7),(0.,
    2.800034899304E-02,5.300066059208E-02,7.900098465566E-02,
    0.100001246398,0.126001570461,0.150001869596,0.178002218589,
    0.205002555117,0.232002891646,0.261003253104,0.290003614562,
    0.31900397602,0.348004337479,0.376004686472,0.40500504793,
    0.434005409388,0.463005770846,0.492006132304,0.520006481298,
    0.549006842756,0.578007204214,0.607007565672,0.636007927131,
    0.665008288589,0.694008650047,0.723009011505,0.752009372964,
    0.781009734422,0.81001009588,0.839010457339,0.868010818797,
    0.89601116779,1.),.UNSPECIFIED.);
#241 = CARTESIAN_POINT('',(-2.69922972862E-15,-11.03205462075,3.));
#242 = CARTESIAN_POINT('',(-0.323476521501,-11.03205463227,3.));
#243 = CARTESIAN_POINT('',(-0.646953816278,-11.02067279923,3.));
#244 = CARTESIAN_POINT('',(-0.969929611134,-10.99790921567,3.));
#245 = CARTESIAN_POINT('',(-1.291904211693,-10.96379321658,3.));
#246 = CARTESIAN_POINT('',(-1.612380502396,-10.91838337781,3.));
#247 = CARTESIAN_POINT('',(-2.215224236074,-10.81121764335,3.));
#248 = CARTESIAN_POINT('',(-2.497996881916,-10.75173422574,3.));
#249 = CARTESIAN_POINT('',(-2.778830140393,-10.68337984016,3.));
#250 = CARTESIAN_POINT('',(-3.057376964049,-10.60623511821,3.));
#251 = CARTESIAN_POINT('',(-3.33329500162,-10.52039874625,3.));
#252 = CARTESIAN_POINT('',(-3.890116242342,-10.32779975315,3.));
#253 = CARTESIAN_POINT('',(-4.17077833587,-10.22033708576,3.));
#254 = CARTESIAN_POINT('',(-4.447853017428,-10.10373091734,3.));
#255 = CARTESIAN_POINT('',(-4.720969218961,-9.978132676372,3.));
#256 = CARTESIAN_POINT('',(-4.989764665539,-9.843713765783,3.));
#257 = CARTESIAN_POINT('',(-5.467214609134,-9.585126604166,3.));
#258 = CARTESIAN_POINT('',(-5.677494498647,-9.463957937125,3.));
#259 = CARTESIAN_POINT('',(-5.884539499459,-9.337260342631,3.));
#260 = CARTESIAN_POINT('',(-6.08816851935,-9.205142459399,3.));
#261 = CARTESIAN_POINT('',(-6.288205418315,-9.067720784039,3.));
#262 = CARTESIAN_POINT('',(-6.72748434294,-8.748565970238,3.));
#263 = CARTESIAN_POINT('',(-6.964721627441,-8.564072321384,3.));
#264 = CARTESIAN_POINT('',(-7.195865702183,-8.371875041521,3.));
#265 = CARTESIAN_POINT('',(-7.420605633053,-8.172226998337,3.));
#266 = CARTESIAN_POINT('',(-7.638644711711,-7.965397610187,3.));
#267 = CARTESIAN_POINT('',(-8.044521176692,-7.554388429793,3.));
#268 = CARTESIAN_POINT('',(-8.233392176669,-7.35122808983,3.));
#269 = CARTESIAN_POINT('',(-8.416091430078,-7.142416712471,3.));
#270 = CARTESIAN_POINT('',(-8.592408992452,-6.92818943664,3.));
#271 = CARTESIAN_POINT('',(-8.76214700029,-6.708791653923,3.));
#272 = CARTESIAN_POINT('',(-9.115254409187,-6.222781012163,3.));
#273 = CARTESIAN_POINT('',(-9.296181496148,-5.954392309787,3.));
#274 = CARTESIAN_POINT('',(-9.467605779263,-5.679719304273,3.));
#275 = CARTESIAN_POINT('',(-9.629257278035,-5.399183499528,3.));
#276 = CARTESIAN_POINT('',(-9.780891184149,-5.11322150052,3.));
#277 = CARTESIAN_POINT('',(-10.05863468804,-4.541739098586,3.));
#278 = CARTESIAN_POINT('',(-10.18546305995,-4.256566447061,3.));
#279 = CARTESIAN_POINT('',(-10.30257623295,-3.967172050855,3.));
#280 = CARTESIAN_POINT('',(-10.40980114787,-3.67397002244,3.));
#281 = CARTESIAN_POINT('',(-10.50698843065,-3.377383594621,3.));
#282 = CARTESIAN_POINT('',(-10.68103637184,-2.778306651609,3.));
#283 = CARTESIAN_POINT('',(-10.75789739004,-2.475814898031,3.));
#284 = CARTESIAN_POINT('',(-10.82446990323,-2.170802255126,3.));
#285 = CARTESIAN_POINT('',(-10.88065325263,-1.863706108788,3.));
#286 = CARTESIAN_POINT('',(-10.92637166436,-1.554968835479,3.));
#287 = CARTESIAN_POINT('',(-10.99938445028,-0.912148980576,3.));
#288 = CARTESIAN_POINT('',(-11.02506339857,-0.577881339314,3.));
#289 = CARTESIAN_POINT('',(-11.03854821684,-0.242789493679,3.));
#290 = CARTESIAN_POINT('',(-11.03980979719,9.257119833738E-02,3.));
#291 = CARTESIAN_POINT('',(-11.02885280132,0.427644635992,3.));
#292 = CARTESIAN_POINT('',(-10.9825785481,1.096103317554,3.));
#293 = CARTESIAN_POINT('',(-10.94726116347,1.429490399973,3.));
#294 = CARTESIAN_POINT('',(-10.89980216956,1.761478395586,3.));
#295 = CARTESIAN_POINT('',(-10.84027357442,2.091515865724,3.));
#296 = CARTESIAN_POINT('',(-10.76878073123,2.419056760504,3.));
#297 = CARTESIAN_POINT('',(-10.60214397294,3.068064084232,3.));
#298 = CARTESIAN_POINT('',(-10.50699959952,3.389532298193,3.));
#299 = CARTESIAN_POINT('',(-10.40016814127,3.707424457363,3.));
#300 = CARTESIAN_POINT('',(-10.28182033802,4.021211300299,3.));
#301 = CARTESIAN_POINT('',(-10.15215874623,4.330374907466,3.));
#302 = CARTESIAN_POINT('',(-9.870676757623,4.938442506959,3.));
#303 = CARTESIAN_POINT('',(-9.718855586611,5.237348171697,3.));
#304 = CARTESIAN_POINT('',(-9.556188809793,5.530619215366,3.));
#305 = CARTESIAN_POINT('',(-9.382940245673,5.81776607738,3.));
#306 = CARTESIAN_POINT('',(-9.19940294744,6.098316116656,3.));
#307 = CARTESIAN_POINT('',(-8.819068003369,6.635880199452,3.));
#308 = CARTESIAN_POINT('',(-8.62294491067,6.893373575813,3.));
#309 = CARTESIAN_POINT('',(-8.417820100952,7.143883769693,3.));
#310 = CARTESIAN_POINT('',(-8.204006131334,7.387019804035,3.));
#311 = CARTESIAN_POINT('',(-7.981837939978,7.622409695724,3.));
#312 = CARTESIAN_POINT('',(-7.5132876125,8.085108737666,3.));
#313 = CARTESIAN_POINT('',(-7.266322817992,8.311830273153,3.));
#314 = CARTESIAN_POINT('',(-7.011175700662,8.529472947858,3.));
#315 = CARTESIAN_POINT('',(-6.748264947484,8.73767074131,3.));
#316 = CARTESIAN_POINT('',(-6.478030694313,8.936083726755,3.));
#317 = CARTESIAN_POINT('',(-5.923838373447,9.312712439097,3.));
#318 = CARTESIAN_POINT('',(-5.639878781516,9.490929201863,3.));
#319 = CARTESIAN_POINT('',(-5.349517465342,9.658734718471,3.));
#320 = CARTESIAN_POINT('',(-5.053232505639,9.815844896336,3.));
#321 = CARTESIAN_POINT('',(-4.751518348592,9.962005191277,3.));
#322 = CARTESIAN_POINT('',(-4.138253274567,10.231976049794,3.));
#323 = CARTESIAN_POINT('',(-3.826700670882,10.355787355892,3.));
#324 = CARTESIAN_POINT('',(-3.510738899996,10.468199742546,3.));
#325 = CARTESIAN_POINT('',(-3.190889607311,10.569020451249,3.));
#326 = CARTESIAN_POINT('',(-2.867685178427,10.658088748245,3.));
#327 = CARTESIAN_POINT('',(-2.215652306411,10.812463128498,3.));
#328 = CARTESIAN_POINT('',(-1.886822069947,10.877769636343,3.));
#329 = CARTESIAN_POINT('',(-1.555721209043,10.93106696501,3.));
#330 = CARTESIAN_POINT('',(-1.22289766232,10.972260072222,3.));
#331 = CARTESIAN_POINT('',(-0.888904127729,11.001287356475,3.));
#332 = CARTESIAN_POINT('',(-0.231230106505,11.034373525823,3.));
#333 = CARTESIAN_POINT('',(9.24104948524E-02,11.03925896465,3.));
#334 = CARTESIAN_POINT('',(0.416122098,11.032751831091,3.));
#335 = CARTESIAN_POINT('',(0.73940416578,11.014856316257,3.));
#336 = CARTESIAN_POINT('',(1.061757267409,10.98560594481,3.));
#337 = CARTESIAN_POINT('',(1.715070495698,10.903073293472,3.));
#338 = CARTESIAN_POINT('',(2.04592858875,10.8489698126,3.));
#339 = CARTESIAN_POINT('',(2.374703605404,10.782823204536,3.));
#340 = CARTESIAN_POINT('',(2.700849058227,10.704736528736,3.));
#341 = CARTESIAN_POINT('',(3.023825724576,10.61484583192,3.));
#342 = CARTESIAN_POINT('',(3.66237757725,10.41179449133,3.));
#343 = CARTESIAN_POINT('',(3.977954519829,10.29863328909,3.));
#344 = CARTESIAN_POINT('',(4.289300586854,10.174005796608,3.));
#345 = CARTESIAN_POINT('',(4.595897012847,10.038112393886,3.));
#346 = CARTESIAN_POINT('',(4.897238154334,9.891184585669,3.));
#347 = CARTESIAN_POINT('',(5.488424838759,9.575785442319,3.));
#348 = CARTESIAN_POINT('',(5.778272007681,9.407313239721,3.));
#349 = CARTESIAN_POINT('',(6.061880584447,9.228331228001,3.));
#350 = CARTESIAN_POINT('',(6.338776701645,9.039130473207,3.));
#351 = CARTESIAN_POINT('',(6.608505036623,8.84003027308,3.));
#352 = CARTESIAN_POINT('',(7.13275260406,8.422726063295,3.));
#353 = CARTESIAN_POINT('',(7.387273278396,8.204520905896,3.));
#354 = CARTESIAN_POINT('',(7.633754201203,7.977110395965,3.));
#355 = CARTESIAN_POINT('',(7.871782092692,7.740866648519,3.));
#356 = CARTESIAN_POINT('',(8.100967026574,7.496186182479,3.));
#357 = CARTESIAN_POINT('',(8.540917855002,6.990793677555,3.));
#358 = CARTESIAN_POINT('',(8.751684959576,6.730080248653,3.));
#359 = CARTESIAN_POINT('',(8.952877346124,6.46177070926,3.));
#360 = CARTESIAN_POINT('',(9.144156006007,6.186305902781,3.));
#361 = CARTESIAN_POINT('',(9.325209319597,5.904146440742,3.));
#362 = CARTESIAN_POINT('',(9.666296817462,5.327398979311,3.));
#363 = CARTESIAN_POINT('',(9.826331939854,5.032809393647,3.));
#364 = CARTESIAN_POINT('',(9.975574392712,4.732484443636,3.));
#365 = CARTESIAN_POINT('',(10.113770662981,4.42691910493,3.));
#366 = CARTESIAN_POINT('',(10.240697755297,4.116622830998,3.));
#367 = CARTESIAN_POINT('',(10.471628655387,3.487616285045,3.));
#368 = CARTESIAN_POINT('',(10.575633098307,3.168904283023,3.));
#369 = CARTESIAN_POINT('',(10.66798426105,2.846507558358,3.));
#370 = CARTESIAN_POINT('',(10.748522519856,2.520958830511,3.));
#371 = CARTESIAN_POINT('',(10.817120886909,2.192799527096,3.));
#372 = CARTESIAN_POINT('',(10.930249161802,1.532360045472,3.));
#373 = CARTESIAN_POINT('',(10.974779380787,1.200078050809,3.));
#374 = CARTESIAN_POINT('',(11.007181544278,0.866283974864,3.));
#375 = CARTESIAN_POINT('',(11.027395202892,0.531530642782,3.));
#376 = CARTESIAN_POINT('',(11.035393580874,0.196373529879,3.));
#377 = CARTESIAN_POINT('',(11.02697359977,-0.473632006953,3.));
#378 = CARTESIAN_POINT('',(11.010555217525,-0.808482273647,3.));
#379 = CARTESIAN_POINT('',(10.981935559416,-1.142621915869,3.));
#380 = CARTESIAN_POINT('',(10.941155351889,-1.475496306606,3.));
#381 = CARTESIAN_POINT('',(10.888288917784,-1.806554314401,3.));
#382 = CARTESIAN_POINT('',(10.758599462805,-2.463942297813,3.));
#383 = CARTESIAN_POINT('',(10.681776085237,-2.790274081492,3.));
#384 = CARTESIAN_POINT('',(10.593082190674,-3.113696063432,3.));
#385 = CARTESIAN_POINT('',(10.492658332957,-3.433670178222,3.));
#386 = CARTESIAN_POINT('',(10.380677472724,-3.749667886001,3.));
#387 = CARTESIAN_POINT('',(10.134012508553,-4.372672469386,3.));
#388 = CARTESIAN_POINT('',(9.999327726194,-4.679681058485,3.));
#389 = CARTESIAN_POINT('',(9.853496213662,-4.981677010921,3.));
#390 = CARTESIAN_POINT('',(9.696753698512,-5.27815663801,3.));
#391 = CARTESIAN_POINT('',(9.529366052522,-5.568631491225,3.));
#392 = CARTESIAN_POINT('',(9.173892554993,-6.136625248252,3.));
#393 = CARTESIAN_POINT('',(8.985805725768,-6.414145714258,3.));
#394 = CARTESIAN_POINT('',(8.787665016858,-6.684716675019,3.));
#395 = CARTESIAN_POINT('',(8.579793524688,-6.947885495508,3.));
#396 = CARTESIAN_POINT('',(8.362541229273,-7.203219990861,3.));
#397 = CARTESIAN_POINT('',(7.917830695092,-7.688876611924,3.));
#398 = CARTESIAN_POINT('',(7.690981614077,-7.919758834718,3.));
#399 = CARTESIAN_POINT('',(7.456077022112,-8.142584725209,3.));
#400 = CARTESIAN_POINT('',(7.213476014127,-8.357005563106,3.));
#401 = CARTESIAN_POINT('',(6.963557509045,-8.562694277373,3.));
#402 = CARTESIAN_POINT('',(5.752870230684,-9.489675275854,3.));
#403 = CARTESIAN_POINT('',(4.703149116316,-10.09568902054,3.));
#404 = CARTESIAN_POINT('',(3.578760636552,-10.56085252762,3.));
#405 = CARTESIAN_POINT('',(2.403219989928,-10.87506699243,3.));
#406 = CARTESIAN_POINT('',(1.201337387647,-11.03205516725,3.));
#407 = CARTESIAN_POINT('',(8.534839501806E-16,-11.03205462075,3.));
#408 = PCURVE('',#45,#409);
#409 = DEFINITIONAL_REPRESENTATION('',(#410),#578);
#410 = B_SPLINE_CURVE_WITH_KNOTS('',6,(#411,#412,#413,#414,#415,#416,
    #417,#418,#419,#420,#421,#422,#423,#424,#425,#426,#427,#428,#429,
    #430,#431,#432,#433,#434,#435,#436,#437,#438,#439,#440,#441,#442,
    #443,#444,#445,#446,#447,#448,#449,#450,#451,#452,#453,#454,#455,
    #456,#457,#458,#459,#460,#461,#462,#463,#464,#465,#466,#467,#468,
    #469,#470,#471,#472,#473,#474,#475,#476,#477,#478,#479,#480,#481,
    #482,#483,#484,#485,#486,#487,#488,#489,#490,#491,#492,#493,#494,
    #495,#496,#497,#498,#499,#500,#501,#502,#503,#504,#505,#506,#507,
    #508,#509,#510,#511,#512,#513,#514,#515,#516,#517,#518,#519,#520,
    #521,#522,#523,#524,#525,#526,#527,#528,#529,#530,#531,#532,#533,
    #534,#535,#536,#537,#538,#539,#540,#541,#542,#543,#544,#545,#546,
    #547,#548,#549,#550,#551,#552,#553,#554,#555,#556,#557,#558,#559,
    #560,#561,#562,#563,#564,#565,#566,#567,#568,#569,#570,#571,#572,
    #573,#574,#575,#576,#577),.UNSPECIFIED.,.F.,.F.,(7,5,5,5,5,5,5,5,5,5
    ,5,5,5,5,5,5,5,5,5,5,5,5,5,5,5,5,5,5,5,5,5,5,5,7),(0.,
    2.800034899304E-02,5.300066059208E-02,7.900098465566E-02,
    0.100001246398,0.126001570461,0.150001869596,0.178002218589,
    0.205002555117,0.232002891646,0.261003253104,0.290003614562,
    0.31900397602,0.348004337479,0.376004686472,0.40500504793,
    0.434005409388,0.463005770846,0.492006132304,0.520006481298,
    0.549006842756,0.578007204214,0.607007565672,0.636007927131,
    0.665008288589,0.694008650047,0.723009011505,0.752009372964,
    0.781009734422,0.81001009588,0.839010457339,0.868010818797,
    0.89601116779,1.),.UNSPECIFIED.);
#411 = CARTESIAN_POINT('',(-2.398622264029E-02,-11.38820574894));
#412 = CARTESIAN_POINT('',(-0.347462744141,-11.38820576047));
#413 = CARTESIAN_POINT('',(-0.670940038918,-11.37682392743));
#414 = CARTESIAN_POINT('',(-0.993915833774,-11.35406034387));
#415 = CARTESIAN_POINT('',(-1.315890434333,-11.31994434477));
#416 = CARTESIAN_POINT('',(-1.636366725037,-11.27453450601));
#417 = CARTESIAN_POINT('',(-2.239210458714,-11.16736877155));
#418 = CARTESIAN_POINT('',(-2.521983104556,-11.10788535394));
#419 = CARTESIAN_POINT('',(-2.802816363033,-11.03953096836));
#420 = CARTESIAN_POINT('',(-3.08136318669,-10.9623862464));
#421 = CARTESIAN_POINT('',(-3.35728122426,-10.87654987445));
#422 = CARTESIAN_POINT('',(-3.914102464983,-10.68395088134));
#423 = CARTESIAN_POINT('',(-4.19476455851,-10.57648821396));
#424 = CARTESIAN_POINT('',(-4.471839240068,-10.45988204553));
#425 = CARTESIAN_POINT('',(-4.744955441601,-10.33428380456));
#426 = CARTESIAN_POINT('',(-5.013750888179,-10.19986489397));
#427 = CARTESIAN_POINT('',(-5.491200831774,-9.941277732362));
#428 = CARTESIAN_POINT('',(-5.701480721287,-9.820109065321));
#429 = CARTESIAN_POINT('',(-5.908525722099,-9.693411470827));
#430 = CARTESIAN_POINT('',(-6.11215474199,-9.561293587595));
#431 = CARTESIAN_POINT('',(-6.312191640956,-9.423871912235));
#432 = CARTESIAN_POINT('',(-6.751470565581,-9.104717098434));
#433 = CARTESIAN_POINT('',(-6.988707850082,-8.92022344958));
#434 = CARTESIAN_POINT('',(-7.219851924823,-8.728026169717));
#435 = CARTESIAN_POINT('',(-7.444591855693,-8.528378126533));
#436 = CARTESIAN_POINT('',(-7.662630934351,-8.321548738383));
#437 = CARTESIAN_POINT('',(-8.068507399333,-7.910539557989));
#438 = CARTESIAN_POINT('',(-8.257378399309,-7.707379218026));
#439 = CARTESIAN_POINT('',(-8.440077652719,-7.498567840667));
#440 = CARTESIAN_POINT('',(-8.616395215092,-7.284340564836));
#441 = CARTESIAN_POINT('',(-8.78613322293,-7.064942782119));
#442 = CARTESIAN_POINT('',(-9.139240631827,-6.578932140359));
#443 = CARTESIAN_POINT('',(-9.320167718788,-6.310543437983));
#444 = CARTESIAN_POINT('',(-9.491592001904,-6.035870432469));
#445 = CARTESIAN_POINT('',(-9.653243500676,-5.755334627724));
#446 = CARTESIAN_POINT('',(-9.804877406789,-5.469372628716));
#447 = CARTESIAN_POINT('',(-10.08262091068,-4.897890226782));
#448 = CARTESIAN_POINT('',(-10.20944928259,-4.612717575257));
#449 = CARTESIAN_POINT('',(-10.32656245559,-4.323323179051));
#450 = CARTESIAN_POINT('',(-10.43378737051,-4.030121150636));
#451 = CARTESIAN_POINT('',(-10.53097465329,-3.733534722817));
#452 = CARTESIAN_POINT('',(-10.70502259448,-3.134457779805));
#453 = CARTESIAN_POINT('',(-10.78188361268,-2.831966026227));
#454 = CARTESIAN_POINT('',(-10.84845612587,-2.526953383322));
#455 = CARTESIAN_POINT('',(-10.90463947527,-2.219857236984));
#456 = CARTESIAN_POINT('',(-10.950357887,-1.911119963675));
#457 = CARTESIAN_POINT('',(-11.02337067293,-1.268300108772));
#458 = CARTESIAN_POINT('',(-11.04904962121,-0.93403246751));
#459 = CARTESIAN_POINT('',(-11.06253443948,-0.598940621875));
#460 = CARTESIAN_POINT('',(-11.06379601983,-0.263579929859));
#461 = CARTESIAN_POINT('',(-11.05283902396,7.149350779611E-02));
#462 = CARTESIAN_POINT('',(-11.00656477074,0.739952189358));
#463 = CARTESIAN_POINT('',(-10.97124738611,1.073339271776));
#464 = CARTESIAN_POINT('',(-10.9237883922,1.40532726739));
#465 = CARTESIAN_POINT('',(-10.86425979706,1.735364737528));
#466 = CARTESIAN_POINT('',(-10.79276695387,2.062905632308));
#467 = CARTESIAN_POINT('',(-10.62613019558,2.711912956036));
#468 = CARTESIAN_POINT('',(-10.53098582216,3.033381169997));
#469 = CARTESIAN_POINT('',(-10.42415436391,3.351273329167));
#470 = CARTESIAN_POINT('',(-10.30580656066,3.665060172103));
#471 = CARTESIAN_POINT('',(-10.17614496887,3.97422377927));
#472 = CARTESIAN_POINT('',(-9.894662980264,4.582291378763));
#473 = CARTESIAN_POINT('',(-9.742841809251,4.881197043501));
#474 = CARTESIAN_POINT('',(-9.580175032434,5.17446808717));
#475 = CARTESIAN_POINT('',(-9.406926468313,5.461614949184));
#476 = CARTESIAN_POINT('',(-9.22338917008,5.74216498846));
#477 = CARTESIAN_POINT('',(-8.84305422601,6.279729071256));
#478 = CARTESIAN_POINT('',(-8.64693113331,6.537222447617));
#479 = CARTESIAN_POINT('',(-8.441806323592,6.787732641497));
#480 = CARTESIAN_POINT('',(-8.227992353974,7.030868675839));
#481 = CARTESIAN_POINT('',(-8.005824162618,7.266258567528));
#482 = CARTESIAN_POINT('',(-7.53727383514,7.72895760947));
#483 = CARTESIAN_POINT('',(-7.290309040632,7.955679144957));
#484 = CARTESIAN_POINT('',(-7.035161923302,8.173321819662));
#485 = CARTESIAN_POINT('',(-6.772251170124,8.381519613114));
#486 = CARTESIAN_POINT('',(-6.502016916953,8.579932598559));
#487 = CARTESIAN_POINT('',(-5.947824596087,8.956561310901));
#488 = CARTESIAN_POINT('',(-5.663865004156,9.134778073667));
#489 = CARTESIAN_POINT('',(-5.373503687982,9.302583590275));
#490 = CARTESIAN_POINT('',(-5.07721872828,9.45969376814));
#491 = CARTESIAN_POINT('',(-4.775504571232,9.605854063081));
#492 = CARTESIAN_POINT('',(-4.162239497207,9.875824921598));
#493 = CARTESIAN_POINT('',(-3.850686893522,9.999636227696));
#494 = CARTESIAN_POINT('',(-3.534725122637,10.11204861435));
#495 = CARTESIAN_POINT('',(-3.214875829952,10.212869323053));
#496 = CARTESIAN_POINT('',(-2.891671401067,10.301937620049));
#497 = CARTESIAN_POINT('',(-2.239638529052,10.456312000302));
#498 = CARTESIAN_POINT('',(-1.910808292587,10.521618508147));
#499 = CARTESIAN_POINT('',(-1.579707431683,10.574915836814));
#500 = CARTESIAN_POINT('',(-1.246883884961,10.616108944026));
#501 = CARTESIAN_POINT('',(-0.912890350369,10.645136228279));
#502 = CARTESIAN_POINT('',(-0.255216329145,10.678222397627));
#503 = CARTESIAN_POINT('',(6.842427221211E-02,10.683107836454));
#504 = CARTESIAN_POINT('',(0.39213587536,10.676600702895));
#505 = CARTESIAN_POINT('',(0.71541794314,10.658705188061));
#506 = CARTESIAN_POINT('',(1.037771044769,10.629454816614));
#507 = CARTESIAN_POINT('',(1.691084273058,10.546922165276));
#508 = CARTESIAN_POINT('',(2.02194236611,10.492818684404));
#509 = CARTESIAN_POINT('',(2.350717382764,10.42667207634));
#510 = CARTESIAN_POINT('',(2.676862835587,10.34858540054));
#511 = CARTESIAN_POINT('',(2.999839501936,10.258694703724));
#512 = CARTESIAN_POINT('',(3.638391354609,10.055643363134));
#513 = CARTESIAN_POINT('',(3.953968297189,9.942482160894));
#514 = CARTESIAN_POINT('',(4.265314364214,9.817854668412));
#515 = CARTESIAN_POINT('',(4.571910790206,9.68196126569));
#516 = CARTESIAN_POINT('',(4.873251931693,9.535033457473));
#517 = CARTESIAN_POINT('',(5.464438616119,9.219634314123));
#518 = CARTESIAN_POINT('',(5.75428578504,9.051162111525));
#519 = CARTESIAN_POINT('',(6.037894361806,8.872180099805));
#520 = CARTESIAN_POINT('',(6.314790479005,8.682979345011));
#521 = CARTESIAN_POINT('',(6.584518813982,8.483879144884));
#522 = CARTESIAN_POINT('',(7.108766381419,8.066574935099));
#523 = CARTESIAN_POINT('',(7.363287055755,7.8483697777));
#524 = CARTESIAN_POINT('',(7.609767978562,7.620959267769));
#525 = CARTESIAN_POINT('',(7.847795870052,7.384715520323));
#526 = CARTESIAN_POINT('',(8.076980803934,7.140035054283));
#527 = CARTESIAN_POINT('',(8.516931632362,6.634642549359));
#528 = CARTESIAN_POINT('',(8.727698736936,6.373929120457));
#529 = CARTESIAN_POINT('',(8.928891123484,6.105619581064));
#530 = CARTESIAN_POINT('',(9.120169783367,5.830154774585));
#531 = CARTESIAN_POINT('',(9.301223096957,5.547995312546));
#532 = CARTESIAN_POINT('',(9.642310594821,4.971247851115));
#533 = CARTESIAN_POINT('',(9.802345717214,4.676658265451));
#534 = CARTESIAN_POINT('',(9.951588170072,4.37633331544));
#535 = CARTESIAN_POINT('',(10.089784440341,4.070767976734));
#536 = CARTESIAN_POINT('',(10.216711532656,3.760471702802));
#537 = CARTESIAN_POINT('',(10.447642432747,3.131465156849));
#538 = CARTESIAN_POINT('',(10.551646875667,2.812753154827));
#539 = CARTESIAN_POINT('',(10.643998038409,2.490356430162));
#540 = CARTESIAN_POINT('',(10.724536297215,2.164807702315));
#541 = CARTESIAN_POINT('',(10.793134664269,1.8366483989));
#542 = CARTESIAN_POINT('',(10.906262939162,1.176208917276));
#543 = CARTESIAN_POINT('',(10.950793158147,0.843926922613));
#544 = CARTESIAN_POINT('',(10.983195321637,0.510132846668));
#545 = CARTESIAN_POINT('',(11.003408980251,0.175379514586));
#546 = CARTESIAN_POINT('',(11.011407358234,-0.159777598317));
#547 = CARTESIAN_POINT('',(11.002987377129,-0.829783135149));
#548 = CARTESIAN_POINT('',(10.986568994885,-1.164633401843));
#549 = CARTESIAN_POINT('',(10.957949336776,-1.498773044065));
#550 = CARTESIAN_POINT('',(10.917169129249,-1.831647434802));
#551 = CARTESIAN_POINT('',(10.864302695144,-2.162705442597));
#552 = CARTESIAN_POINT('',(10.734613240165,-2.820093426009));
#553 = CARTESIAN_POINT('',(10.657789862596,-3.146425209688));
#554 = CARTESIAN_POINT('',(10.569095968033,-3.469847191628));
#555 = CARTESIAN_POINT('',(10.468672110316,-3.789821306418));
#556 = CARTESIAN_POINT('',(10.356691250084,-4.105819014197));
#557 = CARTESIAN_POINT('',(10.110026285913,-4.728823597582));
#558 = CARTESIAN_POINT('',(9.975341503554,-5.035832186681));
#559 = CARTESIAN_POINT('',(9.829509991022,-5.337828139117));
#560 = CARTESIAN_POINT('',(9.672767475872,-5.634307766206));
#561 = CARTESIAN_POINT('',(9.505379829882,-5.924782619421));
#562 = CARTESIAN_POINT('',(9.149906332352,-6.492776376448));
#563 = CARTESIAN_POINT('',(8.961819503128,-6.770296842454));
#564 = CARTESIAN_POINT('',(8.763678794218,-7.040867803215));
#565 = CARTESIAN_POINT('',(8.555807302048,-7.304036623704));
#566 = CARTESIAN_POINT('',(8.338555006633,-7.559371119057));
#567 = CARTESIAN_POINT('',(7.893844472452,-8.04502774012));
#568 = CARTESIAN_POINT('',(7.666995391437,-8.275909962914));
#569 = CARTESIAN_POINT('',(7.432090799471,-8.498735853405));
#570 = CARTESIAN_POINT('',(7.189489791487,-8.713156691302));
#571 = CARTESIAN_POINT('',(6.939571286404,-8.918845405569));
#572 = CARTESIAN_POINT('',(5.728884008044,-9.84582640405));
#573 = CARTESIAN_POINT('',(4.679162893676,-10.45184014874));
#574 = CARTESIAN_POINT('',(3.554774413911,-10.91700365581));
#575 = CARTESIAN_POINT('',(2.379233767288,-11.23121812063));
#576 = CARTESIAN_POINT('',(1.177351165007,-11.38820629544));
#577 = CARTESIAN_POINT('',(-2.398622264029E-02,-11.38820574894));
#578 = ( GEOMETRIC_REPRESENTATION_CONTEXT(2) 
PARAMETRIC_REPRESENTATION_CONTEXT() REPRESENTATION_CONTEXT('2D SPACE',''
  ) );
#579 = PCURVE('',#580,#594);
#580 = SURFACE_OF_REVOLUTION('',#581,#591);
#581 = B_SPLINE_CURVE_WITH_KNOTS('',3,(#582,#583,#584,#585,#586,#587,
    #588,#589,#590),.UNSPECIFIED.,.F.,.F.,(4,1,1,1,1,1,4),(0.,1.,2.,3.,
    4.,5.,6.),.QUASI_UNIFORM_KNOTS.);
#582 = CARTESIAN_POINT('',(0.,-11.,17.));
#583 = CARTESIAN_POINT('',(0.,-11.32915184456,14.798677295813));
#584 = CARTESIAN_POINT('',(0.,-8.156357749824,14.187172206766));
#585 = CARTESIAN_POINT('',(0.,-6.059375839204,11.978626233079));
#586 = CARTESIAN_POINT('',(0.,-6.,8.));
#587 = CARTESIAN_POINT('',(0.,-8.187042136623,5.51638893891));
#588 = CARTESIAN_POINT('',(0.,-11.20770415224,4.6260251288));
#589 = CARTESIAN_POINT('',(0.,-11.04258797374,3.109510710207));
#590 = CARTESIAN_POINT('',(0.,-11.,1.));
#591 = AXIS1_PLACEMENT('',#592,#593);
#592 = CARTESIAN_POINT('',(0.,0.,0.));
#593 = DIRECTION('',(0.,0.,1.));
#594 = DEFINITIONAL_REPRESENTATION('',(#595),#763);
#595 = B_SPLINE_CURVE_WITH_KNOTS('',6,(#596,#597,#598,#599,#600,#601,
    #602,#603,#604,#605,#606,#607,#608,#609,#610,#611,#612,#613,#614,
    #615,#616,#617,#618,#619,#620,#621,#622,#623,#624,#625,#626,#627,
    #628,#629,#630,#631,#632,#633,#634,#635,#636,#637,#638,#639,#640,
    #641,#642,#643,#644,#645,#646,#647,#648,#649,#650,#651,#652,#653,
    #654,#655,#656,#657,#658,#659,#660,#661,#662,#663,#664,#665,#666,
    #667,#668,#669,#670,#671,#672,#673,#674,#675,#676,#677,#678,#679,
    #680,#681,#682,#683,#684,#685,#686,#687,#688,#689,#690,#691,#692,
    #693,#694,#695,#696,#697,#698,#699,#700,#701,#702,#703,#704,#705,
    #706,#707,#708,#709,#710,#711,#712,#713,#714,#715,#716,#717,#718,
    #719,#720,#721,#722,#723,#724,#725,#726,#727,#728,#729,#730,#731,
    #732,#733,#734,#735,#736,#737,#738,#739,#740,#741,#742,#743,#744,
    #745,#746,#747,#748,#749,#750,#751,#752,#753,#754,#755,#756,#757,
    #758,#759,#760,#761,#762),.UNSPECIFIED.,.F.,.F.,(7,5,5,5,5,5,5,5,5,5
    ,5,5,5,5,5,5,5,5,5,5,5,5,5,5,5,5,5,5,5,5,5,5,5,7),(0.,
    2.800034899304E-02,5.300066059208E-02,7.900098465566E-02,
    0.100001246398,0.126001570461,0.150001869596,0.178002218589,
    0.205002555117,0.232002891646,0.261003253104,0.290003614562,
    0.31900397602,0.348004337479,0.376004686472,0.40500504793,
    0.434005409388,0.463005770846,0.492006132304,0.520006481298,
    0.549006842756,0.578007204214,0.607007565672,0.636007927131,
    0.665008288589,0.694008650047,0.723009011505,0.752009372964,
    0.781009734422,0.81001009588,0.839010457339,0.868010818797,
    0.89601116779,1.),.UNSPECIFIED.);
#596 = CARTESIAN_POINT('',(6.28318530718,5.587329970865));
#597 = CARTESIAN_POINT('',(6.253863775742,5.587329970865));
#598 = CARTESIAN_POINT('',(6.224542244309,5.587329970865));
#599 = CARTESIAN_POINT('',(6.195220712879,5.587329970865));
#600 = CARTESIAN_POINT('',(6.165899181449,5.587329970865));
#601 = CARTESIAN_POINT('',(6.136577650017,5.587329970865));
#602 = CARTESIAN_POINT('',(6.081076179797,5.587329970865));
#603 = CARTESIAN_POINT('',(6.054896241017,5.587329970865));
#604 = CARTESIAN_POINT('',(6.028716302239,5.587329970865));
#605 = CARTESIAN_POINT('',(6.002536363461,5.587329970865));
#606 = CARTESIAN_POINT('',(5.976356424681,5.587329970865));
#607 = CARTESIAN_POINT('',(5.922949349565,5.587329970865));
#608 = CARTESIAN_POINT('',(5.895722213235,5.587329970865));
#609 = CARTESIAN_POINT('',(5.868495076906,5.587329970865));
#610 = CARTESIAN_POINT('',(5.841267940577,5.587329970865));
#611 = CARTESIAN_POINT('',(5.814040804246,5.587329970865));
#612 = CARTESIAN_POINT('',(5.764822519337,5.587329970865));
#613 = CARTESIAN_POINT('',(5.742831370762,5.587329970865));
#614 = CARTESIAN_POINT('',(5.720840222187,5.587329970865));
#615 = CARTESIAN_POINT('',(5.698849073612,5.587329970865));
#616 = CARTESIAN_POINT('',(5.676857925037,5.587329970865));
#617 = CARTESIAN_POINT('',(5.627639640128,5.587329970865));
#618 = CARTESIAN_POINT('',(5.600412503797,5.587329970865));
#619 = CARTESIAN_POINT('',(5.573185367468,5.587329970865));
#620 = CARTESIAN_POINT('',(5.545958231139,5.587329970865));
#621 = CARTESIAN_POINT('',(5.518731094809,5.587329970865));
#622 = CARTESIAN_POINT('',(5.466371217245,5.587329970865));
#623 = CARTESIAN_POINT('',(5.441238476016,5.587329970865));
#624 = CARTESIAN_POINT('',(5.416105734789,5.587329970865));
#625 = CARTESIAN_POINT('',(5.390972993561,5.587329970865));
#626 = CARTESIAN_POINT('',(5.365840252333,5.587329970865));
#627 = CARTESIAN_POINT('',(5.311385979665,5.587329970865));
#628 = CARTESIAN_POINT('',(5.282064448232,5.587329970865));
#629 = CARTESIAN_POINT('',(5.252742916802,5.587329970865));
#630 = CARTESIAN_POINT('',(5.223421385372,5.587329970865));
#631 = CARTESIAN_POINT('',(5.19409985394,5.587329970865));
#632 = CARTESIAN_POINT('',(5.136503988616,5.587329970865));
#633 = CARTESIAN_POINT('',(5.108229654734,5.587329970865));
#634 = CARTESIAN_POINT('',(5.079955320855,5.587329970865));
#635 = CARTESIAN_POINT('',(5.051680986975,5.587329970865));
#636 = CARTESIAN_POINT('',(5.023406653094,5.587329970865));
#637 = CARTESIAN_POINT('',(4.966857985322,5.587329970865));
#638 = CARTESIAN_POINT('',(4.93858365144,5.587329970865));
#639 = CARTESIAN_POINT('',(4.910309317561,5.587329970865));
#640 = CARTESIAN_POINT('',(4.882034983681,5.587329970865));
#641 = CARTESIAN_POINT('',(4.8537606498,5.587329970865));
#642 = CARTESIAN_POINT('',(4.795117586924,5.587329970865));
#643 = CARTESIAN_POINT('',(4.76474885794,5.587329970865));
#644 = CARTESIAN_POINT('',(4.73438012896,5.587329970865));
#645 = CARTESIAN_POINT('',(4.70401139998,5.587329970865));
#646 = CARTESIAN_POINT('',(4.673642670996,5.587329970865));
#647 = CARTESIAN_POINT('',(4.612905213015,5.587329970865));
#648 = CARTESIAN_POINT('',(4.582536484032,5.587329970865));
#649 = CARTESIAN_POINT('',(4.552167755052,5.587329970865));
#650 = CARTESIAN_POINT('',(4.521799026072,5.587329970865));
#651 = CARTESIAN_POINT('',(4.491430297088,5.587329970865));
#652 = CARTESIAN_POINT('',(4.430692839107,5.587329970865));
#653 = CARTESIAN_POINT('',(4.400324110124,5.587329970865));
#654 = CARTESIAN_POINT('',(4.369955381144,5.587329970865));
#655 = CARTESIAN_POINT('',(4.339586652163,5.587329970865));
#656 = CARTESIAN_POINT('',(4.30921792318,5.587329970865));
#657 = CARTESIAN_POINT('',(4.248480465199,5.587329970865));
#658 = CARTESIAN_POINT('',(4.218111736215,5.587329970865));
#659 = CARTESIAN_POINT('',(4.187743007235,5.587329970865));
#660 = CARTESIAN_POINT('',(4.157374278255,5.587329970865));
#661 = CARTESIAN_POINT('',(4.127005549272,5.587329970865));
#662 = CARTESIAN_POINT('',(4.067315288843,5.587329970865));
#663 = CARTESIAN_POINT('',(4.037993757411,5.587329970865));
#664 = CARTESIAN_POINT('',(4.008672225981,5.587329970865));
#665 = CARTESIAN_POINT('',(3.979350694551,5.587329970865));
#666 = CARTESIAN_POINT('',(3.950029163118,5.587329970865));
#667 = CARTESIAN_POINT('',(3.89033890269,5.587329970865));
#668 = CARTESIAN_POINT('',(3.859970173706,5.587329970865));
#669 = CARTESIAN_POINT('',(3.829601444726,5.587329970865));
#670 = CARTESIAN_POINT('',(3.799232715746,5.587329970865));
#671 = CARTESIAN_POINT('',(3.768863986762,5.587329970865));
#672 = CARTESIAN_POINT('',(3.708126528782,5.587329970865));
#673 = CARTESIAN_POINT('',(3.677757799798,5.587329970865));
#674 = CARTESIAN_POINT('',(3.647389070818,5.587329970865));
#675 = CARTESIAN_POINT('',(3.617020341838,5.587329970865));
#676 = CARTESIAN_POINT('',(3.586651612854,5.587329970865));
#677 = CARTESIAN_POINT('',(3.525914154873,5.587329970865));
#678 = CARTESIAN_POINT('',(3.49554542589,5.587329970865));
#679 = CARTESIAN_POINT('',(3.46517669691,5.587329970865));
#680 = CARTESIAN_POINT('',(3.43480796793,5.587329970865));
#681 = CARTESIAN_POINT('',(3.404439238946,5.587329970865));
#682 = CARTESIAN_POINT('',(3.343701780965,5.587329970865));
#683 = CARTESIAN_POINT('',(3.313333051982,5.587329970865));
#684 = CARTESIAN_POINT('',(3.282964323001,5.587329970865));
#685 = CARTESIAN_POINT('',(3.252595594021,5.587329970865));
#686 = CARTESIAN_POINT('',(3.222226865038,5.587329970865));
#687 = CARTESIAN_POINT('',(3.162536604609,5.587329970865));
#688 = CARTESIAN_POINT('',(3.133215073177,5.587329970865));
#689 = CARTESIAN_POINT('',(3.103893541747,5.587329970865));
#690 = CARTESIAN_POINT('',(3.074572010317,5.587329970865));
#691 = CARTESIAN_POINT('',(3.045250478884,5.587329970865));
#692 = CARTESIAN_POINT('',(2.985560218456,5.587329970865));
#693 = CARTESIAN_POINT('',(2.955191489472,5.587329970865));
#694 = CARTESIAN_POINT('',(2.924822760492,5.587329970865));
#695 = CARTESIAN_POINT('',(2.894454031512,5.587329970865));
#696 = CARTESIAN_POINT('',(2.864085302529,5.587329970865));
#697 = CARTESIAN_POINT('',(2.803347844548,5.587329970865));
#698 = CARTESIAN_POINT('',(2.772979115564,5.587329970865));
#699 = CARTESIAN_POINT('',(2.742610386584,5.587329970865));
#700 = CARTESIAN_POINT('',(2.712241657604,5.587329970865));
#701 = CARTESIAN_POINT('',(2.68187292862,5.587329970865));
#702 = CARTESIAN_POINT('',(2.621135470639,5.587329970865));
#703 = CARTESIAN_POINT('',(2.590766741656,5.587329970865));
#704 = CARTESIAN_POINT('',(2.560398012676,5.587329970865));
#705 = CARTESIAN_POINT('',(2.530029283696,5.587329970865));
#706 = CARTESIAN_POINT('',(2.499660554712,5.587329970865));
#707 = CARTESIAN_POINT('',(2.438923096731,5.587329970865));
#708 = CARTESIAN_POINT('',(2.408554367748,5.587329970865));
#709 = CARTESIAN_POINT('',(2.378185638768,5.587329970865));
#710 = CARTESIAN_POINT('',(2.347816909788,5.587329970865));
#711 = CARTESIAN_POINT('',(2.317448180804,5.587329970865));
#712 = CARTESIAN_POINT('',(2.256710722823,5.587329970865));
#713 = CARTESIAN_POINT('',(2.226341993839,5.587329970865));
#714 = CARTESIAN_POINT('',(2.195973264859,5.587329970865));
#715 = CARTESIAN_POINT('',(2.165604535879,5.587329970865));
#716 = CARTESIAN_POINT('',(2.135235806896,5.587329970865));
#717 = CARTESIAN_POINT('',(2.074498348915,5.587329970865));
#718 = CARTESIAN_POINT('',(2.044129619931,5.587329970865));
#719 = CARTESIAN_POINT('',(2.013760890951,5.587329970865));
#720 = CARTESIAN_POINT('',(1.983392161971,5.587329970865));
#721 = CARTESIAN_POINT('',(1.953023432988,5.587329970865));
#722 = CARTESIAN_POINT('',(1.892285975007,5.587329970865));
#723 = CARTESIAN_POINT('',(1.861917246023,5.587329970865));
#724 = CARTESIAN_POINT('',(1.831548517043,5.587329970865));
#725 = CARTESIAN_POINT('',(1.801179788063,5.587329970865));
#726 = CARTESIAN_POINT('',(1.770811059079,5.587329970865));
#727 = CARTESIAN_POINT('',(1.710073601098,5.587329970865));
#728 = CARTESIAN_POINT('',(1.679704872115,5.587329970865));
#729 = CARTESIAN_POINT('',(1.649336143135,5.587329970865));
#730 = CARTESIAN_POINT('',(1.618967414155,5.587329970865));
#731 = CARTESIAN_POINT('',(1.588598685171,5.587329970865));
#732 = CARTESIAN_POINT('',(1.52786122719,5.587329970865));
#733 = CARTESIAN_POINT('',(1.497492498207,5.587329970865));
#734 = CARTESIAN_POINT('',(1.467123769227,5.587329970865));
#735 = CARTESIAN_POINT('',(1.436755040246,5.587329970865));
#736 = CARTESIAN_POINT('',(1.406386311263,5.587329970865));
#737 = CARTESIAN_POINT('',(1.345648853282,5.587329970865));
#738 = CARTESIAN_POINT('',(1.315280124298,5.587329970865));
#739 = CARTESIAN_POINT('',(1.284911395318,5.587329970865));
#740 = CARTESIAN_POINT('',(1.254542666338,5.587329970865));
#741 = CARTESIAN_POINT('',(1.224173937355,5.587329970865));
#742 = CARTESIAN_POINT('',(1.163436479374,5.587329970865));
#743 = CARTESIAN_POINT('',(1.13306775039,5.587329970865));
#744 = CARTESIAN_POINT('',(1.10269902141,5.587329970865));
#745 = CARTESIAN_POINT('',(1.07233029243,5.587329970865));
#746 = CARTESIAN_POINT('',(1.041961563447,5.587329970865));
#747 = CARTESIAN_POINT('',(0.981224105466,5.587329970865));
#748 = CARTESIAN_POINT('',(0.950855376482,5.587329970865));
#749 = CARTESIAN_POINT('',(0.920486647502,5.587329970865));
#750 = CARTESIAN_POINT('',(0.890117918522,5.587329970865));
#751 = CARTESIAN_POINT('',(0.859749189538,5.587329970865));
#752 = CARTESIAN_POINT('',(0.80005892911,5.587329970865));
#753 = CARTESIAN_POINT('',(0.770737397677,5.587329970865));
#754 = CARTESIAN_POINT('',(0.741415866247,5.587329970865));
#755 = CARTESIAN_POINT('',(0.712094334817,5.587329970865));
#756 = CARTESIAN_POINT('',(0.682772803385,5.587329970865));
#757 = CARTESIAN_POINT('',(0.544555778766,5.587329970865));
#758 = CARTESIAN_POINT('',(0.435613193419,5.587329970865));
#759 = CARTESIAN_POINT('',(0.326725635974,5.587329970865));
#760 = CARTESIAN_POINT('',(0.217838078527,5.587329970865));
#761 = CARTESIAN_POINT('',(0.108895493181,5.587329970865));
#762 = CARTESIAN_POINT('',(0.,5.587329970865));
#763 = ( GEOMETRIC_REPRESENTATION_CONTEXT(2) 
PARAMETRIC_REPRESENTATION_CONTEXT() REPRESENTATION_CONTEXT('2D SPACE',''
  ) );
#764 = ORIENTED_EDGE('',*,*,#765,.T.);
#765 = EDGE_CURVE('',#237,#766,#768,.T.);
#766 = VERTEX_POINT('',#767);
#767 = CARTESIAN_POINT('',(-8.481411587747,-7.054919321617,3.));
#768 = SURFACE_CURVE('',#769,(#937,#1108),.PCURVE_S1.);
#769 = B_SPLINE_CURVE_WITH_KNOTS('',6,(#770,#771,#772,#773,#774,#775,
    #776,#777,#778,#779,#780,#781,#782,#783,#784,#785,#786,#787,#788,
    #789,#790,#791,#792,#793,#794,#795,#796,#797,#798,#799,#800,#801,
    #802,#803,#804,#805,#806,#807,#808,#809,#810,#811,#812,#813,#814,
    #815,#816,#817,#818,#819,#820,#821,#822,#823,#824,#825,#826,#827,
    #828,#829,#830,#831,#832,#833,#834,#835,#836,#837,#838,#839,#840,
    #841,#842,#843,#844,#845,#846,#847,#848,#849,#850,#851,#852,#853,
    #854,#855,#856,#857,#858,#859,#860,#861,#862,#863,#864,#865,#866,
    #867,#868,#869,#870,#871,#872,#873,#874,#875,#876,#877,#878,#879,
    #880,#881,#882,#883,#884,#885,#886,#887,#888,#889,#890,#891,#892,
    #893,#894,#895,#896,#897,#898,#899,#900,#901,#902,#903,#904,#905,
    #906,#907,#908,#909,#910,#911,#912,#913,#914,#915,#916,#917,#918,
    #919,#920,#921,#922,#923,#924,#925,#926,#927,#928,#929,#930,#931,
    #932,#933,#934,#935,#936),.UNSPECIFIED.,.T.,.F.,(7,5,5,5,5,5,5,5,5,5
    ,5,5,5,5,5,5,5,5,5,5,5,5,5,5,5,5,5,5,5,5,5,5,5,7),(0.,
    2.800034899304E-02,5.300066059208E-02,7.900098465566E-02,
    0.100001246398,0.126001570461,0.150001869596,0.178002218589,
    0.205002555117,0.232002891646,0.261003253104,0.290003614562,
    0.31900397602,0.348004337479,0.376004686472,0.40500504793,
    0.434005409388,0.463005770846,0.492006132304,0.520006481298,
    0.549006842756,0.578007204214,0.607007565672,0.636007927131,
    0.665008288589,0.694008650047,0.723009011505,0.752009372964,
    0.781009734422,0.81001009588,0.839010457339,0.868010818797,
    0.89601116779,1.),.UNSPECIFIED.);
#770 = CARTESIAN_POINT('',(-2.69922972862E-15,-11.03205462075,3.));
#771 = CARTESIAN_POINT('',(-0.323476521501,-11.03205463227,3.));
#772 = CARTESIAN_POINT('',(-0.646953816278,-11.02067279923,3.));
#773 = CARTESIAN_POINT('',(-0.969929611134,-10.99790921567,3.));
#774 = CARTESIAN_POINT('',(-1.291904211693,-10.96379321658,3.));
#775 = CARTESIAN_POINT('',(-1.612380502396,-10.91838337781,3.));
#776 = CARTESIAN_POINT('',(-2.215224236074,-10.81121764335,3.));
#777 = CARTESIAN_POINT('',(-2.497996881916,-10.75173422574,3.));
#778 = CARTESIAN_POINT('',(-2.778830140393,-10.68337984016,3.));
#779 = CARTESIAN_POINT('',(-3.057376964049,-10.60623511821,3.));
#780 = CARTESIAN_POINT('',(-3.33329500162,-10.52039874625,3.));
#781 = CARTESIAN_POINT('',(-3.890116242342,-10.32779975315,3.));
#782 = CARTESIAN_POINT('',(-4.17077833587,-10.22033708576,3.));
#783 = CARTESIAN_POINT('',(-4.447853017428,-10.10373091734,3.));
#784 = CARTESIAN_POINT('',(-4.720969218961,-9.978132676372,3.));
#785 = CARTESIAN_POINT('',(-4.989764665539,-9.843713765783,3.));
#786 = CARTESIAN_POINT('',(-5.467214609134,-9.585126604166,3.));
#787 = CARTESIAN_POINT('',(-5.677494498647,-9.463957937125,3.));
#788 = CARTESIAN_POINT('',(-5.884539499459,-9.337260342631,3.));
#789 = CARTESIAN_POINT('',(-6.08816851935,-9.205142459399,3.));
#790 = CARTESIAN_POINT('',(-6.288205418315,-9.067720784039,3.));
#791 = CARTESIAN_POINT('',(-6.72748434294,-8.748565970238,3.));
#792 = CARTESIAN_POINT('',(-6.964721627441,-8.564072321384,3.));
#793 = CARTESIAN_POINT('',(-7.195865702183,-8.371875041521,3.));
#794 = CARTESIAN_POINT('',(-7.420605633053,-8.172226998337,3.));
#795 = CARTESIAN_POINT('',(-7.638644711711,-7.965397610187,3.));
#796 = CARTESIAN_POINT('',(-8.044521176692,-7.554388429793,3.));
#797 = CARTESIAN_POINT('',(-8.233392176669,-7.35122808983,3.));
#798 = CARTESIAN_POINT('',(-8.416091430078,-7.142416712471,3.));
#799 = CARTESIAN_POINT('',(-8.592408992452,-6.92818943664,3.));
#800 = CARTESIAN_POINT('',(-8.76214700029,-6.708791653923,3.));
#801 = CARTESIAN_POINT('',(-9.115254409187,-6.222781012163,3.));
#802 = CARTESIAN_POINT('',(-9.296181496148,-5.954392309787,3.));
#803 = CARTESIAN_POINT('',(-9.467605779263,-5.679719304273,3.));
#804 = CARTESIAN_POINT('',(-9.629257278035,-5.399183499528,3.));
#805 = CARTESIAN_POINT('',(-9.780891184149,-5.11322150052,3.));
#806 = CARTESIAN_POINT('',(-10.05863468804,-4.541739098586,3.));
#807 = CARTESIAN_POINT('',(-10.18546305995,-4.256566447061,3.));
#808 = CARTESIAN_POINT('',(-10.30257623295,-3.967172050855,3.));
#809 = CARTESIAN_POINT('',(-10.40980114787,-3.67397002244,3.));
#810 = CARTESIAN_POINT('',(-10.50698843065,-3.377383594621,3.));
#811 = CARTESIAN_POINT('',(-10.68103637184,-2.778306651609,3.));
#812 = CARTESIAN_POINT('',(-10.75789739004,-2.475814898031,3.));
#813 = CARTESIAN_POINT('',(-10.82446990323,-2.170802255126,3.));
#814 = CARTESIAN_POINT('',(-10.88065325263,-1.863706108788,3.));
#815 = CARTESIAN_POINT('',(-10.92637166436,-1.554968835479,3.));
#816 = CARTESIAN_POINT('',(-10.99938445028,-0.912148980576,3.));
#817 = CARTESIAN_POINT('',(-11.02506339857,-0.577881339314,3.));
#818 = CARTESIAN_POINT('',(-11.03854821684,-0.242789493679,3.));
#819 = CARTESIAN_POINT('',(-11.03980979719,9.257119833738E-02,3.));
#820 = CARTESIAN_POINT('',(-11.02885280132,0.427644635992,3.));
#821 = CARTESIAN_POINT('',(-10.9825785481,1.096103317554,3.));
#822 = CARTESIAN_POINT('',(-10.94726116347,1.429490399973,3.));
#823 = CARTESIAN_POINT('',(-10.89980216956,1.761478395586,3.));
#824 = CARTESIAN_POINT('',(-10.84027357442,2.091515865724,3.));
#825 = CARTESIAN_POINT('',(-10.76878073123,2.419056760504,3.));
#826 = CARTESIAN_POINT('',(-10.60214397294,3.068064084232,3.));
#827 = CARTESIAN_POINT('',(-10.50699959952,3.389532298193,3.));
#828 = CARTESIAN_POINT('',(-10.40016814127,3.707424457363,3.));
#829 = CARTESIAN_POINT('',(-10.28182033802,4.021211300299,3.));
#830 = CARTESIAN_POINT('',(-10.15215874623,4.330374907466,3.));
#831 = CARTESIAN_POINT('',(-9.870676757623,4.938442506959,3.));
#832 = CARTESIAN_POINT('',(-9.718855586611,5.237348171697,3.));
#833 = CARTESIAN_POINT('',(-9.556188809793,5.530619215366,3.));
#834 = CARTESIAN_POINT('',(-9.382940245673,5.81776607738,3.));
#835 = CARTESIAN_POINT('',(-9.19940294744,6.098316116656,3.));
#836 = CARTESIAN_POINT('',(-8.819068003369,6.635880199452,3.));
#837 = CARTESIAN_POINT('',(-8.62294491067,6.893373575813,3.));
#838 = CARTESIAN_POINT('',(-8.417820100952,7.143883769693,3.));
#839 = CARTESIAN_POINT('',(-8.204006131334,7.387019804035,3.));
#840 = CARTESIAN_POINT('',(-7.981837939978,7.622409695724,3.));
#841 = CARTESIAN_POINT('',(-7.5132876125,8.085108737666,3.));
#842 = CARTESIAN_POINT('',(-7.266322817992,8.311830273153,3.));
#843 = CARTESIAN_POINT('',(-7.011175700662,8.529472947858,3.));
#844 = CARTESIAN_POINT('',(-6.748264947484,8.73767074131,3.));
#845 = CARTESIAN_POINT('',(-6.478030694313,8.936083726755,3.));
#846 = CARTESIAN_POINT('',(-5.923838373447,9.312712439097,3.));
#847 = CARTESIAN_POINT('',(-5.639878781516,9.490929201863,3.));
#848 = CARTESIAN_POINT('',(-5.349517465342,9.658734718471,3.));
#849 = CARTESIAN_POINT('',(-5.053232505639,9.815844896336,3.));
#850 = CARTESIAN_POINT('',(-4.751518348592,9.962005191277,3.));
#851 = CARTESIAN_POINT('',(-4.138253274567,10.231976049794,3.));
#852 = CARTESIAN_POINT('',(-3.826700670882,10.355787355892,3.));
#853 = CARTESIAN_POINT('',(-3.510738899996,10.468199742546,3.));
#854 = CARTESIAN_POINT('',(-3.190889607311,10.569020451249,3.));
#855 = CARTESIAN_POINT('',(-2.867685178427,10.658088748245,3.));
#856 = CARTESIAN_POINT('',(-2.215652306411,10.812463128498,3.));
#857 = CARTESIAN_POINT('',(-1.886822069947,10.877769636343,3.));
#858 = CARTESIAN_POINT('',(-1.555721209043,10.93106696501,3.));
#859 = CARTESIAN_POINT('',(-1.22289766232,10.972260072222,3.));
#860 = CARTESIAN_POINT('',(-0.888904127729,11.001287356475,3.));
#861 = CARTESIAN_POINT('',(-0.231230106505,11.034373525823,3.));
#862 = CARTESIAN_POINT('',(9.24104948524E-02,11.03925896465,3.));
#863 = CARTESIAN_POINT('',(0.416122098,11.032751831091,3.));
#864 = CARTESIAN_POINT('',(0.73940416578,11.014856316257,3.));
#865 = CARTESIAN_POINT('',(1.061757267409,10.98560594481,3.));
#866 = CARTESIAN_POINT('',(1.715070495698,10.903073293472,3.));
#867 = CARTESIAN_POINT('',(2.04592858875,10.8489698126,3.));
#868 = CARTESIAN_POINT('',(2.374703605404,10.782823204536,3.));
#869 = CARTESIAN_POINT('',(2.700849058227,10.704736528736,3.));
#870 = CARTESIAN_POINT('',(3.023825724576,10.61484583192,3.));
#871 = CARTESIAN_POINT('',(3.66237757725,10.41179449133,3.));
#872 = CARTESIAN_POINT('',(3.977954519829,10.29863328909,3.));
#873 = CARTESIAN_POINT('',(4.289300586854,10.174005796608,3.));
#874 = CARTESIAN_POINT('',(4.595897012847,10.038112393886,3.));
#875 = CARTESIAN_POINT('',(4.897238154334,9.891184585669,3.));
#876 = CARTESIAN_POINT('',(5.488424838759,9.575785442319,3.));
#877 = CARTESIAN_POINT('',(5.778272007681,9.407313239721,3.));
#878 = CARTESIAN_POINT('',(6.061880584447,9.228331228001,3.));
#879 = CARTESIAN_POINT('',(6.338776701645,9.039130473207,3.));
#880 = CARTESIAN_POINT('',(6.608505036623,8.84003027308,3.));
#881 = CARTESIAN_POINT('',(7.13275260406,8.422726063295,3.));
#882 = CARTESIAN_POINT('',(7.387273278396,8.204520905896,3.));
#883 = CARTESIAN_POINT('',(7.633754201203,7.977110395965,3.));
#884 = CARTESIAN_POINT('',(7.871782092692,7.740866648519,3.));
#885 = CARTESIAN_POINT('',(8.100967026574,7.496186182479,3.));
#886 = CARTESIAN_POINT('',(8.540917855002,6.990793677555,3.));
#887 = CARTESIAN_POINT('',(8.751684959576,6.730080248653,3.));
#888 = CARTESIAN_POINT('',(8.952877346124,6.46177070926,3.));
#889 = CARTESIAN_POINT('',(9.144156006007,6.186305902781,3.));
#890 = CARTESIAN_POINT('',(9.325209319597,5.904146440742,3.));
#891 = CARTESIAN_POINT('',(9.666296817462,5.327398979311,3.));
#892 = CARTESIAN_POINT('',(9.826331939854,5.032809393647,3.));
#893 = CARTESIAN_POINT('',(9.975574392712,4.732484443636,3.));
#894 = CARTESIAN_POINT('',(10.113770662981,4.42691910493,3.));
#895 = CARTESIAN_POINT('',(10.240697755297,4.116622830998,3.));
#896 = CARTESIAN_POINT('',(10.471628655387,3.487616285045,3.));
#897 = CARTESIAN_POINT('',(10.575633098307,3.168904283023,3.));
#898 = CARTESIAN_POINT('',(10.66798426105,2.846507558358,3.));
#899 = CARTESIAN_POINT('',(10.748522519856,2.520958830511,3.));
#900 = CARTESIAN_POINT('',(10.817120886909,2.192799527096,3.));
#901 = CARTESIAN_POINT('',(10.930249161802,1.532360045472,3.));
#902 = CARTESIAN_POINT('',(10.974779380787,1.200078050809,3.));
#903 = CARTESIAN_POINT('',(11.007181544278,0.866283974864,3.));
#904 = CARTESIAN_POINT('',(11.027395202892,0.531530642782,3.));
#905 = CARTESIAN_POINT('',(11.035393580874,0.196373529879,3.));
#906 = CARTESIAN_POINT('',(11.02697359977,-0.473632006953,3.));
#907 = CARTESIAN_POINT('',(11.010555217525,-0.808482273647,3.));
#908 = CARTESIAN_POINT('',(10.981935559416,-1.142621915869,3.));
#909 = CARTESIAN_POINT('',(10.941155351889,-1.475496306606,3.));
#910 = CARTESIAN_POINT('',(10.888288917784,-1.806554314401,3.));
#911 = CARTESIAN_POINT('',(10.758599462805,-2.463942297813,3.));
#912 = CARTESIAN_POINT('',(10.681776085237,-2.790274081492,3.));
#913 = CARTESIAN_POINT('',(10.593082190674,-3.113696063432,3.));
#914 = CARTESIAN_POINT('',(10.492658332957,-3.433670178222,3.));
#915 = CARTESIAN_POINT('',(10.380677472724,-3.749667886001,3.));
#916 = CARTESIAN_POINT('',(10.134012508553,-4.372672469386,3.));
#917 = CARTESIAN_POINT('',(9.999327726194,-4.679681058485,3.));
#918 = CARTESIAN_POINT('',(9.853496213662,-4.981677010921,3.));
#919 = CARTESIAN_POINT('',(9.696753698512,-5.27815663801,3.));
#920 = CARTESIAN_POINT('',(9.529366052522,-5.568631491225,3.));
#921 = CARTESIAN_POINT('',(9.173892554993,-6.136625248252,3.));
#922 = CARTESIAN_POINT('',(8.985805725768,-6.414145714258,3.));
#923 = CARTESIAN_POINT('',(8.787665016858,-6.684716675019,3.));
#924 = CARTESIAN_POINT('',(8.579793524688,-6.947885495508,3.));
#925 = CARTESIAN_POINT('',(8.362541229273,-7.203219990861,3.));
#926 = CARTESIAN_POINT('',(7.917830695092,-7.688876611924,3.));
#927 = CARTESIAN_POINT('',(7.690981614077,-7.919758834718,3.));
#928 = CARTESIAN_POINT('',(7.456077022112,-8.142584725209,3.));
#929 = CARTESIAN_POINT('',(7.213476014127,-8.357005563106,3.));
#930 = CARTESIAN_POINT('',(6.963557509045,-8.562694277373,3.));
#931 = CARTESIAN_POINT('',(5.752870230684,-9.489675275854,3.));
#932 = CARTESIAN_POINT('',(4.703149116316,-10.09568902054,3.));
#933 = CARTESIAN_POINT('',(3.578760636552,-10.56085252762,3.));
#934 = CARTESIAN_POINT('',(2.403219989928,-10.87506699243,3.));
#935 = CARTESIAN_POINT('',(1.201337387647,-11.03205516725,3.));
#936 = CARTESIAN_POINT('',(8.534839501806E-16,-11.03205462075,3.));
#937 = PCURVE('',#45,#938);
#938 = DEFINITIONAL_REPRESENTATION('',(#939),#1107);
#939 = B_SPLINE_CURVE_WITH_KNOTS('',6,(#940,#941,#942,#943,#944,#945,
    #946,#947,#948,#949,#950,#951,#952,#953,#954,#955,#956,#957,#958,
    #959,#960,#961,#962,#963,#964,#965,#966,#967,#968,#969,#970,#971,
    #972,#973,#974,#975,#976,#977,#978,#979,#980,#981,#982,#983,#984,
    #985,#986,#987,#988,#989,#990,#991,#992,#993,#994,#995,#996,#997,
    #998,#999,#1000,#1001,#1002,#1003,#1004,#1005,#1006,#1007,#1008,
    #1009,#1010,#1011,#1012,#1013,#1014,#1015,#1016,#1017,#1018,#1019,
    #1020,#1021,#1022,#1023,#1024,#1025,#1026,#1027,#1028,#1029,#1030,
    #1031,#1032,#1033,#1034,#1035,#1036,#1037,#1038,#1039,#1040,#1041,
    #1042,#1043,#1044,#1045,#1046,#1047,#1048,#1049,#1050,#1051,#1052,
    #1053,#1054,#1055,#1056,#1057,#1058,#1059,#1060,#1061,#1062,#1063,
    #1064,#1065,#1066,#1067,#1068,#1069,#1070,#1071,#1072,#1073,#1074,
    #1075,#1076,#1077,#1078,#1079,#1080,#1081,#1082,#1083,#1084,#1085,
    #1086,#1087,#1088,#1089,#1090,#1091,#1092,#1093,#1094,#1095,#1096,
    #1097,#1098,#1099,#1100,#1101,#1102,#1103,#1104,#1105,#1106),
  .UNSPECIFIED.,.F.,.F.,(7,5,5,5,5,5,5,5,5,5,5,5,5,5,5,5,5,5,5,5,5,5,5,5
    ,5,5,5,5,5,5,5,5,5,7),(0.,2.800034899304E-02,5.300066059208E-02,
    7.900098465566E-02,0.100001246398,0.126001570461,0.150001869596,
    0.178002218589,0.205002555117,0.232002891646,0.261003253104,
    0.290003614562,0.31900397602,0.348004337479,0.376004686472,
    0.40500504793,0.434005409388,0.463005770846,0.492006132304,
    0.520006481298,0.549006842756,0.578007204214,0.607007565672,
    0.636007927131,0.665008288589,0.694008650047,0.723009011505,
    0.752009372964,0.781009734422,0.81001009588,0.839010457339,
    0.868010818797,0.89601116779,1.),.UNSPECIFIED.);
#940 = CARTESIAN_POINT('',(-2.398622264029E-02,-11.38820574894));
#941 = CARTESIAN_POINT('',(-0.347462744141,-11.38820576047));
#942 = CARTESIAN_POINT('',(-0.670940038918,-11.37682392743));
#943 = CARTESIAN_POINT('',(-0.993915833774,-11.35406034387));
#944 = CARTESIAN_POINT('',(-1.315890434333,-11.31994434477));
#945 = CARTESIAN_POINT('',(-1.636366725037,-11.27453450601));
#946 = CARTESIAN_POINT('',(-2.239210458714,-11.16736877155));
#947 = CARTESIAN_POINT('',(-2.521983104556,-11.10788535394));
#948 = CARTESIAN_POINT('',(-2.802816363033,-11.03953096836));
#949 = CARTESIAN_POINT('',(-3.08136318669,-10.9623862464));
#950 = CARTESIAN_POINT('',(-3.35728122426,-10.87654987445));
#951 = CARTESIAN_POINT('',(-3.914102464983,-10.68395088134));
#952 = CARTESIAN_POINT('',(-4.19476455851,-10.57648821396));
#953 = CARTESIAN_POINT('',(-4.471839240068,-10.45988204553));
#954 = CARTESIAN_POINT('',(-4.744955441601,-10.33428380456));
#955 = CARTESIAN_POINT('',(-5.013750888179,-10.19986489397));
#956 = CARTESIAN_POINT('',(-5.491200831774,-9.941277732362));
#957 = CARTESIAN_POINT('',(-5.701480721287,-9.820109065321));
#958 = CARTESIAN_POINT('',(-5.908525722099,-9.693411470827));
#959 = CARTESIAN_POINT('',(-6.11215474199,-9.561293587595));
#960 = CARTESIAN_POINT('',(-6.312191640956,-9.423871912235));
#961 = CARTESIAN_POINT('',(-6.751470565581,-9.104717098434));
#962 = CARTESIAN_POINT('',(-6.988707850082,-8.92022344958));
#963 = CARTESIAN_POINT('',(-7.219851924823,-8.728026169717));
#964 = CARTESIAN_POINT('',(-7.444591855693,-8.528378126533));
#965 = CARTESIAN_POINT('',(-7.662630934351,-8.321548738383));
#966 = CARTESIAN_POINT('',(-8.068507399333,-7.910539557989));
#967 = CARTESIAN_POINT('',(-8.257378399309,-7.707379218026));
#968 = CARTESIAN_POINT('',(-8.440077652719,-7.498567840667));
#969 = CARTESIAN_POINT('',(-8.616395215092,-7.284340564836));
#970 = CARTESIAN_POINT('',(-8.78613322293,-7.064942782119));
#971 = CARTESIAN_POINT('',(-9.139240631827,-6.578932140359));
#972 = CARTESIAN_POINT('',(-9.320167718788,-6.310543437983));
#973 = CARTESIAN_POINT('',(-9.491592001904,-6.035870432469));
#974 = CARTESIAN_POINT('',(-9.653243500676,-5.755334627724));
#975 = CARTESIAN_POINT('',(-9.804877406789,-5.469372628716));
#976 = CARTESIAN_POINT('',(-10.08262091068,-4.897890226782));
#977 = CARTESIAN_POINT('',(-10.20944928259,-4.612717575257));
#978 = CARTESIAN_POINT('',(-10.32656245559,-4.323323179051));
#979 = CARTESIAN_POINT('',(-10.43378737051,-4.030121150636));
#980 = CARTESIAN_POINT('',(-10.53097465329,-3.733534722817));
#981 = CARTESIAN_POINT('',(-10.70502259448,-3.134457779805));
#982 = CARTESIAN_POINT('',(-10.78188361268,-2.831966026227));
#983 = CARTESIAN_POINT('',(-10.84845612587,-2.526953383322));
#984 = CARTESIAN_POINT('',(-10.90463947527,-2.219857236984));
#985 = CARTESIAN_POINT('',(-10.950357887,-1.911119963675));
#986 = CARTESIAN_POINT('',(-11.02337067293,-1.268300108772));
#987 = CARTESIAN_POINT('',(-11.04904962121,-0.93403246751));
#988 = CARTESIAN_POINT('',(-11.06253443948,-0.598940621875));
#989 = CARTESIAN_POINT('',(-11.06379601983,-0.263579929859));
#990 = CARTESIAN_POINT('',(-11.05283902396,7.149350779611E-02));
#991 = CARTESIAN_POINT('',(-11.00656477074,0.739952189358));
#992 = CARTESIAN_POINT('',(-10.97124738611,1.073339271776));
#993 = CARTESIAN_POINT('',(-10.9237883922,1.40532726739));
#994 = CARTESIAN_POINT('',(-10.86425979706,1.735364737528));
#995 = CARTESIAN_POINT('',(-10.79276695387,2.062905632308));
#996 = CARTESIAN_POINT('',(-10.62613019558,2.711912956036));
#997 = CARTESIAN_POINT('',(-10.53098582216,3.033381169997));
#998 = CARTESIAN_POINT('',(-10.42415436391,3.351273329167));
#999 = CARTESIAN_POINT('',(-10.30580656066,3.665060172103));
#1000 = CARTESIAN_POINT('',(-10.17614496887,3.97422377927));
#1001 = CARTESIAN_POINT('',(-9.894662980264,4.582291378763));
#1002 = CARTESIAN_POINT('',(-9.742841809251,4.881197043501));
#1003 = CARTESIAN_POINT('',(-9.580175032434,5.17446808717));
#1004 = CARTESIAN_POINT('',(-9.406926468313,5.461614949184));
#1005 = CARTESIAN_POINT('',(-9.22338917008,5.74216498846));
#1006 = CARTESIAN_POINT('',(-8.84305422601,6.279729071256));
#1007 = CARTESIAN_POINT('',(-8.64693113331,6.537222447617));
#1008 = CARTESIAN_POINT('',(-8.441806323592,6.787732641497));
#1009 = CARTESIAN_POINT('',(-8.227992353974,7.030868675839));
#1010 = CARTESIAN_POINT('',(-8.005824162618,7.266258567528));
#1011 = CARTESIAN_POINT('',(-7.53727383514,7.72895760947));
#1012 = CARTESIAN_POINT('',(-7.290309040632,7.955679144957));
#1013 = CARTESIAN_POINT('',(-7.035161923302,8.173321819662));
#1014 = CARTESIAN_POINT('',(-6.772251170124,8.381519613114));
#1015 = CARTESIAN_POINT('',(-6.502016916953,8.579932598559));
#1016 = CARTESIAN_POINT('',(-5.947824596087,8.956561310901));
#1017 = CARTESIAN_POINT('',(-5.663865004156,9.134778073667));
#1018 = CARTESIAN_POINT('',(-5.373503687982,9.302583590275));
#1019 = CARTESIAN_POINT('',(-5.07721872828,9.45969376814));
#1020 = CARTESIAN_POINT('',(-4.775504571232,9.605854063081));
#1021 = CARTESIAN_POINT('',(-4.162239497207,9.875824921598));
#1022 = CARTESIAN_POINT('',(-3.850686893522,9.999636227696));
#1023 = CARTESIAN_POINT('',(-3.534725122637,10.11204861435));
#1024 = CARTESIAN_POINT('',(-3.214875829952,10.212869323053));
#1025 = CARTESIAN_POINT('',(-2.891671401067,10.301937620049));
#1026 = CARTESIAN_POINT('',(-2.239638529052,10.456312000302));
#1027 = CARTESIAN_POINT('',(-1.910808292587,10.521618508147));
#1028 = CARTESIAN_POINT('',(-1.579707431683,10.574915836814));
#1029 = CARTESIAN_POINT('',(-1.246883884961,10.616108944026));
#1030 = CARTESIAN_POINT('',(-0.912890350369,10.645136228279));
#1031 = CARTESIAN_POINT('',(-0.255216329145,10.678222397627));
#1032 = CARTESIAN_POINT('',(6.842427221211E-02,10.683107836454));
#1033 = CARTESIAN_POINT('',(0.39213587536,10.676600702895));
#1034 = CARTESIAN_POINT('',(0.71541794314,10.658705188061));
#1035 = CARTESIAN_POINT('',(1.037771044769,10.629454816614));
#1036 = CARTESIAN_POINT('',(1.691084273058,10.546922165276));
#1037 = CARTESIAN_POINT('',(2.02194236611,10.492818684404));
#1038 = CARTESIAN_POINT('',(2.350717382764,10.42667207634));
#1039 = CARTESIAN_POINT('',(2.676862835587,10.34858540054));
#1040 = CARTESIAN_POINT('',(2.999839501936,10.258694703724));
#1041 = CARTESIAN_POINT('',(3.638391354609,10.055643363134));
#1042 = CARTESIAN_POINT('',(3.953968297189,9.942482160894));
#1043 = CARTESIAN_POINT('',(4.265314364214,9.817854668412));
#1044 = CARTESIAN_POINT('',(4.571910790206,9.68196126569));
#1045 = CARTESIAN_POINT('',(4.873251931693,9.535033457473));
#1046 = CARTESIAN_POINT('',(5.464438616119,9.219634314123));
#1047 = CARTESIAN_POINT('',(5.75428578504,9.051162111525));
#1048 = CARTESIAN_POINT('',(6.037894361806,8.872180099805));
#1049 = CARTESIAN_POINT('',(6.314790479005,8.682979345011));
#1050 = CARTESIAN_POINT('',(6.584518813982,8.483879144884));
#1051 = CARTESIAN_POINT('',(7.108766381419,8.066574935099));
#1052 = CARTESIAN_POINT('',(7.363287055755,7.8483697777));
#1053 = CARTESIAN_POINT('',(7.609767978562,7.620959267769));
#1054 = CARTESIAN_POINT('',(7.847795870052,7.384715520323));
#1055 = CARTESIAN_POINT('',(8.076980803934,7.140035054283));
#1056 = CARTESIAN_POINT('',(8.516931632362,6.634642549359));
#1057 = CARTESIAN_POINT('',(8.727698736936,6.373929120457));
#1058 = CARTESIAN_POINT('',(8.928891123484,6.105619581064));
#1059 = CARTESIAN_POINT('',(9.120169783367,5.830154774585));
#1060 = CARTESIAN_POINT('',(9.301223096957,5.547995312546));
#1061 = CARTESIAN_POINT('',(9.642310594821,4.971247851115));
#1062 = CARTESIAN_POINT('',(9.802345717214,4.676658265451));
#1063 = CARTESIAN_POINT('',(9.951588170072,4.37633331544));
#1064 = CARTESIAN_POINT('',(10.089784440341,4.070767976734));
#1065 = CARTESIAN_POINT('',(10.216711532656,3.760471702802));
#1066 = CARTESIAN_POINT('',(10.447642432747,3.131465156849));
#1067 = CARTESIAN_POINT('',(10.551646875667,2.812753154827));
#1068 = CARTESIAN_POINT('',(10.643998038409,2.490356430162));
#1069 = CARTESIAN_POINT('',(10.724536297215,2.164807702315));
#1070 = CARTESIAN_POINT('',(10.793134664269,1.8366483989));
#1071 = CARTESIAN_POINT('',(10.906262939162,1.176208917276));
#1072 = CARTESIAN_POINT('',(10.950793158147,0.843926922613));
#1073 = CARTESIAN_POINT('',(10.983195321637,0.510132846668));
#1074 = CARTESIAN_POINT('',(11.003408980251,0.175379514586));
#1075 = CARTESIAN_POINT('',(11.011407358234,-0.159777598317));
#1076 = CARTESIAN_POINT('',(11.002987377129,-0.829783135149));
#1077 = CARTESIAN_POINT('',(10.986568994885,-1.164633401843));
#1078 = CARTESIAN_POINT('',(10.957949336776,-1.498773044065));
#1079 = CARTESIAN_POINT('',(10.917169129249,-1.831647434802));
#1080 = CARTESIAN_POINT('',(10.864302695144,-2.162705442597));
#1081 = CARTESIAN_POINT('',(10.734613240165,-2.820093426009));
#1082 = CARTESIAN_POINT('',(10.657789862596,-3.146425209688));
#1083 = CARTESIAN_POINT('',(10.569095968033,-3.469847191628));
#1084 = CARTESIAN_POINT('',(10.468672110316,-3.789821306418));
#1085 = CARTESIAN_POINT('',(10.356691250084,-4.105819014197));
#1086 = CARTESIAN_POINT('',(10.110026285913,-4.728823597582));
#1087 = CARTESIAN_POINT('',(9.975341503554,-5.035832186681));
#1088 = CARTESIAN_POINT('',(9.829509991022,-5.337828139117));
#1089 = CARTESIAN_POINT('',(9.672767475872,-5.634307766206));
#1090 = CARTESIAN_POINT('',(9.505379829882,-5.924782619421));
#1091 = CARTESIAN_POINT('',(9.149906332352,-6.492776376448));
#1092 = CARTESIAN_POINT('',(8.961819503128,-6.770296842454));
#1093 = CARTESIAN_POINT('',(8.763678794218,-7.040867803215));
#1094 = CARTESIAN_POINT('',(8.555807302048,-7.304036623704));
#1095 = CARTESIAN_POINT('',(8.338555006633,-7.559371119057));
#1096 = CARTESIAN_POINT('',(7.893844472452,-8.04502774012));
#1097 = CARTESIAN_POINT('',(7.666995391437,-8.275909962914));
#1098 = CARTESIAN_POINT('',(7.432090799471,-8.498735853405));
#1099 = CARTESIAN_POINT('',(7.189489791487,-8.713156691302));
#1100 = CARTESIAN_POINT('',(6.939571286404,-8.918845405569));
#1101 = CARTESIAN_POINT('',(5.728884008044,-9.84582640405));
#1102 = CARTESIAN_POINT('',(4.679162893676,-10.45184014874));
#1103 = CARTESIAN_POINT('',(3.554774413911,-10.91700365581));
#1104 = CARTESIAN_POINT('',(2.379233767288,-11.23121812063));
#1105 = CARTESIAN_POINT('',(1.177351165007,-11.38820629544));
#1106 = CARTESIAN_POINT('',(-2.398622264029E-02,-11.38820574894));
#1107 = ( GEOMETRIC_REPRESENTATION_CONTEXT(2) 
PARAMETRIC_REPRESENTATION_CONTEXT() REPRESENTATION_CONTEXT('2D SPACE',''
  ) );
#1108 = PCURVE('',#1109,#1123);
#1109 = SURFACE_OF_REVOLUTION('',#1110,#1120);
#1110 = B_SPLINE_CURVE_WITH_KNOTS('',3,(#1111,#1112,#1113,#1114,#1115,
    #1116,#1117,#1118,#1119),.UNSPECIFIED.,.F.,.F.,(4,1,1,1,1,1,4),(0.,
    1.,2.,3.,4.,5.,6.),.QUASI_UNIFORM_KNOTS.);
#1111 = CARTESIAN_POINT('',(0.,-11.,17.));
#1112 = CARTESIAN_POINT('',(0.,-11.32915184456,14.798677295813));
#1113 = CARTESIAN_POINT('',(0.,-8.156357749824,14.187172206766));
#1114 = CARTESIAN_POINT('',(0.,-6.059375839204,11.978626233079));
#1115 = CARTESIAN_POINT('',(0.,-6.,8.));
#1116 = CARTESIAN_POINT('',(0.,-8.187042136623,5.51638893891));
#1117 = CARTESIAN_POINT('',(0.,-11.20770415224,4.6260251288));
#1118 = CARTESIAN_POINT('',(0.,-11.04258797374,3.109510710207));
#1119 = CARTESIAN_POINT('',(0.,-11.,1.));
#1120 = AXIS1_PLACEMENT('',#1121,#1122);
#1121 = CARTESIAN_POINT('',(0.,0.,0.));
#1122 = DIRECTION('',(0.,0.,1.));
#1123 = DEFINITIONAL_REPRESENTATION('',(#1124),#1292);
#1124 = B_SPLINE_CURVE_WITH_KNOTS('',6,(#1125,#1126,#1127,#1128,#1129,
    #1130,#1131,#1132,#1133,#1134,#1135,#1136,#1137,#1138,#1139,#1140,
    #1141,#1142,#1143,#1144,#1145,#1146,#1147,#1148,#1149,#1150,#1151,
    #1152,#1153,#1154,#1155,#1156,#1157,#1158,#1159,#1160,#1161,#1162,
    #1163,#1164,#1165,#1166,#1167,#1168,#1169,#1170,#1171,#1172,#1173,
    #1174,#1175,#1176,#1177,#1178,#1179,#1180,#1181,#1182,#1183,#1184,
    #1185,#1186,#1187,#1188,#1189,#1190,#1191,#1192,#1193,#1194,#1195,
    #1196,#1197,#1198,#1199,#1200,#1201,#1202,#1203,#1204,#1205,#1206,
    #1207,#1208,#1209,#1210,#1211,#1212,#1213,#1214,#1215,#1216,#1217,
    #1218,#1219,#1220,#1221,#1222,#1223,#1224,#1225,#1226,#1227,#1228,
    #1229,#1230,#1231,#1232,#1233,#1234,#1235,#1236,#1237,#1238,#1239,
    #1240,#1241,#1242,#1243,#1244,#1245,#1246,#1247,#1248,#1249,#1250,
    #1251,#1252,#1253,#1254,#1255,#1256,#1257,#1258,#1259,#1260,#1261,
    #1262,#1263,#1264,#1265,#1266,#1267,#1268,#1269,#1270,#1271,#1272,
    #1273,#1274,#1275,#1276,#1277,#1278,#1279,#1280,#1281,#1282,#1283,
    #1284,#1285,#1286,#1287,#1288,#1289,#1290,#1291),.UNSPECIFIED.,.F.,
  .F.,(7,5,5,5,5,5,5,5,5,5,5,5,5,5,5,5,5,5,5,5,5,5,5,5,5,5,5,5,5,5,5,5,5
    ,7),(0.,2.800034899304E-02,5.300066059208E-02,7.900098465566E-02,
    0.100001246398,0.126001570461,0.150001869596,0.178002218589,
    0.205002555117,0.232002891646,0.261003253104,0.290003614562,
    0.31900397602,0.348004337479,0.376004686472,0.40500504793,
    0.434005409388,0.463005770846,0.492006132304,0.520006481298,
    0.549006842756,0.578007204214,0.607007565672,0.636007927131,
    0.665008288589,0.694008650047,0.723009011505,0.752009372964,
    0.781009734422,0.81001009588,0.839010457339,0.868010818797,
    0.89601116779,1.),.UNSPECIFIED.);
#1125 = CARTESIAN_POINT('',(6.28318530718,5.587329970865));
#1126 = CARTESIAN_POINT('',(6.253863775742,5.587329970865));
#1127 = CARTESIAN_POINT('',(6.224542244309,5.587329970865));
#1128 = CARTESIAN_POINT('',(6.195220712879,5.587329970865));
#1129 = CARTESIAN_POINT('',(6.165899181449,5.587329970865));
#1130 = CARTESIAN_POINT('',(6.136577650017,5.587329970865));
#1131 = CARTESIAN_POINT('',(6.081076179797,5.587329970865));
#1132 = CARTESIAN_POINT('',(6.054896241017,5.587329970865));
#1133 = CARTESIAN_POINT('',(6.028716302239,5.587329970865));
#1134 = CARTESIAN_POINT('',(6.002536363461,5.587329970865));
#1135 = CARTESIAN_POINT('',(5.976356424681,5.587329970865));
#1136 = CARTESIAN_POINT('',(5.922949349565,5.587329970865));
#1137 = CARTESIAN_POINT('',(5.895722213235,5.587329970865));
#1138 = CARTESIAN_POINT('',(5.868495076906,5.587329970865));
#1139 = CARTESIAN_POINT('',(5.841267940577,5.587329970865));
#1140 = CARTESIAN_POINT('',(5.814040804246,5.587329970865));
#1141 = CARTESIAN_POINT('',(5.764822519337,5.587329970865));
#1142 = CARTESIAN_POINT('',(5.742831370762,5.587329970865));
#1143 = CARTESIAN_POINT('',(5.720840222187,5.587329970865));
#1144 = CARTESIAN_POINT('',(5.698849073612,5.587329970865));
#1145 = CARTESIAN_POINT('',(5.676857925037,5.587329970865));
#1146 = CARTESIAN_POINT('',(5.627639640128,5.587329970865));
#1147 = CARTESIAN_POINT('',(5.600412503797,5.587329970865));
#1148 = CARTESIAN_POINT('',(5.573185367468,5.587329970865));
#1149 = CARTESIAN_POINT('',(5.545958231139,5.587329970865));
#1150 = CARTESIAN_POINT('',(5.518731094809,5.587329970865));
#1151 = CARTESIAN_POINT('',(5.466371217245,5.587329970865));
#1152 = CARTESIAN_POINT('',(5.441238476016,5.587329970865));
#1153 = CARTESIAN_POINT('',(5.416105734789,5.587329970865));
#1154 = CARTESIAN_POINT('',(5.390972993561,5.587329970865));
#1155 = CARTESIAN_POINT('',(5.365840252333,5.587329970865));
#1156 = CARTESIAN_POINT('',(5.311385979665,5.587329970865));
#1157 = CARTESIAN_POINT('',(5.282064448232,5.587329970865));
#1158 = CARTESIAN_POINT('',(5.252742916802,5.587329970865));
#1159 = CARTESIAN_POINT('',(5.223421385372,5.587329970865));
#1160 = CARTESIAN_POINT('',(5.19409985394,5.587329970865));
#1161 = CARTESIAN_POINT('',(5.136503988616,5.587329970865));
#1162 = CARTESIAN_POINT('',(5.108229654734,5.587329970865));
#1163 = CARTESIAN_POINT('',(5.079955320855,5.587329970865));
#1164 = CARTESIAN_POINT('',(5.051680986975,5.587329970865));
#1165 = CARTESIAN_POINT('',(5.023406653094,5.587329970865));
#1166 = CARTESIAN_POINT('',(4.966857985322,5.587329970865));
#1167 = CARTESIAN_POINT('',(4.93858365144,5.587329970865));
#1168 = CARTESIAN_POINT('',(4.910309317561,5.587329970865));
#1169 = CARTESIAN_POINT('',(4.882034983681,5.587329970865));
#1170 = CARTESIAN_POINT('',(4.8537606498,5.587329970865));
#1171 = CARTESIAN_POINT('',(4.795117586924,5.587329970865));
#1172 = CARTESIAN_POINT('',(4.76474885794,5.587329970865));
#1173 = CARTESIAN_POINT('',(4.73438012896,5.587329970865));
#1174 = CARTESIAN_POINT('',(4.70401139998,5.587329970865));
#1175 = CARTESIAN_POINT('',(4.673642670996,5.587329970865));
#1176 = CARTESIAN_POINT('',(4.612905213015,5.587329970865));
#1177 = CARTESIAN_POINT('',(4.582536484032,5.587329970865));
#1178 = CARTESIAN_POINT('',(4.552167755052,5.587329970865));
#1179 = CARTESIAN_POINT('',(4.521799026072,5.587329970865));
#1180 = CARTESIAN_POINT('',(4.491430297088,5.587329970865));
#1181 = CARTESIAN_POINT('',(4.430692839107,5.587329970865));
#1182 = CARTESIAN_POINT('',(4.400324110124,5.587329970865));
#1183 = CARTESIAN_POINT('',(4.369955381144,5.587329970865));
#1184 = CARTESIAN_POINT('',(4.339586652163,5.587329970865));
#1185 = CARTESIAN_POINT('',(4.30921792318,5.587329970865));
#1186 = CARTESIAN_POINT('',(4.248480465199,5.587329970865));
#1187 = CARTESIAN_POINT('',(4.218111736215,5.587329970865));
#1188 = CARTESIAN_POINT('',(4.187743007235,5.587329970865));
#1189 = CARTESIAN_POINT('',(4.157374278255,5.587329970865));
#1190 = CARTESIAN_POINT('',(4.127005549272,5.587329970865));
#1191 = CARTESIAN_POINT('',(4.067315288843,5.587329970865));
#1192 = CARTESIAN_POINT('',(4.037993757411,5.587329970865));
#1193 = CARTESIAN_POINT('',(4.008672225981,5.587329970865));
#1194 = CARTESIAN_POINT('',(3.979350694551,5.587329970865));
#1195 = CARTESIAN_POINT('',(3.950029163118,5.587329970865));
#1196 = CARTESIAN_POINT('',(3.89033890269,5.587329970865));
#1197 = CARTESIAN_POINT('',(3.859970173706,5.587329970865));
#1198 = CARTESIAN_POINT('',(3.829601444726,5.587329970865));
#1199 = CARTESIAN_POINT('',(3.799232715746,5.587329970865));
#1200 = CARTESIAN_POINT('',(3.768863986762,5.587329970865));
#1201 = CARTESIAN_POINT('',(3.708126528782,5.587329970865));
#1202 = CARTESIAN_POINT('',(3.677757799798,5.587329970865));
#1203 = CARTESIAN_POINT('',(3.647389070818,5.587329970865));
#1204 = CARTESIAN_POINT('',(3.617020341838,5.587329970865));
#1205 = CARTESIAN_POINT('',(3.586651612854,5.587329970865));
#1206 = CARTESIAN_POINT('',(3.525914154873,5.587329970865));
#1207 = CARTESIAN_POINT('',(3.49554542589,5.587329970865));
#1208 = CARTESIAN_POINT('',(3.46517669691,5.587329970865));
#1209 = CARTESIAN_POINT('',(3.43480796793,5.587329970865));
#1210 = CARTESIAN_POINT('',(3.404439238946,5.587329970865));
#1211 = CARTESIAN_POINT('',(3.343701780965,5.587329970865));
#1212 = CARTESIAN_POINT('',(3.313333051982,5.587329970865));
#1213 = CARTESIAN_POINT('',(3.282964323001,5.587329970865));
#1214 = CARTESIAN_POINT('',(3.252595594021,5.587329970865));
#1215 = CARTESIAN_POINT('',(3.222226865038,5.587329970865));
#1216 = CARTESIAN_POINT('',(3.162536604609,5.587329970865));
#1217 = CARTESIAN_POINT('',(3.133215073177,5.587329970865));
#1218 = CARTESIAN_POINT('',(3.103893541747,5.587329970865));
#1219 = CARTESIAN_POINT('',(3.074572010317,5.587329970865));
#1220 = CARTESIAN_POINT('',(3.045250478884,5.587329970865));
#1221 = CARTESIAN_POINT('',(2.985560218456,5.587329970865));
#1222 = CARTESIAN_POINT('',(2.955191489472,5.587329970865));
#1223 = CARTESIAN_POINT('',(2.924822760492,5.587329970865));
#1224 = CARTESIAN_POINT('',(2.894454031512,5.587329970865));
#1225 = CARTESIAN_POINT('',(2.864085302529,5.587329970865));
#1226 = CARTESIAN_POINT('',(2.803347844548,5.587329970865));
#1227 = CARTESIAN_POINT('',(2.772979115564,5.587329970865));
#1228 = CARTESIAN_POINT('',(2.742610386584,5.587329970865));
#1229 = CARTESIAN_POINT('',(2.712241657604,5.587329970865));
#1230 = CARTESIAN_POINT('',(2.68187292862,5.587329970865));
#1231 = CARTESIAN_POINT('',(2.621135470639,5.587329970865));
#1232 = CARTESIAN_POINT('',(2.590766741656,5.587329970865));
#1233 = CARTESIAN_POINT('',(2.560398012676,5.587329970865));
#1234 = CARTESIAN_POINT('',(2.530029283696,5.587329970865));
#1235 = CARTESIAN_POINT('',(2.499660554712,5.587329970865));
#1236 = CARTESIAN_POINT('',(2.438923096731,5.587329970865));
#1237 = CARTESIAN_POINT('',(2.408554367748,5.587329970865));
#1238 = CARTESIAN_POINT('',(2.378185638768,5.587329970865));
#1239 = CARTESIAN_POINT('',(2.347816909788,5.587329970865));
#1240 = CARTESIAN_POINT('',(2.317448180804,5.587329970865));
#1241 = CARTESIAN_POINT('',(2.256710722823,5.587329970865));
#1242 = CARTESIAN_POINT('',(2.226341993839,5.587329970865));
#1243 = CARTESIAN_POINT('',(2.195973264859,5.587329970865));
#1244 = CARTESIAN_POINT('',(2.165604535879,5.587329970865));
#1245 = CARTESIAN_POINT('',(2.135235806896,5.587329970865));
#1246 = CARTESIAN_POINT('',(2.074498348915,5.587329970865));
#1247 = CARTESIAN_POINT('',(2.044129619931,5.587329970865));
#1248 = CARTESIAN_POINT('',(2.013760890951,5.587329970865));
#1249 = CARTESIAN_POINT('',(1.983392161971,5.587329970865));
#1250 = CARTESIAN_POINT('',(1.953023432988,5.587329970865));
#1251 = CARTESIAN_POINT('',(1.892285975007,5.587329970865));
#1252 = CARTESIAN_POINT('',(1.861917246023,5.587329970865));
#1253 = CARTESIAN_POINT('',(1.831548517043,5.587329970865));
#1254 = CARTESIAN_POINT('',(1.801179788063,5.587329970865));
#1255 = CARTESIAN_POINT('',(1.770811059079,5.587329970865));
#1256 = CARTESIAN_POINT('',(1.710073601098,5.587329970865));
#1257 = CARTESIAN_POINT('',(1.679704872115,5.587329970865));
#1258 = CARTESIAN_POINT('',(1.649336143135,5.587329970865));
#1259 = CARTESIAN_POINT('',(1.618967414155,5.587329970865));
#1260 = CARTESIAN_POINT('',(1.588598685171,5.587329970865));
#1261 = CARTESIAN_POINT('',(1.52786122719,5.587329970865));
#1262 = CARTESIAN_POINT('',(1.497492498207,5.587329970865));
#1263 = CARTESIAN_POINT('',(1.467123769227,5.587329970865));
#1264 = CARTESIAN_POINT('',(1.436755040246,5.587329970865));
#1265 = CARTESIAN_POINT('',(1.406386311263,5.587329970865));
#1266 = CARTESIAN_POINT('',(1.345648853282,5.587329970865));
#1267 = CARTESIAN_POINT('',(1.315280124298,5.587329970865));
#1268 = CARTESIAN_POINT('',(1.284911395318,5.587329970865));
#1269 = CARTESIAN_POINT('',(1.254542666338,5.587329970865));
#1270 = CARTESIAN_POINT('',(1.224173937355,5.587329970865));
#1271 = CARTESIAN_POINT('',(1.163436479374,5.587329970865));
#1272 = CARTESIAN_POINT('',(1.13306775039,5.587329970865));
#1273 = CARTESIAN_POINT('',(1.10269902141,5.587329970865));
#1274 = CARTESIAN_POINT('',(1.07233029243,5.587329970865));
#1275 = CARTESIAN_POINT('',(1.041961563447,5.587329970865));
#1276 = CARTESIAN_POINT('',(0.981224105466,5.587329970865));
#1277 = CARTESIAN_POINT('',(0.950855376482,5.587329970865));
#1278 = CARTESIAN_POINT('',(0.920486647502,5.587329970865));
#1279 = CARTESIAN_POINT('',(0.890117918522,5.587329970865));
#1280 = CARTESIAN_POINT('',(0.859749189538,5.587329970865));
#1281 = CARTESIAN_POINT('',(0.80005892911,5.587329970865));
#1282 = CARTESIAN_POINT('',(0.770737397677,5.587329970865));
#1283 = CARTESIAN_POINT('',(0.741415866247,5.587329970865));
#1284 = CARTESIAN_POINT('',(0.712094334817,5.587329970865));
#1285 = CARTESIAN_POINT('',(0.682772803385,5.587329970865));
#1286 = CARTESIAN_POINT('',(0.544555778766,5.587329970865));
#1287 = CARTESIAN_POINT('',(0.435613193419,5.587329970865));
#1288 = CARTESIAN_POINT('',(0.326725635974,5.587329970865));
#1289 = CARTESIAN_POINT('',(0.217838078527,5.587329970865));
#1290 = CARTESIAN_POINT('',(0.108895493181,5.587329970865));
#1291 = CARTESIAN_POINT('',(0.,5.587329970865));
#1292 = ( GEOMETRIC_REPRESENTATION_CONTEXT(2) 
PARAMETRIC_REPRESENTATION_CONTEXT() REPRESENTATION_CONTEXT('2D SPACE',''
  ) );
#1293 = ORIENTED_EDGE('',*,*,#1294,.F.);
#1294 = EDGE_CURVE('',#140,#766,#1295,.T.);
#1295 = SURFACE_CURVE('',#1296,(#1308,#1323),.PCURVE_S1.);
#1296 = B_SPLINE_CURVE_WITH_KNOTS('',3,(#1297,#1298,#1299,#1300,#1301,
    #1302,#1303,#1304,#1305,#1306,#1307),.UNSPECIFIED.,.F.,.F.,(4,1,1,1,
    1,1,1,1,4),(0.,1.,2.,3.,4.,5.,6.,7.,8.),.QUASI_UNIFORM_KNOTS.);
#1297 = CARTESIAN_POINT('',(-11.51610734792,-2.550155494847,3.));
#1298 = CARTESIAN_POINT('',(-11.12466323259,-3.470357377354,3.));
#1299 = CARTESIAN_POINT('',(-11.33319862674,-5.000006683116,3.));
#1300 = CARTESIAN_POINT('',(-6.707238656892,-8.781740004332,3.));
#1301 = CARTESIAN_POINT('',(-3.002605039896,-5.276354018084,3.));
#1302 = CARTESIAN_POINT('',(2.353687460231E-31,-6.944589321384,3.));
#1303 = CARTESIAN_POINT('',(3.002322612862,-5.426221898997,3.));
#1304 = CARTESIAN_POINT('',(7.100108531903,-8.661377030209,3.));
#1305 = CARTESIAN_POINT('',(10.973346020556,-5.427831856316,3.));
#1306 = CARTESIAN_POINT('',(11.446100000006,-3.00000000001,3.));
#1307 = CARTESIAN_POINT('',(11.675,-2.,3.));
#1308 = PCURVE('',#45,#1309);
#1309 = DEFINITIONAL_REPRESENTATION('',(#1310),#1322);
#1310 = B_SPLINE_CURVE_WITH_KNOTS('',3,(#1311,#1312,#1313,#1314,#1315,
    #1316,#1317,#1318,#1319,#1320,#1321),.UNSPECIFIED.,.F.,.F.,(4,1,1,1,
    1,1,1,1,4),(0.,1.,2.,3.,4.,5.,6.,7.,8.),.QUASI_UNIFORM_KNOTS.);
#1311 = CARTESIAN_POINT('',(-11.54009357056,-2.906306623043));
#1312 = CARTESIAN_POINT('',(-11.14864945523,-3.826508505551));
#1313 = CARTESIAN_POINT('',(-11.35718484938,-5.356157811312));
#1314 = CARTESIAN_POINT('',(-6.731224879532,-9.137891132528));
#1315 = CARTESIAN_POINT('',(-3.026591262537,-5.63250514628));
#1316 = CARTESIAN_POINT('',(-2.398622264029E-02,-7.30074044958));
#1317 = CARTESIAN_POINT('',(2.978336390221,-5.782373027193));
#1318 = CARTESIAN_POINT('',(7.076122309263,-9.017528158405));
#1319 = CARTESIAN_POINT('',(10.949359797916,-5.783982984512));
#1320 = CARTESIAN_POINT('',(11.422113777365,-3.356151128206));
#1321 = CARTESIAN_POINT('',(11.65101377736,-2.356151128196));
#1322 = ( GEOMETRIC_REPRESENTATION_CONTEXT(2) 
PARAMETRIC_REPRESENTATION_CONTEXT() REPRESENTATION_CONTEXT('2D SPACE',''
  ) );
#1323 = PCURVE('',#214,#1324);
#1324 = DEFINITIONAL_REPRESENTATION('',(#1325),#1329);
#1325 = LINE('',#1326,#1327);
#1326 = CARTESIAN_POINT('',(0.,0.));
#1327 = VECTOR('',#1328,1.);
#1328 = DIRECTION('',(1.,0.));
#1329 = ( GEOMETRIC_REPRESENTATION_CONTEXT(2) 
PARAMETRIC_REPRESENTATION_CONTEXT() REPRESENTATION_CONTEXT('2D SPACE',''
  ) );
#1330 = ADVANCED_FACE('',(#1331),#125,.T.);
#1331 = FACE_BOUND('',#1332,.T.);
#1332 = EDGE_LOOP('',(#1333,#1354,#1355,#1356));
#1333 = ORIENTED_EDGE('',*,*,#1334,.F.);
#1334 = EDGE_CURVE('',#84,#1335,#1337,.T.);
#1335 = VERTEX_POINT('',#1336);
#1336 = CARTESIAN_POINT('',(10.667975132056,-5.,15.));
#1337 = SURFACE_CURVE('',#1338,(#1342,#1348),.PCURVE_S1.);
#1338 = LINE('',#1339,#1340);
#1339 = CARTESIAN_POINT('',(-6.98800688868,-5.,15.));
#1340 = VECTOR('',#1341,1.);
#1341 = DIRECTION('',(-1.,0.,0.));
#1342 = PCURVE('',#125,#1343);
#1343 = DEFINITIONAL_REPRESENTATION('',(#1344),#1347);
#1344 = B_SPLINE_CURVE_WITH_KNOTS('',1,(#1345,#1346),.UNSPECIFIED.,.F.,
  .F.,(2,2),(-18.98800688868,5.01199311132),.PIECEWISE_BEZIER_KNOTS.);
#1345 = CARTESIAN_POINT('',(15.,26.));
#1346 = CARTESIAN_POINT('',(15.,2.));
#1347 = ( GEOMETRIC_REPRESENTATION_CONTEXT(2) 
PARAMETRIC_REPRESENTATION_CONTEXT() REPRESENTATION_CONTEXT('2D SPACE',''
  ) );
#1348 = PCURVE('',#100,#1349);
#1349 = DEFINITIONAL_REPRESENTATION('',(#1350),#1353);
#1350 = B_SPLINE_CURVE_WITH_KNOTS('',1,(#1351,#1352),.UNSPECIFIED.,.F.,
  .F.,(2,2),(-18.98800688868,5.01199311132),.PIECEWISE_BEZIER_KNOTS.);
#1351 = CARTESIAN_POINT('',(11.97601377736,-5.356151128196));
#1352 = CARTESIAN_POINT('',(-12.02398622264,-5.356151128196));
#1353 = ( GEOMETRIC_REPRESENTATION_CONTEXT(2) 
PARAMETRIC_REPRESENTATION_CONTEXT() REPRESENTATION_CONTEXT('2D SPACE',''
  ) );
#1354 = ORIENTED_EDGE('',*,*,#112,.T.);
#1355 = ORIENTED_EDGE('',*,*,#161,.T.);
#1356 = ORIENTED_EDGE('',*,*,#1357,.F.);
#1357 = EDGE_CURVE('',#1335,#162,#1358,.T.);
#1358 = SURFACE_CURVE('',#1359,(#1365,#1374),.PCURVE_S1.);
#1359 = B_SPLINE_CURVE_WITH_KNOTS('',4,(#1360,#1361,#1362,#1363,#1364),
  .UNSPECIFIED.,.F.,.F.,(5,5),(0.,1.),.PIECEWISE_BEZIER_KNOTS.);
#1360 = CARTESIAN_POINT('',(10.667975132056,-5.,15.000093068917));
#1361 = CARTESIAN_POINT('',(10.667975132056,-5.,12.000046534459));
#1362 = CARTESIAN_POINT('',(10.667975132056,-5.,9.));
#1363 = CARTESIAN_POINT('',(10.667975132056,-5.,5.999953465541));
#1364 = CARTESIAN_POINT('',(10.667975132056,-5.,2.999906931083));
#1365 = PCURVE('',#125,#1366);
#1366 = DEFINITIONAL_REPRESENTATION('',(#1367),#1373);
#1367 = B_SPLINE_CURVE_WITH_KNOTS('',4,(#1368,#1369,#1370,#1371,#1372),
  .UNSPECIFIED.,.F.,.F.,(5,5),(0.,1.),.PIECEWISE_BEZIER_KNOTS.);
#1368 = CARTESIAN_POINT('',(15.000093068917,24.667975132056));
#1369 = CARTESIAN_POINT('',(12.000046534459,24.667975132056));
#1370 = CARTESIAN_POINT('',(9.,24.667975132056));
#1371 = CARTESIAN_POINT('',(5.999953465541,24.667975132056));
#1372 = CARTESIAN_POINT('',(2.999906931083,24.667975132056));
#1373 = ( GEOMETRIC_REPRESENTATION_CONTEXT(2) 
PARAMETRIC_REPRESENTATION_CONTEXT() REPRESENTATION_CONTEXT('2D SPACE',''
  ) );
#1374 = PCURVE('',#214,#1375);
#1375 = DEFINITIONAL_REPRESENTATION('',(#1376),#1382);
#1376 = B_SPLINE_CURVE_WITH_KNOTS('',4,(#1377,#1378,#1379,#1380,#1381),
  .UNSPECIFIED.,.F.,.F.,(5,5),(0.,1.),.PIECEWISE_BEZIER_KNOTS.);
#1377 = CARTESIAN_POINT('',(7.1041130664,-12.00009306891));
#1378 = CARTESIAN_POINT('',(7.1041130664,-9.000046534459));
#1379 = CARTESIAN_POINT('',(7.1041130664,-6.));
#1380 = CARTESIAN_POINT('',(7.1041130664,-2.999953465541));
#1381 = CARTESIAN_POINT('',(7.1041130664,9.306891744565E-05));
#1382 = ( GEOMETRIC_REPRESENTATION_CONTEXT(2) 
PARAMETRIC_REPRESENTATION_CONTEXT() REPRESENTATION_CONTEXT('2D SPACE',''
  ) );
#1383 = ADVANCED_FACE('',(#1384),#100,.T.);
#1384 = FACE_BOUND('',#1385,.T.);
#1385 = EDGE_LOOP('',(#1386,#1407,#1408,#1409,#1448,#2076,#2109,#2723,
    #3351,#3384,#3998));
#1386 = ORIENTED_EDGE('',*,*,#1387,.T.);
#1387 = EDGE_CURVE('',#1388,#58,#1390,.T.);
#1388 = VERTEX_POINT('',#1389);
#1389 = CARTESIAN_POINT('',(-10.67318188674,-5.,15.));
#1390 = SURFACE_CURVE('',#1391,(#1395,#1401),.PCURVE_S1.);
#1391 = LINE('',#1392,#1393);
#1392 = CARTESIAN_POINT('',(-6.98800688868,-5.,15.));
#1393 = VECTOR('',#1394,1.);
#1394 = DIRECTION('',(-1.,0.,0.));
#1395 = PCURVE('',#100,#1396);
#1396 = DEFINITIONAL_REPRESENTATION('',(#1397),#1400);
#1397 = B_SPLINE_CURVE_WITH_KNOTS('',1,(#1398,#1399),.UNSPECIFIED.,.F.,
  .F.,(2,2),(-18.98800688868,5.01199311132),.PIECEWISE_BEZIER_KNOTS.);
#1398 = CARTESIAN_POINT('',(11.97601377736,-5.356151128196));
#1399 = CARTESIAN_POINT('',(-12.02398622264,-5.356151128196));
#1400 = ( GEOMETRIC_REPRESENTATION_CONTEXT(2) 
PARAMETRIC_REPRESENTATION_CONTEXT() REPRESENTATION_CONTEXT('2D SPACE',''
  ) );
#1401 = PCURVE('',#72,#1402);
#1402 = DEFINITIONAL_REPRESENTATION('',(#1403),#1406);
#1403 = B_SPLINE_CURVE_WITH_KNOTS('',1,(#1404,#1405),.UNSPECIFIED.,.F.,
  .F.,(2,2),(-18.98800688868,5.01199311132),.PIECEWISE_BEZIER_KNOTS.);
#1404 = CARTESIAN_POINT('',(15.,26.));
#1405 = CARTESIAN_POINT('',(15.,2.));
#1406 = ( GEOMETRIC_REPRESENTATION_CONTEXT(2) 
PARAMETRIC_REPRESENTATION_CONTEXT() REPRESENTATION_CONTEXT('2D SPACE',''
  ) );
#1407 = ORIENTED_EDGE('',*,*,#83,.T.);
#1408 = ORIENTED_EDGE('',*,*,#1334,.T.);
#1409 = ORIENTED_EDGE('',*,*,#1410,.F.);
#1410 = EDGE_CURVE('',#1411,#1335,#1413,.T.);
#1411 = VERTEX_POINT('',#1412);
#1412 = CARTESIAN_POINT('',(7.284351428088,-7.573435664981,15.));
#1413 = SURFACE_CURVE('',#1414,(#1426,#1441),.PCURVE_S1.);
#1414 = B_SPLINE_CURVE_WITH_KNOTS('',3,(#1415,#1416,#1417,#1418,#1419,
    #1420,#1421,#1422,#1423,#1424,#1425),.UNSPECIFIED.,.F.,.F.,(4,1,1,1,
    1,1,1,1,4),(0.,1.,2.,3.,4.,5.,6.,7.,8.),.QUASI_UNIFORM_KNOTS.);
#1415 = CARTESIAN_POINT('',(-11.51610734792,-2.550155494847,15.));
#1416 = CARTESIAN_POINT('',(-11.12466323259,-3.470357377354,15.));
#1417 = CARTESIAN_POINT('',(-11.33319862674,-5.000006683116,15.));
#1418 = CARTESIAN_POINT('',(-6.707238656892,-8.781740004332,15.));
#1419 = CARTESIAN_POINT('',(-3.002605039896,-5.276354018084,15.));
#1420 = CARTESIAN_POINT('',(2.353687460231E-31,-6.944589321384,15.));
#1421 = CARTESIAN_POINT('',(3.002322612862,-5.426221898997,15.));
#1422 = CARTESIAN_POINT('',(7.100108531903,-8.661377030209,15.));
#1423 = CARTESIAN_POINT('',(10.973346020556,-5.427831856316,15.));
#1424 = CARTESIAN_POINT('',(11.446100000006,-3.00000000001,15.));
#1425 = CARTESIAN_POINT('',(11.675,-2.,15.));
#1426 = PCURVE('',#100,#1427);
#1427 = DEFINITIONAL_REPRESENTATION('',(#1428),#1440);
#1428 = B_SPLINE_CURVE_WITH_KNOTS('',3,(#1429,#1430,#1431,#1432,#1433,
    #1434,#1435,#1436,#1437,#1438,#1439),.UNSPECIFIED.,.F.,.F.,(4,1,1,1,
    1,1,1,1,4),(0.,1.,2.,3.,4.,5.,6.,7.,8.),.QUASI_UNIFORM_KNOTS.);
#1429 = CARTESIAN_POINT('',(-11.54009357056,-2.906306623043));
#1430 = CARTESIAN_POINT('',(-11.14864945523,-3.826508505551));
#1431 = CARTESIAN_POINT('',(-11.35718484938,-5.356157811312));
#1432 = CARTESIAN_POINT('',(-6.731224879532,-9.137891132528));
#1433 = CARTESIAN_POINT('',(-3.026591262537,-5.63250514628));
#1434 = CARTESIAN_POINT('',(-2.398622264029E-02,-7.30074044958));
#1435 = CARTESIAN_POINT('',(2.978336390221,-5.782373027193));
#1436 = CARTESIAN_POINT('',(7.076122309263,-9.017528158405));
#1437 = CARTESIAN_POINT('',(10.949359797916,-5.783982984512));
#1438 = CARTESIAN_POINT('',(11.422113777365,-3.356151128206));
#1439 = CARTESIAN_POINT('',(11.65101377736,-2.356151128196));
#1440 = ( GEOMETRIC_REPRESENTATION_CONTEXT(2) 
PARAMETRIC_REPRESENTATION_CONTEXT() REPRESENTATION_CONTEXT('2D SPACE',''
  ) );
#1441 = PCURVE('',#214,#1442);
#1442 = DEFINITIONAL_REPRESENTATION('',(#1443),#1447);
#1443 = LINE('',#1444,#1445);
#1444 = CARTESIAN_POINT('',(0.,-12.));
#1445 = VECTOR('',#1446,1.);
#1446 = DIRECTION('',(1.,0.));
#1447 = ( GEOMETRIC_REPRESENTATION_CONTEXT(2) 
PARAMETRIC_REPRESENTATION_CONTEXT() REPRESENTATION_CONTEXT('2D SPACE',''
  ) );
#1448 = ORIENTED_EDGE('',*,*,#1449,.T.);
#1449 = EDGE_CURVE('',#1411,#1450,#1452,.T.);
#1450 = VERTEX_POINT('',#1451);
#1451 = CARTESIAN_POINT('',(3.494906721599,-9.909809811839,15.));
#1452 = SURFACE_CURVE('',#1453,(#1654,#1858),.PCURVE_S1.);
#1453 = B_SPLINE_CURVE_WITH_KNOTS('',7,(#1454,#1455,#1456,#1457,#1458,
    #1459,#1460,#1461,#1462,#1463,#1464,#1465,#1466,#1467,#1468,#1469,
    #1470,#1471,#1472,#1473,#1474,#1475,#1476,#1477,#1478,#1479,#1480,
    #1481,#1482,#1483,#1484,#1485,#1486,#1487,#1488,#1489,#1490,#1491,
    #1492,#1493,#1494,#1495,#1496,#1497,#1498,#1499,#1500,#1501,#1502,
    #1503,#1504,#1505,#1506,#1507,#1508,#1509,#1510,#1511,#1512,#1513,
    #1514,#1515,#1516,#1517,#1518,#1519,#1520,#1521,#1522,#1523,#1524,
    #1525,#1526,#1527,#1528,#1529,#1530,#1531,#1532,#1533,#1534,#1535,
    #1536,#1537,#1538,#1539,#1540,#1541,#1542,#1543,#1544,#1545,#1546,
    #1547,#1548,#1549,#1550,#1551,#1552,#1553,#1554,#1555,#1556,#1557,
    #1558,#1559,#1560,#1561,#1562,#1563,#1564,#1565,#1566,#1567,#1568,
    #1569,#1570,#1571,#1572,#1573,#1574,#1575,#1576,#1577,#1578,#1579,
    #1580,#1581,#1582,#1583,#1584,#1585,#1586,#1587,#1588,#1589,#1590,
    #1591,#1592,#1593,#1594,#1595,#1596,#1597,#1598,#1599,#1600,#1601,
    #1602,#1603,#1604,#1605,#1606,#1607,#1608,#1609,#1610,#1611,#1612,
    #1613,#1614,#1615,#1616,#1617,#1618,#1619,#1620,#1621,#1622,#1623,
    #1624,#1625,#1626,#1627,#1628,#1629,#1630,#1631,#1632,#1633,#1634,
    #1635,#1636,#1637,#1638,#1639,#1640,#1641,#1642,#1643,#1644,#1645,
    #1646,#1647,#1648,#1649,#1650,#1651,#1652,#1653),.UNSPECIFIED.,.T.,
  .F.,(8,6,6,6,6,6,6,6,6,6,6,6,6,6,6,6,6,6,6,6,6,6,6,6,6,6,6,6,6,6,6,6,6
    ,8),(0.,2.800049281667E-02,5.700100323498E-02,8.600151365332E-02,
    0.11400200647,0.138002428882,0.165002904097,0.194003414515,
    0.223003924934,0.252004435352,0.277004875365,0.297005227374,
    0.32400570259,0.3460060898,0.375006600219,0.404007110637,
    0.433007621055,0.462008131474,0.491008641892,0.520009152311,
    0.547009627526,0.576010137944,0.605010648363,0.63301114118,
    0.662011651598,0.691012162016,0.718012637232,0.74701314765,
    0.776013658069,0.805014168487,0.831014626101,0.86001513652,
    0.889015646938,1.),.UNSPECIFIED.);
#1454 = CARTESIAN_POINT('',(-2.69922972862E-15,-10.50803042912,15.));
#1455 = CARTESIAN_POINT('',(-0.264095434199,-10.50803043854,15.));
#1456 = CARTESIAN_POINT('',(-0.528191394502,-10.50028672987,15.));
#1457 = CARTESIAN_POINT('',(-0.792014500825,-10.48479935432,15.));
#1458 = CARTESIAN_POINT('',(-1.055292425794,-10.46158029965,15.));
#1459 = CARTESIAN_POINT('',(-1.317753894748,-10.43065349015,15.));
#1460 = CARTESIAN_POINT('',(-1.579128685734,-10.39205478669,15.));
#1461 = CARTESIAN_POINT('',(-2.108452940952,-10.29795839818,15.));
#1462 = CARTESIAN_POINT('',(-2.376305001582,-10.24190619686,15.));
#1463 = CARTESIAN_POINT('',(-2.642404708986,-10.17772861745,15.));
#1464 = CARTESIAN_POINT('',(-2.906456599176,-10.10549219453,15.));
#1465 = CARTESIAN_POINT('',(-3.168168846595,-10.02527676253,15.));
#1466 = CARTESIAN_POINT('',(-3.427253264112,-9.93717545576,15.));
#1467 = CARTESIAN_POINT('',(-3.939597350081,-9.745413982698,15.));
#1468 = CARTESIAN_POINT('',(-4.192858192813,-9.6417533769,15.));
#1469 = CARTESIAN_POINT('',(-4.442923326825,-9.530419443479,15.));
#1470 = CARTESIAN_POINT('',(-4.689514235925,-9.411531155329,15.));
#1471 = CARTESIAN_POINT('',(-4.932358392128,-9.285219905721,15.));
#1472 = CARTESIAN_POINT('',(-5.171189255653,-9.151629508297,15.));
#1473 = CARTESIAN_POINT('',(-5.63221515437,-8.875055073101,15.));
#1474 = CARTESIAN_POINT('',(-5.854700810245,-8.732553233808,15.));
#1475 = CARTESIAN_POINT('',(-6.07296883818,-8.583551360624,15.));
#1476 = CARTESIAN_POINT('',(-6.286791877167,-8.428199829332,15.));
#1477 = CARTESIAN_POINT('',(-6.49594960956,-8.266658710073,15.));
#1478 = CARTESIAN_POINT('',(-6.700228761074,-8.099097767342,15.));
#1479 = CARTESIAN_POINT('',(-7.070161166155,-7.777066731469,15.));
#1480 = CARTESIAN_POINT('',(-7.237163933389,-7.624145716873,15.));
#1481 = CARTESIAN_POINT('',(-7.400301680386,-7.46704636792,15.));
#1482 = CARTESIAN_POINT('',(-7.559449287393,-7.305886181205,15.));
#1483 = CARTESIAN_POINT('',(-7.714486237006,-7.140787198195,15.));
#1484 = CARTESIAN_POINT('',(-7.865296614168,-6.971876005229,15.));
#1485 = CARTESIAN_POINT('',(-8.176550633111,-6.605117477334,15.));
#1486 = CARTESIAN_POINT('',(-8.33584250045,-6.406291780451,15.));
#1487 = CARTESIAN_POINT('',(-8.489486168326,-6.202993518047,15.));
#1488 = CARTESIAN_POINT('',(-8.637331535832,-5.995415575859,15.));
#1489 = CARTESIAN_POINT('',(-8.779236941018,-5.783756850184,15.));
#1490 = CARTESIAN_POINT('',(-8.915069160884,-5.568222247887,15.));
#1491 = CARTESIAN_POINT('',(-9.183940189532,-5.113586175085,15.));
#1492 = CARTESIAN_POINT('',(-9.316027341297,-4.873920658178,15.));
#1493 = CARTESIAN_POINT('',(-9.440810272834,-4.630287663745,15.));
#1494 = CARTESIAN_POINT('',(-9.558146848048,-4.382954629908,15.));
#1495 = CARTESIAN_POINT('',(-9.667907388595,-4.132194904836,15.));
#1496 = CARTESIAN_POINT('',(-9.769974673885,-3.878287746746,15.));
#1497 = CARTESIAN_POINT('',(-9.958513230088,-3.364748909068,15.));
#1498 = CARTESIAN_POINT('',(-10.04498493312,-3.105116052462,15.));
#1499 = CARTESIAN_POINT('',(-10.12355440601,-2.842904965911,15.));
#1500 = CARTESIAN_POINT('',(-10.19413032701,-2.578404416034,15.));
#1501 = CARTESIAN_POINT('',(-10.25663469684,-2.31190672424,15.));
#1502 = CARTESIAN_POINT('',(-10.31100283867,-2.04370776673,15.));
#1503 = CARTESIAN_POINT('',(-10.40336398049,-1.504506186187,15.));
#1504 = CARTESIAN_POINT('',(-10.44135719217,-1.233502327317,15.));
#1505 = CARTESIAN_POINT('',(-10.47111180336,-0.961394850221,15.));
#1506 = CARTESIAN_POINT('',(-10.49259033034,-0.688484289067,15.));
#1507 = CARTESIAN_POINT('',(-10.50576903539,-0.415072259865,15.));
#1508 = CARTESIAN_POINT('',(-10.51063792688,-0.141461460459,15.));
#1509 = CARTESIAN_POINT('',(-10.50423769741,0.367825263648,15.));
#1510 = CARTESIAN_POINT('',(-10.49510188344,0.60352892332,15.));
#1511 = CARTESIAN_POINT('',(-10.47979578679,0.838960869068,15.));
#1512 = CARTESIAN_POINT('',(-10.45832946078,1.073927354336,15.));
#1513 = CARTESIAN_POINT('',(-10.43072054263,1.308235325418,15.));
#1514 = CARTESIAN_POINT('',(-10.39699425343,1.541692421469,15.));
#1515 = CARTESIAN_POINT('',(-10.32533471094,1.960038664102,15.));
#1516 = CARTESIAN_POINT('',(-10.28959185838,2.145303412053,15.));
#1517 = CARTESIAN_POINT('',(-10.24997164028,2.329803181682,15.));
#1518 = CARTESIAN_POINT('',(-10.20649389191,2.513440654991,15.));
#1519 = CARTESIAN_POINT('',(-10.15918148401,2.696119232647,15.));
#1520 = CARTESIAN_POINT('',(-10.10806032274,2.877743033986,15.));
#1521 = CARTESIAN_POINT('',(-9.979043074675,3.301856517021,15.));
#1522 = CARTESIAN_POINT('',(-9.898037896768,3.543400959916,15.));
#1523 = CARTESIAN_POINT('',(-9.810215178351,3.782615780328,15.));
#1524 = CARTESIAN_POINT('',(-9.715655902849,4.019270377141,15.));
#1525 = CARTESIAN_POINT('',(-9.614450674735,4.253137993491,15.));
#1526 = CARTESIAN_POINT('',(-9.506699719528,4.483995716761,15.));
#1527 = CARTESIAN_POINT('',(-9.299471736014,4.89709982929,15.));
#1528 = CARTESIAN_POINT('',(-9.202157464764,5.08043180296,15.));
#1529 = CARTESIAN_POINT('',(-9.100629462992,5.261502028027,15.));
#1530 = CARTESIAN_POINT('',(-8.994951054661,5.440194457726,15.));
#1531 = CARTESIAN_POINT('',(-8.885189494755,5.616395370087,15.));
#1532 = CARTESIAN_POINT('',(-8.77141596928,5.789993367943,15.));
#1533 = CARTESIAN_POINT('',(-8.498542011649,6.18613810476,15.));
#1534 = CARTESIAN_POINT('',(-8.336537215319,6.406685200914,15.));
#1535 = CARTESIAN_POINT('',(-8.167863596255,6.622270511664,15.));
#1536 = CARTESIAN_POINT('',(-7.992704141041,6.832652703779,15.));
#1537 = CARTESIAN_POINT('',(-7.811252432863,7.037599266518,15.));
#1538 = CARTESIAN_POINT('',(-7.623712651505,7.236886511629,15.));
#1539 = CARTESIAN_POINT('',(-7.236886511632,7.623712651503,15.));
#1540 = CARTESIAN_POINT('',(-7.037599266521,7.811252432861,15.));
#1541 = CARTESIAN_POINT('',(-6.832652703781,7.992704141039,15.));
#1542 = CARTESIAN_POINT('',(-6.622270511666,8.167863596253,15.));
#1543 = CARTESIAN_POINT('',(-6.406685200916,8.336537215317,15.));
#1544 = CARTESIAN_POINT('',(-6.186138104762,8.498542011647,15.));
#1545 = CARTESIAN_POINT('',(-5.73562066627,8.808869198006,15.));
#1546 = CARTESIAN_POINT('',(-5.505649291357,8.957192299297,15.));
#1547 = CARTESIAN_POINT('',(-5.271215481609,9.098502613239,15.));
#1548 = CARTESIAN_POINT('',(-5.032576220719,9.232639873803,15.));
#1549 = CARTESIAN_POINT('',(-4.789995248648,9.35945583482,15.));
#1550 = CARTESIAN_POINT('',(-4.543743061629,9.478814269982,15.));
#1551 = CARTESIAN_POINT('',(-4.044450772199,9.702367696917,15.));
#1552 = CARTESIAN_POINT('',(-3.791409525422,9.806563201068,15.));
#1553 = CARTESIAN_POINT('',(-3.53525047599,9.903053394216,15.));
#1554 = CARTESIAN_POINT('',(-3.276255394412,9.991727230427,15.));
#1555 = CARTESIAN_POINT('',(-3.01471051755,10.07248670892,15.));
#1556 = CARTESIAN_POINT('',(-2.750906548618,10.145246874063,15.));
#1557 = CARTESIAN_POINT('',(-2.219370771248,10.274624779263,15.));
#1558 = CARTESIAN_POINT('',(-1.951637744543,10.331242815851,15.));
#1559 = CARTESIAN_POINT('',(-1.682234776531,10.379718137469,15.));
#1560 = CARTESIAN_POINT('',(-1.411459095231,10.419992594967,15.));
#1561 = CARTESIAN_POINT('',(-1.139609957219,10.452021677714,15.));
#1562 = CARTESIAN_POINT('',(-0.866988647628,10.475774513601,15.));
#1563 = CARTESIAN_POINT('',(-0.320808313982,10.506693247668,15.));
#1564 = CARTESIAN_POINT('',(-4.724803809459E-02,10.513859216715,15.));
#1565 = CARTESIAN_POINT('',(0.226479026679,10.512714668779,15.));
#1566 = CARTESIAN_POINT('',(0.500070035908,10.503256276787,15.));
#1567 = CARTESIAN_POINT('',(0.773222621565,10.485494493991,15.));
#1568 = CARTESIAN_POINT('',(1.045634892027,10.459453553962,15.));
#1569 = CARTESIAN_POINT('',(1.569660812725,10.393253681028,15.));
#1570 = CARTESIAN_POINT('',(1.821414170578,10.35419214559,15.));
#1571 = CARTESIAN_POINT('',(2.072022377471,10.308017620008,15.));
#1572 = CARTESIAN_POINT('',(2.32124446995,10.254770991975,15.));
#1573 = CARTESIAN_POINT('',(2.568841649271,10.194503281159,15.));
#1574 = CARTESIAN_POINT('',(2.814577281399,10.127275639195,15.));
#1575 = CARTESIAN_POINT('',(3.319903847623,9.973552998679,15.));
#1576 = CARTESIAN_POINT('',(3.579173841227,9.8859993233,15.));
#1577 = CARTESIAN_POINT('',(3.835736244339,9.790586801645,15.));
#1578 = CARTESIAN_POINT('',(4.089305619988,9.687416683668,15.));
#1579 = CARTESIAN_POINT('',(4.339601727707,9.576602991191,15.));
#1580 = CARTESIAN_POINT('',(4.586349523536,9.458272517901,15.));
#1581 = CARTESIAN_POINT('',(5.072208807192,9.20685716144,15.));
#1582 = CARTESIAN_POINT('',(5.311321408595,9.073771702032,15.));
#1583 = CARTESIAN_POINT('',(5.546347174872,8.93344812894,15.));
#1584 = CARTESIAN_POINT('',(5.777023741476,8.786037738771,15.));
#1585 = CARTESIAN_POINT('',(6.003096168675,8.631703446924,15.));
#1586 = CARTESIAN_POINT('',(6.224316941554,8.470619787596,15.));
#1587 = CARTESIAN_POINT('',(6.649122306859,8.141106966753,15.));
#1588 = CARTESIAN_POINT('',(6.853052879976,7.973121959623,15.));
#1589 = CARTESIAN_POINT('',(7.052021708102,7.799185489423,15.));
#1590 = CARTESIAN_POINT('',(7.245820957775,7.619473939705,15.));
#1591 = CARTESIAN_POINT('',(7.434250943337,7.43417248053,15.));
#1592 = CARTESIAN_POINT('',(7.617120126929,7.243475068475,15.));
#1593 = CARTESIAN_POINT('',(7.977696000122,6.844697765757,15.));
#1594 = CARTESIAN_POINT('',(8.154985858846,6.636239420638,15.));
#1595 = CARTESIAN_POINT('',(8.325910985335,6.422434796941,15.));
#1596 = CARTESIAN_POINT('',(8.490278696756,6.203517559264,15.));
#1597 = CARTESIAN_POINT('',(8.647907336771,5.979729651132,15.));
#1598 = CARTESIAN_POINT('',(8.798626275541,5.751321294997,15.));
#1599 = CARTESIAN_POINT('',(9.085925563671,5.285780701688,15.));
#1600 = CARTESIAN_POINT('',(9.222506571516,5.048647397507,15.));
#1601 = CARTESIAN_POINT('',(9.351859437471,4.807409647458,15.));
#1602 = CARTESIAN_POINT('',(9.473837009899,4.56233216311,15.));
#1603 = CARTESIAN_POINT('',(9.588304481309,4.313685799837,15.));
#1604 = CARTESIAN_POINT('',(9.695139388351,4.061747556823,15.));
#1605 = CARTESIAN_POINT('',(9.886489923496,3.569436109222,15.));
#1606 = CARTESIAN_POINT('',(9.972037045196,3.329462680047,15.));
#1607 = CARTESIAN_POINT('',(10.050784234011,3.08710872314,15.));
#1608 = CARTESIAN_POINT('',(10.122652687156,2.842605593878,15.));
#1609 = CARTESIAN_POINT('',(10.18757354197,2.596187569405,15.));
#1610 = CARTESIAN_POINT('',(10.245487875918,2.348091848635,15.));
#1611 = CARTESIAN_POINT('',(10.350972867031,1.830541362799,15.));
#1612 = CARTESIAN_POINT('',(10.397459768271,1.560864623592,15.));
#1613 = CARTESIAN_POINT('',(10.435746799771,1.289826030033,15.));
#1614 = CARTESIAN_POINT('',(10.465787056274,1.017724790604,15.));
#1615 = CARTESIAN_POINT('',(10.487547337811,0.744861626862,15.));
#1616 = CARTESIAN_POINT('',(10.5010081497,0.471538773447,15.));
#1617 = CARTESIAN_POINT('',(10.511319278615,-7.541881686426E-02,15.));
#1618 = CARTESIAN_POINT('',(10.508169619275,-0.349054807373,15.));
#1619 = CARTESIAN_POINT('',(10.496709061498,-0.622544243357,15.));
#1620 = CARTESIAN_POINT('',(10.476945694838,-0.895584370167,15.));
#1621 = CARTESIAN_POINT('',(10.448901361424,-1.167873428601,15.));
#1622 = CARTESIAN_POINT('',(10.412611655961,-1.439110654905,15.));
#1623 = CARTESIAN_POINT('',(10.323640218427,-1.978881910422,15.));
#1624 = CARTESIAN_POINT('',(10.270958282436,-2.247417176776,15.));
#1625 = CARTESIAN_POINT('',(10.210129589752,-2.514302332088,15.));
#1626 = CARTESIAN_POINT('',(10.141216956897,-2.779241099623,15.));
#1627 = CARTESIAN_POINT('',(10.064296544912,-3.041940673661,15.));
#1628 = CARTESIAN_POINT('',(9.979457859367,-3.302111719496,15.));
#1629 = CARTESIAN_POINT('',(9.8037345422,-3.790201993168,15.));
#1630 = CARTESIAN_POINT('',(9.7143829739,-4.0186742102,15.));
#1631 = CARTESIAN_POINT('',(9.61882318643,-4.244679186957,15.));
#1632 = CARTESIAN_POINT('',(9.517137428862,-4.468014777522,15.));
#1633 = CARTESIAN_POINT('',(9.409416058365,-4.688482527632,15.));
#1634 = CARTESIAN_POINT('',(9.295757540209,-4.905887674681,15.));
#1635 = CARTESIAN_POINT('',(9.042992204373,-5.358900350498,15.));
#1636 = CARTESIAN_POINT('',(8.90246170629,-5.593714648964,15.));
#1637 = CARTESIAN_POINT('',(8.754825036689,-5.824216774266,15.));
#1638 = CARTESIAN_POINT('',(8.60024165859,-6.050149243658,15.));
#1639 = CARTESIAN_POINT('',(8.438882414855,-6.271262360502,15.));
#1640 = CARTESIAN_POINT('',(8.270929528188,-6.487314214269,15.));
#1641 = CARTESIAN_POINT('',(7.922223691987,-6.908827161613,15.));
#1642 = CARTESIAN_POINT('',(7.741469943228,-7.114289221286,15.));
#1643 = CARTESIAN_POINT('',(7.554509054794,-7.314222815701,15.));
#1644 = CARTESIAN_POINT('',(7.361544507186,-7.508403620304,15.));
#1645 = CARTESIAN_POINT('',(7.162789561468,-7.696617029847,15.));
#1646 = CARTESIAN_POINT('',(6.958467259265,-7.878658158383,15.));
#1647 = CARTESIAN_POINT('',(5.946457763138,-8.726632478773,15.));
#1648 = CARTESIAN_POINT('',(5.065575247358,-9.306007886951,15.));
#1649 = CARTESIAN_POINT('',(4.119762465137,-9.780813765477,15.));
#1650 = CARTESIAN_POINT('',(3.123984471866,-10.14285372583,15.));
#1651 = CARTESIAN_POINT('',(2.094080253307,-10.38636910914,15.));
#1652 = CARTESIAN_POINT('',(1.04678457206,-10.50803104335,15.));
#1653 = CARTESIAN_POINT('',(8.534839501806E-16,-10.50803042912,15.));
#1654 = PCURVE('',#100,#1655);
#1655 = DEFINITIONAL_REPRESENTATION('',(#1656),#1857);
#1656 = B_SPLINE_CURVE_WITH_KNOTS('',7,(#1657,#1658,#1659,#1660,#1661,
    #1662,#1663,#1664,#1665,#1666,#1667,#1668,#1669,#1670,#1671,#1672,
    #1673,#1674,#1675,#1676,#1677,#1678,#1679,#1680,#1681,#1682,#1683,
    #1684,#1685,#1686,#1687,#1688,#1689,#1690,#1691,#1692,#1693,#1694,
    #1695,#1696,#1697,#1698,#1699,#1700,#1701,#1702,#1703,#1704,#1705,
    #1706,#1707,#1708,#1709,#1710,#1711,#1712,#1713,#1714,#1715,#1716,
    #1717,#1718,#1719,#1720,#1721,#1722,#1723,#1724,#1725,#1726,#1727,
    #1728,#1729,#1730,#1731,#1732,#1733,#1734,#1735,#1736,#1737,#1738,
    #1739,#1740,#1741,#1742,#1743,#1744,#1745,#1746,#1747,#1748,#1749,
    #1750,#1751,#1752,#1753,#1754,#1755,#1756,#1757,#1758,#1759,#1760,
    #1761,#1762,#1763,#1764,#1765,#1766,#1767,#1768,#1769,#1770,#1771,
    #1772,#1773,#1774,#1775,#1776,#1777,#1778,#1779,#1780,#1781,#1782,
    #1783,#1784,#1785,#1786,#1787,#1788,#1789,#1790,#1791,#1792,#1793,
    #1794,#1795,#1796,#1797,#1798,#1799,#1800,#1801,#1802,#1803,#1804,
    #1805,#1806,#1807,#1808,#1809,#1810,#1811,#1812,#1813,#1814,#1815,
    #1816,#1817,#1818,#1819,#1820,#1821,#1822,#1823,#1824,#1825,#1826,
    #1827,#1828,#1829,#1830,#1831,#1832,#1833,#1834,#1835,#1836,#1837,
    #1838,#1839,#1840,#1841,#1842,#1843,#1844,#1845,#1846,#1847,#1848,
    #1849,#1850,#1851,#1852,#1853,#1854,#1855,#1856),.UNSPECIFIED.,.F.,
  .F.,(8,6,6,6,6,6,6,6,6,6,6,6,6,6,6,6,6,6,6,6,6,6,6,6,6,6,6,6,6,6,6,6,6
    ,8),(0.,2.800049281667E-02,5.700100323498E-02,8.600151365332E-02,
    0.11400200647,0.138002428882,0.165002904097,0.194003414515,
    0.223003924934,0.252004435352,0.277004875365,0.297005227374,
    0.32400570259,0.3460060898,0.375006600219,0.404007110637,
    0.433007621055,0.462008131474,0.491008641892,0.520009152311,
    0.547009627526,0.576010137944,0.605010648363,0.63301114118,
    0.662011651598,0.691012162016,0.718012637232,0.74701314765,
    0.776013658069,0.805014168487,0.831014626101,0.86001513652,
    0.889015646938,1.),.UNSPECIFIED.);
#1657 = CARTESIAN_POINT('',(-2.398622264029E-02,-10.86418155732));
#1658 = CARTESIAN_POINT('',(-0.28808165684,-10.86418156673));
#1659 = CARTESIAN_POINT('',(-0.552177617142,-10.85643785806));
#1660 = CARTESIAN_POINT('',(-0.816000723465,-10.84095048252));
#1661 = CARTESIAN_POINT('',(-1.079278648434,-10.81773142784));
#1662 = CARTESIAN_POINT('',(-1.341740117388,-10.78680461835));
#1663 = CARTESIAN_POINT('',(-1.603114908374,-10.74820591488));
#1664 = CARTESIAN_POINT('',(-2.132439163592,-10.65410952637));
#1665 = CARTESIAN_POINT('',(-2.400291224222,-10.59805732506));
#1666 = CARTESIAN_POINT('',(-2.666390931626,-10.53387974565));
#1667 = CARTESIAN_POINT('',(-2.930442821817,-10.46164332273));
#1668 = CARTESIAN_POINT('',(-3.192155069235,-10.38142789073));
#1669 = CARTESIAN_POINT('',(-3.451239486752,-10.29332658395));
#1670 = CARTESIAN_POINT('',(-3.963583572721,-10.10156511089));
#1671 = CARTESIAN_POINT('',(-4.216844415453,-9.997904505096));
#1672 = CARTESIAN_POINT('',(-4.466909549465,-9.886570571675));
#1673 = CARTESIAN_POINT('',(-4.713500458566,-9.767682283525));
#1674 = CARTESIAN_POINT('',(-4.956344614769,-9.641371033917));
#1675 = CARTESIAN_POINT('',(-5.195175478293,-9.507780636493));
#1676 = CARTESIAN_POINT('',(-5.65620137701,-9.231206201297));
#1677 = CARTESIAN_POINT('',(-5.878687032886,-9.088704362004));
#1678 = CARTESIAN_POINT('',(-6.096955060821,-8.93970248882));
#1679 = CARTESIAN_POINT('',(-6.310778099808,-8.784350957528));
#1680 = CARTESIAN_POINT('',(-6.5199358322,-8.622809838269));
#1681 = CARTESIAN_POINT('',(-6.724214983714,-8.455248895538));
#1682 = CARTESIAN_POINT('',(-7.094147388796,-8.133217859665));
#1683 = CARTESIAN_POINT('',(-7.261150156029,-7.980296845069));
#1684 = CARTESIAN_POINT('',(-7.424287903026,-7.823197496116));
#1685 = CARTESIAN_POINT('',(-7.583435510033,-7.662037309401));
#1686 = CARTESIAN_POINT('',(-7.738472459646,-7.496938326391));
#1687 = CARTESIAN_POINT('',(-7.889282836808,-7.328027133425));
#1688 = CARTESIAN_POINT('',(-8.200536855751,-6.96126860553));
#1689 = CARTESIAN_POINT('',(-8.35982872309,-6.762442908647));
#1690 = CARTESIAN_POINT('',(-8.513472390966,-6.559144646243));
#1691 = CARTESIAN_POINT('',(-8.661317758473,-6.351566704055));
#1692 = CARTESIAN_POINT('',(-8.803223163658,-6.13990797838));
#1693 = CARTESIAN_POINT('',(-8.939055383524,-5.924373376083));
#1694 = CARTESIAN_POINT('',(-9.207926412172,-5.469737303281));
#1695 = CARTESIAN_POINT('',(-9.340013563937,-5.230071786374));
#1696 = CARTESIAN_POINT('',(-9.464796495475,-4.986438791941));
#1697 = CARTESIAN_POINT('',(-9.582133070688,-4.739105758104));
#1698 = CARTESIAN_POINT('',(-9.691893611236,-4.488346033032));
#1699 = CARTESIAN_POINT('',(-9.793960896526,-4.234438874942));
#1700 = CARTESIAN_POINT('',(-9.982499452729,-3.720900037264));
#1701 = CARTESIAN_POINT('',(-10.06897115576,-3.461267180658));
#1702 = CARTESIAN_POINT('',(-10.14754062865,-3.199056094107));
#1703 = CARTESIAN_POINT('',(-10.21811654965,-2.93455554423));
#1704 = CARTESIAN_POINT('',(-10.28062091948,-2.668057852436));
#1705 = CARTESIAN_POINT('',(-10.33498906131,-2.399858894926));
#1706 = CARTESIAN_POINT('',(-10.42735020313,-1.860657314383));
#1707 = CARTESIAN_POINT('',(-10.46534341481,-1.589653455513));
#1708 = CARTESIAN_POINT('',(-10.495098026,-1.317545978417));
#1709 = CARTESIAN_POINT('',(-10.51657655298,-1.044635417263));
#1710 = CARTESIAN_POINT('',(-10.52975525803,-0.771223388061));
#1711 = CARTESIAN_POINT('',(-10.53462414952,-0.497612588655));
#1712 = CARTESIAN_POINT('',(-10.52822392005,1.167413545168E-02));
#1713 = CARTESIAN_POINT('',(-10.51908810608,0.247377795124));
#1714 = CARTESIAN_POINT('',(-10.50378200943,0.482809740872));
#1715 = CARTESIAN_POINT('',(-10.48231568342,0.71777622614));
#1716 = CARTESIAN_POINT('',(-10.45470676527,0.952084197222));
#1717 = CARTESIAN_POINT('',(-10.42098047607,1.185541293273));
#1718 = CARTESIAN_POINT('',(-10.34932093358,1.603887535906));
#1719 = CARTESIAN_POINT('',(-10.31357808102,1.789152283857));
#1720 = CARTESIAN_POINT('',(-10.27395786292,1.973652053486));
#1721 = CARTESIAN_POINT('',(-10.23048011455,2.157289526795));
#1722 = CARTESIAN_POINT('',(-10.18316770665,2.339968104451));
#1723 = CARTESIAN_POINT('',(-10.13204654538,2.52159190579));
#1724 = CARTESIAN_POINT('',(-10.00302929731,2.945705388825));
#1725 = CARTESIAN_POINT('',(-9.922024119408,3.18724983172));
#1726 = CARTESIAN_POINT('',(-9.834201400991,3.426464652132));
#1727 = CARTESIAN_POINT('',(-9.739642125489,3.663119248945));
#1728 = CARTESIAN_POINT('',(-9.638436897375,3.896986865295));
#1729 = CARTESIAN_POINT('',(-9.530685942169,4.127844588565));
#1730 = CARTESIAN_POINT('',(-9.323457958655,4.540948701094));
#1731 = CARTESIAN_POINT('',(-9.226143687405,4.724280674764));
#1732 = CARTESIAN_POINT('',(-9.124615685632,4.905350899831));
#1733 = CARTESIAN_POINT('',(-9.018937277301,5.08404332953));
#1734 = CARTESIAN_POINT('',(-8.909175717395,5.260244241891));
#1735 = CARTESIAN_POINT('',(-8.79540219192,5.433842239747));
#1736 = CARTESIAN_POINT('',(-8.522528234289,5.829986976564));
#1737 = CARTESIAN_POINT('',(-8.360523437959,6.050534072718));
#1738 = CARTESIAN_POINT('',(-8.191849818895,6.266119383468));
#1739 = CARTESIAN_POINT('',(-8.016690363682,6.476501575583));
#1740 = CARTESIAN_POINT('',(-7.835238655503,6.681448138322));
#1741 = CARTESIAN_POINT('',(-7.647698874145,6.880735383433));
#1742 = CARTESIAN_POINT('',(-7.260872734272,7.267561523307));
#1743 = CARTESIAN_POINT('',(-7.061585489161,7.455101304665));
#1744 = CARTESIAN_POINT('',(-6.856638926422,7.636553012843));
#1745 = CARTESIAN_POINT('',(-6.646256734306,7.811712468057));
#1746 = CARTESIAN_POINT('',(-6.430671423556,7.980386087121));
#1747 = CARTESIAN_POINT('',(-6.210124327402,8.142390883451));
#1748 = CARTESIAN_POINT('',(-5.75960688891,8.45271806981));
#1749 = CARTESIAN_POINT('',(-5.529635513998,8.601041171101));
#1750 = CARTESIAN_POINT('',(-5.29520170425,8.742351485043));
#1751 = CARTESIAN_POINT('',(-5.056562443359,8.876488745607));
#1752 = CARTESIAN_POINT('',(-4.813981471288,9.003304706624));
#1753 = CARTESIAN_POINT('',(-4.567729284269,9.122663141786));
#1754 = CARTESIAN_POINT('',(-4.068436994839,9.346216568721));
#1755 = CARTESIAN_POINT('',(-3.815395748062,9.450412072872));
#1756 = CARTESIAN_POINT('',(-3.559236698631,9.54690226602));
#1757 = CARTESIAN_POINT('',(-3.300241617053,9.635576102231));
#1758 = CARTESIAN_POINT('',(-3.03869674019,9.716335580724));
#1759 = CARTESIAN_POINT('',(-2.774892771258,9.789095745867));
#1760 = CARTESIAN_POINT('',(-2.243356993888,9.918473651067));
#1761 = CARTESIAN_POINT('',(-1.975623967183,9.975091687655));
#1762 = CARTESIAN_POINT('',(-1.706220999171,10.023567009273));
#1763 = CARTESIAN_POINT('',(-1.435445317872,10.063841466771));
#1764 = CARTESIAN_POINT('',(-1.16359617986,10.095870549518));
#1765 = CARTESIAN_POINT('',(-0.890974870269,10.119623385405));
#1766 = CARTESIAN_POINT('',(-0.344794536622,10.150542119472));
#1767 = CARTESIAN_POINT('',(-7.123426073488E-02,10.157708088519));
#1768 = CARTESIAN_POINT('',(0.202492804039,10.156563540583));
#1769 = CARTESIAN_POINT('',(0.476083813268,10.147105148591));
#1770 = CARTESIAN_POINT('',(0.749236398925,10.129343365794));
#1771 = CARTESIAN_POINT('',(1.021648669387,10.103302425766));
#1772 = CARTESIAN_POINT('',(1.545674590084,10.037102552832));
#1773 = CARTESIAN_POINT('',(1.797427947938,9.998041017394));
#1774 = CARTESIAN_POINT('',(2.048036154831,9.951866491812));
#1775 = CARTESIAN_POINT('',(2.29725824731,9.898619863779));
#1776 = CARTESIAN_POINT('',(2.544855426631,9.838352152963));
#1777 = CARTESIAN_POINT('',(2.790591058758,9.771124510999));
#1778 = CARTESIAN_POINT('',(3.295917624983,9.617401870483));
#1779 = CARTESIAN_POINT('',(3.555187618587,9.529848195104));
#1780 = CARTESIAN_POINT('',(3.811750021699,9.434435673449));
#1781 = CARTESIAN_POINT('',(4.065319397348,9.331265555472));
#1782 = CARTESIAN_POINT('',(4.315615505066,9.220451862995));
#1783 = CARTESIAN_POINT('',(4.562363300896,9.102121389705));
#1784 = CARTESIAN_POINT('',(5.048222584551,8.850706033244));
#1785 = CARTESIAN_POINT('',(5.287335185955,8.717620573836));
#1786 = CARTESIAN_POINT('',(5.522360952232,8.577297000744));
#1787 = CARTESIAN_POINT('',(5.753037518836,8.429886610575));
#1788 = CARTESIAN_POINT('',(5.979109946035,8.275552318728));
#1789 = CARTESIAN_POINT('',(6.200330718914,8.114468659399));
#1790 = CARTESIAN_POINT('',(6.625136084219,7.784955838557));
#1791 = CARTESIAN_POINT('',(6.829066657336,7.616970831427));
#1792 = CARTESIAN_POINT('',(7.028035485461,7.443034361227));
#1793 = CARTESIAN_POINT('',(7.221834735135,7.263322811509));
#1794 = CARTESIAN_POINT('',(7.410264720697,7.078021352334));
#1795 = CARTESIAN_POINT('',(7.593133904289,6.887323940279));
#1796 = CARTESIAN_POINT('',(7.953709777482,6.488546637561));
#1797 = CARTESIAN_POINT('',(8.130999636205,6.280088292442));
#1798 = CARTESIAN_POINT('',(8.301924762694,6.066283668745));
#1799 = CARTESIAN_POINT('',(8.466292474115,5.847366431068));
#1800 = CARTESIAN_POINT('',(8.623921114131,5.623578522936));
#1801 = CARTESIAN_POINT('',(8.7746400529,5.395170166801));
#1802 = CARTESIAN_POINT('',(9.061939341031,4.929629573492));
#1803 = CARTESIAN_POINT('',(9.198520348876,4.692496269311));
#1804 = CARTESIAN_POINT('',(9.32787321483,4.451258519262));
#1805 = CARTESIAN_POINT('',(9.449850787259,4.206181034914));
#1806 = CARTESIAN_POINT('',(9.564318258669,3.957534671641));
#1807 = CARTESIAN_POINT('',(9.671153165711,3.705596428627));
#1808 = CARTESIAN_POINT('',(9.862503700856,3.213284981026));
#1809 = CARTESIAN_POINT('',(9.948050822556,2.973311551851));
#1810 = CARTESIAN_POINT('',(10.026798011371,2.730957594944));
#1811 = CARTESIAN_POINT('',(10.098666464516,2.486454465682));
#1812 = CARTESIAN_POINT('',(10.16358731933,2.240036441209));
#1813 = CARTESIAN_POINT('',(10.221501653278,1.991940720439));
#1814 = CARTESIAN_POINT('',(10.32698664439,1.474390234603));
#1815 = CARTESIAN_POINT('',(10.373473545631,1.204713495396));
#1816 = CARTESIAN_POINT('',(10.411760577131,0.933674901837));
#1817 = CARTESIAN_POINT('',(10.441800833634,0.661573662408));
#1818 = CARTESIAN_POINT('',(10.463561115171,0.388710498666));
#1819 = CARTESIAN_POINT('',(10.477021927059,0.115387645251));
#1820 = CARTESIAN_POINT('',(10.487333055975,-0.43156994506));
#1821 = CARTESIAN_POINT('',(10.484183396635,-0.705205935569));
#1822 = CARTESIAN_POINT('',(10.472722838858,-0.978695371553));
#1823 = CARTESIAN_POINT('',(10.452959472198,-1.251735498363));
#1824 = CARTESIAN_POINT('',(10.424915138784,-1.524024556797));
#1825 = CARTESIAN_POINT('',(10.388625433321,-1.795261783101));
#1826 = CARTESIAN_POINT('',(10.299653995787,-2.335033038618));
#1827 = CARTESIAN_POINT('',(10.246972059796,-2.603568304972));
#1828 = CARTESIAN_POINT('',(10.186143367112,-2.870453460284));
#1829 = CARTESIAN_POINT('',(10.117230734256,-3.135392227819));
#1830 = CARTESIAN_POINT('',(10.040310322272,-3.398091801857));
#1831 = CARTESIAN_POINT('',(9.955471636727,-3.658262847692));
#1832 = CARTESIAN_POINT('',(9.779748319559,-4.146353121364));
#1833 = CARTESIAN_POINT('',(9.69039675126,-4.374825338396));
#1834 = CARTESIAN_POINT('',(9.59483696379,-4.600830315153));
#1835 = CARTESIAN_POINT('',(9.493151206221,-4.824165905718));
#1836 = CARTESIAN_POINT('',(9.385429835725,-5.044633655828));
#1837 = CARTESIAN_POINT('',(9.271771317569,-5.262038802877));
#1838 = CARTESIAN_POINT('',(9.019005981733,-5.715051478694));
#1839 = CARTESIAN_POINT('',(8.87847548365,-5.94986577716));
#1840 = CARTESIAN_POINT('',(8.730838814049,-6.180367902462));
#1841 = CARTESIAN_POINT('',(8.57625543595,-6.406300371854));
#1842 = CARTESIAN_POINT('',(8.414896192215,-6.627413488699));
#1843 = CARTESIAN_POINT('',(8.246943305548,-6.843465342465));
#1844 = CARTESIAN_POINT('',(7.898237469347,-7.264978289809));
#1845 = CARTESIAN_POINT('',(7.717483720588,-7.470440349482));
#1846 = CARTESIAN_POINT('',(7.530522832154,-7.670373943897));
#1847 = CARTESIAN_POINT('',(7.337558284546,-7.8645547485));
#1848 = CARTESIAN_POINT('',(7.138803338827,-8.052768158043));
#1849 = CARTESIAN_POINT('',(6.934481036625,-8.234809286579));
#1850 = CARTESIAN_POINT('',(5.922471540498,-9.082783606969));
#1851 = CARTESIAN_POINT('',(5.041589024718,-9.662159015147));
#1852 = CARTESIAN_POINT('',(4.095776242496,-10.13696489367));
#1853 = CARTESIAN_POINT('',(3.099998249225,-10.49900485403));
#1854 = CARTESIAN_POINT('',(2.070094030667,-10.74252023733));
#1855 = CARTESIAN_POINT('',(1.022798349419,-10.86418217154));
#1856 = CARTESIAN_POINT('',(-2.398622264029E-02,-10.86418155732));
#1857 = ( GEOMETRIC_REPRESENTATION_CONTEXT(2) 
PARAMETRIC_REPRESENTATION_CONTEXT() REPRESENTATION_CONTEXT('2D SPACE',''
  ) );
#1858 = PCURVE('',#1859,#1873);
#1859 = SURFACE_OF_REVOLUTION('',#1860,#1870);
#1860 = B_SPLINE_CURVE_WITH_KNOTS('',3,(#1861,#1862,#1863,#1864,#1865,
    #1866,#1867,#1868,#1869),.UNSPECIFIED.,.F.,.F.,(4,1,1,1,1,1,4),(0.,
    1.,2.,3.,4.,5.,6.),.QUASI_UNIFORM_KNOTS.);
#1861 = CARTESIAN_POINT('',(0.,-11.,17.));
#1862 = CARTESIAN_POINT('',(0.,-11.32915184456,14.798677295813));
#1863 = CARTESIAN_POINT('',(0.,-8.156357749824,14.187172206766));
#1864 = CARTESIAN_POINT('',(0.,-6.059375839204,11.978626233079));
#1865 = CARTESIAN_POINT('',(0.,-6.,8.));
#1866 = CARTESIAN_POINT('',(0.,-8.187042136623,5.51638893891));
#1867 = CARTESIAN_POINT('',(0.,-11.20770415224,4.6260251288));
#1868 = CARTESIAN_POINT('',(0.,-11.04258797374,3.109510710207));
#1869 = CARTESIAN_POINT('',(0.,-11.,1.));
#1870 = AXIS1_PLACEMENT('',#1871,#1872);
#1871 = CARTESIAN_POINT('',(0.,0.,0.));
#1872 = DIRECTION('',(0.,0.,1.));
#1873 = DEFINITIONAL_REPRESENTATION('',(#1874),#2075);
#1874 = B_SPLINE_CURVE_WITH_KNOTS('',7,(#1875,#1876,#1877,#1878,#1879,
    #1880,#1881,#1882,#1883,#1884,#1885,#1886,#1887,#1888,#1889,#1890,
    #1891,#1892,#1893,#1894,#1895,#1896,#1897,#1898,#1899,#1900,#1901,
    #1902,#1903,#1904,#1905,#1906,#1907,#1908,#1909,#1910,#1911,#1912,
    #1913,#1914,#1915,#1916,#1917,#1918,#1919,#1920,#1921,#1922,#1923,
    #1924,#1925,#1926,#1927,#1928,#1929,#1930,#1931,#1932,#1933,#1934,
    #1935,#1936,#1937,#1938,#1939,#1940,#1941,#1942,#1943,#1944,#1945,
    #1946,#1947,#1948,#1949,#1950,#1951,#1952,#1953,#1954,#1955,#1956,
    #1957,#1958,#1959,#1960,#1961,#1962,#1963,#1964,#1965,#1966,#1967,
    #1968,#1969,#1970,#1971,#1972,#1973,#1974,#1975,#1976,#1977,#1978,
    #1979,#1980,#1981,#1982,#1983,#1984,#1985,#1986,#1987,#1988,#1989,
    #1990,#1991,#1992,#1993,#1994,#1995,#1996,#1997,#1998,#1999,#2000,
    #2001,#2002,#2003,#2004,#2005,#2006,#2007,#2008,#2009,#2010,#2011,
    #2012,#2013,#2014,#2015,#2016,#2017,#2018,#2019,#2020,#2021,#2022,
    #2023,#2024,#2025,#2026,#2027,#2028,#2029,#2030,#2031,#2032,#2033,
    #2034,#2035,#2036,#2037,#2038,#2039,#2040,#2041,#2042,#2043,#2044,
    #2045,#2046,#2047,#2048,#2049,#2050,#2051,#2052,#2053,#2054,#2055,
    #2056,#2057,#2058,#2059,#2060,#2061,#2062,#2063,#2064,#2065,#2066,
    #2067,#2068,#2069,#2070,#2071,#2072,#2073,#2074),.UNSPECIFIED.,.F.,
  .F.,(8,6,6,6,6,6,6,6,6,6,6,6,6,6,6,6,6,6,6,6,6,6,6,6,6,6,6,6,6,6,6,6,6
    ,8),(0.,2.800049281667E-02,5.700100323498E-02,8.600151365332E-02,
    0.11400200647,0.138002428882,0.165002904097,0.194003414515,
    0.223003924934,0.252004435352,0.277004875365,0.297005227374,
    0.32400570259,0.3460060898,0.375006600219,0.404007110637,
    0.433007621055,0.462008131474,0.491008641892,0.520009152311,
    0.547009627526,0.576010137944,0.605010648363,0.63301114118,
    0.662011651598,0.691012162016,0.718012637232,0.74701314765,
    0.776013658069,0.805014168487,0.831014626101,0.86001513652,
    0.889015646938,1.),.UNSPECIFIED.);
#1875 = CARTESIAN_POINT('',(6.28318530718,0.445479466637));
#1876 = CARTESIAN_POINT('',(6.258052565947,0.445479466637));
#1877 = CARTESIAN_POINT('',(6.232919824718,0.445479466637));
#1878 = CARTESIAN_POINT('',(6.207787083492,0.445479466637));
#1879 = CARTESIAN_POINT('',(6.182654342266,0.445479466637));
#1880 = CARTESIAN_POINT('',(6.15752160104,0.445479466637));
#1881 = CARTESIAN_POINT('',(6.132388859811,0.445479466637));
#1882 = CARTESIAN_POINT('',(6.081225779444,0.445479466637));
#1883 = CARTESIAN_POINT('',(6.055195440314,0.445479466637));
#1884 = CARTESIAN_POINT('',(6.029165101187,0.445479466637));
#1885 = CARTESIAN_POINT('',(6.003134762062,0.445479466637));
#1886 = CARTESIAN_POINT('',(5.977104422935,0.445479466637));
#1887 = CARTESIAN_POINT('',(5.951074083805,0.445479466637));
#1888 = CARTESIAN_POINT('',(5.899013405536,0.445479466637));
#1889 = CARTESIAN_POINT('',(5.872983066406,0.445479466637));
#1890 = CARTESIAN_POINT('',(5.846952727279,0.445479466637));
#1891 = CARTESIAN_POINT('',(5.820922388153,0.445479466637));
#1892 = CARTESIAN_POINT('',(5.794892049027,0.445479466637));
#1893 = CARTESIAN_POINT('',(5.768861709897,0.445479466637));
#1894 = CARTESIAN_POINT('',(5.71769862953,0.445479466637));
#1895 = CARTESIAN_POINT('',(5.692565888301,0.445479466637));
#1896 = CARTESIAN_POINT('',(5.667433147074,0.445479466637));
#1897 = CARTESIAN_POINT('',(5.642300405849,0.445479466637));
#1898 = CARTESIAN_POINT('',(5.617167664622,0.445479466637));
#1899 = CARTESIAN_POINT('',(5.592034923394,0.445479466637));
#1900 = CARTESIAN_POINT('',(5.545359832535,0.445479466637));
#1901 = CARTESIAN_POINT('',(5.523817482911,0.445479466637));
#1902 = CARTESIAN_POINT('',(5.502275133287,0.445479466637));
#1903 = CARTESIAN_POINT('',(5.480732783663,0.445479466637));
#1904 = CARTESIAN_POINT('',(5.459190434039,0.445479466637));
#1905 = CARTESIAN_POINT('',(5.437648084415,0.445479466637));
#1906 = CARTESIAN_POINT('',(5.391870591458,0.445479466637));
#1907 = CARTESIAN_POINT('',(5.36763544813,0.445479466637));
#1908 = CARTESIAN_POINT('',(5.343400304805,0.445479466637));
#1909 = CARTESIAN_POINT('',(5.319165161479,0.445479466637));
#1910 = CARTESIAN_POINT('',(5.294930018153,0.445479466637));
#1911 = CARTESIAN_POINT('',(5.270694874826,0.445479466637));
#1912 = CARTESIAN_POINT('',(5.22042939236,0.445479466637));
#1913 = CARTESIAN_POINT('',(5.194399053231,0.445479466637));
#1914 = CARTESIAN_POINT('',(5.168368714104,0.445479466637));
#1915 = CARTESIAN_POINT('',(5.142338374978,0.445479466637));
#1916 = CARTESIAN_POINT('',(5.116308035851,0.445479466637));
#1917 = CARTESIAN_POINT('',(5.090277696722,0.445479466637));
#1918 = CARTESIAN_POINT('',(5.038217018452,0.445479466637));
#1919 = CARTESIAN_POINT('',(5.012186679322,0.445479466637));
#1920 = CARTESIAN_POINT('',(4.986156340196,0.445479466637));
#1921 = CARTESIAN_POINT('',(4.96012600107,0.445479466637));
#1922 = CARTESIAN_POINT('',(4.934095661943,0.445479466637));
#1923 = CARTESIAN_POINT('',(4.908065322813,0.445479466637));
#1924 = CARTESIAN_POINT('',(4.856004644544,0.445479466637));
#1925 = CARTESIAN_POINT('',(4.829974305414,0.445479466637));
#1926 = CARTESIAN_POINT('',(4.803943966287,0.445479466637));
#1927 = CARTESIAN_POINT('',(4.777913627162,0.445479466637));
#1928 = CARTESIAN_POINT('',(4.751883288035,0.445479466637));
#1929 = CARTESIAN_POINT('',(4.725852948905,0.445479466637));
#1930 = CARTESIAN_POINT('',(4.677382662243,0.445479466637));
#1931 = CARTESIAN_POINT('',(4.654942714717,0.445479466637));
#1932 = CARTESIAN_POINT('',(4.632502767193,0.445479466637));
#1933 = CARTESIAN_POINT('',(4.610062819669,0.445479466637));
#1934 = CARTESIAN_POINT('',(4.587622872144,0.445479466637));
#1935 = CARTESIAN_POINT('',(4.565182924618,0.445479466637));
#1936 = CARTESIAN_POINT('',(4.52479101907,0.445479466637));
#1937 = CARTESIAN_POINT('',(4.50683906105,0.445479466637));
#1938 = CARTESIAN_POINT('',(4.488887103029,0.445479466637));
#1939 = CARTESIAN_POINT('',(4.470935145009,0.445479466637));
#1940 = CARTESIAN_POINT('',(4.452983186989,0.445479466637));
#1941 = CARTESIAN_POINT('',(4.435031228968,0.445479466637));
#1942 = CARTESIAN_POINT('',(4.392844127617,0.445479466637));
#1943 = CARTESIAN_POINT('',(4.368608984289,0.445479466637));
#1944 = CARTESIAN_POINT('',(4.344373840963,0.445479466637));
#1945 = CARTESIAN_POINT('',(4.320138697638,0.445479466637));
#1946 = CARTESIAN_POINT('',(4.295903554312,0.445479466637));
#1947 = CARTESIAN_POINT('',(4.271668410984,0.445479466637));
#1948 = CARTESIAN_POINT('',(4.22768611383,0.445479466637));
#1949 = CARTESIAN_POINT('',(4.207938960008,0.445479466637));
#1950 = CARTESIAN_POINT('',(4.188191806186,0.445479466637));
#1951 = CARTESIAN_POINT('',(4.168444652364,0.445479466637));
#1952 = CARTESIAN_POINT('',(4.148697498541,0.445479466637));
#1953 = CARTESIAN_POINT('',(4.128950344719,0.445479466637));
#1954 = CARTESIAN_POINT('',(4.083172851761,0.445479466637));
#1955 = CARTESIAN_POINT('',(4.057142512631,0.445479466637));
#1956 = CARTESIAN_POINT('',(4.031112173504,0.445479466637));
#1957 = CARTESIAN_POINT('',(4.005081834379,0.445479466637));
#1958 = CARTESIAN_POINT('',(3.979051495252,0.445479466637));
#1959 = CARTESIAN_POINT('',(3.953021156122,0.445479466637));
#1960 = CARTESIAN_POINT('',(3.900960477853,0.445479466637));
#1961 = CARTESIAN_POINT('',(3.874930138723,0.445479466637));
#1962 = CARTESIAN_POINT('',(3.848899799596,0.445479466637));
#1963 = CARTESIAN_POINT('',(3.82286946047,0.445479466637));
#1964 = CARTESIAN_POINT('',(3.796839121344,0.445479466637));
#1965 = CARTESIAN_POINT('',(3.770808782214,0.445479466637));
#1966 = CARTESIAN_POINT('',(3.718748103944,0.445479466637));
#1967 = CARTESIAN_POINT('',(3.692717764815,0.445479466637));
#1968 = CARTESIAN_POINT('',(3.666687425688,0.445479466637));
#1969 = CARTESIAN_POINT('',(3.640657086562,0.445479466637));
#1970 = CARTESIAN_POINT('',(3.614626747435,0.445479466637));
#1971 = CARTESIAN_POINT('',(3.588596408306,0.445479466637));
#1972 = CARTESIAN_POINT('',(3.536535730036,0.445479466637));
#1973 = CARTESIAN_POINT('',(3.510505390907,0.445479466637));
#1974 = CARTESIAN_POINT('',(3.48447505178,0.445479466637));
#1975 = CARTESIAN_POINT('',(3.458444712654,0.445479466637));
#1976 = CARTESIAN_POINT('',(3.432414373527,0.445479466637));
#1977 = CARTESIAN_POINT('',(3.406384034397,0.445479466637));
#1978 = CARTESIAN_POINT('',(3.354323356128,0.445479466637));
#1979 = CARTESIAN_POINT('',(3.328293016998,0.445479466637));
#1980 = CARTESIAN_POINT('',(3.302262677872,0.445479466637));
#1981 = CARTESIAN_POINT('',(3.276232338746,0.445479466637));
#1982 = CARTESIAN_POINT('',(3.250201999619,0.445479466637));
#1983 = CARTESIAN_POINT('',(3.224171660489,0.445479466637));
#1984 = CARTESIAN_POINT('',(3.17211098222,0.445479466637));
#1985 = CARTESIAN_POINT('',(3.14608064309,0.445479466637));
#1986 = CARTESIAN_POINT('',(3.120050303963,0.445479466637));
#1987 = CARTESIAN_POINT('',(3.094019964838,0.445479466637));
#1988 = CARTESIAN_POINT('',(3.067989625711,0.445479466637));
#1989 = CARTESIAN_POINT('',(3.041959286581,0.445479466637));
#1990 = CARTESIAN_POINT('',(2.991693804116,0.445479466637));
#1991 = CARTESIAN_POINT('',(2.967458660788,0.445479466637));
#1992 = CARTESIAN_POINT('',(2.943223517462,0.445479466637));
#1993 = CARTESIAN_POINT('',(2.918988374137,0.445479466637));
#1994 = CARTESIAN_POINT('',(2.894753230811,0.445479466637));
#1995 = CARTESIAN_POINT('',(2.870518087483,0.445479466637));
#1996 = CARTESIAN_POINT('',(2.820252605018,0.445479466637));
#1997 = CARTESIAN_POINT('',(2.794222265888,0.445479466637));
#1998 = CARTESIAN_POINT('',(2.768191926761,0.445479466637));
#1999 = CARTESIAN_POINT('',(2.742161587635,0.445479466637));
#2000 = CARTESIAN_POINT('',(2.716131248509,0.445479466637));
#2001 = CARTESIAN_POINT('',(2.690100909379,0.445479466637));
#2002 = CARTESIAN_POINT('',(2.63804023111,0.445479466637));
#2003 = CARTESIAN_POINT('',(2.61200989198,0.445479466637));
#2004 = CARTESIAN_POINT('',(2.585979552853,0.445479466637));
#2005 = CARTESIAN_POINT('',(2.559949213727,0.445479466637));
#2006 = CARTESIAN_POINT('',(2.533918874601,0.445479466637));
#2007 = CARTESIAN_POINT('',(2.507888535471,0.445479466637));
#2008 = CARTESIAN_POINT('',(2.456725455103,0.445479466637));
#2009 = CARTESIAN_POINT('',(2.431592713875,0.445479466637));
#2010 = CARTESIAN_POINT('',(2.406459972648,0.445479466637));
#2011 = CARTESIAN_POINT('',(2.381327231423,0.445479466637));
#2012 = CARTESIAN_POINT('',(2.356194490196,0.445479466637));
#2013 = CARTESIAN_POINT('',(2.331061748968,0.445479466637));
#2014 = CARTESIAN_POINT('',(2.2798986686,0.445479466637));
#2015 = CARTESIAN_POINT('',(2.253868329471,0.445479466637));
#2016 = CARTESIAN_POINT('',(2.227837990344,0.445479466637));
#2017 = CARTESIAN_POINT('',(2.201807651218,0.445479466637));
#2018 = CARTESIAN_POINT('',(2.175777312091,0.445479466637));
#2019 = CARTESIAN_POINT('',(2.149746972962,0.445479466637));
#2020 = CARTESIAN_POINT('',(2.097686294692,0.445479466637));
#2021 = CARTESIAN_POINT('',(2.071655955562,0.445479466637));
#2022 = CARTESIAN_POINT('',(2.045625616436,0.445479466637));
#2023 = CARTESIAN_POINT('',(2.01959527731,0.445479466637));
#2024 = CARTESIAN_POINT('',(1.993564938183,0.445479466637));
#2025 = CARTESIAN_POINT('',(1.967534599053,0.445479466637));
#2026 = CARTESIAN_POINT('',(1.917269116588,0.445479466637));
#2027 = CARTESIAN_POINT('',(1.89303397326,0.445479466637));
#2028 = CARTESIAN_POINT('',(1.868798829934,0.445479466637));
#2029 = CARTESIAN_POINT('',(1.844563686609,0.445479466637));
#2030 = CARTESIAN_POINT('',(1.820328543283,0.445479466637));
#2031 = CARTESIAN_POINT('',(1.796093399955,0.445479466637));
#2032 = CARTESIAN_POINT('',(1.74582791749,0.445479466637));
#2033 = CARTESIAN_POINT('',(1.71979757836,0.445479466637));
#2034 = CARTESIAN_POINT('',(1.693767239234,0.445479466637));
#2035 = CARTESIAN_POINT('',(1.667736900108,0.445479466637));
#2036 = CARTESIAN_POINT('',(1.641706560981,0.445479466637));
#2037 = CARTESIAN_POINT('',(1.615676221851,0.445479466637));
#2038 = CARTESIAN_POINT('',(1.563615543582,0.445479466637));
#2039 = CARTESIAN_POINT('',(1.537585204452,0.445479466637));
#2040 = CARTESIAN_POINT('',(1.511554865325,0.445479466637));
#2041 = CARTESIAN_POINT('',(1.4855245262,0.445479466637));
#2042 = CARTESIAN_POINT('',(1.459494187073,0.445479466637));
#2043 = CARTESIAN_POINT('',(1.433463847943,0.445479466637));
#2044 = CARTESIAN_POINT('',(1.381403169674,0.445479466637));
#2045 = CARTESIAN_POINT('',(1.355372830544,0.445479466637));
#2046 = CARTESIAN_POINT('',(1.329342491417,0.445479466637));
#2047 = CARTESIAN_POINT('',(1.303312152291,0.445479466637));
#2048 = CARTESIAN_POINT('',(1.277281813165,0.445479466637));
#2049 = CARTESIAN_POINT('',(1.251251474035,0.445479466637));
#2050 = CARTESIAN_POINT('',(1.201883589471,0.445479466637));
#2051 = CARTESIAN_POINT('',(1.178546044044,0.445479466637));
#2052 = CARTESIAN_POINT('',(1.155208498619,0.445479466637));
#2053 = CARTESIAN_POINT('',(1.131870953194,0.445479466637));
#2054 = CARTESIAN_POINT('',(1.108533407769,0.445479466637));
#2055 = CARTESIAN_POINT('',(1.085195862342,0.445479466637));
#2056 = CARTESIAN_POINT('',(1.035827977779,0.445479466637));
#2057 = CARTESIAN_POINT('',(1.009797638649,0.445479466637));
#2058 = CARTESIAN_POINT('',(0.983767299522,0.445479466637));
#2059 = CARTESIAN_POINT('',(0.957736960396,0.445479466637));
#2060 = CARTESIAN_POINT('',(0.93170662127,0.445479466637));
#2061 = CARTESIAN_POINT('',(0.90567628214,0.445479466637));
#2062 = CARTESIAN_POINT('',(0.853615603871,0.445479466637));
#2063 = CARTESIAN_POINT('',(0.827585264741,0.445479466637));
#2064 = CARTESIAN_POINT('',(0.801554925614,0.445479466637));
#2065 = CARTESIAN_POINT('',(0.775524586488,0.445479466637));
#2066 = CARTESIAN_POINT('',(0.749494247361,0.445479466637));
#2067 = CARTESIAN_POINT('',(0.723463908232,0.445479466637));
#2068 = CARTESIAN_POINT('',(0.597816000055,0.445479466637));
#2069 = CARTESIAN_POINT('',(0.498149716935,0.445479466637));
#2070 = CARTESIAN_POINT('',(0.39852400687,0.445479466637));
#2071 = CARTESIAN_POINT('',(0.298909562227,0.445479466637));
#2072 = CARTESIAN_POINT('',(0.199283852162,0.445479466637));
#2073 = CARTESIAN_POINT('',(9.96175690417E-02,0.445479466637));
#2074 = CARTESIAN_POINT('',(0.,0.445479466637));
#2075 = ( GEOMETRIC_REPRESENTATION_CONTEXT(2) 
PARAMETRIC_REPRESENTATION_CONTEXT() REPRESENTATION_CONTEXT('2D SPACE',''
  ) );
#2076 = ORIENTED_EDGE('',*,*,#2077,.T.);
#2077 = EDGE_CURVE('',#1450,#2078,#2080,.T.);
#2078 = VERTEX_POINT('',#2079);
#2079 = CARTESIAN_POINT('',(1.031121596036,-10.45731761752,15.));
#2080 = SURFACE_CURVE('',#2081,(#2086,#2097),.PCURVE_S1.);
#2081 = CIRCLE('',#2082,1.75);
#2082 = AXIS2_PLACEMENT_3D('',#2083,#2084,#2085);
#2083 = CARTESIAN_POINT('',(2.,-9.,15.));
#2084 = DIRECTION('',(0.,0.,-1.));
#2085 = DIRECTION('',(1.,0.,0.));
#2086 = PCURVE('',#100,#2087);
#2087 = DEFINITIONAL_REPRESENTATION('',(#2088),#2096);
#2088 = ( BOUNDED_CURVE() B_SPLINE_CURVE(2,(#2089,#2090,#2091,#2092,
#2093,#2094,#2095),.UNSPECIFIED.,.T.,.F.) B_SPLINE_CURVE_WITH_KNOTS((1,2
    ,2,2,2,1),(-2.094395102393,0.,2.094395102393,4.188790204786,
6.28318530718,8.377580409573),.UNSPECIFIED.) CURVE() 
GEOMETRIC_REPRESENTATION_ITEM() RATIONAL_B_SPLINE_CURVE((1.,0.5,1.,0.5,
1.,0.5,1.)) REPRESENTATION_ITEM('') );
#2089 = CARTESIAN_POINT('',(3.72601377736,-9.356151128196));
#2090 = CARTESIAN_POINT('',(3.72601377736,-12.38724004144));
#2091 = CARTESIAN_POINT('',(1.10101377736,-10.87169558481));
#2092 = CARTESIAN_POINT('',(-1.52398622264,-9.356151128196));
#2093 = CARTESIAN_POINT('',(1.10101377736,-7.840606671573));
#2094 = CARTESIAN_POINT('',(3.72601377736,-6.32506221495));
#2095 = CARTESIAN_POINT('',(3.72601377736,-9.356151128196));
#2096 = ( GEOMETRIC_REPRESENTATION_CONTEXT(2) 
PARAMETRIC_REPRESENTATION_CONTEXT() REPRESENTATION_CONTEXT('2D SPACE',''
  ) );
#2097 = PCURVE('',#2098,#2103);
#2098 = CYLINDRICAL_SURFACE('',#2099,1.75);
#2099 = AXIS2_PLACEMENT_3D('',#2100,#2101,#2102);
#2100 = CARTESIAN_POINT('',(2.,-9.,0.));
#2101 = DIRECTION('',(-0.,-0.,-1.));
#2102 = DIRECTION('',(1.,0.,0.));
#2103 = DEFINITIONAL_REPRESENTATION('',(#2104),#2108);
#2104 = LINE('',#2105,#2106);
#2105 = CARTESIAN_POINT('',(-6.28318530718,-15.));
#2106 = VECTOR('',#2107,1.);
#2107 = DIRECTION('',(1.,-0.));
#2108 = ( GEOMETRIC_REPRESENTATION_CONTEXT(2) 
PARAMETRIC_REPRESENTATION_CONTEXT() REPRESENTATION_CONTEXT('2D SPACE',''
  ) );
#2109 = ORIENTED_EDGE('',*,*,#2110,.T.);
#2110 = EDGE_CURVE('',#2078,#2111,#2113,.T.);
#2111 = VERTEX_POINT('',#2112);
#2112 = CARTESIAN_POINT('',(0.,-10.50803042912,15.));
#2113 = SURFACE_CURVE('',#2114,(#2315,#2519),.PCURVE_S1.);
#2114 = B_SPLINE_CURVE_WITH_KNOTS('',7,(#2115,#2116,#2117,#2118,#2119,
    #2120,#2121,#2122,#2123,#2124,#2125,#2126,#2127,#2128,#2129,#2130,
    #2131,#2132,#2133,#2134,#2135,#2136,#2137,#2138,#2139,#2140,#2141,
    #2142,#2143,#2144,#2145,#2146,#2147,#2148,#2149,#2150,#2151,#2152,
    #2153,#2154,#2155,#2156,#2157,#2158,#2159,#2160,#2161,#2162,#2163,
    #2164,#2165,#2166,#2167,#2168,#2169,#2170,#2171,#2172,#2173,#2174,
    #2175,#2176,#2177,#2178,#2179,#2180,#2181,#2182,#2183,#2184,#2185,
    #2186,#2187,#2188,#2189,#2190,#2191,#2192,#2193,#2194,#2195,#2196,
    #2197,#2198,#2199,#2200,#2201,#2202,#2203,#2204,#2205,#2206,#2207,
    #2208,#2209,#2210,#2211,#2212,#2213,#2214,#2215,#2216,#2217,#2218,
    #2219,#2220,#2221,#2222,#2223,#2224,#2225,#2226,#2227,#2228,#2229,
    #2230,#2231,#2232,#2233,#2234,#2235,#2236,#2237,#2238,#2239,#2240,
    #2241,#2242,#2243,#2244,#2245,#2246,#2247,#2248,#2249,#2250,#2251,
    #2252,#2253,#2254,#2255,#2256,#2257,#2258,#2259,#2260,#2261,#2262,
    #2263,#2264,#2265,#2266,#2267,#2268,#2269,#2270,#2271,#2272,#2273,
    #2274,#2275,#2276,#2277,#2278,#2279,#2280,#2281,#2282,#2283,#2284,
    #2285,#2286,#2287,#2288,#2289,#2290,#2291,#2292,#2293,#2294,#2295,
    #2296,#2297,#2298,#2299,#2300,#2301,#2302,#2303,#2304,#2305,#2306,
    #2307,#2308,#2309,#2310,#2311,#2312,#2313,#2314),.UNSPECIFIED.,.T.,
  .F.,(8,6,6,6,6,6,6,6,6,6,6,6,6,6,6,6,6,6,6,6,6,6,6,6,6,6,6,6,6,6,6,6,6
    ,8),(0.,2.800049281667E-02,5.700100323498E-02,8.600151365332E-02,
    0.11400200647,0.138002428882,0.165002904097,0.194003414515,
    0.223003924934,0.252004435352,0.277004875365,0.297005227374,
    0.32400570259,0.3460060898,0.375006600219,0.404007110637,
    0.433007621055,0.462008131474,0.491008641892,0.520009152311,
    0.547009627526,0.576010137944,0.605010648363,0.63301114118,
    0.662011651598,0.691012162016,0.718012637232,0.74701314765,
    0.776013658069,0.805014168487,0.831014626101,0.86001513652,
    0.889015646938,1.),.UNSPECIFIED.);
#2115 = CARTESIAN_POINT('',(-2.69922972862E-15,-10.50803042912,15.));
#2116 = CARTESIAN_POINT('',(-0.264095434199,-10.50803043854,15.));
#2117 = CARTESIAN_POINT('',(-0.528191394502,-10.50028672987,15.));
#2118 = CARTESIAN_POINT('',(-0.792014500825,-10.48479935432,15.));
#2119 = CARTESIAN_POINT('',(-1.055292425794,-10.46158029965,15.));
#2120 = CARTESIAN_POINT('',(-1.317753894748,-10.43065349015,15.));
#2121 = CARTESIAN_POINT('',(-1.579128685734,-10.39205478669,15.));
#2122 = CARTESIAN_POINT('',(-2.108452940952,-10.29795839818,15.));
#2123 = CARTESIAN_POINT('',(-2.376305001582,-10.24190619686,15.));
#2124 = CARTESIAN_POINT('',(-2.642404708986,-10.17772861745,15.));
#2125 = CARTESIAN_POINT('',(-2.906456599176,-10.10549219453,15.));
#2126 = CARTESIAN_POINT('',(-3.168168846595,-10.02527676253,15.));
#2127 = CARTESIAN_POINT('',(-3.427253264112,-9.93717545576,15.));
#2128 = CARTESIAN_POINT('',(-3.939597350081,-9.745413982698,15.));
#2129 = CARTESIAN_POINT('',(-4.192858192813,-9.6417533769,15.));
#2130 = CARTESIAN_POINT('',(-4.442923326825,-9.530419443479,15.));
#2131 = CARTESIAN_POINT('',(-4.689514235925,-9.411531155329,15.));
#2132 = CARTESIAN_POINT('',(-4.932358392128,-9.285219905721,15.));
#2133 = CARTESIAN_POINT('',(-5.171189255653,-9.151629508297,15.));
#2134 = CARTESIAN_POINT('',(-5.63221515437,-8.875055073101,15.));
#2135 = CARTESIAN_POINT('',(-5.854700810245,-8.732553233808,15.));
#2136 = CARTESIAN_POINT('',(-6.07296883818,-8.583551360624,15.));
#2137 = CARTESIAN_POINT('',(-6.286791877167,-8.428199829332,15.));
#2138 = CARTESIAN_POINT('',(-6.49594960956,-8.266658710073,15.));
#2139 = CARTESIAN_POINT('',(-6.700228761074,-8.099097767342,15.));
#2140 = CARTESIAN_POINT('',(-7.070161166155,-7.777066731469,15.));
#2141 = CARTESIAN_POINT('',(-7.237163933389,-7.624145716873,15.));
#2142 = CARTESIAN_POINT('',(-7.400301680386,-7.46704636792,15.));
#2143 = CARTESIAN_POINT('',(-7.559449287393,-7.305886181205,15.));
#2144 = CARTESIAN_POINT('',(-7.714486237006,-7.140787198195,15.));
#2145 = CARTESIAN_POINT('',(-7.865296614168,-6.971876005229,15.));
#2146 = CARTESIAN_POINT('',(-8.176550633111,-6.605117477334,15.));
#2147 = CARTESIAN_POINT('',(-8.33584250045,-6.406291780451,15.));
#2148 = CARTESIAN_POINT('',(-8.489486168326,-6.202993518047,15.));
#2149 = CARTESIAN_POINT('',(-8.637331535832,-5.995415575859,15.));
#2150 = CARTESIAN_POINT('',(-8.779236941018,-5.783756850184,15.));
#2151 = CARTESIAN_POINT('',(-8.915069160884,-5.568222247887,15.));
#2152 = CARTESIAN_POINT('',(-9.183940189532,-5.113586175085,15.));
#2153 = CARTESIAN_POINT('',(-9.316027341297,-4.873920658178,15.));
#2154 = CARTESIAN_POINT('',(-9.440810272834,-4.630287663745,15.));
#2155 = CARTESIAN_POINT('',(-9.558146848048,-4.382954629908,15.));
#2156 = CARTESIAN_POINT('',(-9.667907388595,-4.132194904836,15.));
#2157 = CARTESIAN_POINT('',(-9.769974673885,-3.878287746746,15.));
#2158 = CARTESIAN_POINT('',(-9.958513230088,-3.364748909068,15.));
#2159 = CARTESIAN_POINT('',(-10.04498493312,-3.105116052462,15.));
#2160 = CARTESIAN_POINT('',(-10.12355440601,-2.842904965911,15.));
#2161 = CARTESIAN_POINT('',(-10.19413032701,-2.578404416034,15.));
#2162 = CARTESIAN_POINT('',(-10.25663469684,-2.31190672424,15.));
#2163 = CARTESIAN_POINT('',(-10.31100283867,-2.04370776673,15.));
#2164 = CARTESIAN_POINT('',(-10.40336398049,-1.504506186187,15.));
#2165 = CARTESIAN_POINT('',(-10.44135719217,-1.233502327317,15.));
#2166 = CARTESIAN_POINT('',(-10.47111180336,-0.961394850221,15.));
#2167 = CARTESIAN_POINT('',(-10.49259033034,-0.688484289067,15.));
#2168 = CARTESIAN_POINT('',(-10.50576903539,-0.415072259865,15.));
#2169 = CARTESIAN_POINT('',(-10.51063792688,-0.141461460459,15.));
#2170 = CARTESIAN_POINT('',(-10.50423769741,0.367825263648,15.));
#2171 = CARTESIAN_POINT('',(-10.49510188344,0.60352892332,15.));
#2172 = CARTESIAN_POINT('',(-10.47979578679,0.838960869068,15.));
#2173 = CARTESIAN_POINT('',(-10.45832946078,1.073927354336,15.));
#2174 = CARTESIAN_POINT('',(-10.43072054263,1.308235325418,15.));
#2175 = CARTESIAN_POINT('',(-10.39699425343,1.541692421469,15.));
#2176 = CARTESIAN_POINT('',(-10.32533471094,1.960038664102,15.));
#2177 = CARTESIAN_POINT('',(-10.28959185838,2.145303412053,15.));
#2178 = CARTESIAN_POINT('',(-10.24997164028,2.329803181682,15.));
#2179 = CARTESIAN_POINT('',(-10.20649389191,2.513440654991,15.));
#2180 = CARTESIAN_POINT('',(-10.15918148401,2.696119232647,15.));
#2181 = CARTESIAN_POINT('',(-10.10806032274,2.877743033986,15.));
#2182 = CARTESIAN_POINT('',(-9.979043074675,3.301856517021,15.));
#2183 = CARTESIAN_POINT('',(-9.898037896768,3.543400959916,15.));
#2184 = CARTESIAN_POINT('',(-9.810215178351,3.782615780328,15.));
#2185 = CARTESIAN_POINT('',(-9.715655902849,4.019270377141,15.));
#2186 = CARTESIAN_POINT('',(-9.614450674735,4.253137993491,15.));
#2187 = CARTESIAN_POINT('',(-9.506699719528,4.483995716761,15.));
#2188 = CARTESIAN_POINT('',(-9.299471736014,4.89709982929,15.));
#2189 = CARTESIAN_POINT('',(-9.202157464764,5.08043180296,15.));
#2190 = CARTESIAN_POINT('',(-9.100629462992,5.261502028027,15.));
#2191 = CARTESIAN_POINT('',(-8.994951054661,5.440194457726,15.));
#2192 = CARTESIAN_POINT('',(-8.885189494755,5.616395370087,15.));
#2193 = CARTESIAN_POINT('',(-8.77141596928,5.789993367943,15.));
#2194 = CARTESIAN_POINT('',(-8.498542011649,6.18613810476,15.));
#2195 = CARTESIAN_POINT('',(-8.336537215319,6.406685200914,15.));
#2196 = CARTESIAN_POINT('',(-8.167863596255,6.622270511664,15.));
#2197 = CARTESIAN_POINT('',(-7.992704141041,6.832652703779,15.));
#2198 = CARTESIAN_POINT('',(-7.811252432863,7.037599266518,15.));
#2199 = CARTESIAN_POINT('',(-7.623712651505,7.236886511629,15.));
#2200 = CARTESIAN_POINT('',(-7.236886511632,7.623712651503,15.));
#2201 = CARTESIAN_POINT('',(-7.037599266521,7.811252432861,15.));
#2202 = CARTESIAN_POINT('',(-6.832652703781,7.992704141039,15.));
#2203 = CARTESIAN_POINT('',(-6.622270511666,8.167863596253,15.));
#2204 = CARTESIAN_POINT('',(-6.406685200916,8.336537215317,15.));
#2205 = CARTESIAN_POINT('',(-6.186138104762,8.498542011647,15.));
#2206 = CARTESIAN_POINT('',(-5.73562066627,8.808869198006,15.));
#2207 = CARTESIAN_POINT('',(-5.505649291357,8.957192299297,15.));
#2208 = CARTESIAN_POINT('',(-5.271215481609,9.098502613239,15.));
#2209 = CARTESIAN_POINT('',(-5.032576220719,9.232639873803,15.));
#2210 = CARTESIAN_POINT('',(-4.789995248648,9.35945583482,15.));
#2211 = CARTESIAN_POINT('',(-4.543743061629,9.478814269982,15.));
#2212 = CARTESIAN_POINT('',(-4.044450772199,9.702367696917,15.));
#2213 = CARTESIAN_POINT('',(-3.791409525422,9.806563201068,15.));
#2214 = CARTESIAN_POINT('',(-3.53525047599,9.903053394216,15.));
#2215 = CARTESIAN_POINT('',(-3.276255394412,9.991727230427,15.));
#2216 = CARTESIAN_POINT('',(-3.01471051755,10.07248670892,15.));
#2217 = CARTESIAN_POINT('',(-2.750906548618,10.145246874063,15.));
#2218 = CARTESIAN_POINT('',(-2.219370771248,10.274624779263,15.));
#2219 = CARTESIAN_POINT('',(-1.951637744543,10.331242815851,15.));
#2220 = CARTESIAN_POINT('',(-1.682234776531,10.379718137469,15.));
#2221 = CARTESIAN_POINT('',(-1.411459095231,10.419992594967,15.));
#2222 = CARTESIAN_POINT('',(-1.139609957219,10.452021677714,15.));
#2223 = CARTESIAN_POINT('',(-0.866988647628,10.475774513601,15.));
#2224 = CARTESIAN_POINT('',(-0.320808313982,10.506693247668,15.));
#2225 = CARTESIAN_POINT('',(-4.724803809459E-02,10.513859216715,15.));
#2226 = CARTESIAN_POINT('',(0.226479026679,10.512714668779,15.));
#2227 = CARTESIAN_POINT('',(0.500070035908,10.503256276787,15.));
#2228 = CARTESIAN_POINT('',(0.773222621565,10.485494493991,15.));
#2229 = CARTESIAN_POINT('',(1.045634892027,10.459453553962,15.));
#2230 = CARTESIAN_POINT('',(1.569660812725,10.393253681028,15.));
#2231 = CARTESIAN_POINT('',(1.821414170578,10.35419214559,15.));
#2232 = CARTESIAN_POINT('',(2.072022377471,10.308017620008,15.));
#2233 = CARTESIAN_POINT('',(2.32124446995,10.254770991975,15.));
#2234 = CARTESIAN_POINT('',(2.568841649271,10.194503281159,15.));
#2235 = CARTESIAN_POINT('',(2.814577281399,10.127275639195,15.));
#2236 = CARTESIAN_POINT('',(3.319903847623,9.973552998679,15.));
#2237 = CARTESIAN_POINT('',(3.579173841227,9.8859993233,15.));
#2238 = CARTESIAN_POINT('',(3.835736244339,9.790586801645,15.));
#2239 = CARTESIAN_POINT('',(4.089305619988,9.687416683668,15.));
#2240 = CARTESIAN_POINT('',(4.339601727707,9.576602991191,15.));
#2241 = CARTESIAN_POINT('',(4.586349523536,9.458272517901,15.));
#2242 = CARTESIAN_POINT('',(5.072208807192,9.20685716144,15.));
#2243 = CARTESIAN_POINT('',(5.311321408595,9.073771702032,15.));
#2244 = CARTESIAN_POINT('',(5.546347174872,8.93344812894,15.));
#2245 = CARTESIAN_POINT('',(5.777023741476,8.786037738771,15.));
#2246 = CARTESIAN_POINT('',(6.003096168675,8.631703446924,15.));
#2247 = CARTESIAN_POINT('',(6.224316941554,8.470619787596,15.));
#2248 = CARTESIAN_POINT('',(6.649122306859,8.141106966753,15.));
#2249 = CARTESIAN_POINT('',(6.853052879976,7.973121959623,15.));
#2250 = CARTESIAN_POINT('',(7.052021708102,7.799185489423,15.));
#2251 = CARTESIAN_POINT('',(7.245820957775,7.619473939705,15.));
#2252 = CARTESIAN_POINT('',(7.434250943337,7.43417248053,15.));
#2253 = CARTESIAN_POINT('',(7.617120126929,7.243475068475,15.));
#2254 = CARTESIAN_POINT('',(7.977696000122,6.844697765757,15.));
#2255 = CARTESIAN_POINT('',(8.154985858846,6.636239420638,15.));
#2256 = CARTESIAN_POINT('',(8.325910985335,6.422434796941,15.));
#2257 = CARTESIAN_POINT('',(8.490278696756,6.203517559264,15.));
#2258 = CARTESIAN_POINT('',(8.647907336771,5.979729651132,15.));
#2259 = CARTESIAN_POINT('',(8.798626275541,5.751321294997,15.));
#2260 = CARTESIAN_POINT('',(9.085925563671,5.285780701688,15.));
#2261 = CARTESIAN_POINT('',(9.222506571516,5.048647397507,15.));
#2262 = CARTESIAN_POINT('',(9.351859437471,4.807409647458,15.));
#2263 = CARTESIAN_POINT('',(9.473837009899,4.56233216311,15.));
#2264 = CARTESIAN_POINT('',(9.588304481309,4.313685799837,15.));
#2265 = CARTESIAN_POINT('',(9.695139388351,4.061747556823,15.));
#2266 = CARTESIAN_POINT('',(9.886489923496,3.569436109222,15.));
#2267 = CARTESIAN_POINT('',(9.972037045196,3.329462680047,15.));
#2268 = CARTESIAN_POINT('',(10.050784234011,3.08710872314,15.));
#2269 = CARTESIAN_POINT('',(10.122652687156,2.842605593878,15.));
#2270 = CARTESIAN_POINT('',(10.18757354197,2.596187569405,15.));
#2271 = CARTESIAN_POINT('',(10.245487875918,2.348091848635,15.));
#2272 = CARTESIAN_POINT('',(10.350972867031,1.830541362799,15.));
#2273 = CARTESIAN_POINT('',(10.397459768271,1.560864623592,15.));
#2274 = CARTESIAN_POINT('',(10.435746799771,1.289826030033,15.));
#2275 = CARTESIAN_POINT('',(10.465787056274,1.017724790604,15.));
#2276 = CARTESIAN_POINT('',(10.487547337811,0.744861626862,15.));
#2277 = CARTESIAN_POINT('',(10.5010081497,0.471538773447,15.));
#2278 = CARTESIAN_POINT('',(10.511319278615,-7.541881686426E-02,15.));
#2279 = CARTESIAN_POINT('',(10.508169619275,-0.349054807373,15.));
#2280 = CARTESIAN_POINT('',(10.496709061498,-0.622544243357,15.));
#2281 = CARTESIAN_POINT('',(10.476945694838,-0.895584370167,15.));
#2282 = CARTESIAN_POINT('',(10.448901361424,-1.167873428601,15.));
#2283 = CARTESIAN_POINT('',(10.412611655961,-1.439110654905,15.));
#2284 = CARTESIAN_POINT('',(10.323640218427,-1.978881910422,15.));
#2285 = CARTESIAN_POINT('',(10.270958282436,-2.247417176776,15.));
#2286 = CARTESIAN_POINT('',(10.210129589752,-2.514302332088,15.));
#2287 = CARTESIAN_POINT('',(10.141216956897,-2.779241099623,15.));
#2288 = CARTESIAN_POINT('',(10.064296544912,-3.041940673661,15.));
#2289 = CARTESIAN_POINT('',(9.979457859367,-3.302111719496,15.));
#2290 = CARTESIAN_POINT('',(9.8037345422,-3.790201993168,15.));
#2291 = CARTESIAN_POINT('',(9.7143829739,-4.0186742102,15.));
#2292 = CARTESIAN_POINT('',(9.61882318643,-4.244679186957,15.));
#2293 = CARTESIAN_POINT('',(9.517137428862,-4.468014777522,15.));
#2294 = CARTESIAN_POINT('',(9.409416058365,-4.688482527632,15.));
#2295 = CARTESIAN_POINT('',(9.295757540209,-4.905887674681,15.));
#2296 = CARTESIAN_POINT('',(9.042992204373,-5.358900350498,15.));
#2297 = CARTESIAN_POINT('',(8.90246170629,-5.593714648964,15.));
#2298 = CARTESIAN_POINT('',(8.754825036689,-5.824216774266,15.));
#2299 = CARTESIAN_POINT('',(8.60024165859,-6.050149243658,15.));
#2300 = CARTESIAN_POINT('',(8.438882414855,-6.271262360502,15.));
#2301 = CARTESIAN_POINT('',(8.270929528188,-6.487314214269,15.));
#2302 = CARTESIAN_POINT('',(7.922223691987,-6.908827161613,15.));
#2303 = CARTESIAN_POINT('',(7.741469943228,-7.114289221286,15.));
#2304 = CARTESIAN_POINT('',(7.554509054794,-7.314222815701,15.));
#2305 = CARTESIAN_POINT('',(7.361544507186,-7.508403620304,15.));
#2306 = CARTESIAN_POINT('',(7.162789561468,-7.696617029847,15.));
#2307 = CARTESIAN_POINT('',(6.958467259265,-7.878658158383,15.));
#2308 = CARTESIAN_POINT('',(5.946457763138,-8.726632478773,15.));
#2309 = CARTESIAN_POINT('',(5.065575247358,-9.306007886951,15.));
#2310 = CARTESIAN_POINT('',(4.119762465137,-9.780813765477,15.));
#2311 = CARTESIAN_POINT('',(3.123984471866,-10.14285372583,15.));
#2312 = CARTESIAN_POINT('',(2.094080253307,-10.38636910914,15.));
#2313 = CARTESIAN_POINT('',(1.04678457206,-10.50803104335,15.));
#2314 = CARTESIAN_POINT('',(8.534839501806E-16,-10.50803042912,15.));
#2315 = PCURVE('',#100,#2316);
#2316 = DEFINITIONAL_REPRESENTATION('',(#2317),#2518);
#2317 = B_SPLINE_CURVE_WITH_KNOTS('',7,(#2318,#2319,#2320,#2321,#2322,
    #2323,#2324,#2325,#2326,#2327,#2328,#2329,#2330,#2331,#2332,#2333,
    #2334,#2335,#2336,#2337,#2338,#2339,#2340,#2341,#2342,#2343,#2344,
    #2345,#2346,#2347,#2348,#2349,#2350,#2351,#2352,#2353,#2354,#2355,
    #2356,#2357,#2358,#2359,#2360,#2361,#2362,#2363,#2364,#2365,#2366,
    #2367,#2368,#2369,#2370,#2371,#2372,#2373,#2374,#2375,#2376,#2377,
    #2378,#2379,#2380,#2381,#2382,#2383,#2384,#2385,#2386,#2387,#2388,
    #2389,#2390,#2391,#2392,#2393,#2394,#2395,#2396,#2397,#2398,#2399,
    #2400,#2401,#2402,#2403,#2404,#2405,#2406,#2407,#2408,#2409,#2410,
    #2411,#2412,#2413,#2414,#2415,#2416,#2417,#2418,#2419,#2420,#2421,
    #2422,#2423,#2424,#2425,#2426,#2427,#2428,#2429,#2430,#2431,#2432,
    #2433,#2434,#2435,#2436,#2437,#2438,#2439,#2440,#2441,#2442,#2443,
    #2444,#2445,#2446,#2447,#2448,#2449,#2450,#2451,#2452,#2453,#2454,
    #2455,#2456,#2457,#2458,#2459,#2460,#2461,#2462,#2463,#2464,#2465,
    #2466,#2467,#2468,#2469,#2470,#2471,#2472,#2473,#2474,#2475,#2476,
    #2477,#2478,#2479,#2480,#2481,#2482,#2483,#2484,#2485,#2486,#2487,
    #2488,#2489,#2490,#2491,#2492,#2493,#2494,#2495,#2496,#2497,#2498,
    #2499,#2500,#2501,#2502,#2503,#2504,#2505,#2506,#2507,#2508,#2509,
    #2510,#2511,#2512,#2513,#2514,#2515,#2516,#2517),.UNSPECIFIED.,.F.,
  .F.,(8,6,6,6,6,6,6,6,6,6,6,6,6,6,6,6,6,6,6,6,6,6,6,6,6,6,6,6,6,6,6,6,6
    ,8),(0.,2.800049281667E-02,5.700100323498E-02,8.600151365332E-02,
    0.11400200647,0.138002428882,0.165002904097,0.194003414515,
    0.223003924934,0.252004435352,0.277004875365,0.297005227374,
    0.32400570259,0.3460060898,0.375006600219,0.404007110637,
    0.433007621055,0.462008131474,0.491008641892,0.520009152311,
    0.547009627526,0.576010137944,0.605010648363,0.63301114118,
    0.662011651598,0.691012162016,0.718012637232,0.74701314765,
    0.776013658069,0.805014168487,0.831014626101,0.86001513652,
    0.889015646938,1.),.UNSPECIFIED.);
#2318 = CARTESIAN_POINT('',(-2.398622264029E-02,-10.86418155732));
#2319 = CARTESIAN_POINT('',(-0.28808165684,-10.86418156673));
#2320 = CARTESIAN_POINT('',(-0.552177617142,-10.85643785806));
#2321 = CARTESIAN_POINT('',(-0.816000723465,-10.84095048252));
#2322 = CARTESIAN_POINT('',(-1.079278648434,-10.81773142784));
#2323 = CARTESIAN_POINT('',(-1.341740117388,-10.78680461835));
#2324 = CARTESIAN_POINT('',(-1.603114908374,-10.74820591488));
#2325 = CARTESIAN_POINT('',(-2.132439163592,-10.65410952637));
#2326 = CARTESIAN_POINT('',(-2.400291224222,-10.59805732506));
#2327 = CARTESIAN_POINT('',(-2.666390931626,-10.53387974565));
#2328 = CARTESIAN_POINT('',(-2.930442821817,-10.46164332273));
#2329 = CARTESIAN_POINT('',(-3.192155069235,-10.38142789073));
#2330 = CARTESIAN_POINT('',(-3.451239486752,-10.29332658395));
#2331 = CARTESIAN_POINT('',(-3.963583572721,-10.10156511089));
#2332 = CARTESIAN_POINT('',(-4.216844415453,-9.997904505096));
#2333 = CARTESIAN_POINT('',(-4.466909549465,-9.886570571675));
#2334 = CARTESIAN_POINT('',(-4.713500458566,-9.767682283525));
#2335 = CARTESIAN_POINT('',(-4.956344614769,-9.641371033917));
#2336 = CARTESIAN_POINT('',(-5.195175478293,-9.507780636493));
#2337 = CARTESIAN_POINT('',(-5.65620137701,-9.231206201297));
#2338 = CARTESIAN_POINT('',(-5.878687032886,-9.088704362004));
#2339 = CARTESIAN_POINT('',(-6.096955060821,-8.93970248882));
#2340 = CARTESIAN_POINT('',(-6.310778099808,-8.784350957528));
#2341 = CARTESIAN_POINT('',(-6.5199358322,-8.622809838269));
#2342 = CARTESIAN_POINT('',(-6.724214983714,-8.455248895538));
#2343 = CARTESIAN_POINT('',(-7.094147388796,-8.133217859665));
#2344 = CARTESIAN_POINT('',(-7.261150156029,-7.980296845069));
#2345 = CARTESIAN_POINT('',(-7.424287903026,-7.823197496116));
#2346 = CARTESIAN_POINT('',(-7.583435510033,-7.662037309401));
#2347 = CARTESIAN_POINT('',(-7.738472459646,-7.496938326391));
#2348 = CARTESIAN_POINT('',(-7.889282836808,-7.328027133425));
#2349 = CARTESIAN_POINT('',(-8.200536855751,-6.96126860553));
#2350 = CARTESIAN_POINT('',(-8.35982872309,-6.762442908647));
#2351 = CARTESIAN_POINT('',(-8.513472390966,-6.559144646243));
#2352 = CARTESIAN_POINT('',(-8.661317758473,-6.351566704055));
#2353 = CARTESIAN_POINT('',(-8.803223163658,-6.13990797838));
#2354 = CARTESIAN_POINT('',(-8.939055383524,-5.924373376083));
#2355 = CARTESIAN_POINT('',(-9.207926412172,-5.469737303281));
#2356 = CARTESIAN_POINT('',(-9.340013563937,-5.230071786374));
#2357 = CARTESIAN_POINT('',(-9.464796495475,-4.986438791941));
#2358 = CARTESIAN_POINT('',(-9.582133070688,-4.739105758104));
#2359 = CARTESIAN_POINT('',(-9.691893611236,-4.488346033032));
#2360 = CARTESIAN_POINT('',(-9.793960896526,-4.234438874942));
#2361 = CARTESIAN_POINT('',(-9.982499452729,-3.720900037264));
#2362 = CARTESIAN_POINT('',(-10.06897115576,-3.461267180658));
#2363 = CARTESIAN_POINT('',(-10.14754062865,-3.199056094107));
#2364 = CARTESIAN_POINT('',(-10.21811654965,-2.93455554423));
#2365 = CARTESIAN_POINT('',(-10.28062091948,-2.668057852436));
#2366 = CARTESIAN_POINT('',(-10.33498906131,-2.399858894926));
#2367 = CARTESIAN_POINT('',(-10.42735020313,-1.860657314383));
#2368 = CARTESIAN_POINT('',(-10.46534341481,-1.589653455513));
#2369 = CARTESIAN_POINT('',(-10.495098026,-1.317545978417));
#2370 = CARTESIAN_POINT('',(-10.51657655298,-1.044635417263));
#2371 = CARTESIAN_POINT('',(-10.52975525803,-0.771223388061));
#2372 = CARTESIAN_POINT('',(-10.53462414952,-0.497612588655));
#2373 = CARTESIAN_POINT('',(-10.52822392005,1.167413545168E-02));
#2374 = CARTESIAN_POINT('',(-10.51908810608,0.247377795124));
#2375 = CARTESIAN_POINT('',(-10.50378200943,0.482809740872));
#2376 = CARTESIAN_POINT('',(-10.48231568342,0.71777622614));
#2377 = CARTESIAN_POINT('',(-10.45470676527,0.952084197222));
#2378 = CARTESIAN_POINT('',(-10.42098047607,1.185541293273));
#2379 = CARTESIAN_POINT('',(-10.34932093358,1.603887535906));
#2380 = CARTESIAN_POINT('',(-10.31357808102,1.789152283857));
#2381 = CARTESIAN_POINT('',(-10.27395786292,1.973652053486));
#2382 = CARTESIAN_POINT('',(-10.23048011455,2.157289526795));
#2383 = CARTESIAN_POINT('',(-10.18316770665,2.339968104451));
#2384 = CARTESIAN_POINT('',(-10.13204654538,2.52159190579));
#2385 = CARTESIAN_POINT('',(-10.00302929731,2.945705388825));
#2386 = CARTESIAN_POINT('',(-9.922024119408,3.18724983172));
#2387 = CARTESIAN_POINT('',(-9.834201400991,3.426464652132));
#2388 = CARTESIAN_POINT('',(-9.739642125489,3.663119248945));
#2389 = CARTESIAN_POINT('',(-9.638436897375,3.896986865295));
#2390 = CARTESIAN_POINT('',(-9.530685942169,4.127844588565));
#2391 = CARTESIAN_POINT('',(-9.323457958655,4.540948701094));
#2392 = CARTESIAN_POINT('',(-9.226143687405,4.724280674764));
#2393 = CARTESIAN_POINT('',(-9.124615685632,4.905350899831));
#2394 = CARTESIAN_POINT('',(-9.018937277301,5.08404332953));
#2395 = CARTESIAN_POINT('',(-8.909175717395,5.260244241891));
#2396 = CARTESIAN_POINT('',(-8.79540219192,5.433842239747));
#2397 = CARTESIAN_POINT('',(-8.522528234289,5.829986976564));
#2398 = CARTESIAN_POINT('',(-8.360523437959,6.050534072718));
#2399 = CARTESIAN_POINT('',(-8.191849818895,6.266119383468));
#2400 = CARTESIAN_POINT('',(-8.016690363682,6.476501575583));
#2401 = CARTESIAN_POINT('',(-7.835238655503,6.681448138322));
#2402 = CARTESIAN_POINT('',(-7.647698874145,6.880735383433));
#2403 = CARTESIAN_POINT('',(-7.260872734272,7.267561523307));
#2404 = CARTESIAN_POINT('',(-7.061585489161,7.455101304665));
#2405 = CARTESIAN_POINT('',(-6.856638926422,7.636553012843));
#2406 = CARTESIAN_POINT('',(-6.646256734306,7.811712468057));
#2407 = CARTESIAN_POINT('',(-6.430671423556,7.980386087121));
#2408 = CARTESIAN_POINT('',(-6.210124327402,8.142390883451));
#2409 = CARTESIAN_POINT('',(-5.75960688891,8.45271806981));
#2410 = CARTESIAN_POINT('',(-5.529635513998,8.601041171101));
#2411 = CARTESIAN_POINT('',(-5.29520170425,8.742351485043));
#2412 = CARTESIAN_POINT('',(-5.056562443359,8.876488745607));
#2413 = CARTESIAN_POINT('',(-4.813981471288,9.003304706624));
#2414 = CARTESIAN_POINT('',(-4.567729284269,9.122663141786));
#2415 = CARTESIAN_POINT('',(-4.068436994839,9.346216568721));
#2416 = CARTESIAN_POINT('',(-3.815395748062,9.450412072872));
#2417 = CARTESIAN_POINT('',(-3.559236698631,9.54690226602));
#2418 = CARTESIAN_POINT('',(-3.300241617053,9.635576102231));
#2419 = CARTESIAN_POINT('',(-3.03869674019,9.716335580724));
#2420 = CARTESIAN_POINT('',(-2.774892771258,9.789095745867));
#2421 = CARTESIAN_POINT('',(-2.243356993888,9.918473651067));
#2422 = CARTESIAN_POINT('',(-1.975623967183,9.975091687655));
#2423 = CARTESIAN_POINT('',(-1.706220999171,10.023567009273));
#2424 = CARTESIAN_POINT('',(-1.435445317872,10.063841466771));
#2425 = CARTESIAN_POINT('',(-1.16359617986,10.095870549518));
#2426 = CARTESIAN_POINT('',(-0.890974870269,10.119623385405));
#2427 = CARTESIAN_POINT('',(-0.344794536622,10.150542119472));
#2428 = CARTESIAN_POINT('',(-7.123426073488E-02,10.157708088519));
#2429 = CARTESIAN_POINT('',(0.202492804039,10.156563540583));
#2430 = CARTESIAN_POINT('',(0.476083813268,10.147105148591));
#2431 = CARTESIAN_POINT('',(0.749236398925,10.129343365794));
#2432 = CARTESIAN_POINT('',(1.021648669387,10.103302425766));
#2433 = CARTESIAN_POINT('',(1.545674590084,10.037102552832));
#2434 = CARTESIAN_POINT('',(1.797427947938,9.998041017394));
#2435 = CARTESIAN_POINT('',(2.048036154831,9.951866491812));
#2436 = CARTESIAN_POINT('',(2.29725824731,9.898619863779));
#2437 = CARTESIAN_POINT('',(2.544855426631,9.838352152963));
#2438 = CARTESIAN_POINT('',(2.790591058758,9.771124510999));
#2439 = CARTESIAN_POINT('',(3.295917624983,9.617401870483));
#2440 = CARTESIAN_POINT('',(3.555187618587,9.529848195104));
#2441 = CARTESIAN_POINT('',(3.811750021699,9.434435673449));
#2442 = CARTESIAN_POINT('',(4.065319397348,9.331265555472));
#2443 = CARTESIAN_POINT('',(4.315615505066,9.220451862995));
#2444 = CARTESIAN_POINT('',(4.562363300896,9.102121389705));
#2445 = CARTESIAN_POINT('',(5.048222584551,8.850706033244));
#2446 = CARTESIAN_POINT('',(5.287335185955,8.717620573836));
#2447 = CARTESIAN_POINT('',(5.522360952232,8.577297000744));
#2448 = CARTESIAN_POINT('',(5.753037518836,8.429886610575));
#2449 = CARTESIAN_POINT('',(5.979109946035,8.275552318728));
#2450 = CARTESIAN_POINT('',(6.200330718914,8.114468659399));
#2451 = CARTESIAN_POINT('',(6.625136084219,7.784955838557));
#2452 = CARTESIAN_POINT('',(6.829066657336,7.616970831427));
#2453 = CARTESIAN_POINT('',(7.028035485461,7.443034361227));
#2454 = CARTESIAN_POINT('',(7.221834735135,7.263322811509));
#2455 = CARTESIAN_POINT('',(7.410264720697,7.078021352334));
#2456 = CARTESIAN_POINT('',(7.593133904289,6.887323940279));
#2457 = CARTESIAN_POINT('',(7.953709777482,6.488546637561));
#2458 = CARTESIAN_POINT('',(8.130999636205,6.280088292442));
#2459 = CARTESIAN_POINT('',(8.301924762694,6.066283668745));
#2460 = CARTESIAN_POINT('',(8.466292474115,5.847366431068));
#2461 = CARTESIAN_POINT('',(8.623921114131,5.623578522936));
#2462 = CARTESIAN_POINT('',(8.7746400529,5.395170166801));
#2463 = CARTESIAN_POINT('',(9.061939341031,4.929629573492));
#2464 = CARTESIAN_POINT('',(9.198520348876,4.692496269311));
#2465 = CARTESIAN_POINT('',(9.32787321483,4.451258519262));
#2466 = CARTESIAN_POINT('',(9.449850787259,4.206181034914));
#2467 = CARTESIAN_POINT('',(9.564318258669,3.957534671641));
#2468 = CARTESIAN_POINT('',(9.671153165711,3.705596428627));
#2469 = CARTESIAN_POINT('',(9.862503700856,3.213284981026));
#2470 = CARTESIAN_POINT('',(9.948050822556,2.973311551851));
#2471 = CARTESIAN_POINT('',(10.026798011371,2.730957594944));
#2472 = CARTESIAN_POINT('',(10.098666464516,2.486454465682));
#2473 = CARTESIAN_POINT('',(10.16358731933,2.240036441209));
#2474 = CARTESIAN_POINT('',(10.221501653278,1.991940720439));
#2475 = CARTESIAN_POINT('',(10.32698664439,1.474390234603));
#2476 = CARTESIAN_POINT('',(10.373473545631,1.204713495396));
#2477 = CARTESIAN_POINT('',(10.411760577131,0.933674901837));
#2478 = CARTESIAN_POINT('',(10.441800833634,0.661573662408));
#2479 = CARTESIAN_POINT('',(10.463561115171,0.388710498666));
#2480 = CARTESIAN_POINT('',(10.477021927059,0.115387645251));
#2481 = CARTESIAN_POINT('',(10.487333055975,-0.43156994506));
#2482 = CARTESIAN_POINT('',(10.484183396635,-0.705205935569));
#2483 = CARTESIAN_POINT('',(10.472722838858,-0.978695371553));
#2484 = CARTESIAN_POINT('',(10.452959472198,-1.251735498363));
#2485 = CARTESIAN_POINT('',(10.424915138784,-1.524024556797));
#2486 = CARTESIAN_POINT('',(10.388625433321,-1.795261783101));
#2487 = CARTESIAN_POINT('',(10.299653995787,-2.335033038618));
#2488 = CARTESIAN_POINT('',(10.246972059796,-2.603568304972));
#2489 = CARTESIAN_POINT('',(10.186143367112,-2.870453460284));
#2490 = CARTESIAN_POINT('',(10.117230734256,-3.135392227819));
#2491 = CARTESIAN_POINT('',(10.040310322272,-3.398091801857));
#2492 = CARTESIAN_POINT('',(9.955471636727,-3.658262847692));
#2493 = CARTESIAN_POINT('',(9.779748319559,-4.146353121364));
#2494 = CARTESIAN_POINT('',(9.69039675126,-4.374825338396));
#2495 = CARTESIAN_POINT('',(9.59483696379,-4.600830315153));
#2496 = CARTESIAN_POINT('',(9.493151206221,-4.824165905718));
#2497 = CARTESIAN_POINT('',(9.385429835725,-5.044633655828));
#2498 = CARTESIAN_POINT('',(9.271771317569,-5.262038802877));
#2499 = CARTESIAN_POINT('',(9.019005981733,-5.715051478694));
#2500 = CARTESIAN_POINT('',(8.87847548365,-5.94986577716));
#2501 = CARTESIAN_POINT('',(8.730838814049,-6.180367902462));
#2502 = CARTESIAN_POINT('',(8.57625543595,-6.406300371854));
#2503 = CARTESIAN_POINT('',(8.414896192215,-6.627413488699));
#2504 = CARTESIAN_POINT('',(8.246943305548,-6.843465342465));
#2505 = CARTESIAN_POINT('',(7.898237469347,-7.264978289809));
#2506 = CARTESIAN_POINT('',(7.717483720588,-7.470440349482));
#2507 = CARTESIAN_POINT('',(7.530522832154,-7.670373943897));
#2508 = CARTESIAN_POINT('',(7.337558284546,-7.8645547485));
#2509 = CARTESIAN_POINT('',(7.138803338827,-8.052768158043));
#2510 = CARTESIAN_POINT('',(6.934481036625,-8.234809286579));
#2511 = CARTESIAN_POINT('',(5.922471540498,-9.082783606969));
#2512 = CARTESIAN_POINT('',(5.041589024718,-9.662159015147));
#2513 = CARTESIAN_POINT('',(4.095776242496,-10.13696489367));
#2514 = CARTESIAN_POINT('',(3.099998249225,-10.49900485403));
#2515 = CARTESIAN_POINT('',(2.070094030667,-10.74252023733));
#2516 = CARTESIAN_POINT('',(1.022798349419,-10.86418217154));
#2517 = CARTESIAN_POINT('',(-2.398622264029E-02,-10.86418155732));
#2518 = ( GEOMETRIC_REPRESENTATION_CONTEXT(2) 
PARAMETRIC_REPRESENTATION_CONTEXT() REPRESENTATION_CONTEXT('2D SPACE',''
  ) );
#2519 = PCURVE('',#1859,#2520);
#2520 = DEFINITIONAL_REPRESENTATION('',(#2521),#2722);
#2521 = B_SPLINE_CURVE_WITH_KNOTS('',7,(#2522,#2523,#2524,#2525,#2526,
    #2527,#2528,#2529,#2530,#2531,#2532,#2533,#2534,#2535,#2536,#2537,
    #2538,#2539,#2540,#2541,#2542,#2543,#2544,#2545,#2546,#2547,#2548,
    #2549,#2550,#2551,#2552,#2553,#2554,#2555,#2556,#2557,#2558,#2559,
    #2560,#2561,#2562,#2563,#2564,#2565,#2566,#2567,#2568,#2569,#2570,
    #2571,#2572,#2573,#2574,#2575,#2576,#2577,#2578,#2579,#2580,#2581,
    #2582,#2583,#2584,#2585,#2586,#2587,#2588,#2589,#2590,#2591,#2592,
    #2593,#2594,#2595,#2596,#2597,#2598,#2599,#2600,#2601,#2602,#2603,
    #2604,#2605,#2606,#2607,#2608,#2609,#2610,#2611,#2612,#2613,#2614,
    #2615,#2616,#2617,#2618,#2619,#2620,#2621,#2622,#2623,#2624,#2625,
    #2626,#2627,#2628,#2629,#2630,#2631,#2632,#2633,#2634,#2635,#2636,
    #2637,#2638,#2639,#2640,#2641,#2642,#2643,#2644,#2645,#2646,#2647,
    #2648,#2649,#2650,#2651,#2652,#2653,#2654,#2655,#2656,#2657,#2658,
    #2659,#2660,#2661,#2662,#2663,#2664,#2665,#2666,#2667,#2668,#2669,
    #2670,#2671,#2672,#2673,#2674,#2675,#2676,#2677,#2678,#2679,#2680,
    #2681,#2682,#2683,#2684,#2685,#2686,#2687,#2688,#2689,#2690,#2691,
    #2692,#2693,#2694,#2695,#2696,#2697,#2698,#2699,#2700,#2701,#2702,
    #2703,#2704,#2705,#2706,#2707,#2708,#2709,#2710,#2711,#2712,#2713,
    #2714,#2715,#2716,#2717,#2718,#2719,#2720,#2721),.UNSPECIFIED.,.F.,
  .F.,(8,6,6,6,6,6,6,6,6,6,6,6,6,6,6,6,6,6,6,6,6,6,6,6,6,6,6,6,6,6,6,6,6
    ,8),(0.,2.800049281667E-02,5.700100323498E-02,8.600151365332E-02,
    0.11400200647,0.138002428882,0.165002904097,0.194003414515,
    0.223003924934,0.252004435352,0.277004875365,0.297005227374,
    0.32400570259,0.3460060898,0.375006600219,0.404007110637,
    0.433007621055,0.462008131474,0.491008641892,0.520009152311,
    0.547009627526,0.576010137944,0.605010648363,0.63301114118,
    0.662011651598,0.691012162016,0.718012637232,0.74701314765,
    0.776013658069,0.805014168487,0.831014626101,0.86001513652,
    0.889015646938,1.),.UNSPECIFIED.);
#2522 = CARTESIAN_POINT('',(6.28318530718,0.445479466637));
#2523 = CARTESIAN_POINT('',(6.258052565947,0.445479466637));
#2524 = CARTESIAN_POINT('',(6.232919824718,0.445479466637));
#2525 = CARTESIAN_POINT('',(6.207787083492,0.445479466637));
#2526 = CARTESIAN_POINT('',(6.182654342266,0.445479466637));
#2527 = CARTESIAN_POINT('',(6.15752160104,0.445479466637));
#2528 = CARTESIAN_POINT('',(6.132388859811,0.445479466637));
#2529 = CARTESIAN_POINT('',(6.081225779444,0.445479466637));
#2530 = CARTESIAN_POINT('',(6.055195440314,0.445479466637));
#2531 = CARTESIAN_POINT('',(6.029165101187,0.445479466637));
#2532 = CARTESIAN_POINT('',(6.003134762062,0.445479466637));
#2533 = CARTESIAN_POINT('',(5.977104422935,0.445479466637));
#2534 = CARTESIAN_POINT('',(5.951074083805,0.445479466637));
#2535 = CARTESIAN_POINT('',(5.899013405536,0.445479466637));
#2536 = CARTESIAN_POINT('',(5.872983066406,0.445479466637));
#2537 = CARTESIAN_POINT('',(5.846952727279,0.445479466637));
#2538 = CARTESIAN_POINT('',(5.820922388153,0.445479466637));
#2539 = CARTESIAN_POINT('',(5.794892049027,0.445479466637));
#2540 = CARTESIAN_POINT('',(5.768861709897,0.445479466637));
#2541 = CARTESIAN_POINT('',(5.71769862953,0.445479466637));
#2542 = CARTESIAN_POINT('',(5.692565888301,0.445479466637));
#2543 = CARTESIAN_POINT('',(5.667433147074,0.445479466637));
#2544 = CARTESIAN_POINT('',(5.642300405849,0.445479466637));
#2545 = CARTESIAN_POINT('',(5.617167664622,0.445479466637));
#2546 = CARTESIAN_POINT('',(5.592034923394,0.445479466637));
#2547 = CARTESIAN_POINT('',(5.545359832535,0.445479466637));
#2548 = CARTESIAN_POINT('',(5.523817482911,0.445479466637));
#2549 = CARTESIAN_POINT('',(5.502275133287,0.445479466637));
#2550 = CARTESIAN_POINT('',(5.480732783663,0.445479466637));
#2551 = CARTESIAN_POINT('',(5.459190434039,0.445479466637));
#2552 = CARTESIAN_POINT('',(5.437648084415,0.445479466637));
#2553 = CARTESIAN_POINT('',(5.391870591458,0.445479466637));
#2554 = CARTESIAN_POINT('',(5.36763544813,0.445479466637));
#2555 = CARTESIAN_POINT('',(5.343400304805,0.445479466637));
#2556 = CARTESIAN_POINT('',(5.319165161479,0.445479466637));
#2557 = CARTESIAN_POINT('',(5.294930018153,0.445479466637));
#2558 = CARTESIAN_POINT('',(5.270694874826,0.445479466637));
#2559 = CARTESIAN_POINT('',(5.22042939236,0.445479466637));
#2560 = CARTESIAN_POINT('',(5.194399053231,0.445479466637));
#2561 = CARTESIAN_POINT('',(5.168368714104,0.445479466637));
#2562 = CARTESIAN_POINT('',(5.142338374978,0.445479466637));
#2563 = CARTESIAN_POINT('',(5.116308035851,0.445479466637));
#2564 = CARTESIAN_POINT('',(5.090277696722,0.445479466637));
#2565 = CARTESIAN_POINT('',(5.038217018452,0.445479466637));
#2566 = CARTESIAN_POINT('',(5.012186679322,0.445479466637));
#2567 = CARTESIAN_POINT('',(4.986156340196,0.445479466637));
#2568 = CARTESIAN_POINT('',(4.96012600107,0.445479466637));
#2569 = CARTESIAN_POINT('',(4.934095661943,0.445479466637));
#2570 = CARTESIAN_POINT('',(4.908065322813,0.445479466637));
#2571 = CARTESIAN_POINT('',(4.856004644544,0.445479466637));
#2572 = CARTESIAN_POINT('',(4.829974305414,0.445479466637));
#2573 = CARTESIAN_POINT('',(4.803943966287,0.445479466637));
#2574 = CARTESIAN_POINT('',(4.777913627162,0.445479466637));
#2575 = CARTESIAN_POINT('',(4.751883288035,0.445479466637));
#2576 = CARTESIAN_POINT('',(4.725852948905,0.445479466637));
#2577 = CARTESIAN_POINT('',(4.677382662243,0.445479466637));
#2578 = CARTESIAN_POINT('',(4.654942714717,0.445479466637));
#2579 = CARTESIAN_POINT('',(4.632502767193,0.445479466637));
#2580 = CARTESIAN_POINT('',(4.610062819669,0.445479466637));
#2581 = CARTESIAN_POINT('',(4.587622872144,0.445479466637));
#2582 = CARTESIAN_POINT('',(4.565182924618,0.445479466637));
#2583 = CARTESIAN_POINT('',(4.52479101907,0.445479466637));
#2584 = CARTESIAN_POINT('',(4.50683906105,0.445479466637));
#2585 = CARTESIAN_POINT('',(4.488887103029,0.445479466637));
#2586 = CARTESIAN_POINT('',(4.470935145009,0.445479466637));
#2587 = CARTESIAN_POINT('',(4.452983186989,0.445479466637));
#2588 = CARTESIAN_POINT('',(4.435031228968,0.445479466637));
#2589 = CARTESIAN_POINT('',(4.392844127617,0.445479466637));
#2590 = CARTESIAN_POINT('',(4.368608984289,0.445479466637));
#2591 = CARTESIAN_POINT('',(4.344373840963,0.445479466637));
#2592 = CARTESIAN_POINT('',(4.320138697638,0.445479466637));
#2593 = CARTESIAN_POINT('',(4.295903554312,0.445479466637));
#2594 = CARTESIAN_POINT('',(4.271668410984,0.445479466637));
#2595 = CARTESIAN_POINT('',(4.22768611383,0.445479466637));
#2596 = CARTESIAN_POINT('',(4.207938960008,0.445479466637));
#2597 = CARTESIAN_POINT('',(4.188191806186,0.445479466637));
#2598 = CARTESIAN_POINT('',(4.168444652364,0.445479466637));
#2599 = CARTESIAN_POINT('',(4.148697498541,0.445479466637));
#2600 = CARTESIAN_POINT('',(4.128950344719,0.445479466637));
#2601 = CARTESIAN_POINT('',(4.083172851761,0.445479466637));
#2602 = CARTESIAN_POINT('',(4.057142512631,0.445479466637));
#2603 = CARTESIAN_POINT('',(4.031112173504,0.445479466637));
#2604 = CARTESIAN_POINT('',(4.005081834379,0.445479466637));
#2605 = CARTESIAN_POINT('',(3.979051495252,0.445479466637));
#2606 = CARTESIAN_POINT('',(3.953021156122,0.445479466637));
#2607 = CARTESIAN_POINT('',(3.900960477853,0.445479466637));
#2608 = CARTESIAN_POINT('',(3.874930138723,0.445479466637));
#2609 = CARTESIAN_POINT('',(3.848899799596,0.445479466637));
#2610 = CARTESIAN_POINT('',(3.82286946047,0.445479466637));
#2611 = CARTESIAN_POINT('',(3.796839121344,0.445479466637));
#2612 = CARTESIAN_POINT('',(3.770808782214,0.445479466637));
#2613 = CARTESIAN_POINT('',(3.718748103944,0.445479466637));
#2614 = CARTESIAN_POINT('',(3.692717764815,0.445479466637));
#2615 = CARTESIAN_POINT('',(3.666687425688,0.445479466637));
#2616 = CARTESIAN_POINT('',(3.640657086562,0.445479466637));
#2617 = CARTESIAN_POINT('',(3.614626747435,0.445479466637));
#2618 = CARTESIAN_POINT('',(3.588596408306,0.445479466637));
#2619 = CARTESIAN_POINT('',(3.536535730036,0.445479466637));
#2620 = CARTESIAN_POINT('',(3.510505390907,0.445479466637));
#2621 = CARTESIAN_POINT('',(3.48447505178,0.445479466637));
#2622 = CARTESIAN_POINT('',(3.458444712654,0.445479466637));
#2623 = CARTESIAN_POINT('',(3.432414373527,0.445479466637));
#2624 = CARTESIAN_POINT('',(3.406384034397,0.445479466637));
#2625 = CARTESIAN_POINT('',(3.354323356128,0.445479466637));
#2626 = CARTESIAN_POINT('',(3.328293016998,0.445479466637));
#2627 = CARTESIAN_POINT('',(3.302262677872,0.445479466637));
#2628 = CARTESIAN_POINT('',(3.276232338746,0.445479466637));
#2629 = CARTESIAN_POINT('',(3.250201999619,0.445479466637));
#2630 = CARTESIAN_POINT('',(3.224171660489,0.445479466637));
#2631 = CARTESIAN_POINT('',(3.17211098222,0.445479466637));
#2632 = CARTESIAN_POINT('',(3.14608064309,0.445479466637));
#2633 = CARTESIAN_POINT('',(3.120050303963,0.445479466637));
#2634 = CARTESIAN_POINT('',(3.094019964838,0.445479466637));
#2635 = CARTESIAN_POINT('',(3.067989625711,0.445479466637));
#2636 = CARTESIAN_POINT('',(3.041959286581,0.445479466637));
#2637 = CARTESIAN_POINT('',(2.991693804116,0.445479466637));
#2638 = CARTESIAN_POINT('',(2.967458660788,0.445479466637));
#2639 = CARTESIAN_POINT('',(2.943223517462,0.445479466637));
#2640 = CARTESIAN_POINT('',(2.918988374137,0.445479466637));
#2641 = CARTESIAN_POINT('',(2.894753230811,0.445479466637));
#2642 = CARTESIAN_POINT('',(2.870518087483,0.445479466637));
#2643 = CARTESIAN_POINT('',(2.820252605018,0.445479466637));
#2644 = CARTESIAN_POINT('',(2.794222265888,0.445479466637));
#2645 = CARTESIAN_POINT('',(2.768191926761,0.445479466637));
#2646 = CARTESIAN_POINT('',(2.742161587635,0.445479466637));
#2647 = CARTESIAN_POINT('',(2.716131248509,0.445479466637));
#2648 = CARTESIAN_POINT('',(2.690100909379,0.445479466637));
#2649 = CARTESIAN_POINT('',(2.63804023111,0.445479466637));
#2650 = CARTESIAN_POINT('',(2.61200989198,0.445479466637));
#2651 = CARTESIAN_POINT('',(2.585979552853,0.445479466637));
#2652 = CARTESIAN_POINT('',(2.559949213727,0.445479466637));
#2653 = CARTESIAN_POINT('',(2.533918874601,0.445479466637));
#2654 = CARTESIAN_POINT('',(2.507888535471,0.445479466637));
#2655 = CARTESIAN_POINT('',(2.456725455103,0.445479466637));
#2656 = CARTESIAN_POINT('',(2.431592713875,0.445479466637));
#2657 = CARTESIAN_POINT('',(2.406459972648,0.445479466637));
#2658 = CARTESIAN_POINT('',(2.381327231423,0.445479466637));
#2659 = CARTESIAN_POINT('',(2.356194490196,0.445479466637));
#2660 = CARTESIAN_POINT('',(2.331061748968,0.445479466637));
#2661 = CARTESIAN_POINT('',(2.2798986686,0.445479466637));
#2662 = CARTESIAN_POINT('',(2.253868329471,0.445479466637));
#2663 = CARTESIAN_POINT('',(2.227837990344,0.445479466637));
#2664 = CARTESIAN_POINT('',(2.201807651218,0.445479466637));
#2665 = CARTESIAN_POINT('',(2.175777312091,0.445479466637));
#2666 = CARTESIAN_POINT('',(2.149746972962,0.445479466637));
#2667 = CARTESIAN_POINT('',(2.097686294692,0.445479466637));
#2668 = CARTESIAN_POINT('',(2.071655955562,0.445479466637));
#2669 = CARTESIAN_POINT('',(2.045625616436,0.445479466637));
#2670 = CARTESIAN_POINT('',(2.01959527731,0.445479466637));
#2671 = CARTESIAN_POINT('',(1.993564938183,0.445479466637));
#2672 = CARTESIAN_POINT('',(1.967534599053,0.445479466637));
#2673 = CARTESIAN_POINT('',(1.917269116588,0.445479466637));
#2674 = CARTESIAN_POINT('',(1.89303397326,0.445479466637));
#2675 = CARTESIAN_POINT('',(1.868798829934,0.445479466637));
#2676 = CARTESIAN_POINT('',(1.844563686609,0.445479466637));
#2677 = CARTESIAN_POINT('',(1.820328543283,0.445479466637));
#2678 = CARTESIAN_POINT('',(1.796093399955,0.445479466637));
#2679 = CARTESIAN_POINT('',(1.74582791749,0.445479466637));
#2680 = CARTESIAN_POINT('',(1.71979757836,0.445479466637));
#2681 = CARTESIAN_POINT('',(1.693767239234,0.445479466637));
#2682 = CARTESIAN_POINT('',(1.667736900108,0.445479466637));
#2683 = CARTESIAN_POINT('',(1.641706560981,0.445479466637));
#2684 = CARTESIAN_POINT('',(1.615676221851,0.445479466637));
#2685 = CARTESIAN_POINT('',(1.563615543582,0.445479466637));
#2686 = CARTESIAN_POINT('',(1.537585204452,0.445479466637));
#2687 = CARTESIAN_POINT('',(1.511554865325,0.445479466637));
#2688 = CARTESIAN_POINT('',(1.4855245262,0.445479466637));
#2689 = CARTESIAN_POINT('',(1.459494187073,0.445479466637));
#2690 = CARTESIAN_POINT('',(1.433463847943,0.445479466637));
#2691 = CARTESIAN_POINT('',(1.381403169674,0.445479466637));
#2692 = CARTESIAN_POINT('',(1.355372830544,0.445479466637));
#2693 = CARTESIAN_POINT('',(1.329342491417,0.445479466637));
#2694 = CARTESIAN_POINT('',(1.303312152291,0.445479466637));
#2695 = CARTESIAN_POINT('',(1.277281813165,0.445479466637));
#2696 = CARTESIAN_POINT('',(1.251251474035,0.445479466637));
#2697 = CARTESIAN_POINT('',(1.201883589471,0.445479466637));
#2698 = CARTESIAN_POINT('',(1.178546044044,0.445479466637));
#2699 = CARTESIAN_POINT('',(1.155208498619,0.445479466637));
#2700 = CARTESIAN_POINT('',(1.131870953194,0.445479466637));
#2701 = CARTESIAN_POINT('',(1.108533407769,0.445479466637));
#2702 = CARTESIAN_POINT('',(1.085195862342,0.445479466637));
#2703 = CARTESIAN_POINT('',(1.035827977779,0.445479466637));
#2704 = CARTESIAN_POINT('',(1.009797638649,0.445479466637));
#2705 = CARTESIAN_POINT('',(0.983767299522,0.445479466637));
#2706 = CARTESIAN_POINT('',(0.957736960396,0.445479466637));
#2707 = CARTESIAN_POINT('',(0.93170662127,0.445479466637));
#2708 = CARTESIAN_POINT('',(0.90567628214,0.445479466637));
#2709 = CARTESIAN_POINT('',(0.853615603871,0.445479466637));
#2710 = CARTESIAN_POINT('',(0.827585264741,0.445479466637));
#2711 = CARTESIAN_POINT('',(0.801554925614,0.445479466637));
#2712 = CARTESIAN_POINT('',(0.775524586488,0.445479466637));
#2713 = CARTESIAN_POINT('',(0.749494247361,0.445479466637));
#2714 = CARTESIAN_POINT('',(0.723463908232,0.445479466637));
#2715 = CARTESIAN_POINT('',(0.597816000055,0.445479466637));
#2716 = CARTESIAN_POINT('',(0.498149716935,0.445479466637));
#2717 = CARTESIAN_POINT('',(0.39852400687,0.445479466637));
#2718 = CARTESIAN_POINT('',(0.298909562227,0.445479466637));
#2719 = CARTESIAN_POINT('',(0.199283852162,0.445479466637));
#2720 = CARTESIAN_POINT('',(9.96175690417E-02,0.445479466637));
#2721 = CARTESIAN_POINT('',(0.,0.445479466637));
#2722 = ( GEOMETRIC_REPRESENTATION_CONTEXT(2) 
PARAMETRIC_REPRESENTATION_CONTEXT() REPRESENTATION_CONTEXT('2D SPACE',''
  ) );
#2723 = ORIENTED_EDGE('',*,*,#2724,.T.);
#2724 = EDGE_CURVE('',#2111,#2725,#2727,.T.);
#2725 = VERTEX_POINT('',#2726);
#2726 = CARTESIAN_POINT('',(-1.031121596036,-10.45731761752,15.));
#2727 = SURFACE_CURVE('',#2728,(#2929,#3133),.PCURVE_S1.);
#2728 = B_SPLINE_CURVE_WITH_KNOTS('',7,(#2729,#2730,#2731,#2732,#2733,
    #2734,#2735,#2736,#2737,#2738,#2739,#2740,#2741,#2742,#2743,#2744,
    #2745,#2746,#2747,#2748,#2749,#2750,#2751,#2752,#2753,#2754,#2755,
    #2756,#2757,#2758,#2759,#2760,#2761,#2762,#2763,#2764,#2765,#2766,
    #2767,#2768,#2769,#2770,#2771,#2772,#2773,#2774,#2775,#2776,#2777,
    #2778,#2779,#2780,#2781,#2782,#2783,#2784,#2785,#2786,#2787,#2788,
    #2789,#2790,#2791,#2792,#2793,#2794,#2795,#2796,#2797,#2798,#2799,
    #2800,#2801,#2802,#2803,#2804,#2805,#2806,#2807,#2808,#2809,#2810,
    #2811,#2812,#2813,#2814,#2815,#2816,#2817,#2818,#2819,#2820,#2821,
    #2822,#2823,#2824,#2825,#2826,#2827,#2828,#2829,#2830,#2831,#2832,
    #2833,#2834,#2835,#2836,#2837,#2838,#2839,#2840,#2841,#2842,#2843,
    #2844,#2845,#2846,#2847,#2848,#2849,#2850,#2851,#2852,#2853,#2854,
    #2855,#2856,#2857,#2858,#2859,#2860,#2861,#2862,#2863,#2864,#2865,
    #2866,#2867,#2868,#2869,#2870,#2871,#2872,#2873,#2874,#2875,#2876,
    #2877,#2878,#2879,#2880,#2881,#2882,#2883,#2884,#2885,#2886,#2887,
    #2888,#2889,#2890,#2891,#2892,#2893,#2894,#2895,#2896,#2897,#2898,
    #2899,#2900,#2901,#2902,#2903,#2904,#2905,#2906,#2907,#2908,#2909,
    #2910,#2911,#2912,#2913,#2914,#2915,#2916,#2917,#2918,#2919,#2920,
    #2921,#2922,#2923,#2924,#2925,#2926,#2927,#2928),.UNSPECIFIED.,.T.,
  .F.,(8,6,6,6,6,6,6,6,6,6,6,6,6,6,6,6,6,6,6,6,6,6,6,6,6,6,6,6,6,6,6,6,6
    ,8),(0.,2.800049281667E-02,5.700100323498E-02,8.600151365332E-02,
    0.11400200647,0.138002428882,0.165002904097,0.194003414515,
    0.223003924934,0.252004435352,0.277004875365,0.297005227374,
    0.32400570259,0.3460060898,0.375006600219,0.404007110637,
    0.433007621055,0.462008131474,0.491008641892,0.520009152311,
    0.547009627526,0.576010137944,0.605010648363,0.63301114118,
    0.662011651598,0.691012162016,0.718012637232,0.74701314765,
    0.776013658069,0.805014168487,0.831014626101,0.86001513652,
    0.889015646938,1.),.UNSPECIFIED.);
#2729 = CARTESIAN_POINT('',(-2.69922972862E-15,-10.50803042912,15.));
#2730 = CARTESIAN_POINT('',(-0.264095434199,-10.50803043854,15.));
#2731 = CARTESIAN_POINT('',(-0.528191394502,-10.50028672987,15.));
#2732 = CARTESIAN_POINT('',(-0.792014500825,-10.48479935432,15.));
#2733 = CARTESIAN_POINT('',(-1.055292425794,-10.46158029965,15.));
#2734 = CARTESIAN_POINT('',(-1.317753894748,-10.43065349015,15.));
#2735 = CARTESIAN_POINT('',(-1.579128685734,-10.39205478669,15.));
#2736 = CARTESIAN_POINT('',(-2.108452940952,-10.29795839818,15.));
#2737 = CARTESIAN_POINT('',(-2.376305001582,-10.24190619686,15.));
#2738 = CARTESIAN_POINT('',(-2.642404708986,-10.17772861745,15.));
#2739 = CARTESIAN_POINT('',(-2.906456599176,-10.10549219453,15.));
#2740 = CARTESIAN_POINT('',(-3.168168846595,-10.02527676253,15.));
#2741 = CARTESIAN_POINT('',(-3.427253264112,-9.93717545576,15.));
#2742 = CARTESIAN_POINT('',(-3.939597350081,-9.745413982698,15.));
#2743 = CARTESIAN_POINT('',(-4.192858192813,-9.6417533769,15.));
#2744 = CARTESIAN_POINT('',(-4.442923326825,-9.530419443479,15.));
#2745 = CARTESIAN_POINT('',(-4.689514235925,-9.411531155329,15.));
#2746 = CARTESIAN_POINT('',(-4.932358392128,-9.285219905721,15.));
#2747 = CARTESIAN_POINT('',(-5.171189255653,-9.151629508297,15.));
#2748 = CARTESIAN_POINT('',(-5.63221515437,-8.875055073101,15.));
#2749 = CARTESIAN_POINT('',(-5.854700810245,-8.732553233808,15.));
#2750 = CARTESIAN_POINT('',(-6.07296883818,-8.583551360624,15.));
#2751 = CARTESIAN_POINT('',(-6.286791877167,-8.428199829332,15.));
#2752 = CARTESIAN_POINT('',(-6.49594960956,-8.266658710073,15.));
#2753 = CARTESIAN_POINT('',(-6.700228761074,-8.099097767342,15.));
#2754 = CARTESIAN_POINT('',(-7.070161166155,-7.777066731469,15.));
#2755 = CARTESIAN_POINT('',(-7.237163933389,-7.624145716873,15.));
#2756 = CARTESIAN_POINT('',(-7.400301680386,-7.46704636792,15.));
#2757 = CARTESIAN_POINT('',(-7.559449287393,-7.305886181205,15.));
#2758 = CARTESIAN_POINT('',(-7.714486237006,-7.140787198195,15.));
#2759 = CARTESIAN_POINT('',(-7.865296614168,-6.971876005229,15.));
#2760 = CARTESIAN_POINT('',(-8.176550633111,-6.605117477334,15.));
#2761 = CARTESIAN_POINT('',(-8.33584250045,-6.406291780451,15.));
#2762 = CARTESIAN_POINT('',(-8.489486168326,-6.202993518047,15.));
#2763 = CARTESIAN_POINT('',(-8.637331535832,-5.995415575859,15.));
#2764 = CARTESIAN_POINT('',(-8.779236941018,-5.783756850184,15.));
#2765 = CARTESIAN_POINT('',(-8.915069160884,-5.568222247887,15.));
#2766 = CARTESIAN_POINT('',(-9.183940189532,-5.113586175085,15.));
#2767 = CARTESIAN_POINT('',(-9.316027341297,-4.873920658178,15.));
#2768 = CARTESIAN_POINT('',(-9.440810272834,-4.630287663745,15.));
#2769 = CARTESIAN_POINT('',(-9.558146848048,-4.382954629908,15.));
#2770 = CARTESIAN_POINT('',(-9.667907388595,-4.132194904836,15.));
#2771 = CARTESIAN_POINT('',(-9.769974673885,-3.878287746746,15.));
#2772 = CARTESIAN_POINT('',(-9.958513230088,-3.364748909068,15.));
#2773 = CARTESIAN_POINT('',(-10.04498493312,-3.105116052462,15.));
#2774 = CARTESIAN_POINT('',(-10.12355440601,-2.842904965911,15.));
#2775 = CARTESIAN_POINT('',(-10.19413032701,-2.578404416034,15.));
#2776 = CARTESIAN_POINT('',(-10.25663469684,-2.31190672424,15.));
#2777 = CARTESIAN_POINT('',(-10.31100283867,-2.04370776673,15.));
#2778 = CARTESIAN_POINT('',(-10.40336398049,-1.504506186187,15.));
#2779 = CARTESIAN_POINT('',(-10.44135719217,-1.233502327317,15.));
#2780 = CARTESIAN_POINT('',(-10.47111180336,-0.961394850221,15.));
#2781 = CARTESIAN_POINT('',(-10.49259033034,-0.688484289067,15.));
#2782 = CARTESIAN_POINT('',(-10.50576903539,-0.415072259865,15.));
#2783 = CARTESIAN_POINT('',(-10.51063792688,-0.141461460459,15.));
#2784 = CARTESIAN_POINT('',(-10.50423769741,0.367825263648,15.));
#2785 = CARTESIAN_POINT('',(-10.49510188344,0.60352892332,15.));
#2786 = CARTESIAN_POINT('',(-10.47979578679,0.838960869068,15.));
#2787 = CARTESIAN_POINT('',(-10.45832946078,1.073927354336,15.));
#2788 = CARTESIAN_POINT('',(-10.43072054263,1.308235325418,15.));
#2789 = CARTESIAN_POINT('',(-10.39699425343,1.541692421469,15.));
#2790 = CARTESIAN_POINT('',(-10.32533471094,1.960038664102,15.));
#2791 = CARTESIAN_POINT('',(-10.28959185838,2.145303412053,15.));
#2792 = CARTESIAN_POINT('',(-10.24997164028,2.329803181682,15.));
#2793 = CARTESIAN_POINT('',(-10.20649389191,2.513440654991,15.));
#2794 = CARTESIAN_POINT('',(-10.15918148401,2.696119232647,15.));
#2795 = CARTESIAN_POINT('',(-10.10806032274,2.877743033986,15.));
#2796 = CARTESIAN_POINT('',(-9.979043074675,3.301856517021,15.));
#2797 = CARTESIAN_POINT('',(-9.898037896768,3.543400959916,15.));
#2798 = CARTESIAN_POINT('',(-9.810215178351,3.782615780328,15.));
#2799 = CARTESIAN_POINT('',(-9.715655902849,4.019270377141,15.));
#2800 = CARTESIAN_POINT('',(-9.614450674735,4.253137993491,15.));
#2801 = CARTESIAN_POINT('',(-9.506699719528,4.483995716761,15.));
#2802 = CARTESIAN_POINT('',(-9.299471736014,4.89709982929,15.));
#2803 = CARTESIAN_POINT('',(-9.202157464764,5.08043180296,15.));
#2804 = CARTESIAN_POINT('',(-9.100629462992,5.261502028027,15.));
#2805 = CARTESIAN_POINT('',(-8.994951054661,5.440194457726,15.));
#2806 = CARTESIAN_POINT('',(-8.885189494755,5.616395370087,15.));
#2807 = CARTESIAN_POINT('',(-8.77141596928,5.789993367943,15.));
#2808 = CARTESIAN_POINT('',(-8.498542011649,6.18613810476,15.));
#2809 = CARTESIAN_POINT('',(-8.336537215319,6.406685200914,15.));
#2810 = CARTESIAN_POINT('',(-8.167863596255,6.622270511664,15.));
#2811 = CARTESIAN_POINT('',(-7.992704141041,6.832652703779,15.));
#2812 = CARTESIAN_POINT('',(-7.811252432863,7.037599266518,15.));
#2813 = CARTESIAN_POINT('',(-7.623712651505,7.236886511629,15.));
#2814 = CARTESIAN_POINT('',(-7.236886511632,7.623712651503,15.));
#2815 = CARTESIAN_POINT('',(-7.037599266521,7.811252432861,15.));
#2816 = CARTESIAN_POINT('',(-6.832652703781,7.992704141039,15.));
#2817 = CARTESIAN_POINT('',(-6.622270511666,8.167863596253,15.));
#2818 = CARTESIAN_POINT('',(-6.406685200916,8.336537215317,15.));
#2819 = CARTESIAN_POINT('',(-6.186138104762,8.498542011647,15.));
#2820 = CARTESIAN_POINT('',(-5.73562066627,8.808869198006,15.));
#2821 = CARTESIAN_POINT('',(-5.505649291357,8.957192299297,15.));
#2822 = CARTESIAN_POINT('',(-5.271215481609,9.098502613239,15.));
#2823 = CARTESIAN_POINT('',(-5.032576220719,9.232639873803,15.));
#2824 = CARTESIAN_POINT('',(-4.789995248648,9.35945583482,15.));
#2825 = CARTESIAN_POINT('',(-4.543743061629,9.478814269982,15.));
#2826 = CARTESIAN_POINT('',(-4.044450772199,9.702367696917,15.));
#2827 = CARTESIAN_POINT('',(-3.791409525422,9.806563201068,15.));
#2828 = CARTESIAN_POINT('',(-3.53525047599,9.903053394216,15.));
#2829 = CARTESIAN_POINT('',(-3.276255394412,9.991727230427,15.));
#2830 = CARTESIAN_POINT('',(-3.01471051755,10.07248670892,15.));
#2831 = CARTESIAN_POINT('',(-2.750906548618,10.145246874063,15.));
#2832 = CARTESIAN_POINT('',(-2.219370771248,10.274624779263,15.));
#2833 = CARTESIAN_POINT('',(-1.951637744543,10.331242815851,15.));
#2834 = CARTESIAN_POINT('',(-1.682234776531,10.379718137469,15.));
#2835 = CARTESIAN_POINT('',(-1.411459095231,10.419992594967,15.));
#2836 = CARTESIAN_POINT('',(-1.139609957219,10.452021677714,15.));
#2837 = CARTESIAN_POINT('',(-0.866988647628,10.475774513601,15.));
#2838 = CARTESIAN_POINT('',(-0.320808313982,10.506693247668,15.));
#2839 = CARTESIAN_POINT('',(-4.724803809459E-02,10.513859216715,15.));
#2840 = CARTESIAN_POINT('',(0.226479026679,10.512714668779,15.));
#2841 = CARTESIAN_POINT('',(0.500070035908,10.503256276787,15.));
#2842 = CARTESIAN_POINT('',(0.773222621565,10.485494493991,15.));
#2843 = CARTESIAN_POINT('',(1.045634892027,10.459453553962,15.));
#2844 = CARTESIAN_POINT('',(1.569660812725,10.393253681028,15.));
#2845 = CARTESIAN_POINT('',(1.821414170578,10.35419214559,15.));
#2846 = CARTESIAN_POINT('',(2.072022377471,10.308017620008,15.));
#2847 = CARTESIAN_POINT('',(2.32124446995,10.254770991975,15.));
#2848 = CARTESIAN_POINT('',(2.568841649271,10.194503281159,15.));
#2849 = CARTESIAN_POINT('',(2.814577281399,10.127275639195,15.));
#2850 = CARTESIAN_POINT('',(3.319903847623,9.973552998679,15.));
#2851 = CARTESIAN_POINT('',(3.579173841227,9.8859993233,15.));
#2852 = CARTESIAN_POINT('',(3.835736244339,9.790586801645,15.));
#2853 = CARTESIAN_POINT('',(4.089305619988,9.687416683668,15.));
#2854 = CARTESIAN_POINT('',(4.339601727707,9.576602991191,15.));
#2855 = CARTESIAN_POINT('',(4.586349523536,9.458272517901,15.));
#2856 = CARTESIAN_POINT('',(5.072208807192,9.20685716144,15.));
#2857 = CARTESIAN_POINT('',(5.311321408595,9.073771702032,15.));
#2858 = CARTESIAN_POINT('',(5.546347174872,8.93344812894,15.));
#2859 = CARTESIAN_POINT('',(5.777023741476,8.786037738771,15.));
#2860 = CARTESIAN_POINT('',(6.003096168675,8.631703446924,15.));
#2861 = CARTESIAN_POINT('',(6.224316941554,8.470619787596,15.));
#2862 = CARTESIAN_POINT('',(6.649122306859,8.141106966753,15.));
#2863 = CARTESIAN_POINT('',(6.853052879976,7.973121959623,15.));
#2864 = CARTESIAN_POINT('',(7.052021708102,7.799185489423,15.));
#2865 = CARTESIAN_POINT('',(7.245820957775,7.619473939705,15.));
#2866 = CARTESIAN_POINT('',(7.434250943337,7.43417248053,15.));
#2867 = CARTESIAN_POINT('',(7.617120126929,7.243475068475,15.));
#2868 = CARTESIAN_POINT('',(7.977696000122,6.844697765757,15.));
#2869 = CARTESIAN_POINT('',(8.154985858846,6.636239420638,15.));
#2870 = CARTESIAN_POINT('',(8.325910985335,6.422434796941,15.));
#2871 = CARTESIAN_POINT('',(8.490278696756,6.203517559264,15.));
#2872 = CARTESIAN_POINT('',(8.647907336771,5.979729651132,15.));
#2873 = CARTESIAN_POINT('',(8.798626275541,5.751321294997,15.));
#2874 = CARTESIAN_POINT('',(9.085925563671,5.285780701688,15.));
#2875 = CARTESIAN_POINT('',(9.222506571516,5.048647397507,15.));
#2876 = CARTESIAN_POINT('',(9.351859437471,4.807409647458,15.));
#2877 = CARTESIAN_POINT('',(9.473837009899,4.56233216311,15.));
#2878 = CARTESIAN_POINT('',(9.588304481309,4.313685799837,15.));
#2879 = CARTESIAN_POINT('',(9.695139388351,4.061747556823,15.));
#2880 = CARTESIAN_POINT('',(9.886489923496,3.569436109222,15.));
#2881 = CARTESIAN_POINT('',(9.972037045196,3.329462680047,15.));
#2882 = CARTESIAN_POINT('',(10.050784234011,3.08710872314,15.));
#2883 = CARTESIAN_POINT('',(10.122652687156,2.842605593878,15.));
#2884 = CARTESIAN_POINT('',(10.18757354197,2.596187569405,15.));
#2885 = CARTESIAN_POINT('',(10.245487875918,2.348091848635,15.));
#2886 = CARTESIAN_POINT('',(10.350972867031,1.830541362799,15.));
#2887 = CARTESIAN_POINT('',(10.397459768271,1.560864623592,15.));
#2888 = CARTESIAN_POINT('',(10.435746799771,1.289826030033,15.));
#2889 = CARTESIAN_POINT('',(10.465787056274,1.017724790604,15.));
#2890 = CARTESIAN_POINT('',(10.487547337811,0.744861626862,15.));
#2891 = CARTESIAN_POINT('',(10.5010081497,0.471538773447,15.));
#2892 = CARTESIAN_POINT('',(10.511319278615,-7.541881686426E-02,15.));
#2893 = CARTESIAN_POINT('',(10.508169619275,-0.349054807373,15.));
#2894 = CARTESIAN_POINT('',(10.496709061498,-0.622544243357,15.));
#2895 = CARTESIAN_POINT('',(10.476945694838,-0.895584370167,15.));
#2896 = CARTESIAN_POINT('',(10.448901361424,-1.167873428601,15.));
#2897 = CARTESIAN_POINT('',(10.412611655961,-1.439110654905,15.));
#2898 = CARTESIAN_POINT('',(10.323640218427,-1.978881910422,15.));
#2899 = CARTESIAN_POINT('',(10.270958282436,-2.247417176776,15.));
#2900 = CARTESIAN_POINT('',(10.210129589752,-2.514302332088,15.));
#2901 = CARTESIAN_POINT('',(10.141216956897,-2.779241099623,15.));
#2902 = CARTESIAN_POINT('',(10.064296544912,-3.041940673661,15.));
#2903 = CARTESIAN_POINT('',(9.979457859367,-3.302111719496,15.));
#2904 = CARTESIAN_POINT('',(9.8037345422,-3.790201993168,15.));
#2905 = CARTESIAN_POINT('',(9.7143829739,-4.0186742102,15.));
#2906 = CARTESIAN_POINT('',(9.61882318643,-4.244679186957,15.));
#2907 = CARTESIAN_POINT('',(9.517137428862,-4.468014777522,15.));
#2908 = CARTESIAN_POINT('',(9.409416058365,-4.688482527632,15.));
#2909 = CARTESIAN_POINT('',(9.295757540209,-4.905887674681,15.));
#2910 = CARTESIAN_POINT('',(9.042992204373,-5.358900350498,15.));
#2911 = CARTESIAN_POINT('',(8.90246170629,-5.593714648964,15.));
#2912 = CARTESIAN_POINT('',(8.754825036689,-5.824216774266,15.));
#2913 = CARTESIAN_POINT('',(8.60024165859,-6.050149243658,15.));
#2914 = CARTESIAN_POINT('',(8.438882414855,-6.271262360502,15.));
#2915 = CARTESIAN_POINT('',(8.270929528188,-6.487314214269,15.));
#2916 = CARTESIAN_POINT('',(7.922223691987,-6.908827161613,15.));
#2917 = CARTESIAN_POINT('',(7.741469943228,-7.114289221286,15.));
#2918 = CARTESIAN_POINT('',(7.554509054794,-7.314222815701,15.));
#2919 = CARTESIAN_POINT('',(7.361544507186,-7.508403620304,15.));
#2920 = CARTESIAN_POINT('',(7.162789561468,-7.696617029847,15.));
#2921 = CARTESIAN_POINT('',(6.958467259265,-7.878658158383,15.));
#2922 = CARTESIAN_POINT('',(5.946457763138,-8.726632478773,15.));
#2923 = CARTESIAN_POINT('',(5.065575247358,-9.306007886951,15.));
#2924 = CARTESIAN_POINT('',(4.119762465137,-9.780813765477,15.));
#2925 = CARTESIAN_POINT('',(3.123984471866,-10.14285372583,15.));
#2926 = CARTESIAN_POINT('',(2.094080253307,-10.38636910914,15.));
#2927 = CARTESIAN_POINT('',(1.04678457206,-10.50803104335,15.));
#2928 = CARTESIAN_POINT('',(8.534839501806E-16,-10.50803042912,15.));
#2929 = PCURVE('',#100,#2930);
#2930 = DEFINITIONAL_REPRESENTATION('',(#2931),#3132);
#2931 = B_SPLINE_CURVE_WITH_KNOTS('',7,(#2932,#2933,#2934,#2935,#2936,
    #2937,#2938,#2939,#2940,#2941,#2942,#2943,#2944,#2945,#2946,#2947,
    #2948,#2949,#2950,#2951,#2952,#2953,#2954,#2955,#2956,#2957,#2958,
    #2959,#2960,#2961,#2962,#2963,#2964,#2965,#2966,#2967,#2968,#2969,
    #2970,#2971,#2972,#2973,#2974,#2975,#2976,#2977,#2978,#2979,#2980,
    #2981,#2982,#2983,#2984,#2985,#2986,#2987,#2988,#2989,#2990,#2991,
    #2992,#2993,#2994,#2995,#2996,#2997,#2998,#2999,#3000,#3001,#3002,
    #3003,#3004,#3005,#3006,#3007,#3008,#3009,#3010,#3011,#3012,#3013,
    #3014,#3015,#3016,#3017,#3018,#3019,#3020,#3021,#3022,#3023,#3024,
    #3025,#3026,#3027,#3028,#3029,#3030,#3031,#3032,#3033,#3034,#3035,
    #3036,#3037,#3038,#3039,#3040,#3041,#3042,#3043,#3044,#3045,#3046,
    #3047,#3048,#3049,#3050,#3051,#3052,#3053,#3054,#3055,#3056,#3057,
    #3058,#3059,#3060,#3061,#3062,#3063,#3064,#3065,#3066,#3067,#3068,
    #3069,#3070,#3071,#3072,#3073,#3074,#3075,#3076,#3077,#3078,#3079,
    #3080,#3081,#3082,#3083,#3084,#3085,#3086,#3087,#3088,#3089,#3090,
    #3091,#3092,#3093,#3094,#3095,#3096,#3097,#3098,#3099,#3100,#3101,
    #3102,#3103,#3104,#3105,#3106,#3107,#3108,#3109,#3110,#3111,#3112,
    #3113,#3114,#3115,#3116,#3117,#3118,#3119,#3120,#3121,#3122,#3123,
    #3124,#3125,#3126,#3127,#3128,#3129,#3130,#3131),.UNSPECIFIED.,.F.,
  .F.,(8,6,6,6,6,6,6,6,6,6,6,6,6,6,6,6,6,6,6,6,6,6,6,6,6,6,6,6,6,6,6,6,6
    ,8),(0.,2.800049281667E-02,5.700100323498E-02,8.600151365332E-02,
    0.11400200647,0.138002428882,0.165002904097,0.194003414515,
    0.223003924934,0.252004435352,0.277004875365,0.297005227374,
    0.32400570259,0.3460060898,0.375006600219,0.404007110637,
    0.433007621055,0.462008131474,0.491008641892,0.520009152311,
    0.547009627526,0.576010137944,0.605010648363,0.63301114118,
    0.662011651598,0.691012162016,0.718012637232,0.74701314765,
    0.776013658069,0.805014168487,0.831014626101,0.86001513652,
    0.889015646938,1.),.UNSPECIFIED.);
#2932 = CARTESIAN_POINT('',(-2.398622264029E-02,-10.86418155732));
#2933 = CARTESIAN_POINT('',(-0.28808165684,-10.86418156673));
#2934 = CARTESIAN_POINT('',(-0.552177617142,-10.85643785806));
#2935 = CARTESIAN_POINT('',(-0.816000723465,-10.84095048252));
#2936 = CARTESIAN_POINT('',(-1.079278648434,-10.81773142784));
#2937 = CARTESIAN_POINT('',(-1.341740117388,-10.78680461835));
#2938 = CARTESIAN_POINT('',(-1.603114908374,-10.74820591488));
#2939 = CARTESIAN_POINT('',(-2.132439163592,-10.65410952637));
#2940 = CARTESIAN_POINT('',(-2.400291224222,-10.59805732506));
#2941 = CARTESIAN_POINT('',(-2.666390931626,-10.53387974565));
#2942 = CARTESIAN_POINT('',(-2.930442821817,-10.46164332273));
#2943 = CARTESIAN_POINT('',(-3.192155069235,-10.38142789073));
#2944 = CARTESIAN_POINT('',(-3.451239486752,-10.29332658395));
#2945 = CARTESIAN_POINT('',(-3.963583572721,-10.10156511089));
#2946 = CARTESIAN_POINT('',(-4.216844415453,-9.997904505096));
#2947 = CARTESIAN_POINT('',(-4.466909549465,-9.886570571675));
#2948 = CARTESIAN_POINT('',(-4.713500458566,-9.767682283525));
#2949 = CARTESIAN_POINT('',(-4.956344614769,-9.641371033917));
#2950 = CARTESIAN_POINT('',(-5.195175478293,-9.507780636493));
#2951 = CARTESIAN_POINT('',(-5.65620137701,-9.231206201297));
#2952 = CARTESIAN_POINT('',(-5.878687032886,-9.088704362004));
#2953 = CARTESIAN_POINT('',(-6.096955060821,-8.93970248882));
#2954 = CARTESIAN_POINT('',(-6.310778099808,-8.784350957528));
#2955 = CARTESIAN_POINT('',(-6.5199358322,-8.622809838269));
#2956 = CARTESIAN_POINT('',(-6.724214983714,-8.455248895538));
#2957 = CARTESIAN_POINT('',(-7.094147388796,-8.133217859665));
#2958 = CARTESIAN_POINT('',(-7.261150156029,-7.980296845069));
#2959 = CARTESIAN_POINT('',(-7.424287903026,-7.823197496116));
#2960 = CARTESIAN_POINT('',(-7.583435510033,-7.662037309401));
#2961 = CARTESIAN_POINT('',(-7.738472459646,-7.496938326391));
#2962 = CARTESIAN_POINT('',(-7.889282836808,-7.328027133425));
#2963 = CARTESIAN_POINT('',(-8.200536855751,-6.96126860553));
#2964 = CARTESIAN_POINT('',(-8.35982872309,-6.762442908647));
#2965 = CARTESIAN_POINT('',(-8.513472390966,-6.559144646243));
#2966 = CARTESIAN_POINT('',(-8.661317758473,-6.351566704055));
#2967 = CARTESIAN_POINT('',(-8.803223163658,-6.13990797838));
#2968 = CARTESIAN_POINT('',(-8.939055383524,-5.924373376083));
#2969 = CARTESIAN_POINT('',(-9.207926412172,-5.469737303281));
#2970 = CARTESIAN_POINT('',(-9.340013563937,-5.230071786374));
#2971 = CARTESIAN_POINT('',(-9.464796495475,-4.986438791941));
#2972 = CARTESIAN_POINT('',(-9.582133070688,-4.739105758104));
#2973 = CARTESIAN_POINT('',(-9.691893611236,-4.488346033032));
#2974 = CARTESIAN_POINT('',(-9.793960896526,-4.234438874942));
#2975 = CARTESIAN_POINT('',(-9.982499452729,-3.720900037264));
#2976 = CARTESIAN_POINT('',(-10.06897115576,-3.461267180658));
#2977 = CARTESIAN_POINT('',(-10.14754062865,-3.199056094107));
#2978 = CARTESIAN_POINT('',(-10.21811654965,-2.93455554423));
#2979 = CARTESIAN_POINT('',(-10.28062091948,-2.668057852436));
#2980 = CARTESIAN_POINT('',(-10.33498906131,-2.399858894926));
#2981 = CARTESIAN_POINT('',(-10.42735020313,-1.860657314383));
#2982 = CARTESIAN_POINT('',(-10.46534341481,-1.589653455513));
#2983 = CARTESIAN_POINT('',(-10.495098026,-1.317545978417));
#2984 = CARTESIAN_POINT('',(-10.51657655298,-1.044635417263));
#2985 = CARTESIAN_POINT('',(-10.52975525803,-0.771223388061));
#2986 = CARTESIAN_POINT('',(-10.53462414952,-0.497612588655));
#2987 = CARTESIAN_POINT('',(-10.52822392005,1.167413545168E-02));
#2988 = CARTESIAN_POINT('',(-10.51908810608,0.247377795124));
#2989 = CARTESIAN_POINT('',(-10.50378200943,0.482809740872));
#2990 = CARTESIAN_POINT('',(-10.48231568342,0.71777622614));
#2991 = CARTESIAN_POINT('',(-10.45470676527,0.952084197222));
#2992 = CARTESIAN_POINT('',(-10.42098047607,1.185541293273));
#2993 = CARTESIAN_POINT('',(-10.34932093358,1.603887535906));
#2994 = CARTESIAN_POINT('',(-10.31357808102,1.789152283857));
#2995 = CARTESIAN_POINT('',(-10.27395786292,1.973652053486));
#2996 = CARTESIAN_POINT('',(-10.23048011455,2.157289526795));
#2997 = CARTESIAN_POINT('',(-10.18316770665,2.339968104451));
#2998 = CARTESIAN_POINT('',(-10.13204654538,2.52159190579));
#2999 = CARTESIAN_POINT('',(-10.00302929731,2.945705388825));
#3000 = CARTESIAN_POINT('',(-9.922024119408,3.18724983172));
#3001 = CARTESIAN_POINT('',(-9.834201400991,3.426464652132));
#3002 = CARTESIAN_POINT('',(-9.739642125489,3.663119248945));
#3003 = CARTESIAN_POINT('',(-9.638436897375,3.896986865295));
#3004 = CARTESIAN_POINT('',(-9.530685942169,4.127844588565));
#3005 = CARTESIAN_POINT('',(-9.323457958655,4.540948701094));
#3006 = CARTESIAN_POINT('',(-9.226143687405,4.724280674764));
#3007 = CARTESIAN_POINT('',(-9.124615685632,4.905350899831));
#3008 = CARTESIAN_POINT('',(-9.018937277301,5.08404332953));
#3009 = CARTESIAN_POINT('',(-8.909175717395,5.260244241891));
#3010 = CARTESIAN_POINT('',(-8.79540219192,5.433842239747));
#3011 = CARTESIAN_POINT('',(-8.522528234289,5.829986976564));
#3012 = CARTESIAN_POINT('',(-8.360523437959,6.050534072718));
#3013 = CARTESIAN_POINT('',(-8.191849818895,6.266119383468));
#3014 = CARTESIAN_POINT('',(-8.016690363682,6.476501575583));
#3015 = CARTESIAN_POINT('',(-7.835238655503,6.681448138322));
#3016 = CARTESIAN_POINT('',(-7.647698874145,6.880735383433));
#3017 = CARTESIAN_POINT('',(-7.260872734272,7.267561523307));
#3018 = CARTESIAN_POINT('',(-7.061585489161,7.455101304665));
#3019 = CARTESIAN_POINT('',(-6.856638926422,7.636553012843));
#3020 = CARTESIAN_POINT('',(-6.646256734306,7.811712468057));
#3021 = CARTESIAN_POINT('',(-6.430671423556,7.980386087121));
#3022 = CARTESIAN_POINT('',(-6.210124327402,8.142390883451));
#3023 = CARTESIAN_POINT('',(-5.75960688891,8.45271806981));
#3024 = CARTESIAN_POINT('',(-5.529635513998,8.601041171101));
#3025 = CARTESIAN_POINT('',(-5.29520170425,8.742351485043));
#3026 = CARTESIAN_POINT('',(-5.056562443359,8.876488745607));
#3027 = CARTESIAN_POINT('',(-4.813981471288,9.003304706624));
#3028 = CARTESIAN_POINT('',(-4.567729284269,9.122663141786));
#3029 = CARTESIAN_POINT('',(-4.068436994839,9.346216568721));
#3030 = CARTESIAN_POINT('',(-3.815395748062,9.450412072872));
#3031 = CARTESIAN_POINT('',(-3.559236698631,9.54690226602));
#3032 = CARTESIAN_POINT('',(-3.300241617053,9.635576102231));
#3033 = CARTESIAN_POINT('',(-3.03869674019,9.716335580724));
#3034 = CARTESIAN_POINT('',(-2.774892771258,9.789095745867));
#3035 = CARTESIAN_POINT('',(-2.243356993888,9.918473651067));
#3036 = CARTESIAN_POINT('',(-1.975623967183,9.975091687655));
#3037 = CARTESIAN_POINT('',(-1.706220999171,10.023567009273));
#3038 = CARTESIAN_POINT('',(-1.435445317872,10.063841466771));
#3039 = CARTESIAN_POINT('',(-1.16359617986,10.095870549518));
#3040 = CARTESIAN_POINT('',(-0.890974870269,10.119623385405));
#3041 = CARTESIAN_POINT('',(-0.344794536622,10.150542119472));
#3042 = CARTESIAN_POINT('',(-7.123426073488E-02,10.157708088519));
#3043 = CARTESIAN_POINT('',(0.202492804039,10.156563540583));
#3044 = CARTESIAN_POINT('',(0.476083813268,10.147105148591));
#3045 = CARTESIAN_POINT('',(0.749236398925,10.129343365794));
#3046 = CARTESIAN_POINT('',(1.021648669387,10.103302425766));
#3047 = CARTESIAN_POINT('',(1.545674590084,10.037102552832));
#3048 = CARTESIAN_POINT('',(1.797427947938,9.998041017394));
#3049 = CARTESIAN_POINT('',(2.048036154831,9.951866491812));
#3050 = CARTESIAN_POINT('',(2.29725824731,9.898619863779));
#3051 = CARTESIAN_POINT('',(2.544855426631,9.838352152963));
#3052 = CARTESIAN_POINT('',(2.790591058758,9.771124510999));
#3053 = CARTESIAN_POINT('',(3.295917624983,9.617401870483));
#3054 = CARTESIAN_POINT('',(3.555187618587,9.529848195104));
#3055 = CARTESIAN_POINT('',(3.811750021699,9.434435673449));
#3056 = CARTESIAN_POINT('',(4.065319397348,9.331265555472));
#3057 = CARTESIAN_POINT('',(4.315615505066,9.220451862995));
#3058 = CARTESIAN_POINT('',(4.562363300896,9.102121389705));
#3059 = CARTESIAN_POINT('',(5.048222584551,8.850706033244));
#3060 = CARTESIAN_POINT('',(5.287335185955,8.717620573836));
#3061 = CARTESIAN_POINT('',(5.522360952232,8.577297000744));
#3062 = CARTESIAN_POINT('',(5.753037518836,8.429886610575));
#3063 = CARTESIAN_POINT('',(5.979109946035,8.275552318728));
#3064 = CARTESIAN_POINT('',(6.200330718914,8.114468659399));
#3065 = CARTESIAN_POINT('',(6.625136084219,7.784955838557));
#3066 = CARTESIAN_POINT('',(6.829066657336,7.616970831427));
#3067 = CARTESIAN_POINT('',(7.028035485461,7.443034361227));
#3068 = CARTESIAN_POINT('',(7.221834735135,7.263322811509));
#3069 = CARTESIAN_POINT('',(7.410264720697,7.078021352334));
#3070 = CARTESIAN_POINT('',(7.593133904289,6.887323940279));
#3071 = CARTESIAN_POINT('',(7.953709777482,6.488546637561));
#3072 = CARTESIAN_POINT('',(8.130999636205,6.280088292442));
#3073 = CARTESIAN_POINT('',(8.301924762694,6.066283668745));
#3074 = CARTESIAN_POINT('',(8.466292474115,5.847366431068));
#3075 = CARTESIAN_POINT('',(8.623921114131,5.623578522936));
#3076 = CARTESIAN_POINT('',(8.7746400529,5.395170166801));
#3077 = CARTESIAN_POINT('',(9.061939341031,4.929629573492));
#3078 = CARTESIAN_POINT('',(9.198520348876,4.692496269311));
#3079 = CARTESIAN_POINT('',(9.32787321483,4.451258519262));
#3080 = CARTESIAN_POINT('',(9.449850787259,4.206181034914));
#3081 = CARTESIAN_POINT('',(9.564318258669,3.957534671641));
#3082 = CARTESIAN_POINT('',(9.671153165711,3.705596428627));
#3083 = CARTESIAN_POINT('',(9.862503700856,3.213284981026));
#3084 = CARTESIAN_POINT('',(9.948050822556,2.973311551851));
#3085 = CARTESIAN_POINT('',(10.026798011371,2.730957594944));
#3086 = CARTESIAN_POINT('',(10.098666464516,2.486454465682));
#3087 = CARTESIAN_POINT('',(10.16358731933,2.240036441209));
#3088 = CARTESIAN_POINT('',(10.221501653278,1.991940720439));
#3089 = CARTESIAN_POINT('',(10.32698664439,1.474390234603));
#3090 = CARTESIAN_POINT('',(10.373473545631,1.204713495396));
#3091 = CARTESIAN_POINT('',(10.411760577131,0.933674901837));
#3092 = CARTESIAN_POINT('',(10.441800833634,0.661573662408));
#3093 = CARTESIAN_POINT('',(10.463561115171,0.388710498666));
#3094 = CARTESIAN_POINT('',(10.477021927059,0.115387645251));
#3095 = CARTESIAN_POINT('',(10.487333055975,-0.43156994506));
#3096 = CARTESIAN_POINT('',(10.484183396635,-0.705205935569));
#3097 = CARTESIAN_POINT('',(10.472722838858,-0.978695371553));
#3098 = CARTESIAN_POINT('',(10.452959472198,-1.251735498363));
#3099 = CARTESIAN_POINT('',(10.424915138784,-1.524024556797));
#3100 = CARTESIAN_POINT('',(10.388625433321,-1.795261783101));
#3101 = CARTESIAN_POINT('',(10.299653995787,-2.335033038618));
#3102 = CARTESIAN_POINT('',(10.246972059796,-2.603568304972));
#3103 = CARTESIAN_POINT('',(10.186143367112,-2.870453460284));
#3104 = CARTESIAN_POINT('',(10.117230734256,-3.135392227819));
#3105 = CARTESIAN_POINT('',(10.040310322272,-3.398091801857));
#3106 = CARTESIAN_POINT('',(9.955471636727,-3.658262847692));
#3107 = CARTESIAN_POINT('',(9.779748319559,-4.146353121364));
#3108 = CARTESIAN_POINT('',(9.69039675126,-4.374825338396));
#3109 = CARTESIAN_POINT('',(9.59483696379,-4.600830315153));
#3110 = CARTESIAN_POINT('',(9.493151206221,-4.824165905718));
#3111 = CARTESIAN_POINT('',(9.385429835725,-5.044633655828));
#3112 = CARTESIAN_POINT('',(9.271771317569,-5.262038802877));
#3113 = CARTESIAN_POINT('',(9.019005981733,-5.715051478694));
#3114 = CARTESIAN_POINT('',(8.87847548365,-5.94986577716));
#3115 = CARTESIAN_POINT('',(8.730838814049,-6.180367902462));
#3116 = CARTESIAN_POINT('',(8.57625543595,-6.406300371854));
#3117 = CARTESIAN_POINT('',(8.414896192215,-6.627413488699));
#3118 = CARTESIAN_POINT('',(8.246943305548,-6.843465342465));
#3119 = CARTESIAN_POINT('',(7.898237469347,-7.264978289809));
#3120 = CARTESIAN_POINT('',(7.717483720588,-7.470440349482));
#3121 = CARTESIAN_POINT('',(7.530522832154,-7.670373943897));
#3122 = CARTESIAN_POINT('',(7.337558284546,-7.8645547485));
#3123 = CARTESIAN_POINT('',(7.138803338827,-8.052768158043));
#3124 = CARTESIAN_POINT('',(6.934481036625,-8.234809286579));
#3125 = CARTESIAN_POINT('',(5.922471540498,-9.082783606969));
#3126 = CARTESIAN_POINT('',(5.041589024718,-9.662159015147));
#3127 = CARTESIAN_POINT('',(4.095776242496,-10.13696489367));
#3128 = CARTESIAN_POINT('',(3.099998249225,-10.49900485403));
#3129 = CARTESIAN_POINT('',(2.070094030667,-10.74252023733));
#3130 = CARTESIAN_POINT('',(1.022798349419,-10.86418217154));
#3131 = CARTESIAN_POINT('',(-2.398622264029E-02,-10.86418155732));
#3132 = ( GEOMETRIC_REPRESENTATION_CONTEXT(2) 
PARAMETRIC_REPRESENTATION_CONTEXT() REPRESENTATION_CONTEXT('2D SPACE',''
  ) );
#3133 = PCURVE('',#3134,#3148);
#3134 = SURFACE_OF_REVOLUTION('',#3135,#3145);
#3135 = B_SPLINE_CURVE_WITH_KNOTS('',3,(#3136,#3137,#3138,#3139,#3140,
    #3141,#3142,#3143,#3144),.UNSPECIFIED.,.F.,.F.,(4,1,1,1,1,1,4),(0.,
    1.,2.,3.,4.,5.,6.),.QUASI_UNIFORM_KNOTS.);
#3136 = CARTESIAN_POINT('',(0.,-11.,17.));
#3137 = CARTESIAN_POINT('',(0.,-11.32915184456,14.798677295813));
#3138 = CARTESIAN_POINT('',(0.,-8.156357749824,14.187172206766));
#3139 = CARTESIAN_POINT('',(0.,-6.059375839204,11.978626233079));
#3140 = CARTESIAN_POINT('',(0.,-6.,8.));
#3141 = CARTESIAN_POINT('',(0.,-8.187042136623,5.51638893891));
#3142 = CARTESIAN_POINT('',(0.,-11.20770415224,4.6260251288));
#3143 = CARTESIAN_POINT('',(0.,-11.04258797374,3.109510710207));
#3144 = CARTESIAN_POINT('',(0.,-11.,1.));
#3145 = AXIS1_PLACEMENT('',#3146,#3147);
#3146 = CARTESIAN_POINT('',(0.,0.,0.));
#3147 = DIRECTION('',(0.,0.,1.));
#3148 = DEFINITIONAL_REPRESENTATION('',(#3149),#3350);
#3149 = B_SPLINE_CURVE_WITH_KNOTS('',7,(#3150,#3151,#3152,#3153,#3154,
    #3155,#3156,#3157,#3158,#3159,#3160,#3161,#3162,#3163,#3164,#3165,
    #3166,#3167,#3168,#3169,#3170,#3171,#3172,#3173,#3174,#3175,#3176,
    #3177,#3178,#3179,#3180,#3181,#3182,#3183,#3184,#3185,#3186,#3187,
    #3188,#3189,#3190,#3191,#3192,#3193,#3194,#3195,#3196,#3197,#3198,
    #3199,#3200,#3201,#3202,#3203,#3204,#3205,#3206,#3207,#3208,#3209,
    #3210,#3211,#3212,#3213,#3214,#3215,#3216,#3217,#3218,#3219,#3220,
    #3221,#3222,#3223,#3224,#3225,#3226,#3227,#3228,#3229,#3230,#3231,
    #3232,#3233,#3234,#3235,#3236,#3237,#3238,#3239,#3240,#3241,#3242,
    #3243,#3244,#3245,#3246,#3247,#3248,#3249,#3250,#3251,#3252,#3253,
    #3254,#3255,#3256,#3257,#3258,#3259,#3260,#3261,#3262,#3263,#3264,
    #3265,#3266,#3267,#3268,#3269,#3270,#3271,#3272,#3273,#3274,#3275,
    #3276,#3277,#3278,#3279,#3280,#3281,#3282,#3283,#3284,#3285,#3286,
    #3287,#3288,#3289,#3290,#3291,#3292,#3293,#3294,#3295,#3296,#3297,
    #3298,#3299,#3300,#3301,#3302,#3303,#3304,#3305,#3306,#3307,#3308,
    #3309,#3310,#3311,#3312,#3313,#3314,#3315,#3316,#3317,#3318,#3319,
    #3320,#3321,#3322,#3323,#3324,#3325,#3326,#3327,#3328,#3329,#3330,
    #3331,#3332,#3333,#3334,#3335,#3336,#3337,#3338,#3339,#3340,#3341,
    #3342,#3343,#3344,#3345,#3346,#3347,#3348,#3349),.UNSPECIFIED.,.F.,
  .F.,(8,6,6,6,6,6,6,6,6,6,6,6,6,6,6,6,6,6,6,6,6,6,6,6,6,6,6,6,6,6,6,6,6
    ,8),(0.,2.800049281667E-02,5.700100323498E-02,8.600151365332E-02,
    0.11400200647,0.138002428882,0.165002904097,0.194003414515,
    0.223003924934,0.252004435352,0.277004875365,0.297005227374,
    0.32400570259,0.3460060898,0.375006600219,0.404007110637,
    0.433007621055,0.462008131474,0.491008641892,0.520009152311,
    0.547009627526,0.576010137944,0.605010648363,0.63301114118,
    0.662011651598,0.691012162016,0.718012637232,0.74701314765,
    0.776013658069,0.805014168487,0.831014626101,0.86001513652,
    0.889015646938,1.),.UNSPECIFIED.);
#3150 = CARTESIAN_POINT('',(6.28318530718,0.445479466637));
#3151 = CARTESIAN_POINT('',(6.258052565947,0.445479466637));
#3152 = CARTESIAN_POINT('',(6.232919824718,0.445479466637));
#3153 = CARTESIAN_POINT('',(6.207787083492,0.445479466637));
#3154 = CARTESIAN_POINT('',(6.182654342266,0.445479466637));
#3155 = CARTESIAN_POINT('',(6.15752160104,0.445479466637));
#3156 = CARTESIAN_POINT('',(6.132388859811,0.445479466637));
#3157 = CARTESIAN_POINT('',(6.081225779444,0.445479466637));
#3158 = CARTESIAN_POINT('',(6.055195440314,0.445479466637));
#3159 = CARTESIAN_POINT('',(6.029165101187,0.445479466637));
#3160 = CARTESIAN_POINT('',(6.003134762062,0.445479466637));
#3161 = CARTESIAN_POINT('',(5.977104422935,0.445479466637));
#3162 = CARTESIAN_POINT('',(5.951074083805,0.445479466637));
#3163 = CARTESIAN_POINT('',(5.899013405536,0.445479466637));
#3164 = CARTESIAN_POINT('',(5.872983066406,0.445479466637));
#3165 = CARTESIAN_POINT('',(5.846952727279,0.445479466637));
#3166 = CARTESIAN_POINT('',(5.820922388153,0.445479466637));
#3167 = CARTESIAN_POINT('',(5.794892049027,0.445479466637));
#3168 = CARTESIAN_POINT('',(5.768861709897,0.445479466637));
#3169 = CARTESIAN_POINT('',(5.71769862953,0.445479466637));
#3170 = CARTESIAN_POINT('',(5.692565888301,0.445479466637));
#3171 = CARTESIAN_POINT('',(5.667433147074,0.445479466637));
#3172 = CARTESIAN_POINT('',(5.642300405849,0.445479466637));
#3173 = CARTESIAN_POINT('',(5.617167664622,0.445479466637));
#3174 = CARTESIAN_POINT('',(5.592034923394,0.445479466637));
#3175 = CARTESIAN_POINT('',(5.545359832535,0.445479466637));
#3176 = CARTESIAN_POINT('',(5.523817482911,0.445479466637));
#3177 = CARTESIAN_POINT('',(5.502275133287,0.445479466637));
#3178 = CARTESIAN_POINT('',(5.480732783663,0.445479466637));
#3179 = CARTESIAN_POINT('',(5.459190434039,0.445479466637));
#3180 = CARTESIAN_POINT('',(5.437648084415,0.445479466637));
#3181 = CARTESIAN_POINT('',(5.391870591458,0.445479466637));
#3182 = CARTESIAN_POINT('',(5.36763544813,0.445479466637));
#3183 = CARTESIAN_POINT('',(5.343400304805,0.445479466637));
#3184 = CARTESIAN_POINT('',(5.319165161479,0.445479466637));
#3185 = CARTESIAN_POINT('',(5.294930018153,0.445479466637));
#3186 = CARTESIAN_POINT('',(5.270694874826,0.445479466637));
#3187 = CARTESIAN_POINT('',(5.22042939236,0.445479466637));
#3188 = CARTESIAN_POINT('',(5.194399053231,0.445479466637));
#3189 = CARTESIAN_POINT('',(5.168368714104,0.445479466637));
#3190 = CARTESIAN_POINT('',(5.142338374978,0.445479466637));
#3191 = CARTESIAN_POINT('',(5.116308035851,0.445479466637));
#3192 = CARTESIAN_POINT('',(5.090277696722,0.445479466637));
#3193 = CARTESIAN_POINT('',(5.038217018452,0.445479466637));
#3194 = CARTESIAN_POINT('',(5.012186679322,0.445479466637));
#3195 = CARTESIAN_POINT('',(4.986156340196,0.445479466637));
#3196 = CARTESIAN_POINT('',(4.96012600107,0.445479466637));
#3197 = CARTESIAN_POINT('',(4.934095661943,0.445479466637));
#3198 = CARTESIAN_POINT('',(4.908065322813,0.445479466637));
#3199 = CARTESIAN_POINT('',(4.856004644544,0.445479466637));
#3200 = CARTESIAN_POINT('',(4.829974305414,0.445479466637));
#3201 = CARTESIAN_POINT('',(4.803943966287,0.445479466637));
#3202 = CARTESIAN_POINT('',(4.777913627162,0.445479466637));
#3203 = CARTESIAN_POINT('',(4.751883288035,0.445479466637));
#3204 = CARTESIAN_POINT('',(4.725852948905,0.445479466637));
#3205 = CARTESIAN_POINT('',(4.677382662243,0.445479466637));
#3206 = CARTESIAN_POINT('',(4.654942714717,0.445479466637));
#3207 = CARTESIAN_POINT('',(4.632502767193,0.445479466637));
#3208 = CARTESIAN_POINT('',(4.610062819669,0.445479466637));
#3209 = CARTESIAN_POINT('',(4.587622872144,0.445479466637));
#3210 = CARTESIAN_POINT('',(4.565182924618,0.445479466637));
#3211 = CARTESIAN_POINT('',(4.52479101907,0.445479466637));
#3212 = CARTESIAN_POINT('',(4.50683906105,0.445479466637));
#3213 = CARTESIAN_POINT('',(4.488887103029,0.445479466637));
#3214 = CARTESIAN_POINT('',(4.470935145009,0.445479466637));
#3215 = CARTESIAN_POINT('',(4.452983186989,0.445479466637));
#3216 = CARTESIAN_POINT('',(4.435031228968,0.445479466637));
#3217 = CARTESIAN_POINT('',(4.392844127617,0.445479466637));
#3218 = CARTESIAN_POINT('',(4.368608984289,0.445479466637));
#3219 = CARTESIAN_POINT('',(4.344373840963,0.445479466637));
#3220 = CARTESIAN_POINT('',(4.320138697638,0.445479466637));
#3221 = CARTESIAN_POINT('',(4.295903554312,0.445479466637));
#3222 = CARTESIAN_POINT('',(4.271668410984,0.445479466637));
#3223 = CARTESIAN_POINT('',(4.22768611383,0.445479466637));
#3224 = CARTESIAN_POINT('',(4.207938960008,0.445479466637));
#3225 = CARTESIAN_POINT('',(4.188191806186,0.445479466637));
#3226 = CARTESIAN_POINT('',(4.168444652364,0.445479466637));
#3227 = CARTESIAN_POINT('',(4.148697498541,0.445479466637));
#3228 = CARTESIAN_POINT('',(4.128950344719,0.445479466637));
#3229 = CARTESIAN_POINT('',(4.083172851761,0.445479466637));
#3230 = CARTESIAN_POINT('',(4.057142512631,0.445479466637));
#3231 = CARTESIAN_POINT('',(4.031112173504,0.445479466637));
#3232 = CARTESIAN_POINT('',(4.005081834379,0.445479466637));
#3233 = CARTESIAN_POINT('',(3.979051495252,0.445479466637));
#3234 = CARTESIAN_POINT('',(3.953021156122,0.445479466637));
#3235 = CARTESIAN_POINT('',(3.900960477853,0.445479466637));
#3236 = CARTESIAN_POINT('',(3.874930138723,0.445479466637));
#3237 = CARTESIAN_POINT('',(3.848899799596,0.445479466637));
#3238 = CARTESIAN_POINT('',(3.82286946047,0.445479466637));
#3239 = CARTESIAN_POINT('',(3.796839121344,0.445479466637));
#3240 = CARTESIAN_POINT('',(3.770808782214,0.445479466637));
#3241 = CARTESIAN_POINT('',(3.718748103944,0.445479466637));
#3242 = CARTESIAN_POINT('',(3.692717764815,0.445479466637));
#3243 = CARTESIAN_POINT('',(3.666687425688,0.445479466637));
#3244 = CARTESIAN_POINT('',(3.640657086562,0.445479466637));
#3245 = CARTESIAN_POINT('',(3.614626747435,0.445479466637));
#3246 = CARTESIAN_POINT('',(3.588596408306,0.445479466637));
#3247 = CARTESIAN_POINT('',(3.536535730036,0.445479466637));
#3248 = CARTESIAN_POINT('',(3.510505390907,0.445479466637));
#3249 = CARTESIAN_POINT('',(3.48447505178,0.445479466637));
#3250 = CARTESIAN_POINT('',(3.458444712654,0.445479466637));
#3251 = CARTESIAN_POINT('',(3.432414373527,0.445479466637));
#3252 = CARTESIAN_POINT('',(3.406384034397,0.445479466637));
#3253 = CARTESIAN_POINT('',(3.354323356128,0.445479466637));
#3254 = CARTESIAN_POINT('',(3.328293016998,0.445479466637));
#3255 = CARTESIAN_POINT('',(3.302262677872,0.445479466637));
#3256 = CARTESIAN_POINT('',(3.276232338746,0.445479466637));
#3257 = CARTESIAN_POINT('',(3.250201999619,0.445479466637));
#3258 = CARTESIAN_POINT('',(3.224171660489,0.445479466637));
#3259 = CARTESIAN_POINT('',(3.17211098222,0.445479466637));
#3260 = CARTESIAN_POINT('',(3.14608064309,0.445479466637));
#3261 = CARTESIAN_POINT('',(3.120050303963,0.445479466637));
#3262 = CARTESIAN_POINT('',(3.094019964838,0.445479466637));
#3263 = CARTESIAN_POINT('',(3.067989625711,0.445479466637));
#3264 = CARTESIAN_POINT('',(3.041959286581,0.445479466637));
#3265 = CARTESIAN_POINT('',(2.991693804116,0.445479466637));
#3266 = CARTESIAN_POINT('',(2.967458660788,0.445479466637));
#3267 = CARTESIAN_POINT('',(2.943223517462,0.445479466637));
#3268 = CARTESIAN_POINT('',(2.918988374137,0.445479466637));
#3269 = CARTESIAN_POINT('',(2.894753230811,0.445479466637));
#3270 = CARTESIAN_POINT('',(2.870518087483,0.445479466637));
#3271 = CARTESIAN_POINT('',(2.820252605018,0.445479466637));
#3272 = CARTESIAN_POINT('',(2.794222265888,0.445479466637));
#3273 = CARTESIAN_POINT('',(2.768191926761,0.445479466637));
#3274 = CARTESIAN_POINT('',(2.742161587635,0.445479466637));
#3275 = CARTESIAN_POINT('',(2.716131248509,0.445479466637));
#3276 = CARTESIAN_POINT('',(2.690100909379,0.445479466637));
#3277 = CARTESIAN_POINT('',(2.63804023111,0.445479466637));
#3278 = CARTESIAN_POINT('',(2.61200989198,0.445479466637));
#3279 = CARTESIAN_POINT('',(2.585979552853,0.445479466637));
#3280 = CARTESIAN_POINT('',(2.559949213727,0.445479466637));
#3281 = CARTESIAN_POINT('',(2.533918874601,0.445479466637));
#3282 = CARTESIAN_POINT('',(2.507888535471,0.445479466637));
#3283 = CARTESIAN_POINT('',(2.456725455103,0.445479466637));
#3284 = CARTESIAN_POINT('',(2.431592713875,0.445479466637));
#3285 = CARTESIAN_POINT('',(2.406459972648,0.445479466637));
#3286 = CARTESIAN_POINT('',(2.381327231423,0.445479466637));
#3287 = CARTESIAN_POINT('',(2.356194490196,0.445479466637));
#3288 = CARTESIAN_POINT('',(2.331061748968,0.445479466637));
#3289 = CARTESIAN_POINT('',(2.2798986686,0.445479466637));
#3290 = CARTESIAN_POINT('',(2.253868329471,0.445479466637));
#3291 = CARTESIAN_POINT('',(2.227837990344,0.445479466637));
#3292 = CARTESIAN_POINT('',(2.201807651218,0.445479466637));
#3293 = CARTESIAN_POINT('',(2.175777312091,0.445479466637));
#3294 = CARTESIAN_POINT('',(2.149746972962,0.445479466637));
#3295 = CARTESIAN_POINT('',(2.097686294692,0.445479466637));
#3296 = CARTESIAN_POINT('',(2.071655955562,0.445479466637));
#3297 = CARTESIAN_POINT('',(2.045625616436,0.445479466637));
#3298 = CARTESIAN_POINT('',(2.01959527731,0.445479466637));
#3299 = CARTESIAN_POINT('',(1.993564938183,0.445479466637));
#3300 = CARTESIAN_POINT('',(1.967534599053,0.445479466637));
#3301 = CARTESIAN_POINT('',(1.917269116588,0.445479466637));
#3302 = CARTESIAN_POINT('',(1.89303397326,0.445479466637));
#3303 = CARTESIAN_POINT('',(1.868798829934,0.445479466637));
#3304 = CARTESIAN_POINT('',(1.844563686609,0.445479466637));
#3305 = CARTESIAN_POINT('',(1.820328543283,0.445479466637));
#3306 = CARTESIAN_POINT('',(1.796093399955,0.445479466637));
#3307 = CARTESIAN_POINT('',(1.74582791749,0.445479466637));
#3308 = CARTESIAN_POINT('',(1.71979757836,0.445479466637));
#3309 = CARTESIAN_POINT('',(1.693767239234,0.445479466637));
#3310 = CARTESIAN_POINT('',(1.667736900108,0.445479466637));
#3311 = CARTESIAN_POINT('',(1.641706560981,0.445479466637));
#3312 = CARTESIAN_POINT('',(1.615676221851,0.445479466637));
#3313 = CARTESIAN_POINT('',(1.563615543582,0.445479466637));
#3314 = CARTESIAN_POINT('',(1.537585204452,0.445479466637));
#3315 = CARTESIAN_POINT('',(1.511554865325,0.445479466637));
#3316 = CARTESIAN_POINT('',(1.4855245262,0.445479466637));
#3317 = CARTESIAN_POINT('',(1.459494187073,0.445479466637));
#3318 = CARTESIAN_POINT('',(1.433463847943,0.445479466637));
#3319 = CARTESIAN_POINT('',(1.381403169674,0.445479466637));
#3320 = CARTESIAN_POINT('',(1.355372830544,0.445479466637));
#3321 = CARTESIAN_POINT('',(1.329342491417,0.445479466637));
#3322 = CARTESIAN_POINT('',(1.303312152291,0.445479466637));
#3323 = CARTESIAN_POINT('',(1.277281813165,0.445479466637));
#3324 = CARTESIAN_POINT('',(1.251251474035,0.445479466637));
#3325 = CARTESIAN_POINT('',(1.201883589471,0.445479466637));
#3326 = CARTESIAN_POINT('',(1.178546044044,0.445479466637));
#3327 = CARTESIAN_POINT('',(1.155208498619,0.445479466637));
#3328 = CARTESIAN_POINT('',(1.131870953194,0.445479466637));
#3329 = CARTESIAN_POINT('',(1.108533407769,0.445479466637));
#3330 = CARTESIAN_POINT('',(1.085195862342,0.445479466637));
#3331 = CARTESIAN_POINT('',(1.035827977779,0.445479466637));
#3332 = CARTESIAN_POINT('',(1.009797638649,0.445479466637));
#3333 = CARTESIAN_POINT('',(0.983767299522,0.445479466637));
#3334 = CARTESIAN_POINT('',(0.957736960396,0.445479466637));
#3335 = CARTESIAN_POINT('',(0.93170662127,0.445479466637));
#3336 = CARTESIAN_POINT('',(0.90567628214,0.445479466637));
#3337 = CARTESIAN_POINT('',(0.853615603871,0.445479466637));
#3338 = CARTESIAN_POINT('',(0.827585264741,0.445479466637));
#3339 = CARTESIAN_POINT('',(0.801554925614,0.445479466637));
#3340 = CARTESIAN_POINT('',(0.775524586488,0.445479466637));
#3341 = CARTESIAN_POINT('',(0.749494247361,0.445479466637));
#3342 = CARTESIAN_POINT('',(0.723463908232,0.445479466637));
#3343 = CARTESIAN_POINT('',(0.597816000055,0.445479466637));
#3344 = CARTESIAN_POINT('',(0.498149716935,0.445479466637));
#3345 = CARTESIAN_POINT('',(0.39852400687,0.445479466637));
#3346 = CARTESIAN_POINT('',(0.298909562227,0.445479466637));
#3347 = CARTESIAN_POINT('',(0.199283852162,0.445479466637));
#3348 = CARTESIAN_POINT('',(9.96175690417E-02,0.445479466637));
#3349 = CARTESIAN_POINT('',(0.,0.445479466637));
#3350 = ( GEOMETRIC_REPRESENTATION_CONTEXT(2) 
PARAMETRIC_REPRESENTATION_CONTEXT() REPRESENTATION_CONTEXT('2D SPACE',''
  ) );
#3351 = ORIENTED_EDGE('',*,*,#3352,.T.);
#3352 = EDGE_CURVE('',#2725,#3353,#3355,.T.);
#3353 = VERTEX_POINT('',#3354);
#3354 = CARTESIAN_POINT('',(-3.494906721599,-9.909809811839,15.));
#3355 = SURFACE_CURVE('',#3356,(#3361,#3372),.PCURVE_S1.);
#3356 = CIRCLE('',#3357,1.75);
#3357 = AXIS2_PLACEMENT_3D('',#3358,#3359,#3360);
#3358 = CARTESIAN_POINT('',(-2.,-9.,15.));
#3359 = DIRECTION('',(0.,0.,-1.));
#3360 = DIRECTION('',(1.,0.,0.));
#3361 = PCURVE('',#100,#3362);
#3362 = DEFINITIONAL_REPRESENTATION('',(#3363),#3371);
#3363 = ( BOUNDED_CURVE() B_SPLINE_CURVE(2,(#3364,#3365,#3366,#3367,
#3368,#3369,#3370),.UNSPECIFIED.,.T.,.F.) B_SPLINE_CURVE_WITH_KNOTS((1,2
    ,2,2,2,1),(-2.094395102393,0.,2.094395102393,4.188790204786,
6.28318530718,8.377580409573),.UNSPECIFIED.) CURVE() 
GEOMETRIC_REPRESENTATION_ITEM() RATIONAL_B_SPLINE_CURVE((1.,0.5,1.,0.5,
1.,0.5,1.)) REPRESENTATION_ITEM('') );
#3364 = CARTESIAN_POINT('',(-0.27398622264,-9.356151128196));
#3365 = CARTESIAN_POINT('',(-0.27398622264,-12.38724004144));
#3366 = CARTESIAN_POINT('',(-2.89898622264,-10.87169558481));
#3367 = CARTESIAN_POINT('',(-5.52398622264,-9.356151128196));
#3368 = CARTESIAN_POINT('',(-2.89898622264,-7.840606671573));
#3369 = CARTESIAN_POINT('',(-0.27398622264,-6.32506221495));
#3370 = CARTESIAN_POINT('',(-0.27398622264,-9.356151128196));
#3371 = ( GEOMETRIC_REPRESENTATION_CONTEXT(2) 
PARAMETRIC_REPRESENTATION_CONTEXT() REPRESENTATION_CONTEXT('2D SPACE',''
  ) );
#3372 = PCURVE('',#3373,#3378);
#3373 = CYLINDRICAL_SURFACE('',#3374,1.75);
#3374 = AXIS2_PLACEMENT_3D('',#3375,#3376,#3377);
#3375 = CARTESIAN_POINT('',(-2.,-9.,0.));
#3376 = DIRECTION('',(-0.,-0.,-1.));
#3377 = DIRECTION('',(1.,0.,0.));
#3378 = DEFINITIONAL_REPRESENTATION('',(#3379),#3383);
#3379 = LINE('',#3380,#3381);
#3380 = CARTESIAN_POINT('',(-6.28318530718,-15.));
#3381 = VECTOR('',#3382,1.);
#3382 = DIRECTION('',(1.,-0.));
#3383 = ( GEOMETRIC_REPRESENTATION_CONTEXT(2) 
PARAMETRIC_REPRESENTATION_CONTEXT() REPRESENTATION_CONTEXT('2D SPACE',''
  ) );
#3384 = ORIENTED_EDGE('',*,*,#3385,.T.);
#3385 = EDGE_CURVE('',#3353,#3386,#3388,.T.);
#3386 = VERTEX_POINT('',#3387);
#3387 = CARTESIAN_POINT('',(-7.357360613972,-7.50252945982,15.));
#3388 = SURFACE_CURVE('',#3389,(#3590,#3794),.PCURVE_S1.);
#3389 = B_SPLINE_CURVE_WITH_KNOTS('',7,(#3390,#3391,#3392,#3393,#3394,
    #3395,#3396,#3397,#3398,#3399,#3400,#3401,#3402,#3403,#3404,#3405,
    #3406,#3407,#3408,#3409,#3410,#3411,#3412,#3413,#3414,#3415,#3416,
    #3417,#3418,#3419,#3420,#3421,#3422,#3423,#3424,#3425,#3426,#3427,
    #3428,#3429,#3430,#3431,#3432,#3433,#3434,#3435,#3436,#3437,#3438,
    #3439,#3440,#3441,#3442,#3443,#3444,#3445,#3446,#3447,#3448,#3449,
    #3450,#3451,#3452,#3453,#3454,#3455,#3456,#3457,#3458,#3459,#3460,
    #3461,#3462,#3463,#3464,#3465,#3466,#3467,#3468,#3469,#3470,#3471,
    #3472,#3473,#3474,#3475,#3476,#3477,#3478,#3479,#3480,#3481,#3482,
    #3483,#3484,#3485,#3486,#3487,#3488,#3489,#3490,#3491,#3492,#3493,
    #3494,#3495,#3496,#3497,#3498,#3499,#3500,#3501,#3502,#3503,#3504,
    #3505,#3506,#3507,#3508,#3509,#3510,#3511,#3512,#3513,#3514,#3515,
    #3516,#3517,#3518,#3519,#3520,#3521,#3522,#3523,#3524,#3525,#3526,
    #3527,#3528,#3529,#3530,#3531,#3532,#3533,#3534,#3535,#3536,#3537,
    #3538,#3539,#3540,#3541,#3542,#3543,#3544,#3545,#3546,#3547,#3548,
    #3549,#3550,#3551,#3552,#3553,#3554,#3555,#3556,#3557,#3558,#3559,
    #3560,#3561,#3562,#3563,#3564,#3565,#3566,#3567,#3568,#3569,#3570,
    #3571,#3572,#3573,#3574,#3575,#3576,#3577,#3578,#3579,#3580,#3581,
    #3582,#3583,#3584,#3585,#3586,#3587,#3588,#3589),.UNSPECIFIED.,.T.,
  .F.,(8,6,6,6,6,6,6,6,6,6,6,6,6,6,6,6,6,6,6,6,6,6,6,6,6,6,6,6,6,6,6,6,6
    ,8),(0.,2.800049281667E-02,5.700100323498E-02,8.600151365332E-02,
    0.11400200647,0.138002428882,0.165002904097,0.194003414515,
    0.223003924934,0.252004435352,0.277004875365,0.297005227374,
    0.32400570259,0.3460060898,0.375006600219,0.404007110637,
    0.433007621055,0.462008131474,0.491008641892,0.520009152311,
    0.547009627526,0.576010137944,0.605010648363,0.63301114118,
    0.662011651598,0.691012162016,0.718012637232,0.74701314765,
    0.776013658069,0.805014168487,0.831014626101,0.86001513652,
    0.889015646938,1.),.UNSPECIFIED.);
#3390 = CARTESIAN_POINT('',(-2.69922972862E-15,-10.50803042912,15.));
#3391 = CARTESIAN_POINT('',(-0.264095434199,-10.50803043854,15.));
#3392 = CARTESIAN_POINT('',(-0.528191394502,-10.50028672987,15.));
#3393 = CARTESIAN_POINT('',(-0.792014500825,-10.48479935432,15.));
#3394 = CARTESIAN_POINT('',(-1.055292425794,-10.46158029965,15.));
#3395 = CARTESIAN_POINT('',(-1.317753894748,-10.43065349015,15.));
#3396 = CARTESIAN_POINT('',(-1.579128685734,-10.39205478669,15.));
#3397 = CARTESIAN_POINT('',(-2.108452940952,-10.29795839818,15.));
#3398 = CARTESIAN_POINT('',(-2.376305001582,-10.24190619686,15.));
#3399 = CARTESIAN_POINT('',(-2.642404708986,-10.17772861745,15.));
#3400 = CARTESIAN_POINT('',(-2.906456599176,-10.10549219453,15.));
#3401 = CARTESIAN_POINT('',(-3.168168846595,-10.02527676253,15.));
#3402 = CARTESIAN_POINT('',(-3.427253264112,-9.93717545576,15.));
#3403 = CARTESIAN_POINT('',(-3.939597350081,-9.745413982698,15.));
#3404 = CARTESIAN_POINT('',(-4.192858192813,-9.6417533769,15.));
#3405 = CARTESIAN_POINT('',(-4.442923326825,-9.530419443479,15.));
#3406 = CARTESIAN_POINT('',(-4.689514235925,-9.411531155329,15.));
#3407 = CARTESIAN_POINT('',(-4.932358392128,-9.285219905721,15.));
#3408 = CARTESIAN_POINT('',(-5.171189255653,-9.151629508297,15.));
#3409 = CARTESIAN_POINT('',(-5.63221515437,-8.875055073101,15.));
#3410 = CARTESIAN_POINT('',(-5.854700810245,-8.732553233808,15.));
#3411 = CARTESIAN_POINT('',(-6.07296883818,-8.583551360624,15.));
#3412 = CARTESIAN_POINT('',(-6.286791877167,-8.428199829332,15.));
#3413 = CARTESIAN_POINT('',(-6.49594960956,-8.266658710073,15.));
#3414 = CARTESIAN_POINT('',(-6.700228761074,-8.099097767342,15.));
#3415 = CARTESIAN_POINT('',(-7.070161166155,-7.777066731469,15.));
#3416 = CARTESIAN_POINT('',(-7.237163933389,-7.624145716873,15.));
#3417 = CARTESIAN_POINT('',(-7.400301680386,-7.46704636792,15.));
#3418 = CARTESIAN_POINT('',(-7.559449287393,-7.305886181205,15.));
#3419 = CARTESIAN_POINT('',(-7.714486237006,-7.140787198195,15.));
#3420 = CARTESIAN_POINT('',(-7.865296614168,-6.971876005229,15.));
#3421 = CARTESIAN_POINT('',(-8.176550633111,-6.605117477334,15.));
#3422 = CARTESIAN_POINT('',(-8.33584250045,-6.406291780451,15.));
#3423 = CARTESIAN_POINT('',(-8.489486168326,-6.202993518047,15.));
#3424 = CARTESIAN_POINT('',(-8.637331535832,-5.995415575859,15.));
#3425 = CARTESIAN_POINT('',(-8.779236941018,-5.783756850184,15.));
#3426 = CARTESIAN_POINT('',(-8.915069160884,-5.568222247887,15.));
#3427 = CARTESIAN_POINT('',(-9.183940189532,-5.113586175085,15.));
#3428 = CARTESIAN_POINT('',(-9.316027341297,-4.873920658178,15.));
#3429 = CARTESIAN_POINT('',(-9.440810272834,-4.630287663745,15.));
#3430 = CARTESIAN_POINT('',(-9.558146848048,-4.382954629908,15.));
#3431 = CARTESIAN_POINT('',(-9.667907388595,-4.132194904836,15.));
#3432 = CARTESIAN_POINT('',(-9.769974673885,-3.878287746746,15.));
#3433 = CARTESIAN_POINT('',(-9.958513230088,-3.364748909068,15.));
#3434 = CARTESIAN_POINT('',(-10.04498493312,-3.105116052462,15.));
#3435 = CARTESIAN_POINT('',(-10.12355440601,-2.842904965911,15.));
#3436 = CARTESIAN_POINT('',(-10.19413032701,-2.578404416034,15.));
#3437 = CARTESIAN_POINT('',(-10.25663469684,-2.31190672424,15.));
#3438 = CARTESIAN_POINT('',(-10.31100283867,-2.04370776673,15.));
#3439 = CARTESIAN_POINT('',(-10.40336398049,-1.504506186187,15.));
#3440 = CARTESIAN_POINT('',(-10.44135719217,-1.233502327317,15.));
#3441 = CARTESIAN_POINT('',(-10.47111180336,-0.961394850221,15.));
#3442 = CARTESIAN_POINT('',(-10.49259033034,-0.688484289067,15.));
#3443 = CARTESIAN_POINT('',(-10.50576903539,-0.415072259865,15.));
#3444 = CARTESIAN_POINT('',(-10.51063792688,-0.141461460459,15.));
#3445 = CARTESIAN_POINT('',(-10.50423769741,0.367825263648,15.));
#3446 = CARTESIAN_POINT('',(-10.49510188344,0.60352892332,15.));
#3447 = CARTESIAN_POINT('',(-10.47979578679,0.838960869068,15.));
#3448 = CARTESIAN_POINT('',(-10.45832946078,1.073927354336,15.));
#3449 = CARTESIAN_POINT('',(-10.43072054263,1.308235325418,15.));
#3450 = CARTESIAN_POINT('',(-10.39699425343,1.541692421469,15.));
#3451 = CARTESIAN_POINT('',(-10.32533471094,1.960038664102,15.));
#3452 = CARTESIAN_POINT('',(-10.28959185838,2.145303412053,15.));
#3453 = CARTESIAN_POINT('',(-10.24997164028,2.329803181682,15.));
#3454 = CARTESIAN_POINT('',(-10.20649389191,2.513440654991,15.));
#3455 = CARTESIAN_POINT('',(-10.15918148401,2.696119232647,15.));
#3456 = CARTESIAN_POINT('',(-10.10806032274,2.877743033986,15.));
#3457 = CARTESIAN_POINT('',(-9.979043074675,3.301856517021,15.));
#3458 = CARTESIAN_POINT('',(-9.898037896768,3.543400959916,15.));
#3459 = CARTESIAN_POINT('',(-9.810215178351,3.782615780328,15.));
#3460 = CARTESIAN_POINT('',(-9.715655902849,4.019270377141,15.));
#3461 = CARTESIAN_POINT('',(-9.614450674735,4.253137993491,15.));
#3462 = CARTESIAN_POINT('',(-9.506699719528,4.483995716761,15.));
#3463 = CARTESIAN_POINT('',(-9.299471736014,4.89709982929,15.));
#3464 = CARTESIAN_POINT('',(-9.202157464764,5.08043180296,15.));
#3465 = CARTESIAN_POINT('',(-9.100629462992,5.261502028027,15.));
#3466 = CARTESIAN_POINT('',(-8.994951054661,5.440194457726,15.));
#3467 = CARTESIAN_POINT('',(-8.885189494755,5.616395370087,15.));
#3468 = CARTESIAN_POINT('',(-8.77141596928,5.789993367943,15.));
#3469 = CARTESIAN_POINT('',(-8.498542011649,6.18613810476,15.));
#3470 = CARTESIAN_POINT('',(-8.336537215319,6.406685200914,15.));
#3471 = CARTESIAN_POINT('',(-8.167863596255,6.622270511664,15.));
#3472 = CARTESIAN_POINT('',(-7.992704141041,6.832652703779,15.));
#3473 = CARTESIAN_POINT('',(-7.811252432863,7.037599266518,15.));
#3474 = CARTESIAN_POINT('',(-7.623712651505,7.236886511629,15.));
#3475 = CARTESIAN_POINT('',(-7.236886511632,7.623712651503,15.));
#3476 = CARTESIAN_POINT('',(-7.037599266521,7.811252432861,15.));
#3477 = CARTESIAN_POINT('',(-6.832652703781,7.992704141039,15.));
#3478 = CARTESIAN_POINT('',(-6.622270511666,8.167863596253,15.));
#3479 = CARTESIAN_POINT('',(-6.406685200916,8.336537215317,15.));
#3480 = CARTESIAN_POINT('',(-6.186138104762,8.498542011647,15.));
#3481 = CARTESIAN_POINT('',(-5.73562066627,8.808869198006,15.));
#3482 = CARTESIAN_POINT('',(-5.505649291357,8.957192299297,15.));
#3483 = CARTESIAN_POINT('',(-5.271215481609,9.098502613239,15.));
#3484 = CARTESIAN_POINT('',(-5.032576220719,9.232639873803,15.));
#3485 = CARTESIAN_POINT('',(-4.789995248648,9.35945583482,15.));
#3486 = CARTESIAN_POINT('',(-4.543743061629,9.478814269982,15.));
#3487 = CARTESIAN_POINT('',(-4.044450772199,9.702367696917,15.));
#3488 = CARTESIAN_POINT('',(-3.791409525422,9.806563201068,15.));
#3489 = CARTESIAN_POINT('',(-3.53525047599,9.903053394216,15.));
#3490 = CARTESIAN_POINT('',(-3.276255394412,9.991727230427,15.));
#3491 = CARTESIAN_POINT('',(-3.01471051755,10.07248670892,15.));
#3492 = CARTESIAN_POINT('',(-2.750906548618,10.145246874063,15.));
#3493 = CARTESIAN_POINT('',(-2.219370771248,10.274624779263,15.));
#3494 = CARTESIAN_POINT('',(-1.951637744543,10.331242815851,15.));
#3495 = CARTESIAN_POINT('',(-1.682234776531,10.379718137469,15.));
#3496 = CARTESIAN_POINT('',(-1.411459095231,10.419992594967,15.));
#3497 = CARTESIAN_POINT('',(-1.139609957219,10.452021677714,15.));
#3498 = CARTESIAN_POINT('',(-0.866988647628,10.475774513601,15.));
#3499 = CARTESIAN_POINT('',(-0.320808313982,10.506693247668,15.));
#3500 = CARTESIAN_POINT('',(-4.724803809459E-02,10.513859216715,15.));
#3501 = CARTESIAN_POINT('',(0.226479026679,10.512714668779,15.));
#3502 = CARTESIAN_POINT('',(0.500070035908,10.503256276787,15.));
#3503 = CARTESIAN_POINT('',(0.773222621565,10.485494493991,15.));
#3504 = CARTESIAN_POINT('',(1.045634892027,10.459453553962,15.));
#3505 = CARTESIAN_POINT('',(1.569660812725,10.393253681028,15.));
#3506 = CARTESIAN_POINT('',(1.821414170578,10.35419214559,15.));
#3507 = CARTESIAN_POINT('',(2.072022377471,10.308017620008,15.));
#3508 = CARTESIAN_POINT('',(2.32124446995,10.254770991975,15.));
#3509 = CARTESIAN_POINT('',(2.568841649271,10.194503281159,15.));
#3510 = CARTESIAN_POINT('',(2.814577281399,10.127275639195,15.));
#3511 = CARTESIAN_POINT('',(3.319903847623,9.973552998679,15.));
#3512 = CARTESIAN_POINT('',(3.579173841227,9.8859993233,15.));
#3513 = CARTESIAN_POINT('',(3.835736244339,9.790586801645,15.));
#3514 = CARTESIAN_POINT('',(4.089305619988,9.687416683668,15.));
#3515 = CARTESIAN_POINT('',(4.339601727707,9.576602991191,15.));
#3516 = CARTESIAN_POINT('',(4.586349523536,9.458272517901,15.));
#3517 = CARTESIAN_POINT('',(5.072208807192,9.20685716144,15.));
#3518 = CARTESIAN_POINT('',(5.311321408595,9.073771702032,15.));
#3519 = CARTESIAN_POINT('',(5.546347174872,8.93344812894,15.));
#3520 = CARTESIAN_POINT('',(5.777023741476,8.786037738771,15.));
#3521 = CARTESIAN_POINT('',(6.003096168675,8.631703446924,15.));
#3522 = CARTESIAN_POINT('',(6.224316941554,8.470619787596,15.));
#3523 = CARTESIAN_POINT('',(6.649122306859,8.141106966753,15.));
#3524 = CARTESIAN_POINT('',(6.853052879976,7.973121959623,15.));
#3525 = CARTESIAN_POINT('',(7.052021708102,7.799185489423,15.));
#3526 = CARTESIAN_POINT('',(7.245820957775,7.619473939705,15.));
#3527 = CARTESIAN_POINT('',(7.434250943337,7.43417248053,15.));
#3528 = CARTESIAN_POINT('',(7.617120126929,7.243475068475,15.));
#3529 = CARTESIAN_POINT('',(7.977696000122,6.844697765757,15.));
#3530 = CARTESIAN_POINT('',(8.154985858846,6.636239420638,15.));
#3531 = CARTESIAN_POINT('',(8.325910985335,6.422434796941,15.));
#3532 = CARTESIAN_POINT('',(8.490278696756,6.203517559264,15.));
#3533 = CARTESIAN_POINT('',(8.647907336771,5.979729651132,15.));
#3534 = CARTESIAN_POINT('',(8.798626275541,5.751321294997,15.));
#3535 = CARTESIAN_POINT('',(9.085925563671,5.285780701688,15.));
#3536 = CARTESIAN_POINT('',(9.222506571516,5.048647397507,15.));
#3537 = CARTESIAN_POINT('',(9.351859437471,4.807409647458,15.));
#3538 = CARTESIAN_POINT('',(9.473837009899,4.56233216311,15.));
#3539 = CARTESIAN_POINT('',(9.588304481309,4.313685799837,15.));
#3540 = CARTESIAN_POINT('',(9.695139388351,4.061747556823,15.));
#3541 = CARTESIAN_POINT('',(9.886489923496,3.569436109222,15.));
#3542 = CARTESIAN_POINT('',(9.972037045196,3.329462680047,15.));
#3543 = CARTESIAN_POINT('',(10.050784234011,3.08710872314,15.));
#3544 = CARTESIAN_POINT('',(10.122652687156,2.842605593878,15.));
#3545 = CARTESIAN_POINT('',(10.18757354197,2.596187569405,15.));
#3546 = CARTESIAN_POINT('',(10.245487875918,2.348091848635,15.));
#3547 = CARTESIAN_POINT('',(10.350972867031,1.830541362799,15.));
#3548 = CARTESIAN_POINT('',(10.397459768271,1.560864623592,15.));
#3549 = CARTESIAN_POINT('',(10.435746799771,1.289826030033,15.));
#3550 = CARTESIAN_POINT('',(10.465787056274,1.017724790604,15.));
#3551 = CARTESIAN_POINT('',(10.487547337811,0.744861626862,15.));
#3552 = CARTESIAN_POINT('',(10.5010081497,0.471538773447,15.));
#3553 = CARTESIAN_POINT('',(10.511319278615,-7.541881686426E-02,15.));
#3554 = CARTESIAN_POINT('',(10.508169619275,-0.349054807373,15.));
#3555 = CARTESIAN_POINT('',(10.496709061498,-0.622544243357,15.));
#3556 = CARTESIAN_POINT('',(10.476945694838,-0.895584370167,15.));
#3557 = CARTESIAN_POINT('',(10.448901361424,-1.167873428601,15.));
#3558 = CARTESIAN_POINT('',(10.412611655961,-1.439110654905,15.));
#3559 = CARTESIAN_POINT('',(10.323640218427,-1.978881910422,15.));
#3560 = CARTESIAN_POINT('',(10.270958282436,-2.247417176776,15.));
#3561 = CARTESIAN_POINT('',(10.210129589752,-2.514302332088,15.));
#3562 = CARTESIAN_POINT('',(10.141216956897,-2.779241099623,15.));
#3563 = CARTESIAN_POINT('',(10.064296544912,-3.041940673661,15.));
#3564 = CARTESIAN_POINT('',(9.979457859367,-3.302111719496,15.));
#3565 = CARTESIAN_POINT('',(9.8037345422,-3.790201993168,15.));
#3566 = CARTESIAN_POINT('',(9.7143829739,-4.0186742102,15.));
#3567 = CARTESIAN_POINT('',(9.61882318643,-4.244679186957,15.));
#3568 = CARTESIAN_POINT('',(9.517137428862,-4.468014777522,15.));
#3569 = CARTESIAN_POINT('',(9.409416058365,-4.688482527632,15.));
#3570 = CARTESIAN_POINT('',(9.295757540209,-4.905887674681,15.));
#3571 = CARTESIAN_POINT('',(9.042992204373,-5.358900350498,15.));
#3572 = CARTESIAN_POINT('',(8.90246170629,-5.593714648964,15.));
#3573 = CARTESIAN_POINT('',(8.754825036689,-5.824216774266,15.));
#3574 = CARTESIAN_POINT('',(8.60024165859,-6.050149243658,15.));
#3575 = CARTESIAN_POINT('',(8.438882414855,-6.271262360502,15.));
#3576 = CARTESIAN_POINT('',(8.270929528188,-6.487314214269,15.));
#3577 = CARTESIAN_POINT('',(7.922223691987,-6.908827161613,15.));
#3578 = CARTESIAN_POINT('',(7.741469943228,-7.114289221286,15.));
#3579 = CARTESIAN_POINT('',(7.554509054794,-7.314222815701,15.));
#3580 = CARTESIAN_POINT('',(7.361544507186,-7.508403620304,15.));
#3581 = CARTESIAN_POINT('',(7.162789561468,-7.696617029847,15.));
#3582 = CARTESIAN_POINT('',(6.958467259265,-7.878658158383,15.));
#3583 = CARTESIAN_POINT('',(5.946457763138,-8.726632478773,15.));
#3584 = CARTESIAN_POINT('',(5.065575247358,-9.306007886951,15.));
#3585 = CARTESIAN_POINT('',(4.119762465137,-9.780813765477,15.));
#3586 = CARTESIAN_POINT('',(3.123984471866,-10.14285372583,15.));
#3587 = CARTESIAN_POINT('',(2.094080253307,-10.38636910914,15.));
#3588 = CARTESIAN_POINT('',(1.04678457206,-10.50803104335,15.));
#3589 = CARTESIAN_POINT('',(8.534839501806E-16,-10.50803042912,15.));
#3590 = PCURVE('',#100,#3591);
#3591 = DEFINITIONAL_REPRESENTATION('',(#3592),#3793);
#3592 = B_SPLINE_CURVE_WITH_KNOTS('',7,(#3593,#3594,#3595,#3596,#3597,
    #3598,#3599,#3600,#3601,#3602,#3603,#3604,#3605,#3606,#3607,#3608,
    #3609,#3610,#3611,#3612,#3613,#3614,#3615,#3616,#3617,#3618,#3619,
    #3620,#3621,#3622,#3623,#3624,#3625,#3626,#3627,#3628,#3629,#3630,
    #3631,#3632,#3633,#3634,#3635,#3636,#3637,#3638,#3639,#3640,#3641,
    #3642,#3643,#3644,#3645,#3646,#3647,#3648,#3649,#3650,#3651,#3652,
    #3653,#3654,#3655,#3656,#3657,#3658,#3659,#3660,#3661,#3662,#3663,
    #3664,#3665,#3666,#3667,#3668,#3669,#3670,#3671,#3672,#3673,#3674,
    #3675,#3676,#3677,#3678,#3679,#3680,#3681,#3682,#3683,#3684,#3685,
    #3686,#3687,#3688,#3689,#3690,#3691,#3692,#3693,#3694,#3695,#3696,
    #3697,#3698,#3699,#3700,#3701,#3702,#3703,#3704,#3705,#3706,#3707,
    #3708,#3709,#3710,#3711,#3712,#3713,#3714,#3715,#3716,#3717,#3718,
    #3719,#3720,#3721,#3722,#3723,#3724,#3725,#3726,#3727,#3728,#3729,
    #3730,#3731,#3732,#3733,#3734,#3735,#3736,#3737,#3738,#3739,#3740,
    #3741,#3742,#3743,#3744,#3745,#3746,#3747,#3748,#3749,#3750,#3751,
    #3752,#3753,#3754,#3755,#3756,#3757,#3758,#3759,#3760,#3761,#3762,
    #3763,#3764,#3765,#3766,#3767,#3768,#3769,#3770,#3771,#3772,#3773,
    #3774,#3775,#3776,#3777,#3778,#3779,#3780,#3781,#3782,#3783,#3784,
    #3785,#3786,#3787,#3788,#3789,#3790,#3791,#3792),.UNSPECIFIED.,.F.,
  .F.,(8,6,6,6,6,6,6,6,6,6,6,6,6,6,6,6,6,6,6,6,6,6,6,6,6,6,6,6,6,6,6,6,6
    ,8),(0.,2.800049281667E-02,5.700100323498E-02,8.600151365332E-02,
    0.11400200647,0.138002428882,0.165002904097,0.194003414515,
    0.223003924934,0.252004435352,0.277004875365,0.297005227374,
    0.32400570259,0.3460060898,0.375006600219,0.404007110637,
    0.433007621055,0.462008131474,0.491008641892,0.520009152311,
    0.547009627526,0.576010137944,0.605010648363,0.63301114118,
    0.662011651598,0.691012162016,0.718012637232,0.74701314765,
    0.776013658069,0.805014168487,0.831014626101,0.86001513652,
    0.889015646938,1.),.UNSPECIFIED.);
#3593 = CARTESIAN_POINT('',(-2.398622264029E-02,-10.86418155732));
#3594 = CARTESIAN_POINT('',(-0.28808165684,-10.86418156673));
#3595 = CARTESIAN_POINT('',(-0.552177617142,-10.85643785806));
#3596 = CARTESIAN_POINT('',(-0.816000723465,-10.84095048252));
#3597 = CARTESIAN_POINT('',(-1.079278648434,-10.81773142784));
#3598 = CARTESIAN_POINT('',(-1.341740117388,-10.78680461835));
#3599 = CARTESIAN_POINT('',(-1.603114908374,-10.74820591488));
#3600 = CARTESIAN_POINT('',(-2.132439163592,-10.65410952637));
#3601 = CARTESIAN_POINT('',(-2.400291224222,-10.59805732506));
#3602 = CARTESIAN_POINT('',(-2.666390931626,-10.53387974565));
#3603 = CARTESIAN_POINT('',(-2.930442821817,-10.46164332273));
#3604 = CARTESIAN_POINT('',(-3.192155069235,-10.38142789073));
#3605 = CARTESIAN_POINT('',(-3.451239486752,-10.29332658395));
#3606 = CARTESIAN_POINT('',(-3.963583572721,-10.10156511089));
#3607 = CARTESIAN_POINT('',(-4.216844415453,-9.997904505096));
#3608 = CARTESIAN_POINT('',(-4.466909549465,-9.886570571675));
#3609 = CARTESIAN_POINT('',(-4.713500458566,-9.767682283525));
#3610 = CARTESIAN_POINT('',(-4.956344614769,-9.641371033917));
#3611 = CARTESIAN_POINT('',(-5.195175478293,-9.507780636493));
#3612 = CARTESIAN_POINT('',(-5.65620137701,-9.231206201297));
#3613 = CARTESIAN_POINT('',(-5.878687032886,-9.088704362004));
#3614 = CARTESIAN_POINT('',(-6.096955060821,-8.93970248882));
#3615 = CARTESIAN_POINT('',(-6.310778099808,-8.784350957528));
#3616 = CARTESIAN_POINT('',(-6.5199358322,-8.622809838269));
#3617 = CARTESIAN_POINT('',(-6.724214983714,-8.455248895538));
#3618 = CARTESIAN_POINT('',(-7.094147388796,-8.133217859665));
#3619 = CARTESIAN_POINT('',(-7.261150156029,-7.980296845069));
#3620 = CARTESIAN_POINT('',(-7.424287903026,-7.823197496116));
#3621 = CARTESIAN_POINT('',(-7.583435510033,-7.662037309401));
#3622 = CARTESIAN_POINT('',(-7.738472459646,-7.496938326391));
#3623 = CARTESIAN_POINT('',(-7.889282836808,-7.328027133425));
#3624 = CARTESIAN_POINT('',(-8.200536855751,-6.96126860553));
#3625 = CARTESIAN_POINT('',(-8.35982872309,-6.762442908647));
#3626 = CARTESIAN_POINT('',(-8.513472390966,-6.559144646243));
#3627 = CARTESIAN_POINT('',(-8.661317758473,-6.351566704055));
#3628 = CARTESIAN_POINT('',(-8.803223163658,-6.13990797838));
#3629 = CARTESIAN_POINT('',(-8.939055383524,-5.924373376083));
#3630 = CARTESIAN_POINT('',(-9.207926412172,-5.469737303281));
#3631 = CARTESIAN_POINT('',(-9.340013563937,-5.230071786374));
#3632 = CARTESIAN_POINT('',(-9.464796495475,-4.986438791941));
#3633 = CARTESIAN_POINT('',(-9.582133070688,-4.739105758104));
#3634 = CARTESIAN_POINT('',(-9.691893611236,-4.488346033032));
#3635 = CARTESIAN_POINT('',(-9.793960896526,-4.234438874942));
#3636 = CARTESIAN_POINT('',(-9.982499452729,-3.720900037264));
#3637 = CARTESIAN_POINT('',(-10.06897115576,-3.461267180658));
#3638 = CARTESIAN_POINT('',(-10.14754062865,-3.199056094107));
#3639 = CARTESIAN_POINT('',(-10.21811654965,-2.93455554423));
#3640 = CARTESIAN_POINT('',(-10.28062091948,-2.668057852436));
#3641 = CARTESIAN_POINT('',(-10.33498906131,-2.399858894926));
#3642 = CARTESIAN_POINT('',(-10.42735020313,-1.860657314383));
#3643 = CARTESIAN_POINT('',(-10.46534341481,-1.589653455513));
#3644 = CARTESIAN_POINT('',(-10.495098026,-1.317545978417));
#3645 = CARTESIAN_POINT('',(-10.51657655298,-1.044635417263));
#3646 = CARTESIAN_POINT('',(-10.52975525803,-0.771223388061));
#3647 = CARTESIAN_POINT('',(-10.53462414952,-0.497612588655));
#3648 = CARTESIAN_POINT('',(-10.52822392005,1.167413545168E-02));
#3649 = CARTESIAN_POINT('',(-10.51908810608,0.247377795124));
#3650 = CARTESIAN_POINT('',(-10.50378200943,0.482809740872));
#3651 = CARTESIAN_POINT('',(-10.48231568342,0.71777622614));
#3652 = CARTESIAN_POINT('',(-10.45470676527,0.952084197222));
#3653 = CARTESIAN_POINT('',(-10.42098047607,1.185541293273));
#3654 = CARTESIAN_POINT('',(-10.34932093358,1.603887535906));
#3655 = CARTESIAN_POINT('',(-10.31357808102,1.789152283857));
#3656 = CARTESIAN_POINT('',(-10.27395786292,1.973652053486));
#3657 = CARTESIAN_POINT('',(-10.23048011455,2.157289526795));
#3658 = CARTESIAN_POINT('',(-10.18316770665,2.339968104451));
#3659 = CARTESIAN_POINT('',(-10.13204654538,2.52159190579));
#3660 = CARTESIAN_POINT('',(-10.00302929731,2.945705388825));
#3661 = CARTESIAN_POINT('',(-9.922024119408,3.18724983172));
#3662 = CARTESIAN_POINT('',(-9.834201400991,3.426464652132));
#3663 = CARTESIAN_POINT('',(-9.739642125489,3.663119248945));
#3664 = CARTESIAN_POINT('',(-9.638436897375,3.896986865295));
#3665 = CARTESIAN_POINT('',(-9.530685942169,4.127844588565));
#3666 = CARTESIAN_POINT('',(-9.323457958655,4.540948701094));
#3667 = CARTESIAN_POINT('',(-9.226143687405,4.724280674764));
#3668 = CARTESIAN_POINT('',(-9.124615685632,4.905350899831));
#3669 = CARTESIAN_POINT('',(-9.018937277301,5.08404332953));
#3670 = CARTESIAN_POINT('',(-8.909175717395,5.260244241891));
#3671 = CARTESIAN_POINT('',(-8.79540219192,5.433842239747));
#3672 = CARTESIAN_POINT('',(-8.522528234289,5.829986976564));
#3673 = CARTESIAN_POINT('',(-8.360523437959,6.050534072718));
#3674 = CARTESIAN_POINT('',(-8.191849818895,6.266119383468));
#3675 = CARTESIAN_POINT('',(-8.016690363682,6.476501575583));
#3676 = CARTESIAN_POINT('',(-7.835238655503,6.681448138322));
#3677 = CARTESIAN_POINT('',(-7.647698874145,6.880735383433));
#3678 = CARTESIAN_POINT('',(-7.260872734272,7.267561523307));
#3679 = CARTESIAN_POINT('',(-7.061585489161,7.455101304665));
#3680 = CARTESIAN_POINT('',(-6.856638926422,7.636553012843));
#3681 = CARTESIAN_POINT('',(-6.646256734306,7.811712468057));
#3682 = CARTESIAN_POINT('',(-6.430671423556,7.980386087121));
#3683 = CARTESIAN_POINT('',(-6.210124327402,8.142390883451));
#3684 = CARTESIAN_POINT('',(-5.75960688891,8.45271806981));
#3685 = CARTESIAN_POINT('',(-5.529635513998,8.601041171101));
#3686 = CARTESIAN_POINT('',(-5.29520170425,8.742351485043));
#3687 = CARTESIAN_POINT('',(-5.056562443359,8.876488745607));
#3688 = CARTESIAN_POINT('',(-4.813981471288,9.003304706624));
#3689 = CARTESIAN_POINT('',(-4.567729284269,9.122663141786));
#3690 = CARTESIAN_POINT('',(-4.068436994839,9.346216568721));
#3691 = CARTESIAN_POINT('',(-3.815395748062,9.450412072872));
#3692 = CARTESIAN_POINT('',(-3.559236698631,9.54690226602));
#3693 = CARTESIAN_POINT('',(-3.300241617053,9.635576102231));
#3694 = CARTESIAN_POINT('',(-3.03869674019,9.716335580724));
#3695 = CARTESIAN_POINT('',(-2.774892771258,9.789095745867));
#3696 = CARTESIAN_POINT('',(-2.243356993888,9.918473651067));
#3697 = CARTESIAN_POINT('',(-1.975623967183,9.975091687655));
#3698 = CARTESIAN_POINT('',(-1.706220999171,10.023567009273));
#3699 = CARTESIAN_POINT('',(-1.435445317872,10.063841466771));
#3700 = CARTESIAN_POINT('',(-1.16359617986,10.095870549518));
#3701 = CARTESIAN_POINT('',(-0.890974870269,10.119623385405));
#3702 = CARTESIAN_POINT('',(-0.344794536622,10.150542119472));
#3703 = CARTESIAN_POINT('',(-7.123426073488E-02,10.157708088519));
#3704 = CARTESIAN_POINT('',(0.202492804039,10.156563540583));
#3705 = CARTESIAN_POINT('',(0.476083813268,10.147105148591));
#3706 = CARTESIAN_POINT('',(0.749236398925,10.129343365794));
#3707 = CARTESIAN_POINT('',(1.021648669387,10.103302425766));
#3708 = CARTESIAN_POINT('',(1.545674590084,10.037102552832));
#3709 = CARTESIAN_POINT('',(1.797427947938,9.998041017394));
#3710 = CARTESIAN_POINT('',(2.048036154831,9.951866491812));
#3711 = CARTESIAN_POINT('',(2.29725824731,9.898619863779));
#3712 = CARTESIAN_POINT('',(2.544855426631,9.838352152963));
#3713 = CARTESIAN_POINT('',(2.790591058758,9.771124510999));
#3714 = CARTESIAN_POINT('',(3.295917624983,9.617401870483));
#3715 = CARTESIAN_POINT('',(3.555187618587,9.529848195104));
#3716 = CARTESIAN_POINT('',(3.811750021699,9.434435673449));
#3717 = CARTESIAN_POINT('',(4.065319397348,9.331265555472));
#3718 = CARTESIAN_POINT('',(4.315615505066,9.220451862995));
#3719 = CARTESIAN_POINT('',(4.562363300896,9.102121389705));
#3720 = CARTESIAN_POINT('',(5.048222584551,8.850706033244));
#3721 = CARTESIAN_POINT('',(5.287335185955,8.717620573836));
#3722 = CARTESIAN_POINT('',(5.522360952232,8.577297000744));
#3723 = CARTESIAN_POINT('',(5.753037518836,8.429886610575));
#3724 = CARTESIAN_POINT('',(5.979109946035,8.275552318728));
#3725 = CARTESIAN_POINT('',(6.200330718914,8.114468659399));
#3726 = CARTESIAN_POINT('',(6.625136084219,7.784955838557));
#3727 = CARTESIAN_POINT('',(6.829066657336,7.616970831427));
#3728 = CARTESIAN_POINT('',(7.028035485461,7.443034361227));
#3729 = CARTESIAN_POINT('',(7.221834735135,7.263322811509));
#3730 = CARTESIAN_POINT('',(7.410264720697,7.078021352334));
#3731 = CARTESIAN_POINT('',(7.593133904289,6.887323940279));
#3732 = CARTESIAN_POINT('',(7.953709777482,6.488546637561));
#3733 = CARTESIAN_POINT('',(8.130999636205,6.280088292442));
#3734 = CARTESIAN_POINT('',(8.301924762694,6.066283668745));
#3735 = CARTESIAN_POINT('',(8.466292474115,5.847366431068));
#3736 = CARTESIAN_POINT('',(8.623921114131,5.623578522936));
#3737 = CARTESIAN_POINT('',(8.7746400529,5.395170166801));
#3738 = CARTESIAN_POINT('',(9.061939341031,4.929629573492));
#3739 = CARTESIAN_POINT('',(9.198520348876,4.692496269311));
#3740 = CARTESIAN_POINT('',(9.32787321483,4.451258519262));
#3741 = CARTESIAN_POINT('',(9.449850787259,4.206181034914));
#3742 = CARTESIAN_POINT('',(9.564318258669,3.957534671641));
#3743 = CARTESIAN_POINT('',(9.671153165711,3.705596428627));
#3744 = CARTESIAN_POINT('',(9.862503700856,3.213284981026));
#3745 = CARTESIAN_POINT('',(9.948050822556,2.973311551851));
#3746 = CARTESIAN_POINT('',(10.026798011371,2.730957594944));
#3747 = CARTESIAN_POINT('',(10.098666464516,2.486454465682));
#3748 = CARTESIAN_POINT('',(10.16358731933,2.240036441209));
#3749 = CARTESIAN_POINT('',(10.221501653278,1.991940720439));
#3750 = CARTESIAN_POINT('',(10.32698664439,1.474390234603));
#3751 = CARTESIAN_POINT('',(10.373473545631,1.204713495396));
#3752 = CARTESIAN_POINT('',(10.411760577131,0.933674901837));
#3753 = CARTESIAN_POINT('',(10.441800833634,0.661573662408));
#3754 = CARTESIAN_POINT('',(10.463561115171,0.388710498666));
#3755 = CARTESIAN_POINT('',(10.477021927059,0.115387645251));
#3756 = CARTESIAN_POINT('',(10.487333055975,-0.43156994506));
#3757 = CARTESIAN_POINT('',(10.484183396635,-0.705205935569));
#3758 = CARTESIAN_POINT('',(10.472722838858,-0.978695371553));
#3759 = CARTESIAN_POINT('',(10.452959472198,-1.251735498363));
#3760 = CARTESIAN_POINT('',(10.424915138784,-1.524024556797));
#3761 = CARTESIAN_POINT('',(10.388625433321,-1.795261783101));
#3762 = CARTESIAN_POINT('',(10.299653995787,-2.335033038618));
#3763 = CARTESIAN_POINT('',(10.246972059796,-2.603568304972));
#3764 = CARTESIAN_POINT('',(10.186143367112,-2.870453460284));
#3765 = CARTESIAN_POINT('',(10.117230734256,-3.135392227819));
#3766 = CARTESIAN_POINT('',(10.040310322272,-3.398091801857));
#3767 = CARTESIAN_POINT('',(9.955471636727,-3.658262847692));
#3768 = CARTESIAN_POINT('',(9.779748319559,-4.146353121364));
#3769 = CARTESIAN_POINT('',(9.69039675126,-4.374825338396));
#3770 = CARTESIAN_POINT('',(9.59483696379,-4.600830315153));
#3771 = CARTESIAN_POINT('',(9.493151206221,-4.824165905718));
#3772 = CARTESIAN_POINT('',(9.385429835725,-5.044633655828));
#3773 = CARTESIAN_POINT('',(9.271771317569,-5.262038802877));
#3774 = CARTESIAN_POINT('',(9.019005981733,-5.715051478694));
#3775 = CARTESIAN_POINT('',(8.87847548365,-5.94986577716));
#3776 = CARTESIAN_POINT('',(8.730838814049,-6.180367902462));
#3777 = CARTESIAN_POINT('',(8.57625543595,-6.406300371854));
#3778 = CARTESIAN_POINT('',(8.414896192215,-6.627413488699));
#3779 = CARTESIAN_POINT('',(8.246943305548,-6.843465342465));
#3780 = CARTESIAN_POINT('',(7.898237469347,-7.264978289809));
#3781 = CARTESIAN_POINT('',(7.717483720588,-7.470440349482));
#3782 = CARTESIAN_POINT('',(7.530522832154,-7.670373943897));
#3783 = CARTESIAN_POINT('',(7.337558284546,-7.8645547485));
#3784 = CARTESIAN_POINT('',(7.138803338827,-8.052768158043));
#3785 = CARTESIAN_POINT('',(6.934481036625,-8.234809286579));
#3786 = CARTESIAN_POINT('',(5.922471540498,-9.082783606969));
#3787 = CARTESIAN_POINT('',(5.041589024718,-9.662159015147));
#3788 = CARTESIAN_POINT('',(4.095776242496,-10.13696489367));
#3789 = CARTESIAN_POINT('',(3.099998249225,-10.49900485403));
#3790 = CARTESIAN_POINT('',(2.070094030667,-10.74252023733));
#3791 = CARTESIAN_POINT('',(1.022798349419,-10.86418217154));
#3792 = CARTESIAN_POINT('',(-2.398622264029E-02,-10.86418155732));
#3793 = ( GEOMETRIC_REPRESENTATION_CONTEXT(2) 
PARAMETRIC_REPRESENTATION_CONTEXT() REPRESENTATION_CONTEXT('2D SPACE',''
  ) );
#3794 = PCURVE('',#3134,#3795);
#3795 = DEFINITIONAL_REPRESENTATION('',(#3796),#3997);
#3796 = B_SPLINE_CURVE_WITH_KNOTS('',7,(#3797,#3798,#3799,#3800,#3801,
    #3802,#3803,#3804,#3805,#3806,#3807,#3808,#3809,#3810,#3811,#3812,
    #3813,#3814,#3815,#3816,#3817,#3818,#3819,#3820,#3821,#3822,#3823,
    #3824,#3825,#3826,#3827,#3828,#3829,#3830,#3831,#3832,#3833,#3834,
    #3835,#3836,#3837,#3838,#3839,#3840,#3841,#3842,#3843,#3844,#3845,
    #3846,#3847,#3848,#3849,#3850,#3851,#3852,#3853,#3854,#3855,#3856,
    #3857,#3858,#3859,#3860,#3861,#3862,#3863,#3864,#3865,#3866,#3867,
    #3868,#3869,#3870,#3871,#3872,#3873,#3874,#3875,#3876,#3877,#3878,
    #3879,#3880,#3881,#3882,#3883,#3884,#3885,#3886,#3887,#3888,#3889,
    #3890,#3891,#3892,#3893,#3894,#3895,#3896,#3897,#3898,#3899,#3900,
    #3901,#3902,#3903,#3904,#3905,#3906,#3907,#3908,#3909,#3910,#3911,
    #3912,#3913,#3914,#3915,#3916,#3917,#3918,#3919,#3920,#3921,#3922,
    #3923,#3924,#3925,#3926,#3927,#3928,#3929,#3930,#3931,#3932,#3933,
    #3934,#3935,#3936,#3937,#3938,#3939,#3940,#3941,#3942,#3943,#3944,
    #3945,#3946,#3947,#3948,#3949,#3950,#3951,#3952,#3953,#3954,#3955,
    #3956,#3957,#3958,#3959,#3960,#3961,#3962,#3963,#3964,#3965,#3966,
    #3967,#3968,#3969,#3970,#3971,#3972,#3973,#3974,#3975,#3976,#3977,
    #3978,#3979,#3980,#3981,#3982,#3983,#3984,#3985,#3986,#3987,#3988,
    #3989,#3990,#3991,#3992,#3993,#3994,#3995,#3996),.UNSPECIFIED.,.F.,
  .F.,(8,6,6,6,6,6,6,6,6,6,6,6,6,6,6,6,6,6,6,6,6,6,6,6,6,6,6,6,6,6,6,6,6
    ,8),(0.,2.800049281667E-02,5.700100323498E-02,8.600151365332E-02,
    0.11400200647,0.138002428882,0.165002904097,0.194003414515,
    0.223003924934,0.252004435352,0.277004875365,0.297005227374,
    0.32400570259,0.3460060898,0.375006600219,0.404007110637,
    0.433007621055,0.462008131474,0.491008641892,0.520009152311,
    0.547009627526,0.576010137944,0.605010648363,0.63301114118,
    0.662011651598,0.691012162016,0.718012637232,0.74701314765,
    0.776013658069,0.805014168487,0.831014626101,0.86001513652,
    0.889015646938,1.),.UNSPECIFIED.);
#3797 = CARTESIAN_POINT('',(6.28318530718,0.445479466637));
#3798 = CARTESIAN_POINT('',(6.258052565947,0.445479466637));
#3799 = CARTESIAN_POINT('',(6.232919824718,0.445479466637));
#3800 = CARTESIAN_POINT('',(6.207787083492,0.445479466637));
#3801 = CARTESIAN_POINT('',(6.182654342266,0.445479466637));
#3802 = CARTESIAN_POINT('',(6.15752160104,0.445479466637));
#3803 = CARTESIAN_POINT('',(6.132388859811,0.445479466637));
#3804 = CARTESIAN_POINT('',(6.081225779444,0.445479466637));
#3805 = CARTESIAN_POINT('',(6.055195440314,0.445479466637));
#3806 = CARTESIAN_POINT('',(6.029165101187,0.445479466637));
#3807 = CARTESIAN_POINT('',(6.003134762062,0.445479466637));
#3808 = CARTESIAN_POINT('',(5.977104422935,0.445479466637));
#3809 = CARTESIAN_POINT('',(5.951074083805,0.445479466637));
#3810 = CARTESIAN_POINT('',(5.899013405536,0.445479466637));
#3811 = CARTESIAN_POINT('',(5.872983066406,0.445479466637));
#3812 = CARTESIAN_POINT('',(5.846952727279,0.445479466637));
#3813 = CARTESIAN_POINT('',(5.820922388153,0.445479466637));
#3814 = CARTESIAN_POINT('',(5.794892049027,0.445479466637));
#3815 = CARTESIAN_POINT('',(5.768861709897,0.445479466637));
#3816 = CARTESIAN_POINT('',(5.71769862953,0.445479466637));
#3817 = CARTESIAN_POINT('',(5.692565888301,0.445479466637));
#3818 = CARTESIAN_POINT('',(5.667433147074,0.445479466637));
#3819 = CARTESIAN_POINT('',(5.642300405849,0.445479466637));
#3820 = CARTESIAN_POINT('',(5.617167664622,0.445479466637));
#3821 = CARTESIAN_POINT('',(5.592034923394,0.445479466637));
#3822 = CARTESIAN_POINT('',(5.545359832535,0.445479466637));
#3823 = CARTESIAN_POINT('',(5.523817482911,0.445479466637));
#3824 = CARTESIAN_POINT('',(5.502275133287,0.445479466637));
#3825 = CARTESIAN_POINT('',(5.480732783663,0.445479466637));
#3826 = CARTESIAN_POINT('',(5.459190434039,0.445479466637));
#3827 = CARTESIAN_POINT('',(5.437648084415,0.445479466637));
#3828 = CARTESIAN_POINT('',(5.391870591458,0.445479466637));
#3829 = CARTESIAN_POINT('',(5.36763544813,0.445479466637));
#3830 = CARTESIAN_POINT('',(5.343400304805,0.445479466637));
#3831 = CARTESIAN_POINT('',(5.319165161479,0.445479466637));
#3832 = CARTESIAN_POINT('',(5.294930018153,0.445479466637));
#3833 = CARTESIAN_POINT('',(5.270694874826,0.445479466637));
#3834 = CARTESIAN_POINT('',(5.22042939236,0.445479466637));
#3835 = CARTESIAN_POINT('',(5.194399053231,0.445479466637));
#3836 = CARTESIAN_POINT('',(5.168368714104,0.445479466637));
#3837 = CARTESIAN_POINT('',(5.142338374978,0.445479466637));
#3838 = CARTESIAN_POINT('',(5.116308035851,0.445479466637));
#3839 = CARTESIAN_POINT('',(5.090277696722,0.445479466637));
#3840 = CARTESIAN_POINT('',(5.038217018452,0.445479466637));
#3841 = CARTESIAN_POINT('',(5.012186679322,0.445479466637));
#3842 = CARTESIAN_POINT('',(4.986156340196,0.445479466637));
#3843 = CARTESIAN_POINT('',(4.96012600107,0.445479466637));
#3844 = CARTESIAN_POINT('',(4.934095661943,0.445479466637));
#3845 = CARTESIAN_POINT('',(4.908065322813,0.445479466637));
#3846 = CARTESIAN_POINT('',(4.856004644544,0.445479466637));
#3847 = CARTESIAN_POINT('',(4.829974305414,0.445479466637));
#3848 = CARTESIAN_POINT('',(4.803943966287,0.445479466637));
#3849 = CARTESIAN_POINT('',(4.777913627162,0.445479466637));
#3850 = CARTESIAN_POINT('',(4.751883288035,0.445479466637));
#3851 = CARTESIAN_POINT('',(4.725852948905,0.445479466637));
#3852 = CARTESIAN_POINT('',(4.677382662243,0.445479466637));
#3853 = CARTESIAN_POINT('',(4.654942714717,0.445479466637));
#3854 = CARTESIAN_POINT('',(4.632502767193,0.445479466637));
#3855 = CARTESIAN_POINT('',(4.610062819669,0.445479466637));
#3856 = CARTESIAN_POINT('',(4.587622872144,0.445479466637));
#3857 = CARTESIAN_POINT('',(4.565182924618,0.445479466637));
#3858 = CARTESIAN_POINT('',(4.52479101907,0.445479466637));
#3859 = CARTESIAN_POINT('',(4.50683906105,0.445479466637));
#3860 = CARTESIAN_POINT('',(4.488887103029,0.445479466637));
#3861 = CARTESIAN_POINT('',(4.470935145009,0.445479466637));
#3862 = CARTESIAN_POINT('',(4.452983186989,0.445479466637));
#3863 = CARTESIAN_POINT('',(4.435031228968,0.445479466637));
#3864 = CARTESIAN_POINT('',(4.392844127617,0.445479466637));
#3865 = CARTESIAN_POINT('',(4.368608984289,0.445479466637));
#3866 = CARTESIAN_POINT('',(4.344373840963,0.445479466637));
#3867 = CARTESIAN_POINT('',(4.320138697638,0.445479466637));
#3868 = CARTESIAN_POINT('',(4.295903554312,0.445479466637));
#3869 = CARTESIAN_POINT('',(4.271668410984,0.445479466637));
#3870 = CARTESIAN_POINT('',(4.22768611383,0.445479466637));
#3871 = CARTESIAN_POINT('',(4.207938960008,0.445479466637));
#3872 = CARTESIAN_POINT('',(4.188191806186,0.445479466637));
#3873 = CARTESIAN_POINT('',(4.168444652364,0.445479466637));
#3874 = CARTESIAN_POINT('',(4.148697498541,0.445479466637));
#3875 = CARTESIAN_POINT('',(4.128950344719,0.445479466637));
#3876 = CARTESIAN_POINT('',(4.083172851761,0.445479466637));
#3877 = CARTESIAN_POINT('',(4.057142512631,0.445479466637));
#3878 = CARTESIAN_POINT('',(4.031112173504,0.445479466637));
#3879 = CARTESIAN_POINT('',(4.005081834379,0.445479466637));
#3880 = CARTESIAN_POINT('',(3.979051495252,0.445479466637));
#3881 = CARTESIAN_POINT('',(3.953021156122,0.445479466637));
#3882 = CARTESIAN_POINT('',(3.900960477853,0.445479466637));
#3883 = CARTESIAN_POINT('',(3.874930138723,0.445479466637));
#3884 = CARTESIAN_POINT('',(3.848899799596,0.445479466637));
#3885 = CARTESIAN_POINT('',(3.82286946047,0.445479466637));
#3886 = CARTESIAN_POINT('',(3.796839121344,0.445479466637));
#3887 = CARTESIAN_POINT('',(3.770808782214,0.445479466637));
#3888 = CARTESIAN_POINT('',(3.718748103944,0.445479466637));
#3889 = CARTESIAN_POINT('',(3.692717764815,0.445479466637));
#3890 = CARTESIAN_POINT('',(3.666687425688,0.445479466637));
#3891 = CARTESIAN_POINT('',(3.640657086562,0.445479466637));
#3892 = CARTESIAN_POINT('',(3.614626747435,0.445479466637));
#3893 = CARTESIAN_POINT('',(3.588596408306,0.445479466637));
#3894 = CARTESIAN_POINT('',(3.536535730036,0.445479466637));
#3895 = CARTESIAN_POINT('',(3.510505390907,0.445479466637));
#3896 = CARTESIAN_POINT('',(3.48447505178,0.445479466637));
#3897 = CARTESIAN_POINT('',(3.458444712654,0.445479466637));
#3898 = CARTESIAN_POINT('',(3.432414373527,0.445479466637));
#3899 = CARTESIAN_POINT('',(3.406384034397,0.445479466637));
#3900 = CARTESIAN_POINT('',(3.354323356128,0.445479466637));
#3901 = CARTESIAN_POINT('',(3.328293016998,0.445479466637));
#3902 = CARTESIAN_POINT('',(3.302262677872,0.445479466637));
#3903 = CARTESIAN_POINT('',(3.276232338746,0.445479466637));
#3904 = CARTESIAN_POINT('',(3.250201999619,0.445479466637));
#3905 = CARTESIAN_POINT('',(3.224171660489,0.445479466637));
#3906 = CARTESIAN_POINT('',(3.17211098222,0.445479466637));
#3907 = CARTESIAN_POINT('',(3.14608064309,0.445479466637));
#3908 = CARTESIAN_POINT('',(3.120050303963,0.445479466637));
#3909 = CARTESIAN_POINT('',(3.094019964838,0.445479466637));
#3910 = CARTESIAN_POINT('',(3.067989625711,0.445479466637));
#3911 = CARTESIAN_POINT('',(3.041959286581,0.445479466637));
#3912 = CARTESIAN_POINT('',(2.991693804116,0.445479466637));
#3913 = CARTESIAN_POINT('',(2.967458660788,0.445479466637));
#3914 = CARTESIAN_POINT('',(2.943223517462,0.445479466637));
#3915 = CARTESIAN_POINT('',(2.918988374137,0.445479466637));
#3916 = CARTESIAN_POINT('',(2.894753230811,0.445479466637));
#3917 = CARTESIAN_POINT('',(2.870518087483,0.445479466637));
#3918 = CARTESIAN_POINT('',(2.820252605018,0.445479466637));
#3919 = CARTESIAN_POINT('',(2.794222265888,0.445479466637));
#3920 = CARTESIAN_POINT('',(2.768191926761,0.445479466637));
#3921 = CARTESIAN_POINT('',(2.742161587635,0.445479466637));
#3922 = CARTESIAN_POINT('',(2.716131248509,0.445479466637));
#3923 = CARTESIAN_POINT('',(2.690100909379,0.445479466637));
#3924 = CARTESIAN_POINT('',(2.63804023111,0.445479466637));
#3925 = CARTESIAN_POINT('',(2.61200989198,0.445479466637));
#3926 = CARTESIAN_POINT('',(2.585979552853,0.445479466637));
#3927 = CARTESIAN_POINT('',(2.559949213727,0.445479466637));
#3928 = CARTESIAN_POINT('',(2.533918874601,0.445479466637));
#3929 = CARTESIAN_POINT('',(2.507888535471,0.445479466637));
#3930 = CARTESIAN_POINT('',(2.456725455103,0.445479466637));
#3931 = CARTESIAN_POINT('',(2.431592713875,0.445479466637));
#3932 = CARTESIAN_POINT('',(2.406459972648,0.445479466637));
#3933 = CARTESIAN_POINT('',(2.381327231423,0.445479466637));
#3934 = CARTESIAN_POINT('',(2.356194490196,0.445479466637));
#3935 = CARTESIAN_POINT('',(2.331061748968,0.445479466637));
#3936 = CARTESIAN_POINT('',(2.2798986686,0.445479466637));
#3937 = CARTESIAN_POINT('',(2.253868329471,0.445479466637));
#3938 = CARTESIAN_POINT('',(2.227837990344,0.445479466637));
#3939 = CARTESIAN_POINT('',(2.201807651218,0.445479466637));
#3940 = CARTESIAN_POINT('',(2.175777312091,0.445479466637));
#3941 = CARTESIAN_POINT('',(2.149746972962,0.445479466637));
#3942 = CARTESIAN_POINT('',(2.097686294692,0.445479466637));
#3943 = CARTESIAN_POINT('',(2.071655955562,0.445479466637));
#3944 = CARTESIAN_POINT('',(2.045625616436,0.445479466637));
#3945 = CARTESIAN_POINT('',(2.01959527731,0.445479466637));
#3946 = CARTESIAN_POINT('',(1.993564938183,0.445479466637));
#3947 = CARTESIAN_POINT('',(1.967534599053,0.445479466637));
#3948 = CARTESIAN_POINT('',(1.917269116588,0.445479466637));
#3949 = CARTESIAN_POINT('',(1.89303397326,0.445479466637));
#3950 = CARTESIAN_POINT('',(1.868798829934,0.445479466637));
#3951 = CARTESIAN_POINT('',(1.844563686609,0.445479466637));
#3952 = CARTESIAN_POINT('',(1.820328543283,0.445479466637));
#3953 = CARTESIAN_POINT('',(1.796093399955,0.445479466637));
#3954 = CARTESIAN_POINT('',(1.74582791749,0.445479466637));
#3955 = CARTESIAN_POINT('',(1.71979757836,0.445479466637));
#3956 = CARTESIAN_POINT('',(1.693767239234,0.445479466637));
#3957 = CARTESIAN_POINT('',(1.667736900108,0.445479466637));
#3958 = CARTESIAN_POINT('',(1.641706560981,0.445479466637));
#3959 = CARTESIAN_POINT('',(1.615676221851,0.445479466637));
#3960 = CARTESIAN_POINT('',(1.563615543582,0.445479466637));
#3961 = CARTESIAN_POINT('',(1.537585204452,0.445479466637));
#3962 = CARTESIAN_POINT('',(1.511554865325,0.445479466637));
#3963 = CARTESIAN_POINT('',(1.4855245262,0.445479466637));
#3964 = CARTESIAN_POINT('',(1.459494187073,0.445479466637));
#3965 = CARTESIAN_POINT('',(1.433463847943,0.445479466637));
#3966 = CARTESIAN_POINT('',(1.381403169674,0.445479466637));
#3967 = CARTESIAN_POINT('',(1.355372830544,0.445479466637));
#3968 = CARTESIAN_POINT('',(1.329342491417,0.445479466637));
#3969 = CARTESIAN_POINT('',(1.303312152291,0.445479466637));
#3970 = CARTESIAN_POINT('',(1.277281813165,0.445479466637));
#3971 = CARTESIAN_POINT('',(1.251251474035,0.445479466637));
#3972 = CARTESIAN_POINT('',(1.201883589471,0.445479466637));
#3973 = CARTESIAN_POINT('',(1.178546044044,0.445479466637));
#3974 = CARTESIAN_POINT('',(1.155208498619,0.445479466637));
#3975 = CARTESIAN_POINT('',(1.131870953194,0.445479466637));
#3976 = CARTESIAN_POINT('',(1.108533407769,0.445479466637));
#3977 = CARTESIAN_POINT('',(1.085195862342,0.445479466637));
#3978 = CARTESIAN_POINT('',(1.035827977779,0.445479466637));
#3979 = CARTESIAN_POINT('',(1.009797638649,0.445479466637));
#3980 = CARTESIAN_POINT('',(0.983767299522,0.445479466637));
#3981 = CARTESIAN_POINT('',(0.957736960396,0.445479466637));
#3982 = CARTESIAN_POINT('',(0.93170662127,0.445479466637));
#3983 = CARTESIAN_POINT('',(0.90567628214,0.445479466637));
#3984 = CARTESIAN_POINT('',(0.853615603871,0.445479466637));
#3985 = CARTESIAN_POINT('',(0.827585264741,0.445479466637));
#3986 = CARTESIAN_POINT('',(0.801554925614,0.445479466637));
#3987 = CARTESIAN_POINT('',(0.775524586488,0.445479466637));
#3988 = CARTESIAN_POINT('',(0.749494247361,0.445479466637));
#3989 = CARTESIAN_POINT('',(0.723463908232,0.445479466637));
#3990 = CARTESIAN_POINT('',(0.597816000055,0.445479466637));
#3991 = CARTESIAN_POINT('',(0.498149716935,0.445479466637));
#3992 = CARTESIAN_POINT('',(0.39852400687,0.445479466637));
#3993 = CARTESIAN_POINT('',(0.298909562227,0.445479466637));
#3994 = CARTESIAN_POINT('',(0.199283852162,0.445479466637));
#3995 = CARTESIAN_POINT('',(9.96175690417E-02,0.445479466637));
#3996 = CARTESIAN_POINT('',(0.,0.445479466637));
#3997 = ( GEOMETRIC_REPRESENTATION_CONTEXT(2) 
PARAMETRIC_REPRESENTATION_CONTEXT() REPRESENTATION_CONTEXT('2D SPACE',''
  ) );
#3998 = ORIENTED_EDGE('',*,*,#3999,.F.);
#3999 = EDGE_CURVE('',#1388,#3386,#4000,.T.);
#4000 = SURFACE_CURVE('',#4001,(#4013,#4028),.PCURVE_S1.);
#4001 = B_SPLINE_CURVE_WITH_KNOTS('',3,(#4002,#4003,#4004,#4005,#4006,
    #4007,#4008,#4009,#4010,#4011,#4012),.UNSPECIFIED.,.F.,.F.,(4,1,1,1,
    1,1,1,1,4),(0.,1.,2.,3.,4.,5.,6.,7.,8.),.QUASI_UNIFORM_KNOTS.);
#4002 = CARTESIAN_POINT('',(-11.51610734792,-2.550155494847,15.));
#4003 = CARTESIAN_POINT('',(-11.12466323259,-3.470357377354,15.));
#4004 = CARTESIAN_POINT('',(-11.33319862674,-5.000006683116,15.));
#4005 = CARTESIAN_POINT('',(-6.707238656892,-8.781740004332,15.));
#4006 = CARTESIAN_POINT('',(-3.002605039896,-5.276354018084,15.));
#4007 = CARTESIAN_POINT('',(2.353687460231E-31,-6.944589321384,15.));
#4008 = CARTESIAN_POINT('',(3.002322612862,-5.426221898997,15.));
#4009 = CARTESIAN_POINT('',(7.100108531903,-8.661377030209,15.));
#4010 = CARTESIAN_POINT('',(10.973346020556,-5.427831856316,15.));
#4011 = CARTESIAN_POINT('',(11.446100000006,-3.00000000001,15.));
#4012 = CARTESIAN_POINT('',(11.675,-2.,15.));
#4013 = PCURVE('',#100,#4014);
#4014 = DEFINITIONAL_REPRESENTATION('',(#4015),#4027);
#4015 = B_SPLINE_CURVE_WITH_KNOTS('',3,(#4016,#4017,#4018,#4019,#4020,
    #4021,#4022,#4023,#4024,#4025,#4026),.UNSPECIFIED.,.F.,.F.,(4,1,1,1,
    1,1,1,1,4),(0.,1.,2.,3.,4.,5.,6.,7.,8.),.QUASI_UNIFORM_KNOTS.);
#4016 = CARTESIAN_POINT('',(-11.54009357056,-2.906306623043));
#4017 = CARTESIAN_POINT('',(-11.14864945523,-3.826508505551));
#4018 = CARTESIAN_POINT('',(-11.35718484938,-5.356157811312));
#4019 = CARTESIAN_POINT('',(-6.731224879532,-9.137891132528));
#4020 = CARTESIAN_POINT('',(-3.026591262537,-5.63250514628));
#4021 = CARTESIAN_POINT('',(-2.398622264029E-02,-7.30074044958));
#4022 = CARTESIAN_POINT('',(2.978336390221,-5.782373027193));
#4023 = CARTESIAN_POINT('',(7.076122309263,-9.017528158405));
#4024 = CARTESIAN_POINT('',(10.949359797916,-5.783982984512));
#4025 = CARTESIAN_POINT('',(11.422113777365,-3.356151128206));
#4026 = CARTESIAN_POINT('',(11.65101377736,-2.356151128196));
#4027 = ( GEOMETRIC_REPRESENTATION_CONTEXT(2) 
PARAMETRIC_REPRESENTATION_CONTEXT() REPRESENTATION_CONTEXT('2D SPACE',''
  ) );
#4028 = PCURVE('',#214,#4029);
#4029 = DEFINITIONAL_REPRESENTATION('',(#4030),#4034);
#4030 = LINE('',#4031,#4032);
#4031 = CARTESIAN_POINT('',(0.,-12.));
#4032 = VECTOR('',#4033,1.);
#4033 = DIRECTION('',(1.,0.));
#4034 = ( GEOMETRIC_REPRESENTATION_CONTEXT(2) 
PARAMETRIC_REPRESENTATION_CONTEXT() REPRESENTATION_CONTEXT('2D SPACE',''
  ) );
#4035 = ADVANCED_FACE('',(#4036),#72,.T.);
#4036 = FACE_BOUND('',#4037,.T.);
#4037 = EDGE_LOOP('',(#4038,#4039,#4040,#4067));
#4038 = ORIENTED_EDGE('',*,*,#57,.F.);
#4039 = ORIENTED_EDGE('',*,*,#1387,.F.);
#4040 = ORIENTED_EDGE('',*,*,#4041,.T.);
#4041 = EDGE_CURVE('',#1388,#140,#4042,.T.);
#4042 = SURFACE_CURVE('',#4043,(#4049,#4058),.PCURVE_S1.);
#4043 = B_SPLINE_CURVE_WITH_KNOTS('',4,(#4044,#4045,#4046,#4047,#4048),
  .UNSPECIFIED.,.F.,.F.,(5,5),(0.,1.),.PIECEWISE_BEZIER_KNOTS.);
#4044 = CARTESIAN_POINT('',(-10.67318188674,-5.,15.000093068917));
#4045 = CARTESIAN_POINT('',(-10.67318188674,-5.,12.000046534459));
#4046 = CARTESIAN_POINT('',(-10.67318188674,-5.,9.));
#4047 = CARTESIAN_POINT('',(-10.67318188674,-5.,5.999953465541));
#4048 = CARTESIAN_POINT('',(-10.67318188674,-5.,2.999906931083));
#4049 = PCURVE('',#72,#4050);
#4050 = DEFINITIONAL_REPRESENTATION('',(#4051),#4057);
#4051 = B_SPLINE_CURVE_WITH_KNOTS('',4,(#4052,#4053,#4054,#4055,#4056),
  .UNSPECIFIED.,.F.,.F.,(5,5),(0.,1.),.PIECEWISE_BEZIER_KNOTS.);
#4052 = CARTESIAN_POINT('',(15.000093068917,3.326818113257));
#4053 = CARTESIAN_POINT('',(12.000046534459,3.326818113257));
#4054 = CARTESIAN_POINT('',(9.,3.326818113257));
#4055 = CARTESIAN_POINT('',(5.999953465541,3.326818113257));
#4056 = CARTESIAN_POINT('',(2.999906931083,3.326818113257));
#4057 = ( GEOMETRIC_REPRESENTATION_CONTEXT(2) 
PARAMETRIC_REPRESENTATION_CONTEXT() REPRESENTATION_CONTEXT('2D SPACE',''
  ) );
#4058 = PCURVE('',#214,#4059);
#4059 = DEFINITIONAL_REPRESENTATION('',(#4060),#4066);
#4060 = B_SPLINE_CURVE_WITH_KNOTS('',4,(#4061,#4062,#4063,#4064,#4065),
  .UNSPECIFIED.,.F.,.F.,(5,5),(0.,1.),.PIECEWISE_BEZIER_KNOTS.);
#4061 = CARTESIAN_POINT('',(0.916790297527,-12.00009306891));
#4062 = CARTESIAN_POINT('',(0.916790297527,-9.000046534459));
#4063 = CARTESIAN_POINT('',(0.916790297527,-6.));
#4064 = CARTESIAN_POINT('',(0.916790297527,-2.999953465541));
#4065 = CARTESIAN_POINT('',(0.916790297527,9.306891744565E-05));
#4066 = ( GEOMETRIC_REPRESENTATION_CONTEXT(2) 
PARAMETRIC_REPRESENTATION_CONTEXT() REPRESENTATION_CONTEXT('2D SPACE',''
  ) );
#4067 = ORIENTED_EDGE('',*,*,#139,.T.);
#4068 = ADVANCED_FACE('',(#4069),#214,.T.);
#4069 = FACE_BOUND('',#4070,.T.);
#4070 = EDGE_LOOP('',(#4071,#4072,#4073,#4074,#4472,#4796,#4797,#4798,
    #4799,#5281));
#4071 = ORIENTED_EDGE('',*,*,#1294,.F.);
#4072 = ORIENTED_EDGE('',*,*,#4041,.F.);
#4073 = ORIENTED_EDGE('',*,*,#3999,.T.);
#4074 = ORIENTED_EDGE('',*,*,#4075,.F.);
#4075 = EDGE_CURVE('',#4076,#3386,#4078,.T.);
#4076 = VERTEX_POINT('',#4077);
#4077 = CARTESIAN_POINT('',(0.,-6.413490041489,11.724581604039));
#4078 = SURFACE_CURVE('',#4079,(#4208,#4340),.PCURVE_S1.);
#4079 = B_SPLINE_CURVE_WITH_KNOTS('',8,(#4080,#4081,#4082,#4083,#4084,
    #4085,#4086,#4087,#4088,#4089,#4090,#4091,#4092,#4093,#4094,#4095,
    #4096,#4097,#4098,#4099,#4100,#4101,#4102,#4103,#4104,#4105,#4106,
    #4107,#4108,#4109,#4110,#4111,#4112,#4113,#4114,#4115,#4116,#4117,
    #4118,#4119,#4120,#4121,#4122,#4123,#4124,#4125,#4126,#4127,#4128,
    #4129,#4130,#4131,#4132,#4133,#4134,#4135,#4136,#4137,#4138,#4139,
    #4140,#4141,#4142,#4143,#4144,#4145,#4146,#4147,#4148,#4149,#4150,
    #4151,#4152,#4153,#4154,#4155,#4156,#4157,#4158,#4159,#4160,#4161,
    #4162,#4163,#4164,#4165,#4166,#4167,#4168,#4169,#4170,#4171,#4172,
    #4173,#4174,#4175,#4176,#4177,#4178,#4179,#4180,#4181,#4182,#4183,
    #4184,#4185,#4186,#4187,#4188,#4189,#4190,#4191,#4192,#4193,#4194,
    #4195,#4196,#4197,#4198,#4199,#4200,#4201,#4202,#4203,#4204,#4205,
    #4206,#4207),.UNSPECIFIED.,.F.,.F.,(9,7,7,7,7,7,7,7,7,7,7,7,7,7,7,7,
    7,7,9),(0.,5.124783676265E-02,7.53140864305E-02,0.103899075549,
    0.154185311948,0.197825462024,0.2184816732,0.290958275769,
    0.366811476797,0.409392467644,0.428144382153,0.582265673278,
    0.653771119592,0.700367837627,0.743225190409,0.825903325945,
    0.935981976095,0.968420305872,1.),.UNSPECIFIED.);
#4080 = CARTESIAN_POINT('',(-2.6645352591E-15,-6.413490041489,
    11.724581604039));
#4081 = CARTESIAN_POINT('',(-6.028684274655E-02,-6.411986436717,
    11.720405249396));
#4082 = CARTESIAN_POINT('',(-0.12021302473,-6.409023415016,
    11.713958547157));
#4083 = CARTESIAN_POINT('',(-0.179648341524,-6.404738663003,
    11.705557484163));
#4084 = CARTESIAN_POINT('',(-0.23852141863,-6.399280972052,
    11.695516502574));
#4085 = CARTESIAN_POINT('',(-0.29681362386,-6.392794189823,
    11.684132507767));
#4086 = CARTESIAN_POINT('',(-0.354555971122,-6.385406367436,
    11.671676904015));
#4087 = CARTESIAN_POINT('',(-0.411829015588,-6.37722410231,
    11.658395657935));
#4088 = CARTESIAN_POINT('',(-0.495503521137,-6.364156335327,
    11.638000083058));
#4089 = CARTESIAN_POINT('',(-0.522161066228,-6.359825003231,
    11.631352580868));
#4090 = CARTESIAN_POINT('',(-0.548748930633,-6.355347451364,
    11.624599457846));
#4091 = CARTESIAN_POINT('',(-0.575278062274,-6.350732377362,
    11.617764996935));
#4092 = CARTESIAN_POINT('',(-0.601759917702,-6.345987840419,
    11.610873417628));
#4093 = CARTESIAN_POINT('',(-0.628206577927,-6.341121296216,
    11.603949104262));
#4094 = CARTESIAN_POINT('',(-0.65463086424,-6.336139631841,
    11.597016834323));
#4095 = CARTESIAN_POINT('',(-0.712421901286,-6.325002977465,
    11.581888833791));
#4096 = CARTESIAN_POINT('',(-0.743782976569,-6.318803720985,
    11.573700848009));
#4097 = CARTESIAN_POINT('',(-0.775153642269,-6.312461889429,
    11.565580289034));
#4098 = CARTESIAN_POINT('',(-0.806556722838,-6.305987438424,
    11.557571545915));
#4099 = CARTESIAN_POINT('',(-0.838014179689,-6.299389985077,
    11.549721669033));
#4100 = CARTESIAN_POINT('',(-0.869547386079,-6.292678971976,
    11.542080882032));
#4101 = CARTESIAN_POINT('',(-0.901177401998,-6.285863831193,
    11.53470309374));
#4102 = CARTESIAN_POINT('',(-0.988775532422,-6.266798749294,
    11.515232409829));
#4103 = CARTESIAN_POINT('',(-1.04497640281,-6.254353742969,
    11.503815034161));
#4104 = CARTESIAN_POINT('',(-1.101667193575,-6.241666287332,
    11.493704654836));
#4105 = CARTESIAN_POINT('',(-1.158905620056,-6.228800969032,
    11.485267613513));
#4106 = CARTESIAN_POINT('',(-1.216672366296,-6.215846780845,
    11.478928922164));
#4107 = CARTESIAN_POINT('',(-1.274865471009,-6.202919079375,
    11.475135118312));
#4108 = CARTESIAN_POINT('',(-1.333284512792,-6.190156522933,
    11.474277275096));
#4109 = CARTESIAN_POINT('',(-1.442216795921,-6.166914057312,
    11.478567488344));
#4110 = CARTESIAN_POINT('',(-1.492771679803,-6.156351658027,
    11.482937500564));
#4111 = CARTESIAN_POINT('',(-1.54293028869,-6.146153405938,
    11.489825698644));
#4112 = CARTESIAN_POINT('',(-1.592422185854,-6.136422289472,
    11.499250070692));
#4113 = CARTESIAN_POINT('',(-1.641042265685,-6.127232033149,
    11.511102148414));
#4114 = CARTESIAN_POINT('',(-1.68863688523,-6.118630115826,
    11.525180377604));
#4115 = CARTESIAN_POINT('',(-1.73508816742,-6.110643543039,
    11.541232393318));
#4116 = CARTESIAN_POINT('',(-1.801707983985,-6.099798251801,
    11.567378692631));
#4117 = CARTESIAN_POINT('',(-1.822850246341,-6.096451554235,
    11.57616458891));
#4118 = CARTESIAN_POINT('',(-1.843731239054,-6.093242273811,
    11.585311445956));
#4119 = CARTESIAN_POINT('',(-1.864352497439,-6.090169546642,
    11.594794679589));
#4120 = CARTESIAN_POINT('',(-1.884717654194,-6.087231903222,
    11.60459055206));
#4121 = CARTESIAN_POINT('',(-1.904832126992,-6.084427422059,
    11.614676574524));
#4122 = CARTESIAN_POINT('',(-1.924702806072,-6.081753883303,
    11.625031909529));
#4123 = CARTESIAN_POINT('',(-2.013230987673,-6.070279398974,
    11.672850647683));
#4124 = CARTESIAN_POINT('',(-2.079129105041,-6.062944871491,
    11.713097381521));
#4125 = CARTESIAN_POINT('',(-2.14253347352,-6.057076613151,
    11.755618006784));
#4126 = CARTESIAN_POINT('',(-2.203826979666,-6.052574264805,
    11.799839353235));
#4127 = CARTESIAN_POINT('',(-2.263322155803,-6.049358693591,
    11.84533775993));
#4128 = CARTESIAN_POINT('',(-2.321297294974,-6.047368822431,
    11.891811523622));
#4129 = CARTESIAN_POINT('',(-2.378020542045,-6.046562430374,
    11.939063084267));
#4130 = CARTESIAN_POINT('',(-2.492100306115,-6.047296118974,
    12.037151712994));
#4131 = CARTESIAN_POINT('',(-2.549291951475,-6.048946763162,
    12.087991192893));
#4132 = CARTESIAN_POINT('',(-2.605578834892,-6.05184600341,
    12.139327456848));
#4133 = CARTESIAN_POINT('',(-2.661141030405,-6.055985520456,
    12.191020575479));
#4134 = CARTESIAN_POINT('',(-2.716119560286,-6.061369634658,
    12.242959550371));
#4135 = CARTESIAN_POINT('',(-2.770631995438,-6.068011563838,
    12.295053398036));
#4136 = CARTESIAN_POINT('',(-2.824780844168,-6.075931833003,
    12.347226387964));
#4137 = CARTESIAN_POINT('',(-2.90889740045,-6.090338510942,
    12.428715426896));
#4138 = CARTESIAN_POINT('',(-2.939051664476,-6.095929638019,
    12.458017289541));
#4139 = CARTESIAN_POINT('',(-2.969132209748,-6.101936931217,
    12.487311068718));
#4140 = CARTESIAN_POINT('',(-2.999152060127,-6.108365620869,
    12.516585521611));
#4141 = CARTESIAN_POINT('',(-3.029122762914,-6.115221377524,
    12.545830022675));
#4142 = CARTESIAN_POINT('',(-3.059054576768,-6.122510235861,
    12.575034469743));
#4143 = CARTESIAN_POINT('',(-3.088956659624,-6.130238518597,
    12.604189190117));
#4144 = CARTESIAN_POINT('',(-3.131996142508,-6.142012551777,
    12.646098058715));
#4145 = CARTESIAN_POINT('',(-3.145150786433,-6.145698881204,
    12.658899826723));
#4146 = CARTESIAN_POINT('',(-3.158303560992,-6.149470882928,
    12.67168865046));
#4147 = CARTESIAN_POINT('',(-3.171456717414,-6.15332773622,
    12.684463093604));
#4148 = CARTESIAN_POINT('',(-3.18461238555,-6.157268665369,
    12.697221783758));
#4149 = CARTESIAN_POINT('',(-3.19777257387,-6.16129293969,
    12.709963412448));
#4150 = CARTESIAN_POINT('',(-3.210939169465,-6.165399873518,
    12.722686735122));
#4151 = CARTESIAN_POINT('',(-3.332396873252,-6.20401767331,
    12.839802929167));
#4152 = CARTESIAN_POINT('',(-3.441241109048,-6.243989029896,
    12.94290624271));
#4153 = CARTESIAN_POINT('',(-3.551630678666,-6.289139876297,
    13.044030979385));
#4154 = CARTESIAN_POINT('',(-3.664097411311,-6.339240331212,
    13.142722416737));
#4155 = CARTESIAN_POINT('',(-3.779064400598,-6.394002025467,
    13.238585922967));
#4156 = CARTESIAN_POINT('',(-3.896819213849,-6.453064998346,
    13.331306695832));
#4157 = CARTESIAN_POINT('',(-4.017585899543,-6.515938786085,
    13.420622795187));
#4158 = CARTESIAN_POINT('',(-4.199015433125,-6.612639876919,
    13.546096109399));
#4159 = CARTESIAN_POINT('',(-4.257199877805,-6.643973523166,
    13.585087713789));
#4160 = CARTESIAN_POINT('',(-4.316088545908,-6.675933091948,
    13.623287376381));
#4161 = CARTESIAN_POINT('',(-4.375698634616,-6.708451724988,
    13.660680021328));
#4162 = CARTESIAN_POINT('',(-4.436046678814,-6.74145675318,
    13.697253879856));
#4163 = CARTESIAN_POINT('',(-4.497148973944,-6.774869453191,13.73300023)
  );
#4164 = CARTESIAN_POINT('',(-4.559021998866,-6.808604804052,
    13.76791313635));
#4165 = CARTESIAN_POINT('',(-4.662515944954,-6.86470556632,
    13.824194942449));
#4166 = CARTESIAN_POINT('',(-4.703683644632,-6.886937981485,
    13.846045301063));
#4167 = CARTESIAN_POINT('',(-4.745190702847,-6.909243303581,
    13.86753944547));
#4168 = CARTESIAN_POINT('',(-4.787042024349,-6.931595054771,
    13.888676920237));
#4169 = CARTESIAN_POINT('',(-4.829242653536,-6.953965465061,
    13.909457634659));
#4170 = CARTESIAN_POINT('',(-4.871797774452,-6.976325472293,
    13.929881862765));
#4171 = CARTESIAN_POINT('',(-4.914712710791,-6.998644722148,
    13.949950243313));
#4172 = CARTESIAN_POINT('',(-4.99779992358,-7.041353114954,
    13.987795314013));
#4173 = CARTESIAN_POINT('',(-5.037917193545,-7.061754007815,
    14.005623610795));
#4174 = CARTESIAN_POINT('',(-5.078326539569,-7.082057946317,
    14.02318298967));
#4175 = CARTESIAN_POINT('',(-5.11901083955,-7.102228814538,
    14.040507386808));
#4176 = CARTESIAN_POINT('',(-5.159954797644,-7.122231205492,
    14.057629339523));
#4177 = CARTESIAN_POINT('',(-5.20114519539,-7.14203064577,
    14.074579628867));
#4178 = CARTESIAN_POINT('',(-5.242570641834,-7.161593520375,
    14.091387580325));
#4179 = CARTESIAN_POINT('',(-5.364570145949,-7.218106073883,
    14.140288056579));
#4180 = CARTESIAN_POINT('',(-5.445747460136,-7.254317871697,
    14.172067941038));
#4181 = CARTESIAN_POINT('',(-5.527685069876,-7.289287775021,
    14.203628377613));
#4182 = CARTESIAN_POINT('',(-5.610316272962,-7.322781793971,
    14.235152033898));
#4183 = CARTESIAN_POINT('',(-5.693572437312,-7.354568030723,
    14.266800499581));
#4184 = CARTESIAN_POINT('',(-5.777380774805,-7.384419473222,
    14.298715778419));
#4185 = CARTESIAN_POINT('',(-5.861662811923,-7.41211781682,
    14.331020316036));
#4186 = CARTESIAN_POINT('',(-6.059065191627,-7.471196952076,
    14.407479545048));
#4187 = CARTESIAN_POINT('',(-6.172508527826,-7.500762713321,
    14.452022293835));
#4188 = CARTESIAN_POINT('',(-6.286406334012,-7.525652276349,
    14.497661827382));
#4189 = CARTESIAN_POINT('',(-6.400485405929,-7.545417819067,
    14.544553086957));
#4190 = CARTESIAN_POINT('',(-6.51445748901,-7.55969048118,
    14.592781894146));
#4191 = CARTESIAN_POINT('',(-6.628018205799,-7.568201631807,
    14.64236195841));
#4192 = CARTESIAN_POINT('',(-6.740843988659,-7.570801942036,
    14.69323493568));
#4193 = CARTESIAN_POINT('',(-6.885515812081,-7.566498829862,
    14.760608440273));
#4194 = CARTESIAN_POINT('',(-6.918353717112,-7.565003070507,
    14.776045070694));
#4195 = CARTESIAN_POINT('',(-6.951088866294,-7.563003645043,
    14.79158570316));
#4196 = CARTESIAN_POINT('',(-6.983707792753,-7.560519179636,
    14.80723476088));
#4197 = CARTESIAN_POINT('',(-7.01619876617,-7.557565133874,
    14.822995676896));
#4198 = CARTESIAN_POINT('',(-7.048550747506,-7.554156377441,
    14.838871838443));
#4199 = CARTESIAN_POINT('',(-7.080751936739,-7.550310948432,
    14.854867959962));
#4200 = CARTESIAN_POINT('',(-7.143983750113,-7.541890916871,
    14.886681799078));
#4201 = CARTESIAN_POINT('',(-7.175022577196,-7.537338459541,
    14.90249303802));
#4202 = CARTESIAN_POINT('',(-7.205898511409,-7.532402266853,
    14.918426008959));
#4203 = CARTESIAN_POINT('',(-7.236601790771,-7.527097555043,
    14.934485008937));
#4204 = CARTESIAN_POINT('',(-7.267122749929,-7.521439583959,
    14.950674569469));
#4205 = CARTESIAN_POINT('',(-7.297451820157,-7.515443657059,
    14.966999456546));
#4206 = CARTESIAN_POINT('',(-7.327579529354,-7.509125121411,
    14.983464670628));
#4207 = CARTESIAN_POINT('',(-7.357496502046,-7.502499367693,
    15.000075446653));
#4208 = PCURVE('',#214,#4209);
#4209 = DEFINITIONAL_REPRESENTATION('',(#4210),#4339);
#4210 = B_SPLINE_CURVE_WITH_KNOTS('',8,(#4211,#4212,#4213,#4214,#4215,
    #4216,#4217,#4218,#4219,#4220,#4221,#4222,#4223,#4224,#4225,#4226,
    #4227,#4228,#4229,#4230,#4231,#4232,#4233,#4234,#4235,#4236,#4237,
    #4238,#4239,#4240,#4241,#4242,#4243,#4244,#4245,#4246,#4247,#4248,
    #4249,#4250,#4251,#4252,#4253,#4254,#4255,#4256,#4257,#4258,#4259,
    #4260,#4261,#4262,#4263,#4264,#4265,#4266,#4267,#4268,#4269,#4270,
    #4271,#4272,#4273,#4274,#4275,#4276,#4277,#4278,#4279,#4280,#4281,
    #4282,#4283,#4284,#4285,#4286,#4287,#4288,#4289,#4290,#4291,#4292,
    #4293,#4294,#4295,#4296,#4297,#4298,#4299,#4300,#4301,#4302,#4303,
    #4304,#4305,#4306,#4307,#4308,#4309,#4310,#4311,#4312,#4313,#4314,
    #4315,#4316,#4317,#4318,#4319,#4320,#4321,#4322,#4323,#4324,#4325,
    #4326,#4327,#4328,#4329,#4330,#4331,#4332,#4333,#4334,#4335,#4336,
    #4337,#4338),.UNSPECIFIED.,.F.,.F.,(9,7,7,7,7,7,7,7,7,7,7,7,7,7,7,7,
    7,7,9),(0.,5.124783676265E-02,7.53140864305E-02,0.103899075549,
    0.154185311948,0.197825462024,0.2184816732,0.290958275769,
    0.366811476797,0.409392467644,0.428144382153,0.582265673278,
    0.653771119592,0.700367837627,0.743225190409,0.825903325945,
    0.935981976095,0.968420305872,1.),.UNSPECIFIED.);
#4211 = CARTESIAN_POINT('',(4.000015677515,-8.724581604039));
#4212 = CARTESIAN_POINT('',(3.979936553729,-8.720405249396));
#4213 = CARTESIAN_POINT('',(3.959977592266,-8.713958547157));
#4214 = CARTESIAN_POINT('',(3.94018504571,-8.705557484163));
#4215 = CARTESIAN_POINT('',(3.920585414724,-8.695516502574));
#4216 = CARTESIAN_POINT('',(3.901187366697,-8.684132507767));
#4217 = CARTESIAN_POINT('',(3.881982775449,-8.671676904015));
#4218 = CARTESIAN_POINT('',(3.862946882016,-8.658395657935));
#4219 = CARTESIAN_POINT('',(3.835157668634,-8.638000083058));
#4220 = CARTESIAN_POINT('',(3.826307691926,-8.631352580868));
#4221 = CARTESIAN_POINT('',(3.817484351135,-8.624599457846));
#4222 = CARTESIAN_POINT('',(3.808684220002,-8.617764996935));
#4223 = CARTESIAN_POINT('',(3.799903705717,-8.610873417628));
#4224 = CARTESIAN_POINT('',(3.791139013407,-8.603949104262));
#4225 = CARTESIAN_POINT('',(3.78238611062,-8.597016834323));
#4226 = CARTESIAN_POINT('',(3.763253211217,-8.581888833791));
#4227 = CARTESIAN_POINT('',(3.752876985165,-8.573700848009));
#4228 = CARTESIAN_POINT('',(3.742504452986,-8.565580289034));
#4229 = CARTESIAN_POINT('',(3.732128452995,-8.557571545915));
#4230 = CARTESIAN_POINT('',(3.721742135852,-8.549721669033));
#4231 = CARTESIAN_POINT('',(3.71133887792,-8.542080882032));
#4232 = CARTESIAN_POINT('',(3.700912194623,-8.53470309374));
#4233 = CARTESIAN_POINT('',(3.672060681489,-8.515232409829));
#4234 = CARTESIAN_POINT('',(3.653577937151,-8.503815034161));
#4235 = CARTESIAN_POINT('',(3.634964208273,-8.493704654836));
#4236 = CARTESIAN_POINT('',(3.616203556106,-8.485267613513));
#4237 = CARTESIAN_POINT('',(3.597305685798,-8.478928922164));
#4238 = CARTESIAN_POINT('',(3.578307369627,-8.475135118312));
#4239 = CARTESIAN_POINT('',(3.559276923322,-8.474277275096));
#4240 = CARTESIAN_POINT('',(3.523871762259,-8.478567488344));
#4241 = CARTESIAN_POINT('',(3.507472870132,-8.482937500564));
#4242 = CARTESIAN_POINT('',(3.49123642506,-8.489825698644));
#4243 = CARTESIAN_POINT('',(3.475250239878,-8.499250070692));
#4244 = CARTESIAN_POINT('',(3.459579852239,-8.511102148414));
#4245 = CARTESIAN_POINT('',(3.444273343015,-8.525180377604));
#4246 = CARTESIAN_POINT('',(3.42936670944,-8.541232393318));
#4247 = CARTESIAN_POINT('',(3.408033028975,-8.567378692631));
#4248 = CARTESIAN_POINT('',(3.401269701111,-8.57616458891));
#4249 = CARTESIAN_POINT('',(3.39459688656,-8.585311445956));
#4250 = CARTESIAN_POINT('',(3.388013872,-8.594794679589));
#4251 = CARTESIAN_POINT('',(3.381519273291,-8.60459055206));
#4252 = CARTESIAN_POINT('',(3.375111140823,-8.614676574524));
#4253 = CARTESIAN_POINT('',(3.368787064852,-8.625031909529));
#4254 = CARTESIAN_POINT('',(3.34064017793,-8.672850647683));
#4255 = CARTESIAN_POINT('',(3.319766381636,-8.713097381521));
#4256 = CARTESIAN_POINT('',(3.299754247799,-8.755618006784));
#4257 = CARTESIAN_POINT('',(3.280475498453,-8.799839353235));
#4258 = CARTESIAN_POINT('',(3.261826039687,-8.84533775993));
#4259 = CARTESIAN_POINT('',(3.24371400396,-8.891811523622));
#4260 = CARTESIAN_POINT('',(3.226052016847,-8.939063084267));
#4261 = CARTESIAN_POINT('',(3.190649451139,-9.037151712994));
#4262 = CARTESIAN_POINT('',(3.172965644888,-9.087991192893));
#4263 = CARTESIAN_POINT('',(3.155623933764,-9.139327456848));
#4264 = CARTESIAN_POINT('',(3.138566463493,-9.191020575479));
#4265 = CARTESIAN_POINT('',(3.121748337123,-9.242959550371));
#4266 = CARTESIAN_POINT('',(3.105132485017,-9.295053398036));
#4267 = CARTESIAN_POINT('',(3.088686928943,-9.347226387964));
#4268 = CARTESIAN_POINT('',(3.063232867124,-9.428715426896));
#4269 = CARTESIAN_POINT('',(3.054126908347,-9.458017289541));
#4270 = CARTESIAN_POINT('',(3.045062039243,-9.487311068718));
#4271 = CARTESIAN_POINT('',(3.036034280995,-9.516585521611));
#4272 = CARTESIAN_POINT('',(3.027040137845,-9.545830022675));
#4273 = CARTESIAN_POINT('',(3.018076534245,-9.575034469743));
#4274 = CARTESIAN_POINT('',(3.009140752008,-9.604189190117));
#4275 = CARTESIAN_POINT('',(2.996306391855,-9.646098058715));
#4276 = CARTESIAN_POINT('',(2.992387364499,-9.658899826723));
#4277 = CARTESIAN_POINT('',(2.988472568283,-9.67168865046));
#4278 = CARTESIAN_POINT('',(2.984561325394,-9.684463093604));
#4279 = CARTESIAN_POINT('',(2.980652997311,-9.697221783758));
#4280 = CARTESIAN_POINT('',(2.97674698481,-9.709963412448));
#4281 = CARTESIAN_POINT('',(2.972842727959,-9.722686735122));
#4282 = CARTESIAN_POINT('',(2.936860914115,-9.839802929167));
#4283 = CARTESIAN_POINT('',(2.904862795558,-9.94290624271));
#4284 = CARTESIAN_POINT('',(2.872654971861,-10.04403097938));
#4285 = CARTESIAN_POINT('',(2.840093249305,-10.14272241673));
#4286 = CARTESIAN_POINT('',(2.807069476456,-10.23858592296));
#4287 = CARTESIAN_POINT('',(2.773519699263,-10.33130669583));
#4288 = CARTESIAN_POINT('',(2.739400505184,-10.42062279518));
#4289 = CARTESIAN_POINT('',(2.688586982461,-10.54609610939));
#4290 = CARTESIAN_POINT('',(2.672354735665,-10.58508771378));
#4291 = CARTESIAN_POINT('',(2.655991075521,-10.62328737638));
#4292 = CARTESIAN_POINT('',(2.639493461384,-10.66068002132));
#4293 = CARTESIAN_POINT('',(2.622859641048,-10.69725387985));
#4294 = CARTESIAN_POINT('',(2.606087532029,-10.73300023));
#4295 = CARTESIAN_POINT('',(2.589175102853,-10.76791313635));
#4296 = CARTESIAN_POINT('',(2.561006416054,-10.82419494244));
#4297 = CARTESIAN_POINT('',(2.549832088058,-10.84604530106));
#4298 = CARTESIAN_POINT('',(2.538596678855,-10.86753944547));
#4299 = CARTESIAN_POINT('',(2.527299580068,-10.88867692023));
#4300 = CARTESIAN_POINT('',(2.515940166447,-10.90945763465));
#4301 = CARTESIAN_POINT('',(2.50451779587,-10.92988186276));
#4302 = CARTESIAN_POINT('',(2.493031809339,-10.94995024331));
#4303 = CARTESIAN_POINT('',(2.47085815717,-10.98779531401));
#4304 = CARTESIAN_POINT('',(2.460180058486,-11.00562361079));
#4305 = CARTESIAN_POINT('',(2.449452705096,-11.02318298967));
#4306 = CARTESIAN_POINT('',(2.438681205134,-11.0405073868));
#4307 = CARTESIAN_POINT('',(2.427870114992,-11.05762933952));
#4308 = CARTESIAN_POINT('',(2.417023382728,-11.07457962886));
#4309 = CARTESIAN_POINT('',(2.406144424588,-11.09138758032));
#4310 = CARTESIAN_POINT('',(2.374193025147,-11.14028805657));
#4311 = CARTESIAN_POINT('',(2.353043493346,-11.17206794103));
#4312 = CARTESIAN_POINT('',(2.331808235422,-11.20362837761));
#4313 = CARTESIAN_POINT('',(2.310506940671,-11.23515203389));
#4314 = CARTESIAN_POINT('',(2.289159249032,-11.26680049958));
#4315 = CARTESIAN_POINT('',(2.267785299782,-11.29871577841));
#4316 = CARTESIAN_POINT('',(2.246406071399,-11.33102031603));
#4317 = CARTESIAN_POINT('',(2.196601148456,-11.40747954504));
#4318 = CARTESIAN_POINT('',(2.168182617176,-11.45202229383));
#4319 = CARTESIAN_POINT('',(2.139854170945,-11.49766182738));
#4320 = CARTESIAN_POINT('',(2.111683401843,-11.54455308695));
#4321 = CARTESIAN_POINT('',(2.083738887246,-11.59278189414));
#4322 = CARTESIAN_POINT('',(2.056090354776,-11.64236195841));
#4323 = CARTESIAN_POINT('',(2.028809366817,-11.69323493568));
#4324 = CARTESIAN_POINT('',(1.994061568449,-11.76060844027));
#4325 = CARTESIAN_POINT('',(1.98619037956,-11.77604507069));
#4326 = CARTESIAN_POINT('',(1.978358678067,-11.79158570316));
#4327 = CARTESIAN_POINT('',(1.970568205786,-11.80723476088));
#4328 = CARTESIAN_POINT('',(1.962820550517,-11.82299567689));
#4329 = CARTESIAN_POINT('',(1.955117220581,-11.83887183844));
#4330 = CARTESIAN_POINT('',(1.947459735888,-11.85486795996));
#4331 = CARTESIAN_POINT('',(1.932440709078,-11.88668179907));
#4332 = CARTESIAN_POINT('',(1.925076743213,-11.90249303802));
#4333 = CARTESIAN_POINT('',(1.917758900077,-11.91842600895));
#4334 = CARTESIAN_POINT('',(1.910488493464,-11.93448500893));
#4335 = CARTESIAN_POINT('',(1.903266855139,-11.95067456946));
#4336 = CARTESIAN_POINT('',(1.896095334837,-11.96699945654));
#4337 = CARTESIAN_POINT('',(1.888975300267,-11.98346467062));
#4338 = CARTESIAN_POINT('',(1.881908137104,-12.00007544665));
#4339 = ( GEOMETRIC_REPRESENTATION_CONTEXT(2) 
PARAMETRIC_REPRESENTATION_CONTEXT() REPRESENTATION_CONTEXT('2D SPACE',''
  ) );
#4340 = PCURVE('',#3134,#4341);
#4341 = DEFINITIONAL_REPRESENTATION('',(#4342),#4471);
#4342 = B_SPLINE_CURVE_WITH_KNOTS('',8,(#4343,#4344,#4345,#4346,#4347,
    #4348,#4349,#4350,#4351,#4352,#4353,#4354,#4355,#4356,#4357,#4358,
    #4359,#4360,#4361,#4362,#4363,#4364,#4365,#4366,#4367,#4368,#4369,
    #4370,#4371,#4372,#4373,#4374,#4375,#4376,#4377,#4378,#4379,#4380,
    #4381,#4382,#4383,#4384,#4385,#4386,#4387,#4388,#4389,#4390,#4391,
    #4392,#4393,#4394,#4395,#4396,#4397,#4398,#4399,#4400,#4401,#4402,
    #4403,#4404,#4405,#4406,#4407,#4408,#4409,#4410,#4411,#4412,#4413,
    #4414,#4415,#4416,#4417,#4418,#4419,#4420,#4421,#4422,#4423,#4424,
    #4425,#4426,#4427,#4428,#4429,#4430,#4431,#4432,#4433,#4434,#4435,
    #4436,#4437,#4438,#4439,#4440,#4441,#4442,#4443,#4444,#4445,#4446,
    #4447,#4448,#4449,#4450,#4451,#4452,#4453,#4454,#4455,#4456,#4457,
    #4458,#4459,#4460,#4461,#4462,#4463,#4464,#4465,#4466,#4467,#4468,
    #4469,#4470),.UNSPECIFIED.,.F.,.F.,(9,7,7,7,7,7,7,7,7,7,7,7,7,7,7,7,
    7,7,9),(0.,5.124783676265E-02,7.53140864305E-02,0.103899075549,
    0.154185311948,0.197825462024,0.2184816732,0.290958275769,
    0.366811476797,0.409392467644,0.428144382153,0.582265673278,
    0.653771119592,0.700367837627,0.743225190409,0.825903325945,
    0.935981976095,0.968420305872,1.),.UNSPECIFIED.);
#4343 = CARTESIAN_POINT('',(6.28318530718,1.986706377867));
#4344 = CARTESIAN_POINT('',(6.273785301511,1.988066710711));
#4345 = CARTESIAN_POINT('',(6.264436500649,1.990165321179));
#4346 = CARTESIAN_POINT('',(6.255153195597,1.992897011544));
#4347 = CARTESIAN_POINT('',(6.24594192096,1.996155805715));
#4348 = CARTESIAN_POINT('',(6.236802335566,1.999841441946));
#4349 = CARTESIAN_POINT('',(6.22772750628,2.003862784322));
#4350 = CARTESIAN_POINT('',(6.218703595006,2.00813815303));
#4351 = CARTESIAN_POINT('',(6.20548501644,2.014684392276));
#4352 = CARTESIAN_POINT('',(6.201268497612,2.01681522423));
#4353 = CARTESIAN_POINT('',(6.197057665904,2.018977014628));
#4354 = CARTESIAN_POINT('',(6.192850762011,2.021161860838));
#4355 = CARTESIAN_POINT('',(6.188645973267,2.023361939835));
#4356 = CARTESIAN_POINT('',(6.184441413114,2.025569435799));
#4357 = CARTESIAN_POINT('',(6.180235100563,2.027776467718));
#4358 = CARTESIAN_POINT('',(6.171024268376,2.032586371391));
#4359 = CARTESIAN_POINT('',(6.16601850286,2.035185575058));
#4360 = CARTESIAN_POINT('',(6.161003968982,2.037759290693));
#4361 = CARTESIAN_POINT('',(6.155977214532,2.040293619503));
#4362 = CARTESIAN_POINT('',(6.150934972809,2.042773935846));
#4363 = CARTESIAN_POINT('',(6.145874126214,2.045184721884));
#4364 = CARTESIAN_POINT('',(6.140791669841,2.047509402231));
#4365 = CARTESIAN_POINT('',(6.126700534994,2.05363693139));
#4366 = CARTESIAN_POINT('',(6.117642705334,2.057221227621));
#4367 = CARTESIAN_POINT('',(6.10849132816,2.060387989723));
#4368 = CARTESIAN_POINT('',(6.099240157181,2.06302545019));
#4369 = CARTESIAN_POINT('',(6.089896563794,2.06500413683));
#4370 = CARTESIAN_POINT('',(6.080482687913,2.06618774402));
#4371 = CARTESIAN_POINT('',(6.071037733573,2.066455889974));
#4372 = CARTESIAN_POINT('',(6.053449594649,2.06511640964));
#4373 = CARTESIAN_POINT('',(6.045296551522,2.063751800539));
#4374 = CARTESIAN_POINT('',(6.037221704553,2.061599851394));
#4375 = CARTESIAN_POINT('',(6.029273423734,2.058652480353));
#4376 = CARTESIAN_POINT('',(6.021488888145,2.05493906284));
#4377 = CARTESIAN_POINT('',(6.013895989855,2.050516692252));
#4378 = CARTESIAN_POINT('',(6.006515763367,2.045458066702));
#4379 = CARTESIAN_POINT('',(5.995978596281,2.037187906709));
#4380 = CARTESIAN_POINT('',(5.992641966339,2.034404715208));
#4381 = CARTESIAN_POINT('',(5.989354227125,2.031502437446));
#4382 = CARTESIAN_POINT('',(5.986115250501,2.028488131902));
#4383 = CARTESIAN_POINT('',(5.98292454647,2.025368604557));
#4384 = CARTESIAN_POINT('',(5.979781320463,2.022150284972));
#4385 = CARTESIAN_POINT('',(5.976684530637,2.018839102368));
#4386 = CARTESIAN_POINT('',(5.96292582443,2.003515174925));
#4387 = CARTESIAN_POINT('',(5.952789660677,1.990528459297));
#4388 = CARTESIAN_POINT('',(5.94314680483,1.976690605797));
#4389 = CARTESIAN_POINT('',(5.933937794823,1.962163788651));
#4390 = CARTESIAN_POINT('',(5.92511418566,1.947068288481));
#4391 = CARTESIAN_POINT('',(5.916633423159,1.931487637157));
#4392 = CARTESIAN_POINT('',(5.908455761356,1.915472584355));
#4393 = CARTESIAN_POINT('',(5.892262050127,1.881849793828));
#4394 = CARTESIAN_POINT('',(5.88428139398,1.864223641631));
#4395 = CARTESIAN_POINT('',(5.876566777011,1.846211555065));
#4396 = CARTESIAN_POINT('',(5.869093975354,1.827847831648));
#4397 = CARTESIAN_POINT('',(5.861845282147,1.809158650352));
#4398 = CARTESIAN_POINT('',(5.854806973654,1.790164528612));
#4399 = CARTESIAN_POINT('',(5.847967978769,1.770881526575));
#4400 = CARTESIAN_POINT('',(5.837587699952,1.740340803104));
#4401 = CARTESIAN_POINT('',(5.833915978058,1.729273693661));
#4402 = CARTESIAN_POINT('',(5.830303181669,1.71812235786));
#4403 = CARTESIAN_POINT('',(5.826748170299,1.706889119175));
#4404 = CARTESIAN_POINT('',(5.823250031743,1.695576168092));
#4405 = CARTESIAN_POINT('',(5.819808046274,1.684185593239));
#4406 = CARTESIAN_POINT('',(5.816421650851,1.672719412523));
#4407 = CARTESIAN_POINT('',(5.811623380886,1.656097677001));
#4408 = CARTESIAN_POINT('',(5.810167066541,1.651001466099));
#4409 = CARTESIAN_POINT('',(5.808721113143,1.645891420403));
#4410 = CARTESIAN_POINT('',(5.807285193461,1.640767971883));
#4411 = CARTESIAN_POINT('',(5.805859000176,1.635631535628));
#4412 = CARTESIAN_POINT('',(5.804442245877,1.630482509849));
#4413 = CARTESIAN_POINT('',(5.803034663067,1.625321275874));
#4414 = CARTESIAN_POINT('',(5.790140478352,1.577630863879));
#4415 = CARTESIAN_POINT('',(5.779246721812,1.534310449347));
#4416 = CARTESIAN_POINT('',(5.768816222664,1.49039416945));
#4417 = CARTESIAN_POINT('',(5.758781780171,1.446039157067));
#4418 = CARTESIAN_POINT('',(5.749085716555,1.401404110297));
#4419 = CARTESIAN_POINT('',(5.739682022991,1.356645011827));
#4420 = CARTESIAN_POINT('',(5.730522518854,1.311924350693));
#4421 = CARTESIAN_POINT('',(5.717398394533,1.246754276417));
#4422 = CARTESIAN_POINT('',(5.713280658195,1.226142887212));
#4423 = CARTESIAN_POINT('',(5.709199325074,1.205589352663));
#4424 = CARTESIAN_POINT('',(5.705149008898,1.185108870427));
#4425 = CARTESIAN_POINT('',(5.701124048304,1.164716247937));
#4426 = CARTESIAN_POINT('',(5.697118470528,1.144425910243));
#4427 = CARTESIAN_POINT('',(5.693125955091,1.124251907852));
#4428 = CARTESIAN_POINT('',(5.68654220707,1.091146208487));
#4429 = CARTESIAN_POINT('',(5.683947312432,1.078139705064));
#4430 = CARTESIAN_POINT('',(5.681353259789,1.065192156933));
#4431 = CARTESIAN_POINT('',(5.678758122586,1.052307263389));
#4432 = CARTESIAN_POINT('',(5.676159901498,1.039488680389));
#4433 = CARTESIAN_POINT('',(5.673556524432,1.026740020545));
#4434 = CARTESIAN_POINT('',(5.670945846523,1.01406485313));
#4435 = CARTESIAN_POINT('',(5.665915723306,0.989879550704));
#4436 = CARTESIAN_POINT('',(5.663497665949,0.978358013548));
#4437 = CARTESIAN_POINT('',(5.661071109907,0.966901401555));
#4438 = CARTESIAN_POINT('',(5.658635537643,0.95550894205));
#4439 = CARTESIAN_POINT('',(5.656190259197,0.94417984433));
#4440 = CARTESIAN_POINT('',(5.653734414876,0.932913314796));
#4441 = CARTESIAN_POINT('',(5.651267003653,0.921708523632));
#4442 = CARTESIAN_POINT('',(5.644002524646,0.889066107181));
#4443 = CARTESIAN_POINT('',(5.639171514535,0.867796250798));
#4444 = CARTESIAN_POINT('',(5.634285708535,0.846746966989));
#4445 = CARTESIAN_POINT('',(5.629336550176,0.825914985652));
#4446 = CARTESIAN_POINT('',(5.624315492639,0.805300898652));
#4447 = CARTESIAN_POINT('',(5.619214329665,0.78490848107));
#4448 = CARTESIAN_POINT('',(5.614025489691,0.764744188527));
#4449 = CARTESIAN_POINT('',(5.60170818279,0.718285309863));
#4450 = CARTESIAN_POINT('',(5.594505401283,0.6921684356));
#4451 = CARTESIAN_POINT('',(5.587121626928,0.666500716916));
#4452 = CARTESIAN_POINT('',(5.579547427931,0.641320862047));
#4453 = CARTESIAN_POINT('',(5.571777312653,0.616669688523));
#4454 = CARTESIAN_POINT('',(5.563810959199,0.592588592271));
#4455 = CARTESIAN_POINT('',(5.555654624432,0.569118575619));
#4456 = CARTESIAN_POINT('',(5.544867463736,0.539575534283));
#4457 = CARTESIAN_POINT('',(5.542396597703,0.532907569697));
#4458 = CARTESIAN_POINT('',(5.539911577572,0.526294547812));
#4459 = CARTESIAN_POINT('',(5.537414331773,0.519734139472));
#4460 = CARTESIAN_POINT('',(5.534906435163,0.513224483908));
#4461 = CARTESIAN_POINT('',(5.532389357456,0.506763793678));
#4462 = CARTESIAN_POINT('',(5.5298648185,0.500349770157));
#4463 = CARTESIAN_POINT('',(5.5248707047,0.487779704849));
#4464 = CARTESIAN_POINT('',(5.522401470503,0.481621333264));
#4465 = CARTESIAN_POINT('',(5.519927970372,0.475503393867));
#4466 = CARTESIAN_POINT('',(5.517451595585,0.469423953558));
#4467 = CARTESIAN_POINT('',(5.514973725792,0.463381077612));
#4468 = CARTESIAN_POINT('',(5.512495729023,0.457372829685));
#4469 = CARTESIAN_POINT('',(5.510018961681,0.451397271809));
#4470 = CARTESIAN_POINT('',(5.507544768545,0.445452464394));
#4471 = ( GEOMETRIC_REPRESENTATION_CONTEXT(2) 
PARAMETRIC_REPRESENTATION_CONTEXT() REPRESENTATION_CONTEXT('2D SPACE',''
  ) );
#4472 = ORIENTED_EDGE('',*,*,#4473,.F.);
#4473 = EDGE_CURVE('',#1411,#4076,#4474,.T.);
#4474 = SURFACE_CURVE('',#4475,(#4580,#4688),.PCURVE_S1.);
#4475 = B_SPLINE_CURVE_WITH_KNOTS('',7,(#4476,#4477,#4478,#4479,#4480,
    #4481,#4482,#4483,#4484,#4485,#4486,#4487,#4488,#4489,#4490,#4491,
    #4492,#4493,#4494,#4495,#4496,#4497,#4498,#4499,#4500,#4501,#4502,
    #4503,#4504,#4505,#4506,#4507,#4508,#4509,#4510,#4511,#4512,#4513,
    #4514,#4515,#4516,#4517,#4518,#4519,#4520,#4521,#4522,#4523,#4524,
    #4525,#4526,#4527,#4528,#4529,#4530,#4531,#4532,#4533,#4534,#4535,
    #4536,#4537,#4538,#4539,#4540,#4541,#4542,#4543,#4544,#4545,#4546,
    #4547,#4548,#4549,#4550,#4551,#4552,#4553,#4554,#4555,#4556,#4557,
    #4558,#4559,#4560,#4561,#4562,#4563,#4564,#4565,#4566,#4567,#4568,
    #4569,#4570,#4571,#4572,#4573,#4574,#4575,#4576,#4577,#4578,#4579),
  .UNSPECIFIED.,.F.,.F.,(8,6,6,6,6,6,6,6,6,6,6,6,6,6,6,6,6,8),(0.,
    3.190979342856E-02,0.222340825292,0.247196814069,0.274077365937,
    0.300646220662,0.41790179055,0.560057369655,0.583503139812,
    0.621359177421,0.761404240814,0.791674791991,0.83448777021,
    0.877770440998,0.904005085242,0.924713900388,0.96135618952,1.),
  .UNSPECIFIED.);
#4476 = CARTESIAN_POINT('',(7.284468424121,-7.57342533586,
    15.000075446653));
#4477 = CARTESIAN_POINT('',(7.252897451772,-7.576213336248,
    14.979715766934));
#4478 = CARTESIAN_POINT('',(7.221027284044,-7.57857261563,
    14.959580550859));
#4479 = CARTESIAN_POINT('',(7.188875263943,-7.58048266075,
    14.939665521591));
#4480 = CARTESIAN_POINT('',(7.156458838055,-7.581923936582,
    14.919966622885));
#4481 = CARTESIAN_POINT('',(7.123795556542,-7.582877886337,
    14.900480019093));
#4482 = CARTESIAN_POINT('',(7.090903073143,-7.583326931454,
    14.881202095162));
#4483 = CARTESIAN_POINT('',(6.860241765946,-7.582822046266,
    14.748307903918));
#4484 = CARTESIAN_POINT('',(6.655004849964,-7.563872977087,
    14.641744710319));
#4485 = CARTESIAN_POINT('',(6.444884352711,-7.526272219202,
    14.543250328058));
#4486 = CARTESIAN_POINT('',(6.232280472493,-7.471937637853,
    14.452378377834));
#4487 = CARTESIAN_POINT('',(6.019325061924,-7.404017701225,
    14.367505247703));
#4488 = CARTESIAN_POINT('',(5.807678195286,-7.325922820823,
    14.28636500532));
#4489 = CARTESIAN_POINT('',(5.571433284922,-7.229903373284,
    14.195390716313));
#4490 = CARTESIAN_POINT('',(5.544200273174,-7.218699726809,
    14.184897521534));
#4491 = CARTESIAN_POINT('',(5.517012828569,-7.207385685578,
    14.174407716342));
#4492 = CARTESIAN_POINT('',(5.489873918439,-7.195968595423,
    14.163914230331));
#4493 = CARTESIAN_POINT('',(5.462786583008,-7.184455833114,
    14.153409785764));
#4494 = CARTESIAN_POINT('',(5.43575393539,-7.172854806361,
    14.142886897578));
#4495 = CARTESIAN_POINT('',(5.379607246014,-7.148539594259,
    14.120929612988));
#4496 = CARTESIAN_POINT('',(5.350503103949,-7.135811734062,
    14.109490793709));
#4497 = CARTESIAN_POINT('',(5.321470733605,-7.122998767157,
    14.098011685766));
#4498 = CARTESIAN_POINT('',(5.292514434999,-7.110110185686,
    14.086482270566));
#4499 = CARTESIAN_POINT('',(5.263638809962,-7.097155580002,
    14.074892240693));
#4500 = CARTESIAN_POINT('',(5.234848762137,-7.084144638669,
    14.063230999912));
#4501 = CARTESIAN_POINT('',(5.177783018107,-7.058181068177,
    14.039880497901));
#4502 = CARTESIAN_POINT('',(5.149505199229,-7.045229491667,
    14.028193298991));
#4503 = CARTESIAN_POINT('',(5.121321629936,-7.032242120586,
    14.016414836764));
#4504 = CARTESIAN_POINT('',(5.093237004689,-7.019228173768,
    14.004535461084));
#4505 = CARTESIAN_POINT('',(5.065257669673,-7.006197574816,
    13.992543775255));
#4506 = CARTESIAN_POINT('',(5.037391259686,-6.993160765578,
    13.980427145036));
#4507 = CARTESIAN_POINT('',(4.887184696717,-6.922606241225,
    13.914108602138));
#4508 = CARTESIAN_POINT('',(4.767015166496,-6.865138097159,
    13.857450947838));
#4509 = CARTESIAN_POINT('',(4.649073338093,-6.808271750805,
    13.798182961942));
#4510 = CARTESIAN_POINT('',(4.533310455382,-6.752490067398,
    13.736305596558));
#4511 = CARTESIAN_POINT('',(4.419679136173,-6.698216453186,
    13.671848883138));
#4512 = CARTESIAN_POINT('',(4.308122005969,-6.645821568717,
    13.604879941765));
#4513 = CARTESIAN_POINT('',(4.065732498772,-6.534780007118,
    13.451411075563));
#4514 = CARTESIAN_POINT('',(3.935819352835,-6.477159669252,
    13.36377186301));
#4515 = CARTESIAN_POINT('',(3.808697970824,-6.423359249151,
    13.272806526725));
#4516 = CARTESIAN_POINT('',(3.68415993818,-6.373839131972,13.17879572302
    ));
#4517 = CARTESIAN_POINT('',(3.561836392959,-6.328980822819,
    13.082124540699));
#4518 = CARTESIAN_POINT('',(3.441235969328,-6.289094070453,
    12.983256153732));
#4519 = CARTESIAN_POINT('',(3.301581076944,-6.248964412754,
    12.866391119918));
#4520 = CARTESIAN_POINT('',(3.281828157298,-6.243430808921,
    12.849805883244));
#4521 = CARTESIAN_POINT('',(3.262090123337,-6.238047196741,
    12.833184396254));
#4522 = CARTESIAN_POINT('',(3.24236201444,-6.232815821541,
    12.816530236244));
#4523 = CARTESIAN_POINT('',(3.222638385619,-6.227739118737,
    12.799847274331));
#4524 = CARTESIAN_POINT('',(3.202913307519,-6.222819713834,
    12.783139675451));
#4525 = CARTESIAN_POINT('',(3.151319141324,-6.210375969609,
    12.73940287481));
#4526 = CARTESIAN_POINT('',(3.119437955604,-6.203108411019,
    12.712341089486));
#4527 = CARTESIAN_POINT('',(3.087528162773,-6.19625230552,
    12.685236468187));
#4528 = CARTESIAN_POINT('',(3.055579835956,-6.189802502957,
    12.658099580494));
#4529 = CARTESIAN_POINT('',(3.023581767887,-6.183754144152,
    12.630941639773));
#4530 = CARTESIAN_POINT('',(2.991521470914,-6.178102660903,
    12.603774503176));
#4531 = CARTESIAN_POINT('',(2.840499799548,-6.15338899631,
    12.476120479058));
#4532 = CARTESIAN_POINT('',(2.72086375582,-6.139355308401,
    12.375921127346));
#4533 = CARTESIAN_POINT('',(2.599377825,-6.130418540903,12.276322576476)
  );
#4534 = CARTESIAN_POINT('',(2.474989989999,-6.126500820438,
    12.17804414002));
#4535 = CARTESIAN_POINT('',(2.346409161199,-6.127653721402,
    12.082423623525));
#4536 = CARTESIAN_POINT('',(2.211975472732,-6.134078897606,
    11.991511480228));
#4537 = CARTESIAN_POINT('',(2.037094668167,-6.148980038674,
    11.891311137748));
#4538 = CARTESIAN_POINT('',(2.005595800429,-6.151898952346,
    11.873912355239));
#4539 = CARTESIAN_POINT('',(1.973654641489,-6.15509246734,
    11.856965943387));
#4540 = CARTESIAN_POINT('',(1.941248085746,-6.158564562262,
    11.840521167991));
#4541 = CARTESIAN_POINT('',(1.908356490641,-6.162318368964,
    11.824632778006));
#4542 = CARTESIAN_POINT('',(1.874964889874,-6.16635544588,11.80935955917
    ));
#4543 = CARTESIAN_POINT('',(1.793116972192,-6.176784460275,
    11.774118170032));
#4544 = CARTESIAN_POINT('',(1.74413811617,-6.1834607301,11.754820970586)
  );
#4545 = CARTESIAN_POINT('',(1.694125774492,-6.190698871297,
    11.737054974633));
#4546 = CARTESIAN_POINT('',(1.643104889212,-6.198483088219,
    11.721008387966));
#4547 = CARTESIAN_POINT('',(1.591138164442,-6.206780147781,
    11.706850963563));
#4548 = CARTESIAN_POINT('',(1.538342082077,-6.215533691643,
    11.694704419568));
#4549 = CARTESIAN_POINT('',(1.430887657694,-6.233885409446,
    11.674397292459));
#4550 = CARTESIAN_POINT('',(1.376188922897,-6.243496309528,
    11.666276915045));
#4551 = CARTESIAN_POINT('',(1.321020385898,-6.253404073672,
    11.66029175283));
#4552 = CARTESIAN_POINT('',(1.26556261305,-6.263509436736,
    11.656377672902));
#4553 = CARTESIAN_POINT('',(1.209968847319,-6.273709082673,
    11.654378181707));
#4554 = CARTESIAN_POINT('',(1.154362835256,-6.283901559827,
    11.654073157738));
#4555 = CARTESIAN_POINT('',(1.065176278412,-6.300108078316,
    11.655911768189));
#4556 = CARTESIAN_POINT('',(1.031539501716,-6.306188042767,
    11.657138412312));
#4557 = CARTESIAN_POINT('',(0.997935080502,-6.312212172646,
    11.658843480378));
#4558 = CARTESIAN_POINT('',(0.964369276009,-6.318161757655,
    11.660970093002));
#4559 = CARTESIAN_POINT('',(0.930843085863,-6.324019017226,
    11.663460277257));
#4560 = CARTESIAN_POINT('',(0.897352372125,-6.329767004072,
    11.66625639244));
#4561 = CARTESIAN_POINT('',(0.837472242639,-6.339827737879,
    11.671707102829));
#4562 = CARTESIAN_POINT('',(0.811073742737,-6.344187601098,11.6742673393
    ));
#4563 = CARTESIAN_POINT('',(0.784688236017,-6.348461127201,
    11.676955593547));
#4564 = CARTESIAN_POINT('',(0.758310908385,-6.3526402805,11.679744571134
    ));
#4565 = CARTESIAN_POINT('',(0.731936385263,-6.356716959807,
    11.682607354903));
#4566 = CARTESIAN_POINT('',(0.705558731593,-6.360682998433,
    11.685517404966));
#4567 = CARTESIAN_POINT('',(0.6324816568,-6.371337360007,11.693634957956
    ));
#4568 = CARTESIAN_POINT('',(0.585767699736,-6.377771369084,
    11.698886662055));
#4569 = CARTESIAN_POINT('',(0.538987757543,-6.383787424308,
    11.704059401479));
#4570 = CARTESIAN_POINT('',(0.492109924792,-6.389336235573,
    11.709009783431));
#4571 = CARTESIAN_POINT('',(0.445111950058,-6.394364590934,
    11.713593813451));
#4572 = CARTESIAN_POINT('',(0.397980972259,-6.398815957769,
    11.717665417012));
#4573 = CARTESIAN_POINT('',(0.300863624942,-6.406654604748,
    11.724670745657));
#4574 = CARTESIAN_POINT('',(0.250870884913,-6.40996981209,
    11.727529595897));
#4575 = CARTESIAN_POINT('',(0.200733205725,-6.412507746384,
    11.72947651746));
#4576 = CARTESIAN_POINT('',(0.150485908731,-6.41419483399,
    11.730331492333));
#4577 = CARTESIAN_POINT('',(0.100201515099,-6.414958608956,
    11.729912207497));
#4578 = CARTESIAN_POINT('',(4.999010661335E-02,-6.414736836967,
    11.728044655085));
#4579 = CARTESIAN_POINT('',(-1.071733847502E-16,-6.413490041489,
    11.724581604039));
#4580 = PCURVE('',#214,#4581);
#4581 = DEFINITIONAL_REPRESENTATION('',(#4582),#4687);
#4582 = B_SPLINE_CURVE_WITH_KNOTS('',7,(#4583,#4584,#4585,#4586,#4587,
    #4588,#4589,#4590,#4591,#4592,#4593,#4594,#4595,#4596,#4597,#4598,
    #4599,#4600,#4601,#4602,#4603,#4604,#4605,#4606,#4607,#4608,#4609,
    #4610,#4611,#4612,#4613,#4614,#4615,#4616,#4617,#4618,#4619,#4620,
    #4621,#4622,#4623,#4624,#4625,#4626,#4627,#4628,#4629,#4630,#4631,
    #4632,#4633,#4634,#4635,#4636,#4637,#4638,#4639,#4640,#4641,#4642,
    #4643,#4644,#4645,#4646,#4647,#4648,#4649,#4650,#4651,#4652,#4653,
    #4654,#4655,#4656,#4657,#4658,#4659,#4660,#4661,#4662,#4663,#4664,
    #4665,#4666,#4667,#4668,#4669,#4670,#4671,#4672,#4673,#4674,#4675,
    #4676,#4677,#4678,#4679,#4680,#4681,#4682,#4683,#4684,#4685,#4686),
  .UNSPECIFIED.,.F.,.F.,(8,6,6,6,6,6,6,6,6,6,6,6,6,6,6,6,6,8),(0.,
    3.190979342856E-02,0.222340825292,0.247196814069,0.274077365937,
    0.300646220662,0.41790179055,0.560057369655,0.583503139812,
    0.621359177421,0.761404240814,0.791674791991,0.83448777021,
    0.877770440998,0.904005085242,0.924713900388,0.96135618952,1.),
  .UNSPECIFIED.);
#4583 = CARTESIAN_POINT('',(6.055756602153,-12.00007544665));
#4584 = CARTESIAN_POINT('',(6.047801054791,-11.97971576693));
#4585 = CARTESIAN_POINT('',(6.039777344994,-11.95958055085));
#4586 = CARTESIAN_POINT('',(6.031689448254,-11.93966552159));
#4587 = CARTESIAN_POINT('',(6.023541309753,-11.91996662288));
#4588 = CARTESIAN_POINT('',(6.015336844369,-11.90048001909));
#4589 = CARTESIAN_POINT('',(6.007079936667,-11.88120209516));
#4590 = CARTESIAN_POINT('',(5.949208964063,-11.74830790391));
#4591 = CARTESIAN_POINT('',(5.89787705724,-11.64174471031));
#4592 = CARTESIAN_POINT('',(5.845434967149,-11.54325032805));
#4593 = CARTESIAN_POINT('',(5.792406600287,-11.45237837783));
#4594 = CARTESIAN_POINT('',(5.73923650945,-11.3675052477));
#4595 = CARTESIAN_POINT('',(5.686257820613,-11.28636500532));
#4596 = CARTESIAN_POINT('',(5.626888139343,-11.19539071631));
#4597 = CARTESIAN_POINT('',(5.620040763138,-11.18489752153));
#4598 = CARTESIAN_POINT('',(5.613201110116,-11.17440771634));
#4599 = CARTESIAN_POINT('',(5.606369768417,-11.16391423033));
#4600 = CARTESIAN_POINT('',(5.599547348596,-11.15340978576));
#4601 = CARTESIAN_POINT('',(5.592734483632,-11.14288689757));
#4602 = CARTESIAN_POINT('',(5.578575086263,-11.12092961298));
#4603 = CARTESIAN_POINT('',(5.571230307971,-11.1094907937));
#4604 = CARTESIAN_POINT('',(5.563898314365,-11.09801168576));
#4605 = CARTESIAN_POINT('',(5.556580010245,-11.08648227056));
#4606 = CARTESIAN_POINT('',(5.549276384885,-11.07489224069));
#4607 = CARTESIAN_POINT('',(5.541988512033,-11.06323099991));
#4608 = CARTESIAN_POINT('',(5.527530899241,-11.0398804979));
#4609 = CARTESIAN_POINT('',(5.520360762399,-11.02819329899));
#4610 = CARTESIAN_POINT('',(5.513208402779,-11.01641483676));
#4611 = CARTESIAN_POINT('',(5.506074864727,-11.00453546108));
#4612 = CARTESIAN_POINT('',(5.498961624032,-10.99254377525));
#4613 = CARTESIAN_POINT('',(5.491870497545,-10.98042714503));
#4614 = CARTESIAN_POINT('',(5.453611196433,-10.91410860213));
#4615 = CARTESIAN_POINT('',(5.42287098598,-10.85745094783));
#4616 = CARTESIAN_POINT('',(5.392556649087,-10.79818296194));
#4617 = CARTESIAN_POINT('',(5.36264740062,-10.73630559655));
#4618 = CARTESIAN_POINT('',(5.333123907355,-10.67184888313));
#4619 = CARTESIAN_POINT('',(5.303964993523,-10.60487994176));
#4620 = CARTESIAN_POINT('',(5.240203440834,-10.45141107556));
#4621 = CARTESIAN_POINT('',(5.205754915347,-10.36377186301));
#4622 = CARTESIAN_POINT('',(5.171755970576,-10.27280652672));
#4623 = CARTESIAN_POINT('',(5.138142932178,-10.17879572302));
#4624 = CARTESIAN_POINT('',(5.104805915201,-10.08212454069));
#4625 = CARTESIAN_POINT('',(5.071599778304,-9.983256153732));
#4626 = CARTESIAN_POINT('',(5.032709025606,-9.866391119918));
#4627 = CARTESIAN_POINT('',(5.027197985788,-9.849805883244));
#4628 = CARTESIAN_POINT('',(5.021680667338,-9.833184396254));
#4629 = CARTESIAN_POINT('',(5.016155538163,-9.816530236244));
#4630 = CARTESIAN_POINT('',(5.010620909488,-9.799847274331));
#4631 = CARTESIAN_POINT('',(5.005074935853,-9.783139675451));
#4632 = CARTESIAN_POINT('',(4.990539417975,-9.73940287481));
#4633 = CARTESIAN_POINT('',(4.981528595171,-9.712341089486));
#4634 = CARTESIAN_POINT('',(4.972480685939,-9.685236468187));
#4635 = CARTESIAN_POINT('',(4.963392814727,-9.658099580494));
#4636 = CARTESIAN_POINT('',(4.954261691188,-9.630941639773));
#4637 = CARTESIAN_POINT('',(4.94508361018,-9.603774503176));
#4638 = CARTESIAN_POINT('',(4.901711996405,-9.476120479058));
#4639 = CARTESIAN_POINT('',(4.866953611952,-9.375921127346));
#4640 = CARTESIAN_POINT('',(4.831257622956,-9.276322576476));
#4641 = CARTESIAN_POINT('',(4.794297995294,-9.17804414002));
#4642 = CARTESIAN_POINT('',(4.755656445997,-9.082423623525));
#4643 = CARTESIAN_POINT('',(4.714791169537,-8.991511480228));
#4644 = CARTESIAN_POINT('',(4.66095852037,-8.891311137748));
#4645 = CARTESIAN_POINT('',(4.651238240742,-8.873912355239));
#4646 = CARTESIAN_POINT('',(4.641356769309,-8.856965943387));
#4647 = CARTESIAN_POINT('',(4.631305987683,-8.840521167991));
#4648 = CARTESIAN_POINT('',(4.621078775887,-8.824632778006));
#4649 = CARTESIAN_POINT('',(4.610669427406,-8.80935955917));
#4650 = CARTESIAN_POINT('',(4.58508857388,-8.774118170032));
#4651 = CARTESIAN_POINT('',(4.569726841464,-8.754820970586));
#4652 = CARTESIAN_POINT('',(4.553985302889,-8.737054974633));
#4653 = CARTESIAN_POINT('',(4.537868937304,-8.721008387966));
#4654 = CARTESIAN_POINT('',(4.521395047793,-8.706850963563));
#4655 = CARTESIAN_POINT('',(4.504598899764,-8.694704419568));
#4656 = CARTESIAN_POINT('',(4.47029639789,-8.674397292459));
#4657 = CARTESIAN_POINT('',(4.452775873189,-8.666276915045));
#4658 = CARTESIAN_POINT('',(4.435045761579,-8.66029175283));
#4659 = CARTESIAN_POINT('',(4.417164938357,-8.656377672902));
#4660 = CARTESIAN_POINT('',(4.399184854392,-8.654378181707));
#4661 = CARTESIAN_POINT('',(4.381148389125,-8.654073157738));
#4662 = CARTESIAN_POINT('',(4.352140752199,-8.655911768189));
#4663 = CARTESIAN_POINT('',(4.34118242105,-8.657138412312));
#4664 = CARTESIAN_POINT('',(4.330217233066,-8.658843480378));
#4665 = CARTESIAN_POINT('',(4.319247969162,-8.660970093002));
#4666 = CARTESIAN_POINT('',(4.30827571716,-8.663460277257));
#4667 = CARTESIAN_POINT('',(4.29729988668,-8.66625639244));
#4668 = CARTESIAN_POINT('',(4.277649639831,-8.671707102829));
#4669 = CARTESIAN_POINT('',(4.268977697484,-8.6742673393));
#4670 = CARTESIAN_POINT('',(4.260301371562,-8.676955593547));
#4671 = CARTESIAN_POINT('',(4.251619446909,-8.679744571134));
#4672 = CARTESIAN_POINT('',(4.242930518614,-8.682607354903));
#4673 = CARTESIAN_POINT('',(4.234232992021,-8.685517404966));
#4674 = CARTESIAN_POINT('',(4.210117261072,-8.693634957956));
#4675 = CARTESIAN_POINT('',(4.19467890742,-8.698886662055));
#4676 = CARTESIAN_POINT('',(4.179198209904,-8.704059401479));
#4677 = CARTESIAN_POINT('',(4.163666584883,-8.709009783431));
#4678 = CARTESIAN_POINT('',(4.148078645203,-8.713593813451));
#4679 = CARTESIAN_POINT('',(4.132432168463,-8.717665417012));
#4680 = CARTESIAN_POINT('',(4.100166152777,-8.724670745657));
#4681 = CARTESIAN_POINT('',(4.083543125611,-8.727529595897));
#4682 = CARTESIAN_POINT('',(4.06686089663,-8.72947651746));
#4683 = CARTESIAN_POINT('',(4.050133819264,-8.730331492333));
#4684 = CARTESIAN_POINT('',(4.033388802635,-8.729912207497));
#4685 = CARTESIAN_POINT('',(4.016665372424,-8.728044655085));
#4686 = CARTESIAN_POINT('',(4.000015677515,-8.724581604039));
#4687 = ( GEOMETRIC_REPRESENTATION_CONTEXT(2) 
PARAMETRIC_REPRESENTATION_CONTEXT() REPRESENTATION_CONTEXT('2D SPACE',''
  ) );
#4688 = PCURVE('',#1859,#4689);
#4689 = DEFINITIONAL_REPRESENTATION('',(#4690),#4795);
#4690 = B_SPLINE_CURVE_WITH_KNOTS('',7,(#4691,#4692,#4693,#4694,#4695,
    #4696,#4697,#4698,#4699,#4700,#4701,#4702,#4703,#4704,#4705,#4706,
    #4707,#4708,#4709,#4710,#4711,#4712,#4713,#4714,#4715,#4716,#4717,
    #4718,#4719,#4720,#4721,#4722,#4723,#4724,#4725,#4726,#4727,#4728,
    #4729,#4730,#4731,#4732,#4733,#4734,#4735,#4736,#4737,#4738,#4739,
    #4740,#4741,#4742,#4743,#4744,#4745,#4746,#4747,#4748,#4749,#4750,
    #4751,#4752,#4753,#4754,#4755,#4756,#4757,#4758,#4759,#4760,#4761,
    #4762,#4763,#4764,#4765,#4766,#4767,#4768,#4769,#4770,#4771,#4772,
    #4773,#4774,#4775,#4776,#4777,#4778,#4779,#4780,#4781,#4782,#4783,
    #4784,#4785,#4786,#4787,#4788,#4789,#4790,#4791,#4792,#4793,#4794),
  .UNSPECIFIED.,.F.,.F.,(8,6,6,6,6,6,6,6,6,6,6,6,6,6,6,6,6,8),(0.,
    3.190979342856E-02,0.222340825292,0.247196814069,0.274077365937,
    0.300646220662,0.41790179055,0.560057369655,0.583503139812,
    0.621359177421,0.761404240814,0.791674791991,0.83448777021,
    0.877770440998,0.904005085242,0.924713900388,0.96135618952,1.),
  .UNSPECIFIED.);
#4691 = CARTESIAN_POINT('',(0.765952574788,0.445452464394));
#4692 = CARTESIAN_POINT('',(0.763603281982,0.452738961712));
#4693 = CARTESIAN_POINT('',(0.761251384243,0.460072176571));
#4694 = CARTESIAN_POINT('',(0.758898956466,0.467453746533));
#4695 = CARTESIAN_POINT('',(0.756548043347,0.474885216779));
#4696 = CARTESIAN_POINT('',(0.754200659384,0.482368040111));
#4697 = CARTESIAN_POINT('',(0.751858788877,0.489903576947));
#4698 = CARTESIAN_POINT('',(0.735593153076,0.542785767593));
#4699 = CARTESIAN_POINT('',(0.721913685631,0.590021471703));
#4700 = CARTESIAN_POINT('',(0.708609010335,0.638858065064));
#4701 = CARTESIAN_POINT('',(0.695670492594,0.688991706838));
#4702 = CARTESIAN_POINT('',(0.683026163421,0.740183195758));
#4703 = CARTESIAN_POINT('',(0.670567956864,0.792306622225));
#4704 = CARTESIAN_POINT('',(0.656565839685,0.852371728633));
#4705 = CARTESIAN_POINT('',(0.6549502883,0.859324460096));
#4706 = CARTESIAN_POINT('',(0.653335539002,0.866295310741));
#4707 = CARTESIAN_POINT('',(0.651721337964,0.873284521785));
#4708 = CARTESIAN_POINT('',(0.650107440185,0.880292363885));
#4709 = CARTESIAN_POINT('',(0.648493609484,0.887319137135));
#4710 = CARTESIAN_POINT('',(0.645134165175,0.901985116598));
#4711 = CARTESIAN_POINT('',(0.643388531437,0.909627573447));
#4712 = CARTESIAN_POINT('',(0.641642426642,0.917292964006));
#4713 = CARTESIAN_POINT('',(0.639895589814,0.924981724459));
#4714 = CARTESIAN_POINT('',(0.638147789645,0.932694304787));
#4715 = CARTESIAN_POINT('',(0.636398824494,0.940431168768));
#4716 = CARTESIAN_POINT('',(0.632918516159,0.955864418187));
#4717 = CARTESIAN_POINT('',(0.631187203042,0.963560201026));
#4718 = CARTESIAN_POINT('',(0.629454455283,0.971280668431));
#4719 = CARTESIAN_POINT('',(0.627720102813,0.979026155889));
#4720 = CARTESIAN_POINT('',(0.625984096134,0.986797106857));
#4721 = CARTESIAN_POINT('',(0.624246487674,0.994594025767));
#4722 = CARTESIAN_POINT('',(0.614831422417,1.036942372786));
#4723 = CARTESIAN_POINT('',(0.607122257126,1.071973884877));
#4724 = CARTESIAN_POINT('',(0.599341300043,1.107443578855));
#4725 = CARTESIAN_POINT('',(0.591454834238,1.14327893886));
#4726 = CARTESIAN_POINT('',(0.583432811268,1.179402018219));
#4727 = CARTESIAN_POINT('',(0.575247800887,1.215728481477));
#4728 = CARTESIAN_POINT('',(0.556721835075,1.29634270088));
#4729 = CARTESIAN_POINT('',(0.546290768492,1.340689130407));
#4730 = CARTESIAN_POINT('',(0.535535289218,1.385035417044));
#4731 = CARTESIAN_POINT('',(0.524411368287,1.429211868378));
#4732 = CARTESIAN_POINT('',(0.512862934762,1.473039664637));
#4733 = CARTESIAN_POINT('',(0.500825629888,1.516338849016));
#4734 = CARTESIAN_POINT('',(0.48606635073,1.565872217255));
#4735 = CARTESIAN_POINT('',(0.483959515766,1.572863978407));
#4736 = CARTESIAN_POINT('',(0.481834822472,1.579833487662));
#4737 = CARTESIAN_POINT('',(0.479691556589,1.586779564293));
#4738 = CARTESIAN_POINT('',(0.47752892557,1.59370094622));
#4739 = CARTESIAN_POINT('',(0.47534605858,1.600596290008));
#4740 = CARTESIAN_POINT('',(0.469583297266,1.618553196926));
#4741 = CARTESIAN_POINT('',(0.465969456206,1.629570700662));
#4742 = CARTESIAN_POINT('',(0.462299958819,1.640514323409));
#4743 = CARTESIAN_POINT('',(0.458574098197,1.651381577603));
#4744 = CARTESIAN_POINT('',(0.454790985016,1.662169846787));
#4745 = CARTESIAN_POINT('',(0.450949547538,1.67287638561));
#4746 = CARTESIAN_POINT('',(0.432617068171,1.722793226122));
#4747 = CARTESIAN_POINT('',(0.417405273051,1.760834266841));
#4748 = CARTESIAN_POINT('',(0.401306023628,1.797612709284));
#4749 = CARTESIAN_POINT('',(0.384194794188,1.832959878099));
#4750 = CARTESIAN_POINT('',(0.365904514524,1.866513624288));
#4751 = CARTESIAN_POINT('',(0.34620736546,1.897723070409));
#4752 = CARTESIAN_POINT('',(0.319915598365,1.931539189401));
#4753 = CARTESIAN_POINT('',(0.31515602333,1.937386355226));
#4754 = CARTESIAN_POINT('',(0.31030614726,1.943058522998));
#4755 = CARTESIAN_POINT('',(0.305362713196,1.94854165053));
#4756 = CARTESIAN_POINT('',(0.300323057359,1.953820079892));
#4757 = CARTESIAN_POINT('',(0.295185342399,1.958877009689));
#4758 = CARTESIAN_POINT('',(0.282542504124,1.970509217765));
#4759 = CARTESIAN_POINT('',(0.27493645626,1.976847355838));
#4760 = CARTESIAN_POINT('',(0.267132097497,1.982656520613));
#4761 = CARTESIAN_POINT('',(0.259135713638,1.987883148685));
#4762 = CARTESIAN_POINT('',(0.250960440186,1.992479821135));
#4763 = CARTESIAN_POINT('',(0.242628812361,1.996414028973));
#4764 = CARTESIAN_POINT('',(0.225630153526,2.002979502958));
#4765 = CARTESIAN_POINT('',(0.216956281351,2.005597606694));
#4766 = CARTESIAN_POINT('',(0.208192094445,2.00752361702));
#4767 = CARTESIAN_POINT('',(0.199371719152,2.008781968542));
#4768 = CARTESIAN_POINT('',(0.19052481986,2.009424768101));
#4769 = CARTESIAN_POINT('',(0.181675742861,2.009522937004));
#4770 = CARTESIAN_POINT('',(0.167488515546,2.008931678158));
#4771 = CARTESIAN_POINT('',(0.162139124486,2.008537183721));
#4772 = CARTESIAN_POINT('',(0.156797076237,2.007988712177));
#4773 = CARTESIAN_POINT('',(0.151464119651,2.00730438182));
#4774 = CARTESIAN_POINT('',(0.146141058742,2.006502629001));
#4775 = CARTESIAN_POINT('',(0.140827776217,2.005601794271));
#4776 = CARTESIAN_POINT('',(0.131336033938,2.003844480451));
#4777 = CARTESIAN_POINT('',(0.127154405428,2.003018664161));
#4778 = CARTESIAN_POINT('',(0.122977910344,2.002151079811));
#4779 = CARTESIAN_POINT('',(0.118805961811,2.001250453203));
#4780 = CARTESIAN_POINT('',(0.114637847226,2.000325415775));
#4781 = CARTESIAN_POINT('',(0.110472728248,1.999384504598));
#4782 = CARTESIAN_POINT('',(9.894345144529E-02,1.996758160539));
#4783 = CARTESIAN_POINT('',(9.158456763796E-02,1.995057157686));
#4784 = CARTESIAN_POINT('',(8.422672531273E-02,1.993379708061));
#4785 = CARTESIAN_POINT('',(7.68648906046E-02,1.991772461541));
#4786 = CARTESIAN_POINT('',(6.94951738763E-02,1.990282559927));
#4787 = CARTESIAN_POINT('',(6.211474374088E-02,1.988958033232));
#4788 = CARTESIAN_POINT('',(4.692490850914E-02,1.986677735791));
#4789 = CARTESIAN_POINT('',(3.911549707402E-02,1.985746238209));
#4790 = CARTESIAN_POINT('',(3.129171023224E-02,1.985111331424));
#4791 = CARTESIAN_POINT('',(2.345702140101E-02,1.984832370462));
#4792 = CARTESIAN_POINT('',(1.562001828381E-02,1.984969224993));
#4793 = CARTESIAN_POINT('',(7.794524711189E-03,1.985578384083));
#4794 = CARTESIAN_POINT('',(0.,1.986706377867));
#4795 = ( GEOMETRIC_REPRESENTATION_CONTEXT(2) 
PARAMETRIC_REPRESENTATION_CONTEXT() REPRESENTATION_CONTEXT('2D SPACE',''
  ) );
#4796 = ORIENTED_EDGE('',*,*,#1410,.T.);
#4797 = ORIENTED_EDGE('',*,*,#1357,.T.);
#4798 = ORIENTED_EDGE('',*,*,#182,.F.);
#4799 = ORIENTED_EDGE('',*,*,#4800,.F.);
#4800 = EDGE_CURVE('',#4801,#183,#4803,.T.);
#4801 = VERTEX_POINT('',#4802);
#4802 = CARTESIAN_POINT('',(0.,-6.413490041489,8.135640956737));
#4803 = SURFACE_CURVE('',#4804,(#4961,#5121),.PCURVE_S1.);
#4804 = B_SPLINE_CURVE_WITH_KNOTS('',8,(#4805,#4806,#4807,#4808,#4809,
    #4810,#4811,#4812,#4813,#4814,#4815,#4816,#4817,#4818,#4819,#4820,
    #4821,#4822,#4823,#4824,#4825,#4826,#4827,#4828,#4829,#4830,#4831,
    #4832,#4833,#4834,#4835,#4836,#4837,#4838,#4839,#4840,#4841,#4842,
    #4843,#4844,#4845,#4846,#4847,#4848,#4849,#4850,#4851,#4852,#4853,
    #4854,#4855,#4856,#4857,#4858,#4859,#4860,#4861,#4862,#4863,#4864,
    #4865,#4866,#4867,#4868,#4869,#4870,#4871,#4872,#4873,#4874,#4875,
    #4876,#4877,#4878,#4879,#4880,#4881,#4882,#4883,#4884,#4885,#4886,
    #4887,#4888,#4889,#4890,#4891,#4892,#4893,#4894,#4895,#4896,#4897,
    #4898,#4899,#4900,#4901,#4902,#4903,#4904,#4905,#4906,#4907,#4908,
    #4909,#4910,#4911,#4912,#4913,#4914,#4915,#4916,#4917,#4918,#4919,
    #4920,#4921,#4922,#4923,#4924,#4925,#4926,#4927,#4928,#4929,#4930,
    #4931,#4932,#4933,#4934,#4935,#4936,#4937,#4938,#4939,#4940,#4941,
    #4942,#4943,#4944,#4945,#4946,#4947,#4948,#4949,#4950,#4951,#4952,
    #4953,#4954,#4955,#4956,#4957,#4958,#4959,#4960),.UNSPECIFIED.,.F.,
  .F.,(9,7,7,7,7,7,7,7,7,7,7,7,7,7,7,7,7,7,7,7,7,7,9),(0.,
    4.112319102474E-02,5.767044035691E-02,8.519952782514E-02,
    9.94274247351E-02,0.126658409086,0.1574797165,0.178853635809,
    0.266458655773,0.31626684991,0.341328564881,0.36655349143,
    0.524098771421,0.607472752106,0.703397615355,0.749986033935,
    0.773139448078,0.796763674367,0.814651396556,0.83274208663,
    0.879291406979,0.938313731721,1.),.UNSPECIFIED.);
#4805 = CARTESIAN_POINT('',(-1.071733847502E-16,-6.413490041489,
    8.135640956737));
#4806 = CARTESIAN_POINT('',(6.08869858921E-02,-6.415008614339,
    8.131416848566));
#4807 = CARTESIAN_POINT('',(0.122075459591,-6.415037122059,
    8.129515430074));
#4808 = CARTESIAN_POINT('',(0.183334131565,-6.413644306734,8.12968533744
    ));
#4809 = CARTESIAN_POINT('',(0.244495692424,-6.410938559789,
    8.131629479892));
#4810 = CARTESIAN_POINT('',(0.30545401555,-6.407045766486,8.135036415763
    ));
#4811 = CARTESIAN_POINT('',(0.366162493838,-6.402092846552,
    8.139599949054));
#4812 = CARTESIAN_POINT('',(0.426633510567,-6.396196990939,
    8.145026946507));
#4813 = CARTESIAN_POINT('',(0.511204931327,-6.386749987264,
    8.153450256516));
#4814 = CARTESIAN_POINT('',(0.535440851565,-6.383903643159,8.15596059229
    ));
#4815 = CARTESIAN_POINT('',(0.559649772299,-6.380928485306,
    8.158545776596));
#4816 = CARTESIAN_POINT('',(0.5838349925,-6.377831232903,8.161187206823)
  );
#4817 = CARTESIAN_POINT('',(0.608000142912,-6.374618401446,
    8.163866283649));
#4818 = CARTESIAN_POINT('',(0.632149186046,-6.371296302723,
    8.166564411041));
#4819 = CARTESIAN_POINT('',(0.656286416184,-6.367871044816,
    8.169262996261));
#4820 = CARTESIAN_POINT('',(0.720560779225,-6.358488249311,
    8.176402827977));
#4821 = CARTESIAN_POINT('',(0.760680884357,-6.352359470833,
    8.180811184285));
#4822 = CARTESIAN_POINT('',(0.800801570031,-6.345988890397,
    8.185083518155));
#4823 = CARTESIAN_POINT('',(0.840942974897,-6.339402864476,
    8.189132121959));
#4824 = CARTESIAN_POINT('',(0.881120559872,-6.332627747615,
    8.192867169582));
#4825 = CARTESIAN_POINT('',(0.921345087015,-6.325690227755,
    8.196197304937));
#4826 = CARTESIAN_POINT('',(0.961622598407,-6.318617661558,8.19903023048
    ));
#4827 = CARTESIAN_POINT('',(1.022799134066,-6.307727946939,
    8.202432582277));
#4828 = CARTESIAN_POINT('',(1.043657262342,-6.303989175488,8.20343429785
    ));
#4829 = CARTESIAN_POINT('',(1.064528269902,-6.300226114277,
    8.204265759972));
#4830 = CARTESIAN_POINT('',(1.085410814806,-6.296442938626,
    8.204914317947));
#4831 = CARTESIAN_POINT('',(1.106302714767,-6.292643974607,8.20536751458
    ));
#4832 = CARTESIAN_POINT('',(1.127200938802,-6.28883369338,8.20561324792)
  );
#4833 = CARTESIAN_POINT('',(1.14810159888,-6.285016705524,8.205639932995
    ));
#4834 = CARTESIAN_POINT('',(1.208997591716,-6.273888609634,8.20504762312
    ));
#4835 = CARTESIAN_POINT('',(1.248994294923,-6.266570907977,
    8.203816433499));
#4836 = CARTESIAN_POINT('',(1.288946686869,-6.259279641056,
    8.201665584752));
#4837 = CARTESIAN_POINT('',(1.328805599356,-6.252050567311,
    8.198529269746));
#4838 = CARTESIAN_POINT('',(1.368516316511,-6.244919353445,8.19435683582
    ));
#4839 = CARTESIAN_POINT('',(1.408018830976,-6.237920714905,
    8.189116236471));
#4840 = CARTESIAN_POINT('',(1.447248100105,-6.231087556365,
    8.182797483026));
#4841 = CARTESIAN_POINT('',(1.530147532529,-6.21693754109,8.167061496075
    ));
#4842 = CARTESIAN_POINT('',(1.57373506367,-6.209673309652,8.157342650179
    ));
#4843 = CARTESIAN_POINT('',(1.616797626524,-6.202701156106,
    8.146278228102));
#4844 = CARTESIAN_POINT('',(1.659264115419,-6.196054127075,
    8.133919446975));
#4845 = CARTESIAN_POINT('',(1.701086077527,-6.18975574239,8.120340426039
    ));
#4846 = CARTESIAN_POINT('',(1.742232983861,-6.183821375364,
    8.105629539705));
#4847 = CARTESIAN_POINT('',(1.782688281807,-6.17825984855,8.089881769194
    ));
#4848 = CARTESIAN_POINT('',(1.850017517717,-6.169479832994,
    8.061618090426));
#4849 = CARTESIAN_POINT('',(1.877257305053,-6.166065182014,
    8.049589482807));
#4850 = CARTESIAN_POINT('',(1.904167549446,-6.162832175468,
    8.037136278805));
#4851 = CARTESIAN_POINT('',(1.930752761825,-6.159780692968,
    8.024287857722));
#4852 = CARTESIAN_POINT('',(1.957019634113,-6.156909816571,
    8.011072476587));
#4853 = CARTESIAN_POINT('',(1.982976667527,-6.154218037039,
    7.997516817472));
#4854 = CARTESIAN_POINT('',(2.00863380089,-6.151703460101,7.983645534795
    ));
#4855 = CARTESIAN_POINT('',(2.137978523903,-6.139775348462,
    7.911423989299));
#4856 = CARTESIAN_POINT('',(2.23692031919,-6.133145520703,7.848539404623
    ));
#4857 = CARTESIAN_POINT('',(2.331909282405,-6.129284161928,
    7.782235567492));
#4858 = CARTESIAN_POINT('',(2.423684557084,-6.12804431487,7.713513751339
    ));
#4859 = CARTESIAN_POINT('',(2.512803775315,-6.129317569946,
    7.643080236154));
#4860 = CARTESIAN_POINT('',(2.599740466228,-6.133027657684,
    7.571417504033));
#4861 = CARTESIAN_POINT('',(2.684938996798,-6.13913290445,7.498825609691
    ));
#4862 = CARTESIAN_POINT('',(2.816555391216,-6.152489229533,
    7.383724085922));
#4863 = CARTESIAN_POINT('',(2.863806973888,-6.158105462979,
    7.341782368742));
#4864 = CARTESIAN_POINT('',(2.910661896112,-6.164494655383,
    7.299667644532));
#4865 = CARTESIAN_POINT('',(2.957170305089,-6.171656891051,
    7.257421806166));
#4866 = CARTESIAN_POINT('',(3.003375224411,-6.17959406046,7.215081667817
    ));
#4867 = CARTESIAN_POINT('',(3.049314059909,-6.188309577336,
    7.172679832081));
#4868 = CARTESIAN_POINT('',(3.095020105513,-6.197808095748,
    7.130245557094));
#4869 = CARTESIAN_POINT('',(3.163420018015,-6.213271346518,
    7.066451355891));
#4870 = CARTESIAN_POINT('',(3.186264764227,-6.218647010093,
    7.045095831213));
#4871 = CARTESIAN_POINT('',(3.209062919157,-6.224221743893,
    7.023743254984));
#4872 = CARTESIAN_POINT('',(3.231805823345,-6.230007869249,
    7.002390869309));
#4873 = CARTESIAN_POINT('',(3.254534999546,-6.235971953188,
    6.981059562089));
#4874 = CARTESIAN_POINT('',(3.27723144092,-6.242134195797,6.959741752516
    ));
#4875 = CARTESIAN_POINT('',(3.29991737966,-6.248477805474,6.938449175521
    ));
#4876 = CARTESIAN_POINT('',(3.345421496153,-6.261570986663,6.89578071628
    ));
#4877 = CARTESIAN_POINT('',(3.368240306028,-6.268322324549,
    6.874405529819));
#4878 = CARTESIAN_POINT('',(3.391059235352,-6.275253553669,
    6.853063126492));
#4879 = CARTESIAN_POINT('',(3.413885036668,-6.282361257651,
    6.831757756269));
#4880 = CARTESIAN_POINT('',(3.436724002587,-6.289642212032,
    6.810493422023));
#4881 = CARTESIAN_POINT('',(3.459581965793,-6.297093384258,
    6.789273879531));
#4882 = CARTESIAN_POINT('',(3.482464299039,-6.304711933685,
    6.768102637472));
#4883 = CARTESIAN_POINT('',(3.648473139576,-6.361106599686,6.61507748294
    ));
#4884 = CARTESIAN_POINT('',(3.792699151582,-6.416136412726,6.48520024445
    ));
#4885 = CARTESIAN_POINT('',(3.939302158645,-6.476927528014,
    6.358142483246));
#4886 = CARTESIAN_POINT('',(4.08899792966,-6.542994729963,6.234472042361
    ));
#4887 = CARTESIAN_POINT('',(4.242413888109,-6.613784402264,
    6.114744526099));
#4888 = CARTESIAN_POINT('',(4.400062227227,-6.688658210967,
    5.999481030885));
#4889 = CARTESIAN_POINT('',(4.562448051259,-6.766805482868,
    5.889208829266));
#4890 = CARTESIAN_POINT('',(4.818804057963,-6.889679883761,
    5.729007325734));
#4891 = CARTESIAN_POINT('',(4.908991762233,-6.932819926812,
    5.675118729072));
#4892 = CARTESIAN_POINT('',(5.000574744666,-6.976345431479,
    5.622695742878));
#4893 = CARTESIAN_POINT('',(5.093479910198,-7.020005485844,
    5.571634174897));
#4894 = CARTESIAN_POINT('',(5.187638705596,-7.063532856869,
    5.521813984555));
#4895 = CARTESIAN_POINT('',(5.282987810617,-7.106645692643,5.47310068389
    ));
#4896 = CARTESIAN_POINT('',(5.379469194856,-7.149048257021,
    5.425345892417));
#4897 = CARTESIAN_POINT('',(5.589276343462,-7.238042731346,
    5.324359147832));
#4898 = CARTESIAN_POINT('',(5.702925430417,-7.284293548038,5.27139734013
    ));
#4899 = CARTESIAN_POINT('',(5.81791297233,-7.328719365082,5.219245066278
    ));
#4900 = CARTESIAN_POINT('',(5.934144060133,-7.370816086396,
    5.167641385927));
#4901 = CARTESIAN_POINT('',(6.051489949284,-7.41003897771,5.116317633732
    ));
#4902 = CARTESIAN_POINT('',(6.169782757775,-7.445812257735,
    5.064995002087));
#4903 = CARTESIAN_POINT('',(6.288807617397,-7.477548604223,
    5.013383047757));
#4904 = CARTESIAN_POINT('',(6.466323128743,-7.517854954744,
    4.935824920773));
#4905 = CARTESIAN_POINT('',(6.524455918926,-7.529943245508,
    4.910333929471));
#4906 = CARTESIAN_POINT('',(6.582655182627,-7.540878083626,
    4.884673211512));
#4907 = CARTESIAN_POINT('',(6.64087998272,-7.550594691541,4.858810258002
    ));
#4908 = CARTESIAN_POINT('',(6.699083494933,-7.559030856226,
    4.832712890732));
#4909 = CARTESIAN_POINT('',(6.757212591626,-7.566128907672,
    4.806349164751));
#4910 = CARTESIAN_POINT('',(6.815207425571,-7.571837697383,
    4.779687270942));
#4911 = CARTESIAN_POINT('',(6.901723149454,-7.578240091409,
    4.739281094611));
#4912 = CARTESIAN_POINT('',(6.93039574422,-7.580011721871,4.725785309968
    ));
#4913 = CARTESIAN_POINT('',(6.959009729886,-7.58142579485,4.71220371773)
  );
#4914 = CARTESIAN_POINT('',(6.987558035909,-7.582473679614,
    4.698533814822));
#4915 = CARTESIAN_POINT('',(7.016029448383,-7.583156191707,
    4.684770029989));
#4916 = CARTESIAN_POINT('',(7.044414275509,-7.583470066754,
    4.670908374573));
#4917 = CARTESIAN_POINT('',(7.07270667464,-7.583402725595,4.656948227122
    ));
#4918 = CARTESIAN_POINT('',(7.129643379578,-7.582531610529,
    4.628523284414));
#4919 = CARTESIAN_POINT('',(7.158283545212,-7.5817113847,4.614054599506)
  );
#4920 = CARTESIAN_POINT('',(7.186793895306,-7.58051919637,4.599464571831
    ));
#4921 = CARTESIAN_POINT('',(7.215158670614,-7.578964251821,4.5847446263)
  );
#4922 = CARTESIAN_POINT('',(7.243361344529,-7.577056700091,
    4.569885687635));
#4923 = CARTESIAN_POINT('',(7.271384517311,-7.574807691408,
    4.554878078986));
#4924 = CARTESIAN_POINT('',(7.299209810306,-7.572229435617,
    4.539711420546));
#4925 = CARTESIAN_POINT('',(7.347721866467,-7.567143857693,
    4.512761785103));
#4926 = CARTESIAN_POINT('',(7.368501180441,-7.564771382704,4.50105148294
    ));
#4927 = CARTESIAN_POINT('',(7.389147348751,-7.562223560965,
    4.489238819517));
#4928 = CARTESIAN_POINT('',(7.409651426279,-7.559506570012,
    4.477318730344));
#4929 = CARTESIAN_POINT('',(7.430003876138,-7.556627039597,
    4.465285888606));
#4930 = CARTESIAN_POINT('',(7.45019456967,-7.553592051688,4.453134705167
    ));
#4931 = CARTESIAN_POINT('',(7.470212786443,-7.550409140471,
    4.440859328563));
#4932 = CARTESIAN_POINT('',(7.510106698779,-7.543725740625,
    4.415907197005));
#4933 = CARTESIAN_POINT('',(7.529978054698,-7.540222124344,4.40322733106
    ));
#4934 = CARTESIAN_POINT('',(7.549650512075,-7.536583513528,
    4.390408786317));
#4935 = CARTESIAN_POINT('',(7.569106105038,-7.532819932206,
    4.377441587767));
#4936 = CARTESIAN_POINT('',(7.58833750424,-7.528939764637,4.364322364836
    ));
#4937 = CARTESIAN_POINT('',(7.60733847051,-7.524951441314,4.351048861143
    ));
#4938 = CARTESIAN_POINT('',(7.626093738946,-7.520865337371,4.33761387202
    ));
#4939 = CARTESIAN_POINT('',(7.692201274172,-7.505949316899,
    4.289023068869));
#4940 = CARTESIAN_POINT('',(7.738134510645,-7.494620580122,
    4.252935677669));
#4941 = CARTESIAN_POINT('',(7.782208273678,-7.482871853622,
    4.215692360616));
#4942 = CARTESIAN_POINT('',(7.824241843716,-7.470882656341,
    4.177246692189));
#4943 = CARTESIAN_POINT('',(7.864073859235,-7.458835610729,
    4.137574668364));
#4944 = CARTESIAN_POINT('',(7.901573715526,-7.446906803267,
    4.096682670017));
#4945 = CARTESIAN_POINT('',(7.936650863108,-7.435255673038,
    4.054614854839));
#4946 = CARTESIAN_POINT('',(8.010611383962,-7.409761064565,
    3.956741645725));
#4947 = CARTESIAN_POINT('',(8.048011713237,-7.396161440755,
    3.900254765013));
#4948 = CARTESIAN_POINT('',(8.081363005251,-7.383488883078,
    3.842183260145));
#4949 = CARTESIAN_POINT('',(8.110754556802,-7.371927238917,
    3.782736495243));
#4950 = CARTESIAN_POINT('',(8.13641631396,-7.361555917667,3.722140750726
    ));
#4951 = CARTESIAN_POINT('',(8.158655560993,-7.352373567341,
    3.660620736314));
#4952 = CARTESIAN_POINT('',(8.177802339259,-7.344332707108,
    3.598381129515));
#4953 = CARTESIAN_POINT('',(8.21131117684,-7.33006774825,3.46998144827)
  );
#4954 = CARTESIAN_POINT('',(8.225422126738,-7.323940421255,
    3.403754880338));
#4955 = CARTESIAN_POINT('',(8.236909886043,-7.318883612018,
    3.337062747892));
#4956 = CARTESIAN_POINT('',(8.246141006104,-7.314781811992,
    3.270026378092));
#4957 = CARTESIAN_POINT('',(8.253443276399,-7.3115157131,3.202741026362)
  );
#4958 = CARTESIAN_POINT('',(8.259098983584,-7.308974386769,
    3.135274107227));
#4959 = CARTESIAN_POINT('',(8.263346707677,-7.307059975879,
    3.067664732007));
#4960 = CARTESIAN_POINT('',(8.266391655396,-7.305684899617,
    2.999924553347));
#4961 = PCURVE('',#214,#4962);
#4962 = DEFINITIONAL_REPRESENTATION('',(#4963),#5120);
#4963 = B_SPLINE_CURVE_WITH_KNOTS('',8,(#4964,#4965,#4966,#4967,#4968,
    #4969,#4970,#4971,#4972,#4973,#4974,#4975,#4976,#4977,#4978,#4979,
    #4980,#4981,#4982,#4983,#4984,#4985,#4986,#4987,#4988,#4989,#4990,
    #4991,#4992,#4993,#4994,#4995,#4996,#4997,#4998,#4999,#5000,#5001,
    #5002,#5003,#5004,#5005,#5006,#5007,#5008,#5009,#5010,#5011,#5012,
    #5013,#5014,#5015,#5016,#5017,#5018,#5019,#5020,#5021,#5022,#5023,
    #5024,#5025,#5026,#5027,#5028,#5029,#5030,#5031,#5032,#5033,#5034,
    #5035,#5036,#5037,#5038,#5039,#5040,#5041,#5042,#5043,#5044,#5045,
    #5046,#5047,#5048,#5049,#5050,#5051,#5052,#5053,#5054,#5055,#5056,
    #5057,#5058,#5059,#5060,#5061,#5062,#5063,#5064,#5065,#5066,#5067,
    #5068,#5069,#5070,#5071,#5072,#5073,#5074,#5075,#5076,#5077,#5078,
    #5079,#5080,#5081,#5082,#5083,#5084,#5085,#5086,#5087,#5088,#5089,
    #5090,#5091,#5092,#5093,#5094,#5095,#5096,#5097,#5098,#5099,#5100,
    #5101,#5102,#5103,#5104,#5105,#5106,#5107,#5108,#5109,#5110,#5111,
    #5112,#5113,#5114,#5115,#5116,#5117,#5118,#5119),.UNSPECIFIED.,.F.,
  .F.,(9,7,7,7,7,7,7,7,7,7,7,7,7,7,7,7,7,7,7,7,7,7,9),(0.,
    4.112319102474E-02,5.767044035691E-02,8.519952782514E-02,
    9.94274247351E-02,0.126658409086,0.1574797165,0.178853635809,
    0.266458655773,0.31626684991,0.341328564881,0.36655349143,
    0.524098771421,0.607472752106,0.703397615355,0.749986033935,
    0.773139448078,0.796763674367,0.814651396556,0.83274208663,
    0.879291406979,0.938313731721,1.),.UNSPECIFIED.);
#4964 = CARTESIAN_POINT('',(4.000015677515,-5.135640956737));
#4965 = CARTESIAN_POINT('',(4.020294684857,-5.131416848566));
#4966 = CARTESIAN_POINT('',(4.040674147639,-5.129515430074));
#4967 = CARTESIAN_POINT('',(4.061072393871,-5.12968533744));
#4968 = CARTESIAN_POINT('',(4.081428870206,-5.131629479892));
#4969 = CARTESIAN_POINT('',(4.101703597422,-5.135036415763));
#4970 = CARTESIAN_POINT('',(4.121876760137,-5.139599949054));
#4971 = CARTESIAN_POINT('',(4.141948430773,-5.145026946507));
#4972 = CARTESIAN_POINT('',(4.169982051221,-5.153450256516));
#4973 = CARTESIAN_POINT('',(4.178011397756,-5.15596059229));
#4974 = CARTESIAN_POINT('',(4.186027192443,-5.158545776596));
#4975 = CARTESIAN_POINT('',(4.194030269897,-5.161187206823));
#4976 = CARTESIAN_POINT('',(4.202021574269,-5.163866283649));
#4977 = CARTESIAN_POINT('',(4.21000215924,-5.166564411041));
#4978 = CARTESIAN_POINT('',(4.217973188027,-5.169262996261));
#4979 = CARTESIAN_POINT('',(4.239183277934,-5.176402827977));
#4980 = CARTESIAN_POINT('',(4.252406263643,-5.180811184285));
#4981 = CARTESIAN_POINT('',(4.265611902707,-5.185083518155));
#4982 = CARTESIAN_POINT('',(4.278805631809,-5.189132121959));
#4983 = CARTESIAN_POINT('',(4.29199131967,-5.192867169582));
#4984 = CARTESIAN_POINT('',(4.305171274606,-5.196197304937));
#4985 = CARTESIAN_POINT('',(4.318346252087,-5.19903023048));
#4986 = CARTESIAN_POINT('',(4.338321723684,-5.202432582277));
#4987 = CARTESIAN_POINT('',(4.345126082115,-5.20343429785));
#4988 = CARTESIAN_POINT('',(4.35192820556,-5.204265759972));
#4989 = CARTESIAN_POINT('',(4.35872749201,-5.204914317947));
#4990 = CARTESIAN_POINT('',(4.365523069604,-5.20536751458));
#4991 = CARTESIAN_POINT('',(4.372313796774,-5.20561324792));
#4992 = CARTESIAN_POINT('',(4.379098262378,-5.205639932995));
#4993 = CARTESIAN_POINT('',(4.398844475281,-5.20504762312));
#4994 = CARTESIAN_POINT('',(4.411787518837,-5.203816433499));
#4995 = CARTESIAN_POINT('',(4.424688860513,-5.201665584752));
#4996 = CARTESIAN_POINT('',(4.437531757697,-5.198529269746));
#4997 = CARTESIAN_POINT('',(4.45029791802,-5.19435683582));
#4998 = CARTESIAN_POINT('',(4.462967636206,-5.189116236471));
#4999 = CARTESIAN_POINT('',(4.475519930929,-5.182797483026));
#5000 = CARTESIAN_POINT('',(4.501982016107,-5.167061496075));
#5001 = CARTESIAN_POINT('',(4.51585698626,-5.157342650179));
#5002 = CARTESIAN_POINT('',(4.529526096877,-5.146278228102));
#5003 = CARTESIAN_POINT('',(4.542967454696,-5.133919446975));
#5004 = CARTESIAN_POINT('',(4.556166804897,-5.120340426039));
#5005 = CARTESIAN_POINT('',(4.569115856964,-5.105629539705));
#5006 = CARTESIAN_POINT('',(4.581810899941,-5.089881769194));
#5007 = CARTESIAN_POINT('',(4.602879141483,-5.061618090426));
#5008 = CARTESIAN_POINT('',(4.611385518807,-5.049589482807));
#5009 = CARTESIAN_POINT('',(4.619771969934,-5.037136278805));
#5010 = CARTESIAN_POINT('',(4.628040429686,-5.024287857722));
#5011 = CARTESIAN_POINT('',(4.636193509496,-5.011072476587));
#5012 = CARTESIAN_POINT('',(4.644234370073,-4.997516817472));
#5013 = CARTESIAN_POINT('',(4.652166594063,-4.983645534795));
#5014 = CARTESIAN_POINT('',(4.692076391773,-4.911423989299));
#5015 = CARTESIAN_POINT('',(4.722342873394,-4.848539404623));
#5016 = CARTESIAN_POINT('',(4.751162260906,-4.782235567492));
#5017 = CARTESIAN_POINT('',(4.778784710094,-4.713513751339));
#5018 = CARTESIAN_POINT('',(4.80539792788,-4.643080236154));
#5019 = CARTESIAN_POINT('',(4.831159164611,-4.571417504033));
#5020 = CARTESIAN_POINT('',(4.856211825579,-4.498825609691));
#5021 = CARTESIAN_POINT('',(4.894615764472,-4.383724085922));
#5022 = CARTESIAN_POINT('',(4.908340823806,-4.341782368742));
#5023 = CARTESIAN_POINT('',(4.921889535674,-4.299667644532));
#5024 = CARTESIAN_POINT('',(4.935277914713,-4.257421806166));
#5025 = CARTESIAN_POINT('',(4.948519607357,-4.215081667817));
#5026 = CARTESIAN_POINT('',(4.96162638532,-4.172679832081));
#5027 = CARTESIAN_POINT('',(4.97460863907,-4.130245557094));
#5028 = CARTESIAN_POINT('',(4.993950205753,-4.066451355891));
#5029 = CARTESIAN_POINT('',(5.000395407229,-4.045095831213));
#5030 = CARTESIAN_POINT('',(5.006812932748,-4.023743254984));
#5031 = CARTESIAN_POINT('',(5.013199923087,-4.00239086931));
#5032 = CARTESIAN_POINT('',(5.01956973651,-3.981059562088));
#5033 = CARTESIAN_POINT('',(5.025916168964,-3.959741752516));
#5034 = CARTESIAN_POINT('',(5.032246341394,-3.938449175521));
#5035 = CARTESIAN_POINT('',(5.044916941178,-3.89578071628));
#5036 = CARTESIAN_POINT('',(5.051257403462,-3.874405529819));
#5037 = CARTESIAN_POINT('',(5.057584724517,-3.853063126492));
#5038 = CARTESIAN_POINT('',(5.063901012414,-3.831757756269));
#5039 = CARTESIAN_POINT('',(5.070208224909,-3.810493422023));
#5040 = CARTESIAN_POINT('',(5.076508169443,-3.789273879531));
#5041 = CARTESIAN_POINT('',(5.082802503143,-3.768102637472));
#5042 = CARTESIAN_POINT('',(5.128379110688,-3.61507748294));
#5043 = CARTESIAN_POINT('',(5.167501858601,-3.48520024445));
#5044 = CARTESIAN_POINT('',(5.206843916041,-3.358142483246));
#5045 = CARTESIAN_POINT('',(5.246615684678,-3.234472042362));
#5046 = CARTESIAN_POINT('',(5.286999554291,-3.114744526099));
#5047 = CARTESIAN_POINT('',(5.328141303326,-2.999481030885));
#5048 = CARTESIAN_POINT('',(5.370185168572,-2.889208829266));
#5049 = CARTESIAN_POINT('',(5.43608547492,-2.729007325734));
#5050 = CARTESIAN_POINT('',(5.459185600022,-2.675118729072));
#5051 = CARTESIAN_POINT('',(5.482562709074,-2.622695742878));
#5052 = CARTESIAN_POINT('',(5.506201308098,-2.571634174897));
#5053 = CARTESIAN_POINT('',(5.530087917339,-2.521813984555));
#5054 = CARTESIAN_POINT('',(5.554211151263,-2.47310068389));
#5055 = CARTESIAN_POINT('',(5.578561651734,-2.425345892417));
#5056 = CARTESIAN_POINT('',(5.631400828648,-2.324359147832));
#5057 = CARTESIAN_POINT('',(5.659954092944,-2.27139734013));
#5058 = CARTESIAN_POINT('',(5.688784625772,-2.219245066278));
#5059 = CARTESIAN_POINT('',(5.717878553247,-2.167641385927));
#5060 = CARTESIAN_POINT('',(5.747214667842,-2.116317633732));
#5061 = CARTESIAN_POINT('',(5.776763089058,-2.064995002087));
#5062 = CARTESIAN_POINT('',(5.80648308601,-2.013383047757));
#5063 = CARTESIAN_POINT('',(5.850811169634,-1.935824920773));
#5064 = CARTESIAN_POINT('',(5.865328243922,-1.910333929471));
#5065 = CARTESIAN_POINT('',(5.879863953403,-1.884673211512));
#5066 = CARTESIAN_POINT('',(5.89440963374,-1.858810258002));
#5067 = CARTESIAN_POINT('',(5.908955154099,-1.832712890732));
#5068 = CARTESIAN_POINT('',(5.923488783591,-1.806349164751));
#5069 = CARTESIAN_POINT('',(5.937997057714,-1.779687270942));
#5070 = CARTESIAN_POINT('',(5.959654715741,-1.739281094611));
#5071 = CARTESIAN_POINT('',(5.966834772485,-1.725785309968));
#5072 = CARTESIAN_POINT('',(5.974002755251,-1.712203717729));
#5073 = CARTESIAN_POINT('',(5.981156973277,-1.698533814822));
#5074 = CARTESIAN_POINT('',(5.988294892083,-1.684770029989));
#5075 = CARTESIAN_POINT('',(5.99541423935,-1.670908374573));
#5076 = CARTESIAN_POINT('',(6.002513465482,-1.656948227122));
#5077 = CARTESIAN_POINT('',(6.016807593193,-1.628523284414));
#5078 = CARTESIAN_POINT('',(6.024001570379,-1.614054599506));
#5079 = CARTESIAN_POINT('',(6.031167112908,-1.599464571831));
#5080 = CARTESIAN_POINT('',(6.03830061983,-1.5847446263));
#5081 = CARTESIAN_POINT('',(6.04539827061,-1.569885687635));
#5082 = CARTESIAN_POINT('',(6.052455992981,-1.554878078986));
#5083 = CARTESIAN_POINT('',(6.059469430789,-1.539711420546));
#5084 = CARTESIAN_POINT('',(6.071707257123,-1.512761785103));
#5085 = CARTESIAN_POINT('',(6.076952485694,-1.50105148294));
#5086 = CARTESIAN_POINT('',(6.082167597219,-1.489238819517));
#5087 = CARTESIAN_POINT('',(6.087350423999,-1.477318730344));
#5088 = CARTESIAN_POINT('',(6.092498630971,-1.465285888606));
#5089 = CARTESIAN_POINT('',(6.097609715707,-1.453134705167));
#5090 = CARTESIAN_POINT('',(6.102681008411,-1.440859328563));
#5091 = CARTESIAN_POINT('',(6.112795394533,-1.415907197005));
#5092 = CARTESIAN_POINT('',(6.117837475818,-1.40322733106));
#5093 = CARTESIAN_POINT('',(6.122833215116,-1.390408786317));
#5094 = CARTESIAN_POINT('',(6.12777805712,-1.377441587767));
#5095 = CARTESIAN_POINT('',(6.132670125478,-1.364322364836));
#5096 = CARTESIAN_POINT('',(6.137507799408,-1.351048861143));
#5097 = CARTESIAN_POINT('',(6.1422871434,-1.33761387202));
#5098 = CARTESIAN_POINT('',(6.159148133246,-1.289023068869));
#5099 = CARTESIAN_POINT('',(6.17089180587,-1.252935677669));
#5100 = CARTESIAN_POINT('',(6.182188246485,-1.215692360616));
#5101 = CARTESIAN_POINT('',(6.192989097749,-1.177246692189));
#5102 = CARTESIAN_POINT('',(6.203249918793,-1.137574668364));
#5103 = CARTESIAN_POINT('',(6.212933313259,-1.096682670017));
#5104 = CARTESIAN_POINT('',(6.22201168299,-1.054614854839));
#5105 = CARTESIAN_POINT('',(6.241193853257,-0.956741645725));
#5106 = CARTESIAN_POINT('',(6.250924633046,-0.900254765013));
#5107 = CARTESIAN_POINT('',(6.259627495959,-0.842183260145));
#5108 = CARTESIAN_POINT('',(6.267316632302,-0.782736495243));
#5109 = CARTESIAN_POINT('',(6.274044300195,-0.722140750726));
#5110 = CARTESIAN_POINT('',(6.279884943841,-0.660620736314));
#5111 = CARTESIAN_POINT('',(6.284920725803,-0.598381129515));
#5112 = CARTESIAN_POINT('',(6.293744397335,-0.46998144827));
#5113 = CARTESIAN_POINT('',(6.297466723609,-0.403754880338));
#5114 = CARTESIAN_POINT('',(6.300500960984,-0.337062747892));
#5115 = CARTESIAN_POINT('',(6.302941375757,-0.270026378092));
#5116 = CARTESIAN_POINT('',(6.304873101175,-0.202741026362));
#5117 = CARTESIAN_POINT('',(6.306369921549,-0.135274107227));
#5118 = CARTESIAN_POINT('',(6.307494453503,-6.766473200695E-02));
#5119 = CARTESIAN_POINT('',(6.30830072434,7.544665283898E-05));
#5120 = ( GEOMETRIC_REPRESENTATION_CONTEXT(2) 
PARAMETRIC_REPRESENTATION_CONTEXT() REPRESENTATION_CONTEXT('2D SPACE',''
  ) );
#5121 = PCURVE('',#580,#5122);
#5122 = DEFINITIONAL_REPRESENTATION('',(#5123),#5280);
#5123 = B_SPLINE_CURVE_WITH_KNOTS('',8,(#5124,#5125,#5126,#5127,#5128,
    #5129,#5130,#5131,#5132,#5133,#5134,#5135,#5136,#5137,#5138,#5139,
    #5140,#5141,#5142,#5143,#5144,#5145,#5146,#5147,#5148,#5149,#5150,
    #5151,#5152,#5153,#5154,#5155,#5156,#5157,#5158,#5159,#5160,#5161,
    #5162,#5163,#5164,#5165,#5166,#5167,#5168,#5169,#5170,#5171,#5172,
    #5173,#5174,#5175,#5176,#5177,#5178,#5179,#5180,#5181,#5182,#5183,
    #5184,#5185,#5186,#5187,#5188,#5189,#5190,#5191,#5192,#5193,#5194,
    #5195,#5196,#5197,#5198,#5199,#5200,#5201,#5202,#5203,#5204,#5205,
    #5206,#5207,#5208,#5209,#5210,#5211,#5212,#5213,#5214,#5215,#5216,
    #5217,#5218,#5219,#5220,#5221,#5222,#5223,#5224,#5225,#5226,#5227,
    #5228,#5229,#5230,#5231,#5232,#5233,#5234,#5235,#5236,#5237,#5238,
    #5239,#5240,#5241,#5242,#5243,#5244,#5245,#5246,#5247,#5248,#5249,
    #5250,#5251,#5252,#5253,#5254,#5255,#5256,#5257,#5258,#5259,#5260,
    #5261,#5262,#5263,#5264,#5265,#5266,#5267,#5268,#5269,#5270,#5271,
    #5272,#5273,#5274,#5275,#5276,#5277,#5278,#5279),.UNSPECIFIED.,.F.,
  .F.,(9,7,7,7,7,7,7,7,7,7,7,7,7,7,7,7,7,7,7,7,7,7,9),(0.,
    4.112319102474E-02,5.767044035691E-02,8.519952782514E-02,
    9.94274247351E-02,0.126658409086,0.1574797165,0.178853635809,
    0.266458655773,0.31626684991,0.341328564881,0.36655349143,
    0.524098771421,0.607472752106,0.703397615355,0.749986033935,
    0.773139448078,0.796763674367,0.814651396556,0.83274208663,
    0.879291406979,0.938313731721,1.),.UNSPECIFIED.);
#5124 = CARTESIAN_POINT('',(0.,3.03542646582));
#5125 = CARTESIAN_POINT('',(9.493580795826E-03,3.036755598408));
#5126 = CARTESIAN_POINT('',(1.902902362802E-02,3.037354846884));
#5127 = CARTESIAN_POINT('',(2.857647920332E-02,3.037301436135));
#5128 = CARTESIAN_POINT('',(3.811537397951E-02,3.03668881255));
#5129 = CARTESIAN_POINT('',(4.763353800567E-02,3.035615849037));
#5130 = CARTESIAN_POINT('',(5.712679754331E-02,3.034179990947));
#5131 = CARTESIAN_POINT('',(6.659903246842E-02,3.032474342911));
#5132 = CARTESIAN_POINT('',(7.98707113241E-02,3.029829945645));
#5133 = CARTESIAN_POINT('',(8.367683830589E-02,3.029042164197));
#5134 = CARTESIAN_POINT('',(8.748161507262E-02,3.028231237062));
#5135 = CARTESIAN_POINT('',(9.128560691447E-02,3.02740303398));
#5136 = CARTESIAN_POINT('',(9.508940873898E-02,3.026563409619));
#5137 = CARTESIAN_POINT('',(9.889364507101E-02,3.025718203566));
#5138 = CARTESIAN_POINT('',(0.102698970053,3.024873240334));
#5139 = CARTESIAN_POINT('',(0.112839803944,3.022638662138));
#5140 = CARTESIAN_POINT('',(0.119177766,3.021260001443));
#5141 = CARTESIAN_POINT('',(0.125523656966,3.019924922178));
#5142 = CARTESIAN_POINT('',(0.131880285951,3.018660706839));
#5143 = CARTESIAN_POINT('',(0.138249554504,3.017495195872));
#5144 = CARTESIAN_POINT('',(0.144632443299,3.016456638037));
#5145 = CARTESIAN_POINT('',(0.151028998821,3.015573540761));
#5146 = CARTESIAN_POINT('',(0.16075085853,3.014513244881));
#5147 = CARTESIAN_POINT('',(0.164066630361,3.014201143581));
#5148 = CARTESIAN_POINT('',(0.167385402007,3.013942135981));
#5149 = CARTESIAN_POINT('',(0.170706793386,3.01374013325));
#5150 = CARTESIAN_POINT('',(0.174030277033,3.013598991021));
#5151 = CARTESIAN_POINT('',(0.177355177249,3.013522462065));
#5152 = CARTESIAN_POINT('',(0.18068066927,3.013514148964));
#5153 = CARTESIAN_POINT('',(0.190369754468,3.013698622562));
#5154 = CARTESIAN_POINT('',(0.196733523359,3.014082094283));
#5155 = CARTESIAN_POINT('',(0.20308867402,3.014752032845));
#5156 = CARTESIAN_POINT('',(0.209425685744,3.015729205823));
#5157 = CARTESIAN_POINT('',(0.215734048755,3.017029932691));
#5158 = CARTESIAN_POINT('',(0.222002384771,3.018665030053));
#5159 = CARTESIAN_POINT('',(0.228218567578,3.020638756861));
#5160 = CARTESIAN_POINT('',(0.241332146775,3.025561197476));
#5161 = CARTESIAN_POINT('',(0.248213488597,3.028605049267));
#5162 = CARTESIAN_POINT('',(0.254995690536,3.032075571262));
#5163 = CARTESIAN_POINT('',(0.261665280528,3.035959328902));
#5164 = CARTESIAN_POINT('',(0.268212696516,3.040236008542));
#5165 = CARTESIAN_POINT('',(0.274631566172,3.044880939266));
#5166 = CARTESIAN_POINT('',(0.280918062775,3.049867324766));
#5167 = CARTESIAN_POINT('',(0.291336808379,3.058844219033));
#5168 = CARTESIAN_POINT('',(0.295539328687,3.062672011744));
#5169 = CARTESIAN_POINT('',(0.299677876092,3.066643090956));
#5170 = CARTESIAN_POINT('',(0.303752886263,3.070749154281));
#5171 = CARTESIAN_POINT('',(0.307765183127,3.074982210205));
#5172 = CARTESIAN_POINT('',(0.311715909377,3.079334718849));
#5173 = CARTESIAN_POINT('',(0.315606456978,3.083799732737));
#5174 = CARTESIAN_POINT('',(0.335144325833,3.107107388389));
#5175 = CARTESIAN_POINT('',(0.349838282128,3.127596456598));
#5176 = CARTESIAN_POINT('',(0.363679099157,3.149447850629));
#5177 = CARTESIAN_POINT('',(0.376775269863,3.17238805482));
#5178 = CARTESIAN_POINT('',(0.389208222717,3.196226869633));
#5179 = CARTESIAN_POINT('',(0.401046175815,3.220839345273));
#5180 = CARTESIAN_POINT('',(0.41235086588,3.246158584465));
#5181 = CARTESIAN_POINT('',(0.429336083137,3.286966410755));
#5182 = CARTESIAN_POINT('',(0.435333826797,3.301971238852));
#5183 = CARTESIAN_POINT('',(0.441180397089,3.317179279251));
#5184 = CARTESIAN_POINT('',(0.446882197462,3.332582313342));
#5185 = CARTESIAN_POINT('',(0.452444554215,3.348173677819));
#5186 = CARTESIAN_POINT('',(0.457871953838,3.363948043431));
#5187 = CARTESIAN_POINT('',(0.463168280355,3.379901193734));
#5188 = CARTESIAN_POINT('',(0.470937795386,3.40414514786));
#5189 = CARTESIAN_POINT('',(0.473506244743,3.412304847777));
#5190 = CARTESIAN_POINT('',(0.476043012599,3.420508158304));
#5191 = CARTESIAN_POINT('',(0.478546204447,3.428757055233));
#5192 = CARTESIAN_POINT('',(0.481023276007,3.437044356568));
#5193 = CARTESIAN_POINT('',(0.483470467423,3.445373778932));
#5194 = CARTESIAN_POINT('',(0.485891681733,3.453741608644));
#5195 = CARTESIAN_POINT('',(0.490698348924,3.470608541723));
#5196 = CARTESIAN_POINT('',(0.49308360019,3.479108020064));
#5197 = CARTESIAN_POINT('',(0.495444087681,3.487645185563));
#5198 = CARTESIAN_POINT('',(0.497780854574,3.496219165305));
#5199 = CARTESIAN_POINT('',(0.500094868344,3.504829166244));
#5200 = CARTESIAN_POINT('',(0.502387020768,3.513474475193));
#5201 = CARTESIAN_POINT('',(0.50465812792,3.522154458831));
#5202 = CARTESIAN_POINT('',(0.520966583475,3.585293542455));
#5203 = CARTESIAN_POINT('',(0.534231092116,3.641042698609));
#5204 = CARTESIAN_POINT('',(0.546890495166,3.697983438352));
#5205 = CARTESIAN_POINT('',(0.559048690999,3.756054682646));
#5206 = CARTESIAN_POINT('',(0.57080244779,3.815199117109));
#5207 = CARTESIAN_POINT('',(0.58223731194,3.875366523033));
#5208 = CARTESIAN_POINT('',(0.593445842974,3.936496515219));
#5209 = CARTESIAN_POINT('',(0.610398615645,4.031326033825));
#5210 = CARTESIAN_POINT('',(0.616231094152,4.064388632213));
#5211 = CARTESIAN_POINT('',(0.622034562908,4.097683419097));
#5212 = CARTESIAN_POINT('',(0.627816704902,4.131199185572));
#5213 = CARTESIAN_POINT('',(0.633587299114,4.164927026334));
#5214 = CARTESIAN_POINT('',(0.639357969231,4.198860761759));
#5215 = CARTESIAN_POINT('',(0.645141977025,4.232997401014));
#5216 = CARTESIAN_POINT('',(0.657641078245,4.306847374523));
#5217 = CARTESIAN_POINT('',(0.664363705555,4.346617530709));
#5218 = CARTESIAN_POINT('',(0.671145514099,4.386655142043));
#5219 = CARTESIAN_POINT('',(0.678010139637,4.426960233323));
#5220 = CARTESIAN_POINT('',(0.684981349224,4.467525743862));
#5221 = CARTESIAN_POINT('',(0.69208246449,4.508338616487));
#5222 = CARTESIAN_POINT('',(0.699335140888,4.549382058542));
#5223 = CARTESIAN_POINT('',(0.710362367121,4.610676475343));
#5224 = CARTESIAN_POINT('',(0.714006855649,4.630762071204));
#5225 = CARTESIAN_POINT('',(0.717692740279,4.650892453136));
#5226 = CARTESIAN_POINT('',(0.72142146347,4.671063415507));
#5227 = CARTESIAN_POINT('',(0.72519401508,4.691270100742));
#5228 = CARTESIAN_POINT('',(0.7290108091,4.711507243641));
#5229 = CARTESIAN_POINT('',(0.732871560385,4.731769415716));
#5230 = CARTESIAN_POINT('',(0.738715164806,4.762130902498));
#5231 = CARTESIAN_POINT('',(0.740665777581,4.772215364119));
#5232 = CARTESIAN_POINT('',(0.742626701576,4.782304320346));
#5233 = CARTESIAN_POINT('',(0.744598118392,4.792396140478));
#5234 = CARTESIAN_POINT('',(0.746579314677,4.802491368444));
#5235 = CARTESIAN_POINT('',(0.748569968453,4.812589437797));
#5236 = CARTESIAN_POINT('',(0.750570656016,4.822687425533));
#5237 = CARTESIAN_POINT('',(0.754628463367,4.843097277201));
#5238 = CARTESIAN_POINT('',(0.756686030942,4.853408880928));
#5239 = CARTESIAN_POINT('',(0.758750426815,4.863726643252));
#5240 = CARTESIAN_POINT('',(0.760820155352,4.874052950328));
#5241 = CARTESIAN_POINT('',(0.762893629438,4.884390413771));
#5242 = CARTESIAN_POINT('',(0.764969159725,4.89474190219));
#5243 = CARTESIAN_POINT('',(0.767044943885,4.905110572729));
#5244 = CARTESIAN_POINT('',(0.770689525865,4.92336646484));
#5245 = CARTESIAN_POINT('',(0.772259021674,4.931244831352));
#5246 = CARTESIAN_POINT('',(0.773826716981,4.939136498582));
#5247 = CARTESIAN_POINT('',(0.775391724071,4.947043039343));
#5248 = CARTESIAN_POINT('',(0.776953093824,4.954966102809));
#5249 = CARTESIAN_POINT('',(0.778509815712,4.962907414526));
#5250 = CARTESIAN_POINT('',(0.780060817799,4.970868776401));
#5251 = CARTESIAN_POINT('',(0.78316663679,4.986925941581));
#5252 = CARTESIAN_POINT('',(0.784721283939,4.995022350316));
#5253 = CARTESIAN_POINT('',(0.786267809449,5.003141911354));
#5254 = CARTESIAN_POINT('',(0.787804521274,5.011291545206));
#5255 = CARTESIAN_POINT('',(0.789330548579,5.019467311099));
#5256 = CARTESIAN_POINT('',(0.790845094555,5.027663924643));
#5257 = CARTESIAN_POINT('',(0.792346639793,5.035884681707));
#5258 = CARTESIAN_POINT('',(0.797661885242,5.065330073813));
#5259 = CARTESIAN_POINT('',(0.80139766361,5.08667504208));
#5260 = CARTESIAN_POINT('',(0.805021236199,5.108125825985));
#5261 = CARTESIAN_POINT('',(0.808512119877,5.12964032916));
#5262 = CARTESIAN_POINT('',(0.81185098903,5.151168310637));
#5263 = CARTESIAN_POINT('',(0.815020898022,5.17265158623));
#5264 = CARTESIAN_POINT('',(0.818008392892,5.194025072009));
#5265 = CARTESIAN_POINT('',(0.824349858707,5.242091144171));
#5266 = CARTESIAN_POINT('',(0.827588857762,5.268684608487));
#5267 = CARTESIAN_POINT('',(0.830502248283,5.294852774627));
#5268 = CARTESIAN_POINT('',(0.833087946216,5.320479846168));
#5269 = CARTESIAN_POINT('',(0.835358384229,5.345482318072));
#5270 = CARTESIAN_POINT('',(0.837335065766,5.369806379416));
#5271 = CARTESIAN_POINT('',(0.839043207177,5.393423083786));
#5272 = CARTESIAN_POINT('',(0.842041649193,5.440257416786));
#5273 = CARTESIAN_POINT('',(0.843309954816,5.463414835047));
#5274 = CARTESIAN_POINT('',(0.84434570954,5.485805451547));
#5275 = CARTESIAN_POINT('',(0.845179811023,5.507453468528));
#5276 = CARTESIAN_POINT('',(0.845840634765,5.528392131146));
#5277 = CARTESIAN_POINT('',(0.846353002765,5.548659913279));
#5278 = CARTESIAN_POINT('',(0.846738089542,5.568298303558));
#5279 = CARTESIAN_POINT('',(0.847014265531,5.587351191644));
#5280 = ( GEOMETRIC_REPRESENTATION_CONTEXT(2) 
PARAMETRIC_REPRESENTATION_CONTEXT() REPRESENTATION_CONTEXT('2D SPACE',''
  ) );
#5281 = ORIENTED_EDGE('',*,*,#5282,.F.);
#5282 = EDGE_CURVE('',#766,#4801,#5283,.T.);
#5283 = SURFACE_CURVE('',#5284,(#5427,#5573),.PCURVE_S1.);
#5284 = B_SPLINE_CURVE_WITH_KNOTS('',8,(#5285,#5286,#5287,#5288,#5289,
    #5290,#5291,#5292,#5293,#5294,#5295,#5296,#5297,#5298,#5299,#5300,
    #5301,#5302,#5303,#5304,#5305,#5306,#5307,#5308,#5309,#5310,#5311,
    #5312,#5313,#5314,#5315,#5316,#5317,#5318,#5319,#5320,#5321,#5322,
    #5323,#5324,#5325,#5326,#5327,#5328,#5329,#5330,#5331,#5332,#5333,
    #5334,#5335,#5336,#5337,#5338,#5339,#5340,#5341,#5342,#5343,#5344,
    #5345,#5346,#5347,#5348,#5349,#5350,#5351,#5352,#5353,#5354,#5355,
    #5356,#5357,#5358,#5359,#5360,#5361,#5362,#5363,#5364,#5365,#5366,
    #5367,#5368,#5369,#5370,#5371,#5372,#5373,#5374,#5375,#5376,#5377,
    #5378,#5379,#5380,#5381,#5382,#5383,#5384,#5385,#5386,#5387,#5388,
    #5389,#5390,#5391,#5392,#5393,#5394,#5395,#5396,#5397,#5398,#5399,
    #5400,#5401,#5402,#5403,#5404,#5405,#5406,#5407,#5408,#5409,#5410,
    #5411,#5412,#5413,#5414,#5415,#5416,#5417,#5418,#5419,#5420,#5421,
    #5422,#5423,#5424,#5425,#5426),.UNSPECIFIED.,.F.,.F.,(9,7,7,7,7,7,7,
    7,7,7,7,7,7,7,7,7,7,7,7,7,9),(0.,8.23170788523E-02,0.109022577161,
    0.157751714787,0.170995626802,0.191828013758,0.213155005375,
    0.255398471774,0.416186030013,0.47411402844,0.640524314681,
    0.685158934607,0.745880492597,0.811011976426,0.841626988626,
    0.871482474671,0.890106984943,0.919638330213,0.942317229741,
    0.968131535632,1.),.UNSPECIFIED.);
#5285 = CARTESIAN_POINT('',(-8.481415321512,-7.054917221125,
    2.999924553347));
#5286 = CARTESIAN_POINT('',(-8.476762919907,-7.057534509852,
    3.093951925652));
#5287 = CARTESIAN_POINT('',(-8.46955881202,-7.061580086616,
    3.187672667019));
#5288 = CARTESIAN_POINT('',(-8.459201020404,-7.067381229544,
    3.281099373172));
#5289 = CARTESIAN_POINT('',(-8.444927935218,-7.075333253887,
    3.374077930327));
#5290 = CARTESIAN_POINT('',(-8.425810548139,-7.08590698321,
    3.466289194065));
#5291 = CARTESIAN_POINT('',(-8.400727757944,-7.09961675668,
    3.557257136303));
#5292 = CARTESIAN_POINT('',(-8.368484263388,-7.116893925434,
    3.64638079312));
#5293 = CARTESIAN_POINT('',(-8.315171358563,-7.144596689232,
    3.761110934157));
#5294 = CARTESIAN_POINT('',(-8.301274871088,-7.151762663555,
    3.788939313118));
#5295 = CARTESIAN_POINT('',(-8.286516200835,-7.159309362175,
    3.816464268801));
#5296 = CARTESIAN_POINT('',(-8.270875089034,-7.167233051769,
    3.843658435454));
#5297 = CARTESIAN_POINT('',(-8.254337038585,-7.175525260031,
    3.870495668206));
#5298 = CARTESIAN_POINT('',(-8.236894438752,-7.184172418192,
    3.896951415419));
#5299 = CARTESIAN_POINT('',(-8.218547689843,-7.193155503552,
    3.923003091047));
#5300 = CARTESIAN_POINT('',(-8.164196892256,-7.219408635365,
    3.995392313798));
#5301 = CARTESIAN_POINT('',(-8.126099522236,-7.237407925337,
    4.040754165588));
#5302 = CARTESIAN_POINT('',(-8.085075670555,-7.25629601465,
    4.084579074877));
#5303 = CARTESIAN_POINT('',(-8.04125674478,-7.275873901298,
    4.126806650523));
#5304 = CARTESIAN_POINT('',(-7.994827966973,-7.295913070342,
    4.167437454828));
#5305 = CARTESIAN_POINT('',(-7.946010372562,-7.316171888936,
    4.206517972156));
#5306 = CARTESIAN_POINT('',(-7.895040948455,-7.336410444548,
    4.244126129078));
#5307 = CARTESIAN_POINT('',(-7.827776122624,-7.361837753685,
    4.290204519877));
#5308 = CARTESIAN_POINT('',(-7.813258167978,-7.367254051943,
    4.299950849285));
#5309 = CARTESIAN_POINT('',(-7.798601345643,-7.372648302224,
    4.309598526627));
#5310 = CARTESIAN_POINT('',(-7.783809869078,-7.378016170493,
    4.319149797957));
#5311 = CARTESIAN_POINT('',(-7.768887865997,-7.383353407641,
    4.328606983023));
#5312 = CARTESIAN_POINT('',(-7.75383937837,-7.388655849479,
    4.337972475266));
#5313 = CARTESIAN_POINT('',(-7.738668362419,-7.393919416745,
    4.347248741821));
#5314 = CARTESIAN_POINT('',(-7.699328362666,-7.407352160611,
    4.37089333663));
#5315 = CARTESIAN_POINT('',(-7.674984317723,-7.415458159259,
    4.385133684551));
#5316 = CARTESIAN_POINT('',(-7.650363631707,-7.423442012429,
    4.399170130637));
#5317 = CARTESIAN_POINT('',(-7.625473597826,-7.431290854884,
    4.413008565345));
#5318 = CARTESIAN_POINT('',(-7.600335790441,-7.438987741381,
    4.426664468799));
#5319 = CARTESIAN_POINT('',(-7.574971897652,-7.446516254207,
    4.440153351291));
#5320 = CARTESIAN_POINT('',(-7.549389331727,-7.453864984867,
    4.453481536747));
#5321 = CARTESIAN_POINT('',(-7.497207742116,-7.468344572787,
    4.480154695354));
#5322 = CARTESIAN_POINT('',(-7.470598482237,-7.475466292092,
    4.493492104873));
#5323 = CARTESIAN_POINT('',(-7.443790933865,-7.482371089705,
    4.506685153542));
#5324 = CARTESIAN_POINT('',(-7.416798266631,-7.48904570177,
    4.519744291854));
#5325 = CARTESIAN_POINT('',(-7.389632828037,-7.495477444918,
    4.53267925756));
#5326 = CARTESIAN_POINT('',(-7.362306236741,-7.501654149269,
    4.545499183231));
#5327 = CARTESIAN_POINT('',(-7.334829475847,-7.507564091428,
    4.558212703799));
#5328 = CARTESIAN_POINT('',(-7.252511588369,-7.524351194069,
    4.595815955489));
#5329 = CARTESIAN_POINT('',(-7.197264046182,-7.53441481203,
    4.620417981042));
#5330 = CARTESIAN_POINT('',(-7.141550163287,-7.543299467462,
    4.644697964745));
#5331 = CARTESIAN_POINT('',(-7.085446898713,-7.550921962476,
    4.668711909497));
#5332 = CARTESIAN_POINT('',(-7.029029555589,-7.557203571108,
    4.692509372941));
#5333 = CARTESIAN_POINT('',(-6.972372969867,-7.562070395239,
    4.716134843274));
#5334 = CARTESIAN_POINT('',(-6.915552699057,-7.565453720513,
    4.739629115064));
#5335 = CARTESIAN_POINT('',(-6.642048094095,-7.574281056831,
    4.852101908562));
#5336 = CARTESIAN_POINT('',(-6.424590352512,-7.55888621604,
    4.939652954384));
#5337 = CARTESIAN_POINT('',(-6.209011666875,-7.522344527869,
    5.026293604255));
#5338 = CARTESIAN_POINT('',(-5.997188305423,-7.46778812158,
    5.112904192277));
#5339 = CARTESIAN_POINT('',(-5.790419904261,-7.399097282661,
    5.200599471805));
#5340 = CARTESIAN_POINT('',(-5.589509945614,-7.320112848424,
    5.290561674265));
#5341 = CARTESIAN_POINT('',(-5.394794031024,-7.23420791112,
    5.383938148139));
#5342 = CARTESIAN_POINT('',(-5.138347901845,-7.111800065185,
    5.517328013946));
#5343 = CARTESIAN_POINT('',(-5.071241746999,-7.07885525743,
    5.553259033707));
#5344 = CARTESIAN_POINT('',(-5.004961542304,-7.045524505646,
    5.589844661819));
#5345 = CARTESIAN_POINT('',(-4.939520296832,-7.01194182444,
    5.627134197587));
#5346 = CARTESIAN_POINT('',(-4.874932902681,-6.97823623343,
    5.665173234015));
#5347 = CARTESIAN_POINT('',(-4.811215969239,-6.944531231169,5.7040032684
    ));
#5348 = CARTESIAN_POINT('',(-4.748387657458,-6.910944269054,
    5.743661312916));
#5349 = CARTESIAN_POINT('',(-4.508588957007,-6.781758270392,
    5.900576483506));
#5350 = CARTESIAN_POINT('',(-4.338217753793,-6.687826551202,
    6.024029912913));
#5351 = CARTESIAN_POINT('',(-4.174389618089,-6.59764641063,
    6.153835602294));
#5352 = CARTESIAN_POINT('',(-4.016250452388,-6.512543399061,
    6.289275497957));
#5353 = CARTESIAN_POINT('',(-3.863014124413,-6.433500299252,
    6.429652700741));
#5354 = CARTESIAN_POINT('',(-3.713779800227,-6.361307883175,
    6.574238086499));
#5355 = CARTESIAN_POINT('',(-3.567607390792,-6.296589614906,
    6.722322243762));
#5356 = CARTESIAN_POINT('',(-3.384004257168,-6.22502668771,
    6.913333118449));
#5357 = CARTESIAN_POINT('',(-3.345276401568,-6.210488675069,
    6.953910528563));
#5358 = CARTESIAN_POINT('',(-3.306618027837,-6.196564867442,
    6.99464803367));
#5359 = CARTESIAN_POINT('',(-3.267999039259,-6.18326800617,
    7.035526878118));
#5360 = CARTESIAN_POINT('',(-3.229369606557,-6.170625225878,
    7.076519267986));
#5361 = CARTESIAN_POINT('',(-3.190697022411,-6.158647177696,
    7.117604023398));
#5362 = CARTESIAN_POINT('',(-3.151915541111,-6.147368195649,
    7.158745495089));
#5363 = CARTESIAN_POINT('',(-3.059974119621,-6.1224552721,7.255909141464
    ));
#5364 = CARTESIAN_POINT('',(-3.006679556095,-6.109432830624,
    7.311950043786));
#5365 = CARTESIAN_POINT('',(-2.953027698024,-6.097730001899,
    7.367986298115));
#5366 = CARTESIAN_POINT('',(-2.898957152546,-6.087333582578,
    7.423965545404));
#5367 = CARTESIAN_POINT('',(-2.844396849271,-6.07823348994,
    7.479828256481));
#5368 = CARTESIAN_POINT('',(-2.789261634979,-6.070423659855,
    7.535505497498));
#5369 = CARTESIAN_POINT('',(-2.733444502328,-6.063903915626,
    7.590914992817));
#5370 = CARTESIAN_POINT('',(-2.616052970683,-6.053082514921,
    7.704993314244));
#5371 = CARTESIAN_POINT('',(-2.554395505653,-6.048980067843,
    7.763567192884));
#5372 = CARTESIAN_POINT('',(-2.491621069401,-6.046379285202,
    7.82159077508));
#5373 = CARTESIAN_POINT('',(-2.427508608047,-6.045303801175,
    7.878918859475));
#5374 = CARTESIAN_POINT('',(-2.361801926674,-6.045797376692,
    7.935329672528));
#5375 = CARTESIAN_POINT('',(-2.294195787297,-6.047922412197,
    7.990516189734));
#5376 = CARTESIAN_POINT('',(-2.22428643078,-6.051769044976,
    8.044054799332));
#5377 = CARTESIAN_POINT('',(-2.11719677886,-6.060175035896,8.11941660549
    ));
#5378 = CARTESIAN_POINT('',(-2.08232312669,-6.063275058465,
    8.142998419485));
#5379 = CARTESIAN_POINT('',(-2.046753160293,-6.066801933598,
    8.166001882319));
#5380 = CARTESIAN_POINT('',(-2.010424539999,-6.070772484734,
    8.188342237487));
#5381 = CARTESIAN_POINT('',(-1.973277890694,-6.075204571359,
    8.209913953138));
#5382 = CARTESIAN_POINT('',(-1.93525744939,-6.080115953352,
    8.230591530775));
#5383 = CARTESIAN_POINT('',(-1.896311712797,-6.085523155328,
    8.250230313954));
#5384 = CARTESIAN_POINT('',(-1.817466771223,-6.097210707762,
    8.28664687791));
#5385 = CARTESIAN_POINT('',(-1.777604001657,-6.103467701123,
    8.303488779572));
#5386 = CARTESIAN_POINT('',(-1.736795902758,-6.11021951081,
    8.319027190955));
#5387 = CARTESIAN_POINT('',(-1.695056044222,-6.117467714913,
    8.333082713809));
#5388 = CARTESIAN_POINT('',(-1.652427447321,-6.125203193357,
    8.345476509691));
#5389 = CARTESIAN_POINT('',(-1.608992427636,-6.133401677385,
    8.356050114484));
#5390 = CARTESIAN_POINT('',(-1.564886272112,-6.14201892506,
    8.364690920388));
#5391 = CARTESIAN_POINT('',(-1.492510052737,-6.156579084053,
    8.375525718687));
#5392 = CARTESIAN_POINT('',(-1.464517734848,-6.16230992978,
    8.378923099117));
#5393 = CARTESIAN_POINT('',(-1.436386367062,-6.168161600368,
    8.381545731402));
#5394 = CARTESIAN_POINT('',(-1.408161370291,-6.174116726531,
    8.383397615697));
#5395 = CARTESIAN_POINT('',(-1.379884978855,-6.180157396201,
    8.384494646447));
#5396 = CARTESIAN_POINT('',(-1.35159620329,-6.186265521448,8.38486277126
    ));
#5397 = CARTESIAN_POINT('',(-1.32333079316,-6.192423205403,
    8.384536149772));
#5398 = CARTESIAN_POINT('',(-1.250391581331,-6.208427927564,
    8.382000080035));
#5399 = CARTESIAN_POINT('',(-1.205807621505,-6.218322578616,
    8.378799947418));
#5400 = CARTESIAN_POINT('',(-1.161459316645,-6.228236368491,
    8.374114967418));
#5401 = CARTESIAN_POINT('',(-1.117399122738,-6.238116257972,
    8.368133566666));
#5402 = CARTESIAN_POINT('',(-1.073648107842,-6.247917719043,
    8.361048498292));
#5403 = CARTESIAN_POINT('',(-1.030199828337,-6.257604741351,
    8.353040964952));
#5404 = CARTESIAN_POINT('',(-0.98702192907,-6.267148988591,
    8.344272912288));
#5405 = CARTESIAN_POINT('',(-0.911058932428,-6.283730893286,
    8.327679863611));
#5406 = CARTESIAN_POINT('',(-0.878194065512,-6.29083478635,8.32010958305
    ));
#5407 = CARTESIAN_POINT('',(-0.845437906509,-6.297828892335,
    8.312242543656));
#5408 = CARTESIAN_POINT('',(-0.812767346602,-6.304702566437,
    8.304139702419));
#5409 = CARTESIAN_POINT('',(-0.780158807231,-6.311445210679,
    8.295857677518));
#5410 = CARTESIAN_POINT('',(-0.74758791903,-6.318046073887,
    8.287449345055));
#5411 = CARTESIAN_POINT('',(-0.715029200754,-6.324494051678,
    8.278964435803));
#5412 = CARTESIAN_POINT('',(-0.645378924804,-6.337929619485,
    8.260758707372));
#5413 = CARTESIAN_POINT('',(-0.608287770643,-6.344867632384,
    8.251030491707));
#5414 = CARTESIAN_POINT('',(-0.571142899096,-6.351574339093,
    8.24133534211));
#5415 = CARTESIAN_POINT('',(-0.53390917616,-6.358030243076,
    8.231740733878));
#5416 = CARTESIAN_POINT('',(-0.496555065621,-6.364213414371,
    8.222313065572));
#5417 = CARTESIAN_POINT('',(-0.459051984204,-6.370099366658,
    8.21311896414));
#5418 = CARTESIAN_POINT('',(-0.421373656736,-6.375660934331,
    8.204226590036));
#5419 = CARTESIAN_POINT('',(-0.336733818741,-6.387296598733,
    8.185189205019));
#5420 = CARTESIAN_POINT('',(-0.289680630568,-6.393183221122,
    8.175242325303));
#5421 = CARTESIAN_POINT('',(-0.242282036415,-6.398473143924,
    8.165997236047));
#5422 = CARTESIAN_POINT('',(-0.194509542461,-6.403101866764,
    8.157595628027));
#5423 = CARTESIAN_POINT('',(-0.146359536837,-6.406996323222,
    8.150191611266));
#5424 = CARTESIAN_POINT('',(-9.785382452836E-02,-6.410077828433,
    8.143950289616));
#5425 = CARTESIAN_POINT('',(-4.904119178128E-02,-6.412266912749,
    8.139043248636));
#5426 = CARTESIAN_POINT('',(-1.7763568394E-15,-6.413490041489,
    8.135640956737));
#5427 = PCURVE('',#214,#5428);
#5428 = DEFINITIONAL_REPRESENTATION('',(#5429),#5572);
#5429 = B_SPLINE_CURVE_WITH_KNOTS('',8,(#5430,#5431,#5432,#5433,#5434,
    #5435,#5436,#5437,#5438,#5439,#5440,#5441,#5442,#5443,#5444,#5445,
    #5446,#5447,#5448,#5449,#5450,#5451,#5452,#5453,#5454,#5455,#5456,
    #5457,#5458,#5459,#5460,#5461,#5462,#5463,#5464,#5465,#5466,#5467,
    #5468,#5469,#5470,#5471,#5472,#5473,#5474,#5475,#5476,#5477,#5478,
    #5479,#5480,#5481,#5482,#5483,#5484,#5485,#5486,#5487,#5488,#5489,
    #5490,#5491,#5492,#5493,#5494,#5495,#5496,#5497,#5498,#5499,#5500,
    #5501,#5502,#5503,#5504,#5505,#5506,#5507,#5508,#5509,#5510,#5511,
    #5512,#5513,#5514,#5515,#5516,#5517,#5518,#5519,#5520,#5521,#5522,
    #5523,#5524,#5525,#5526,#5527,#5528,#5529,#5530,#5531,#5532,#5533,
    #5534,#5535,#5536,#5537,#5538,#5539,#5540,#5541,#5542,#5543,#5544,
    #5545,#5546,#5547,#5548,#5549,#5550,#5551,#5552,#5553,#5554,#5555,
    #5556,#5557,#5558,#5559,#5560,#5561,#5562,#5563,#5564,#5565,#5566,
    #5567,#5568,#5569,#5570,#5571),.UNSPECIFIED.,.F.,.F.,(9,7,7,7,7,7,7,
    7,7,7,7,7,7,7,7,7,7,7,7,7,9),(0.,8.23170788523E-02,0.109022577161,
    0.157751714787,0.170995626802,0.191828013758,0.213155005375,
    0.255398471774,0.416186030013,0.47411402844,0.640524314681,
    0.685158934607,0.745880492597,0.811011976426,0.841626988626,
    0.871482474671,0.890106984943,0.919638330213,0.942317229741,
    0.968131535632,1.),.UNSPECIFIED.);
#5430 = CARTESIAN_POINT('',(1.613913793104,7.544665283898E-05));
#5431 = CARTESIAN_POINT('',(1.615052901539,-9.395192565182E-02));
#5432 = CARTESIAN_POINT('',(1.616816264786,-0.187672667019));
#5433 = CARTESIAN_POINT('',(1.61935049832,-0.281099373172));
#5434 = CARTESIAN_POINT('',(1.622839687552,-0.374077930327));
#5435 = CARTESIAN_POINT('',(1.62750787464,-0.466289194065));
#5436 = CARTESIAN_POINT('',(1.633621563551,-0.557257136303));
#5437 = CARTESIAN_POINT('',(1.641457890931,-0.64638079312));
#5438 = CARTESIAN_POINT('',(1.654366001442,-0.761110934157));
#5439 = CARTESIAN_POINT('',(1.657727508472,-0.788939313118));
#5440 = CARTESIAN_POINT('',(1.661294048348,-0.816464268801));
#5441 = CARTESIAN_POINT('',(1.665069848395,-0.843658435454));
#5442 = CARTESIAN_POINT('',(1.66905770334,-0.870495668206));
#5443 = CARTESIAN_POINT('',(1.673258732359,-0.896951415419));
#5444 = CARTESIAN_POINT('',(1.67767213613,-0.923003091047));
#5445 = CARTESIAN_POINT('',(1.690730142781,-0.995392313798));
#5446 = CARTESIAN_POINT('',(1.699864818779,-1.040754165588));
#5447 = CARTESIAN_POINT('',(1.709680189186,-1.084579074877));
#5448 = CARTESIAN_POINT('',(1.720141109993,-1.126806650523));
#5449 = CARTESIAN_POINT('',(1.731200745444,-1.167437454828));
#5450 = CARTESIAN_POINT('',(1.742805333188,-1.206517972156));
#5451 = CARTESIAN_POINT('',(1.75489905499,-1.244126129078));
#5452 = CARTESIAN_POINT('',(1.770834483951,-1.290204519877));
#5453 = CARTESIAN_POINT('',(1.774272485207,-1.299950849285));
#5454 = CARTESIAN_POINT('',(1.777742036009,-1.309598526627));
#5455 = CARTESIAN_POINT('',(1.781242183698,-1.319149797957));
#5456 = CARTESIAN_POINT('',(1.784772003726,-1.328606983023));
#5457 = CARTESIAN_POINT('',(1.788330599662,-1.337972475266));
#5458 = CARTESIAN_POINT('',(1.79191710319,-1.347248741821));
#5459 = CARTESIAN_POINT('',(1.801214742956,-1.37089333663));
#5460 = CARTESIAN_POINT('',(1.806965813077,-1.385133684551));
#5461 = CARTESIAN_POINT('',(1.812780137463,-1.399170130637));
#5462 = CARTESIAN_POINT('',(1.818656321736,-1.413008565345));
#5463 = CARTESIAN_POINT('',(1.824589643245,-1.426664468799));
#5464 = CARTESIAN_POINT('',(1.830575392246,-1.440153351291));
#5465 = CARTESIAN_POINT('',(1.836612263951,-1.453481536747));
#5466 = CARTESIAN_POINT('',(1.848925856887,-1.480154695354));
#5467 = CARTESIAN_POINT('',(1.855204993392,-1.493492104873));
#5468 = CARTESIAN_POINT('',(1.861531425511,-1.506685153542));
#5469 = CARTESIAN_POINT('',(1.867902588811,-1.519744291854));
#5470 = CARTESIAN_POINT('',(1.874316143792,-1.53267925756));
#5471 = CARTESIAN_POINT('',(1.88076995103,-1.545499183231));
#5472 = CARTESIAN_POINT('',(1.887262046326,-1.558212703799));
#5473 = CARTESIAN_POINT('',(1.906722088401,-1.595815955489));
#5474 = CARTESIAN_POINT('',(1.919796179392,-1.620417981042));
#5475 = CARTESIAN_POINT('',(1.932999098187,-1.644697964745));
#5476 = CARTESIAN_POINT('',(1.946318093426,-1.668711909497));
#5477 = CARTESIAN_POINT('',(1.95974108255,-1.692509372941));
#5478 = CARTESIAN_POINT('',(1.973256281342,-1.716134843274));
#5479 = CARTESIAN_POINT('',(1.98685183346,-1.739629115064));
#5480 = CARTESIAN_POINT('',(2.052522013191,-1.852101908562));
#5481 = CARTESIAN_POINT('',(2.10541871985,-1.939652954384));
#5482 = CARTESIAN_POINT('',(2.15857752273,-2.026293604255));
#5483 = CARTESIAN_POINT('',(2.211531074181,-2.112904192277));
#5484 = CARTESIAN_POINT('',(2.263920484313,-2.200599471805));
#5485 = CARTESIAN_POINT('',(2.315491697989,-2.290561674265));
#5486 = CARTESIAN_POINT('',(2.366101904969,-2.383938148139));
#5487 = CARTESIAN_POINT('',(2.433565507699,-2.517328013946));
#5488 = CARTESIAN_POINT('',(2.451298893305,-2.553259033707));
#5489 = CARTESIAN_POINT('',(2.468892079817,-2.589844661819));
#5490 = CARTESIAN_POINT('',(2.486338955283,-2.627134197587));
#5491 = CARTESIAN_POINT('',(2.503632812464,-2.665173234015));
#5492 = CARTESIAN_POINT('',(2.520766380965,-2.7040032684));
#5493 = CARTESIAN_POINT('',(2.537731859357,-2.743661312916));
#5494 = CARTESIAN_POINT('',(2.602751112459,-2.900576483506));
#5495 = CARTESIAN_POINT('',(2.649522196529,-3.024029912915));
#5496 = CARTESIAN_POINT('',(2.695024311934,-3.153835602288));
#5497 = CARTESIAN_POINT('',(2.739436290257,-3.289275497966));
#5498 = CARTESIAN_POINT('',(2.782930295571,-3.429652700734));
#5499 = CARTESIAN_POINT('',(2.825726558929,-3.574238086501));
#5500 = CARTESIAN_POINT('',(2.868066684634,-3.722322243762));
#5501 = CARTESIAN_POINT('',(2.92179297706,-3.913333118449));
#5502 = CARTESIAN_POINT('',(2.933156752126,-3.953910528563));
#5503 = CARTESIAN_POINT('',(2.944531241337,-3.99464803367));
#5504 = CARTESIAN_POINT('',(2.955925190368,-4.035526878117));
#5505 = CARTESIAN_POINT('',(2.967353489451,-4.076519267987));
#5506 = CARTESIAN_POINT('',(2.978825914194,-4.117604023398));
#5507 = CARTESIAN_POINT('',(2.990362498182,-4.158745495089));
#5508 = CARTESIAN_POINT('',(3.017789447409,-4.255909141464));
#5509 = CARTESIAN_POINT('',(3.033747381521,-4.311950043786));
#5510 = CARTESIAN_POINT('',(3.049872305826,-4.367986298115));
#5511 = CARTESIAN_POINT('',(3.066183557761,-4.423965545404));
#5512 = CARTESIAN_POINT('',(3.082703681881,-4.479828256481));
#5513 = CARTESIAN_POINT('',(3.099459865365,-4.535505497498));
#5514 = CARTESIAN_POINT('',(3.116486484762,-4.590914992817));
#5515 = CARTESIAN_POINT('',(3.152430532731,-4.704993314244));
#5516 = CARTESIAN_POINT('',(3.171383026256,-4.763567192884));
#5517 = CARTESIAN_POINT('',(3.190753936165,-4.82159077508));
#5518 = CARTESIAN_POINT('',(3.210614907813,-4.878918859475));
#5519 = CARTESIAN_POINT('',(3.23104993396,-4.935329672528));
#5520 = CARTESIAN_POINT('',(3.252159658745,-4.990516189734));
#5521 = CARTESIAN_POINT('',(3.274077569731,-5.044054799332));
#5522 = CARTESIAN_POINT('',(3.3077953363,-5.11941660549));
#5523 = CARTESIAN_POINT('',(3.318796145257,-5.142998419485));
#5524 = CARTESIAN_POINT('',(3.330037882166,-5.166001882319));
#5525 = CARTESIAN_POINT('',(3.341541429006,-5.188342237487));
#5526 = CARTESIAN_POINT('',(3.353326920124,-5.209913953138));
#5527 = CARTESIAN_POINT('',(3.365413512161,-5.230591530775));
#5528 = CARTESIAN_POINT('',(3.377819153976,-5.250230313954));
#5529 = CARTESIAN_POINT('',(3.402985463379,-5.28664687791));
#5530 = CARTESIAN_POINT('',(3.415733256427,-5.303488779572));
#5531 = CARTESIAN_POINT('',(3.428808425657,-5.319027190955));
#5532 = CARTESIAN_POINT('',(3.442208158317,-5.333082713809));
#5533 = CARTESIAN_POINT('',(3.455920096349,-5.345476509691));
#5534 = CARTESIAN_POINT('',(3.469918974349,-5.356050114484));
#5535 = CARTESIAN_POINT('',(3.48416193811,-5.364690920388));
#5536 = CARTESIAN_POINT('',(3.507578435393,-5.375525718687));
#5537 = CARTESIAN_POINT('',(3.516645566661,-5.378923099117));
#5538 = CARTESIAN_POINT('',(3.525768263998,-5.381545731402));
#5539 = CARTESIAN_POINT('',(3.534931755196,-5.383397615697));
#5540 = CARTESIAN_POINT('',(3.544122197666,-5.384494646447));
#5541 = CARTESIAN_POINT('',(3.553326706714,-5.38486277126));
#5542 = CARTESIAN_POINT('',(3.562533383825,-5.384536149772));
#5543 = CARTESIAN_POINT('',(3.586315791007,-5.382000080035));
#5544 = CARTESIAN_POINT('',(3.600876588404,-5.378799947418));
#5545 = CARTESIAN_POINT('',(3.615383171769,-5.374114967418));
#5546 = CARTESIAN_POINT('',(3.629816963218,-5.368133566666));
#5547 = CARTESIAN_POINT('',(3.64416956382,-5.361048498292));
#5548 = CARTESIAN_POINT('',(3.658441635326,-5.353040964952));
#5549 = CARTESIAN_POINT('',(3.672642472165,-5.344272912288));
#5550 = CARTESIAN_POINT('',(3.697655205344,-5.327679863611));
#5551 = CARTESIAN_POINT('',(3.708486568158,-5.32010958305));
#5552 = CARTESIAN_POINT('',(3.719291355641,-5.312242543656));
#5553 = CARTESIAN_POINT('',(3.730076666497,-5.304139702419));
#5554 = CARTESIAN_POINT('',(3.740849795987,-5.295857677518));
#5555 = CARTESIAN_POINT('',(3.751618337265,-5.287449345055));
#5556 = CARTESIAN_POINT('',(3.762390282723,-5.278964435803));
#5557 = CARTESIAN_POINT('',(3.785448857247,-5.260758707372));
#5558 = CARTESIAN_POINT('',(3.797737425992,-5.251030491707));
#5559 = CARTESIAN_POINT('',(3.810052251911,-5.24133534211));
#5560 = CARTESIAN_POINT('',(3.822404390424,-5.231740733878));
#5561 = CARTESIAN_POINT('',(3.834803730195,-5.222313065572));
#5562 = CARTESIAN_POINT('',(3.847259191295,-5.21311896414));
#5563 = CARTESIAN_POINT('',(3.859778923367,-5.204226590036));
#5564 = CARTESIAN_POINT('',(3.887915153087,-5.185189205019));
#5565 = CARTESIAN_POINT('',(3.903564963693,-5.175242325303));
#5566 = CARTESIAN_POINT('',(3.919336702298,-5.165997236047));
#5567 = CARTESIAN_POINT('',(3.935238678558,-5.157595628027));
#5568 = CARTESIAN_POINT('',(3.951270834176,-5.150191611266));
#5569 = CARTESIAN_POINT('',(3.967424529549,-5.143950289616));
#5570 = CARTESIAN_POINT('',(3.98368202799,-5.139043248636));
#5571 = CARTESIAN_POINT('',(4.000015677515,-5.135640956737));
#5572 = ( GEOMETRIC_REPRESENTATION_CONTEXT(2) 
PARAMETRIC_REPRESENTATION_CONTEXT() REPRESENTATION_CONTEXT('2D SPACE',''
  ) );
#5573 = PCURVE('',#1109,#5574);
#5574 = DEFINITIONAL_REPRESENTATION('',(#5575),#5718);
#5575 = B_SPLINE_CURVE_WITH_KNOTS('',8,(#5576,#5577,#5578,#5579,#5580,
    #5581,#5582,#5583,#5584,#5585,#5586,#5587,#5588,#5589,#5590,#5591,
    #5592,#5593,#5594,#5595,#5596,#5597,#5598,#5599,#5600,#5601,#5602,
    #5603,#5604,#5605,#5606,#5607,#5608,#5609,#5610,#5611,#5612,#5613,
    #5614,#5615,#5616,#5617,#5618,#5619,#5620,#5621,#5622,#5623,#5624,
    #5625,#5626,#5627,#5628,#5629,#5630,#5631,#5632,#5633,#5634,#5635,
    #5636,#5637,#5638,#5639,#5640,#5641,#5642,#5643,#5644,#5645,#5646,
    #5647,#5648,#5649,#5650,#5651,#5652,#5653,#5654,#5655,#5656,#5657,
    #5658,#5659,#5660,#5661,#5662,#5663,#5664,#5665,#5666,#5667,#5668,
    #5669,#5670,#5671,#5672,#5673,#5674,#5675,#5676,#5677,#5678,#5679,
    #5680,#5681,#5682,#5683,#5684,#5685,#5686,#5687,#5688,#5689,#5690,
    #5691,#5692,#5693,#5694,#5695,#5696,#5697,#5698,#5699,#5700,#5701,
    #5702,#5703,#5704,#5705,#5706,#5707,#5708,#5709,#5710,#5711,#5712,
    #5713,#5714,#5715,#5716,#5717),.UNSPECIFIED.,.F.,.F.,(9,7,7,7,7,7,7,
    7,7,7,7,7,7,7,7,7,7,7,7,7,9),(0.,8.23170788523E-02,0.109022577161,
    0.157751714787,0.170995626802,0.191828013758,0.213155005375,
    0.255398471774,0.416186030013,0.47411402844,0.640524314681,
    0.685158934607,0.745880492597,0.811011976426,0.841626988626,
    0.871482474671,0.890106984943,0.919638330213,0.942317229741,
    0.968131535632,1.),.UNSPECIFIED.);
#5576 = CARTESIAN_POINT('',(5.406226949146,5.587351191644));
#5577 = CARTESIAN_POINT('',(5.406679026299,5.560904656707));
#5578 = CARTESIAN_POINT('',(5.407378737909,5.533345395308));
#5579 = CARTESIAN_POINT('',(5.408384080252,5.504546158313));
#5580 = CARTESIAN_POINT('',(5.409767605247,5.474404270191));
#5581 = CARTESIAN_POINT('',(5.411617321409,5.442849581099));
#5582 = CARTESIAN_POINT('',(5.414037073822,5.409867407876));
#5583 = CARTESIAN_POINT('',(5.417132504919,5.375533944278));
#5584 = CARTESIAN_POINT('',(5.422213244475,5.328553607086));
#5585 = CARTESIAN_POINT('',(5.423535204999,5.316930806425));
#5586 = CARTESIAN_POINT('',(5.424936423526,5.3052031689));
#5587 = CARTESIAN_POINT('',(5.426418218732,5.293381919965));
#5588 = CARTESIAN_POINT('',(5.42798128699,5.281479473212));
#5589 = CARTESIAN_POINT('',(5.429625605512,5.269509343116));
#5590 = CARTESIAN_POINT('',(5.431350335479,5.25748605777));
#5591 = CARTESIAN_POINT('',(5.436444344371,5.223417564171));
#5592 = CARTESIAN_POINT('',(5.439997736905,5.201278530653));
#5593 = CARTESIAN_POINT('',(5.443802974423,5.179106964153));
#5594 = CARTESIAN_POINT('',(5.447842022047,5.156989068246));
#5595 = CARTESIAN_POINT('',(5.45209169202,5.13499541226));
#5596 = CARTESIAN_POINT('',(5.456525656042,5.113179911186));
#5597 = CARTESIAN_POINT('',(5.461116516284,5.091580630277));
#5598 = CARTESIAN_POINT('',(5.467121152049,5.064417543844));
#5599 = CARTESIAN_POINT('',(5.468414128341,5.058629958208));
#5600 = CARTESIAN_POINT('',(5.469716364483,5.052860006908));
#5601 = CARTESIAN_POINT('',(5.47102737083,5.047107968774));
#5602 = CARTESIAN_POINT('',(5.472346667584,5.041374051969));
#5603 = CARTESIAN_POINT('',(5.473673784797,5.035658393998));
#5604 = CARTESIAN_POINT('',(5.475008262365,5.029961061701));
#5605 = CARTESIAN_POINT('',(5.478459623805,5.015349090747));
#5606 = CARTESIAN_POINT('',(5.480586705252,5.006461730471));
#5607 = CARTESIAN_POINT('',(5.482728970723,4.997617953259));
#5608 = CARTESIAN_POINT('',(5.484885350049,4.988824597063));
#5609 = CARTESIAN_POINT('',(5.487053552832,4.980072922698));
#5610 = CARTESIAN_POINT('',(5.489231301392,4.9713526396));
#5611 = CARTESIAN_POINT('',(5.491417574729,4.962666420392));
#5612 = CARTESIAN_POINT('',(5.495855627307,4.945141855306));
#5613 = CARTESIAN_POINT('',(5.49810777532,4.936305415969));
#5614 = CARTESIAN_POINT('',(5.500365394348,4.927493115416));
#5615 = CARTESIAN_POINT('',(5.502626959301,4.918700732293));
#5616 = CARTESIAN_POINT('',(5.504891027496,4.90992428791));
#5617 = CARTESIAN_POINT('',(5.507156228591,4.901160008636));
#5618 = CARTESIAN_POINT('',(5.509421254506,4.892404288303));
#5619 = CARTESIAN_POINT('',(5.516168467789,4.866320813581));
#5620 = CARTESIAN_POINT('',(5.520646297489,4.849008470692));
#5621 = CARTESIAN_POINT('',(5.525108712052,4.831689623));
#5622 = CARTESIAN_POINT('',(5.529546411863,4.814340633702));
#5623 = CARTESIAN_POINT('',(5.533950336632,4.796940917224));
#5624 = CARTESIAN_POINT('',(5.538311577929,4.779472628303));
#5625 = CARTESIAN_POINT('',(5.542621291728,4.761920351085));
#5626 = CARTESIAN_POINT('',(5.563044417653,4.677092822965));
#5627 = CARTESIAN_POINT('',(5.578316354683,4.608638831073));
#5628 = CARTESIAN_POINT('',(5.592615700179,4.53932178417));
#5629 = CARTESIAN_POINT('',(5.606013954293,4.469608227681));
#5630 = CARTESIAN_POINT('',(5.618640737088,4.399912514321));
#5631 = CARTESIAN_POINT('',(5.630646630978,4.330540639714));
#5632 = CARTESIAN_POINT('',(5.642190765682,4.261665129229));
#5633 = CARTESIAN_POINT('',(5.657480517001,4.168686543697));
#5634 = CARTESIAN_POINT('',(5.661489964637,4.144132681523));
#5635 = CARTESIAN_POINT('',(5.665465998184,4.119656314583));
#5636 = CARTESIAN_POINT('',(5.669414858048,4.095263542695));
#5637 = CARTESIAN_POINT('',(5.673342261563,4.07096100458));
#5638 = CARTESIAN_POINT('',(5.677253351132,4.046755792961));
#5639 = CARTESIAN_POINT('',(5.681152642376,4.022655369658));
#5640 = CARTESIAN_POINT('',(5.696222630977,3.929757254565));
#5641 = CARTESIAN_POINT('',(5.707334808012,3.861787944197));
#5642 = CARTESIAN_POINT('',(5.718560543907,3.794903163951));
#5643 = CARTESIAN_POINT('',(5.730051342904,3.72920139116));
#5644 = CARTESIAN_POINT('',(5.741938529648,3.664755582181));
#5645 = CARTESIAN_POINT('',(5.75436257567,3.601638799084));
#5646 = CARTESIAN_POINT('',(5.767459965223,3.539916065233));
#5647 = CARTESIAN_POINT('',(5.785242172316,3.463591278018));
#5648 = CARTESIAN_POINT('',(5.789069229844,3.447560723885));
#5649 = CARTESIAN_POINT('',(5.792967636076,3.431644992076));
#5650 = CARTESIAN_POINT('',(5.796941814297,3.415846815933));
#5651 = CARTESIAN_POINT('',(5.800999744107,3.400172171257));
#5652 = CARTESIAN_POINT('',(5.805146163511,3.384624399283));
#5653 = CARTESIAN_POINT('',(5.809391735036,3.369211960203));
#5654 = CARTESIAN_POINT('',(5.819669744945,3.333169576201));
#5655 = CARTESIAN_POINT('',(5.825793097262,3.312661320753));
#5656 = CARTESIAN_POINT('',(5.832121876368,3.292421677584));
#5657 = CARTESIAN_POINT('',(5.838663098721,3.272457039399));
#5658 = CARTESIAN_POINT('',(5.845425177836,3.252776212939));
#5659 = CARTESIAN_POINT('',(5.85241862996,3.233390953484));
#5660 = CARTESIAN_POINT('',(5.859657345697,3.214317010292));
#5661 = CARTESIAN_POINT('',(5.875208423573,3.175473259716));
#5662 = CARTESIAN_POINT('',(5.883555193269,3.155766937015));
#5663 = CARTESIAN_POINT('',(5.892229135466,3.136469253854));
#5664 = CARTESIAN_POINT('',(5.901261577084,3.117612581056));
#5665 = CARTESIAN_POINT('',(5.91069024355,3.099252854126));
#5666 = CARTESIAN_POINT('',(5.920560963513,3.081470776559));
#5667 = CARTESIAN_POINT('',(5.930935323724,3.06438001735));
#5668 = CARTESIAN_POINT('',(5.947071564746,3.040523922745));
#5669 = CARTESIAN_POINT('',(5.952361575597,3.033090574922));
#5670 = CARTESIAN_POINT('',(5.957792002801,3.025869042365));
#5671 = CARTESIAN_POINT('',(5.963372601335,3.018882990811));
#5672 = CARTESIAN_POINT('',(5.969112692914,3.012162221968));
#5673 = CARTESIAN_POINT('',(5.975020958135,3.005742303129));
#5674 = CARTESIAN_POINT('',(5.981105228625,2.999664196776));
#5675 = CARTESIAN_POINT('',(5.993483850826,2.988424754127));
#5676 = CARTESIAN_POINT('',(5.999771003811,2.983242764274));
#5677 = CARTESIAN_POINT('',(6.006234797307,2.978475150386));
#5678 = CARTESIAN_POINT('',(6.012872234923,2.974172991214));
#5679 = CARTESIAN_POINT('',(6.019675074396,2.970387100827));
#5680 = CARTESIAN_POINT('',(6.026628129236,2.967162262963));
#5681 = CARTESIAN_POINT('',(6.033707062309,2.96452981344));
#5682 = CARTESIAN_POINT('',(6.045347607736,2.961231436569));
#5683 = CARTESIAN_POINT('',(6.049855493541,2.960197962385));
#5684 = CARTESIAN_POINT('',(6.054390765616,2.95940059875));
#5685 = CARTESIAN_POINT('',(6.058945301946,2.958837767378));
#5686 = CARTESIAN_POINT('',(6.06351145916,2.958504409448));
#5687 = CARTESIAN_POINT('',(6.068082110001,2.958392534055));
#5688 = CARTESIAN_POINT('',(6.072650680799,2.958491766648));
#5689 = CARTESIAN_POINT('',(6.084442409443,2.959262618854));
#5690 = CARTESIAN_POINT('',(6.091652495961,2.96023542338));
#5691 = CARTESIAN_POINT('',(6.098823928474,2.961660046802));
#5692 = CARTESIAN_POINT('',(6.105945601515,2.963480142864));
#5693 = CARTESIAN_POINT('',(6.113011908861,2.965638243688));
#5694 = CARTESIAN_POINT('',(6.120022118087,2.968080347806));
#5695 = CARTESIAN_POINT('',(6.126980034972,2.970758135848));
#5696 = CARTESIAN_POINT('',(6.139203575695,2.9758333805));
#5697 = CARTESIAN_POINT('',(6.144486126569,2.978151262128));
#5698 = CARTESIAN_POINT('',(6.149744778221,2.980562755516));
#5699 = CARTESIAN_POINT('',(6.15498280641,2.983049577431));
#5700 = CARTESIAN_POINT('',(6.160203636638,2.985594677627));
#5701 = CARTESIAN_POINT('',(6.165410885978,2.988182051836));
#5702 = CARTESIAN_POINT('',(6.170608404895,2.990796554752));
#5703 = CARTESIAN_POINT('',(6.18171002649,2.996414081522));
#5704 = CARTESIAN_POINT('',(6.187611712821,2.999420443064));
#5705 = CARTESIAN_POINT('',(6.193511423813,3.002421397345));
#5706 = CARTESIAN_POINT('',(6.199414606702,3.005396045673));
#5707 = CARTESIAN_POINT('',(6.205326228614,3.008323611281));
#5708 = CARTESIAN_POINT('',(6.211250894964,3.01118305965));
#5709 = CARTESIAN_POINT('',(6.217192967848,3.013952718835));
#5710 = CARTESIAN_POINT('',(6.230519055169,3.019890262131));
#5711 = CARTESIAN_POINT('',(6.237912355729,3.022998322277));
#5712 = CARTESIAN_POINT('',(6.24534577933,3.02589218409));
#5713 = CARTESIAN_POINT('',(6.252824816887,3.028526279935));
#5714 = CARTESIAN_POINT('',(6.260351508435,3.030850851942));
#5715 = CARTESIAN_POINT('',(6.267924476086,3.032812517794));
#5716 = CARTESIAN_POINT('',(6.275538738546,3.03435592102));
#5717 = CARTESIAN_POINT('',(6.28318530718,3.03542646582));
#5718 = ( GEOMETRIC_REPRESENTATION_CONTEXT(2) 
PARAMETRIC_REPRESENTATION_CONTEXT() REPRESENTATION_CONTEXT('2D SPACE',''
  ) );
#5719 = ADVANCED_FACE('',(#5720,#5751),#1109,.T.);
#5720 = FACE_BOUND('',#5721,.T.);
#5721 = EDGE_LOOP('',(#5722,#5723,#5750));
#5722 = ORIENTED_EDGE('',*,*,#5282,.T.);
#5723 = ORIENTED_EDGE('',*,*,#5724,.T.);
#5724 = EDGE_CURVE('',#4801,#237,#5725,.T.);
#5725 = SURFACE_CURVE('',#5726,(#5736,#5743),.PCURVE_S1.);
#5726 = B_SPLINE_CURVE_WITH_KNOTS('',3,(#5727,#5728,#5729,#5730,#5731,
    #5732,#5733,#5734,#5735),.UNSPECIFIED.,.F.,.F.,(4,1,1,1,1,1,4),(0.,
    1.,2.,3.,4.,5.,6.),.QUASI_UNIFORM_KNOTS.);
#5727 = CARTESIAN_POINT('',(0.,-11.,17.));
#5728 = CARTESIAN_POINT('',(0.,-11.32915184456,14.798677295813));
#5729 = CARTESIAN_POINT('',(0.,-8.156357749824,14.187172206766));
#5730 = CARTESIAN_POINT('',(0.,-6.059375839204,11.978626233079));
#5731 = CARTESIAN_POINT('',(0.,-6.,8.));
#5732 = CARTESIAN_POINT('',(0.,-8.187042136623,5.51638893891));
#5733 = CARTESIAN_POINT('',(0.,-11.20770415224,4.6260251288));
#5734 = CARTESIAN_POINT('',(0.,-11.04258797374,3.109510710207));
#5735 = CARTESIAN_POINT('',(0.,-11.,1.));
#5736 = PCURVE('',#1109,#5737);
#5737 = DEFINITIONAL_REPRESENTATION('',(#5738),#5742);
#5738 = LINE('',#5739,#5740);
#5739 = CARTESIAN_POINT('',(6.28318530718,0.));
#5740 = VECTOR('',#5741,1.);
#5741 = DIRECTION('',(0.,1.));
#5742 = ( GEOMETRIC_REPRESENTATION_CONTEXT(2) 
PARAMETRIC_REPRESENTATION_CONTEXT() REPRESENTATION_CONTEXT('2D SPACE',''
  ) );
#5743 = PCURVE('',#580,#5744);
#5744 = DEFINITIONAL_REPRESENTATION('',(#5745),#5749);
#5745 = LINE('',#5746,#5747);
#5746 = CARTESIAN_POINT('',(0.,0.));
#5747 = VECTOR('',#5748,1.);
#5748 = DIRECTION('',(0.,1.));
#5749 = ( GEOMETRIC_REPRESENTATION_CONTEXT(2) 
PARAMETRIC_REPRESENTATION_CONTEXT() REPRESENTATION_CONTEXT('2D SPACE',''
  ) );
#5750 = ORIENTED_EDGE('',*,*,#765,.T.);
#5751 = FACE_BOUND('',#5752,.T.);
#5752 = EDGE_LOOP('',(#5753,#5901));
#5753 = ORIENTED_EDGE('',*,*,#5754,.T.);
#5754 = EDGE_CURVE('',#5755,#5757,#5759,.T.);
#5755 = VERTEX_POINT('',#5756);
#5756 = CARTESIAN_POINT('',(-0.25,-9.,5.396478674806));
#5757 = VERTEX_POINT('',#5758);
#5758 = CARTESIAN_POINT('',(-2.60565664661,-7.358147379812,
    6.166006087794));
#5759 = SURFACE_CURVE('',#5760,(#5805,#5853),.PCURVE_S1.);
#5760 = B_SPLINE_CURVE_WITH_KNOTS('',8,(#5761,#5762,#5763,#5764,#5765,
    #5766,#5767,#5768,#5769,#5770,#5771,#5772,#5773,#5774,#5775,#5776,
    #5777,#5778,#5779,#5780,#5781,#5782,#5783,#5784,#5785,#5786,#5787,
    #5788,#5789,#5790,#5791,#5792,#5793,#5794,#5795,#5796,#5797,#5798,
    #5799,#5800,#5801,#5802,#5803,#5804),.UNSPECIFIED.,.F.,.F.,(9,7,7,7,
    7,7,9),(0.,0.130026398543,0.200431025714,0.274178225302,
    0.45308564803,0.715407273687,1.),.UNSPECIFIED.);
#5761 = CARTESIAN_POINT('',(-0.25,-9.,5.396478674806));
#5762 = CARTESIAN_POINT('',(-0.25,-8.948149135302,5.423101175131));
#5763 = CARTESIAN_POINT('',(-0.251755750429,-8.89643592829,
    5.449938729665));
#5764 = CARTESIAN_POINT('',(-0.255250973493,-8.844937810815,
    5.477001345275));
#5765 = CARTESIAN_POINT('',(-0.260464579463,-8.793728325029,
    5.504296498601));
#5766 = CARTESIAN_POINT('',(-0.267371566855,-8.742876863974,
    5.531828764148));
#5767 = CARTESIAN_POINT('',(-0.275943922598,-8.692448412186,
    5.559599442386));
#5768 = CARTESIAN_POINT('',(-0.286151522212,-8.642503286282,
    5.587606187846));
#5769 = CARTESIAN_POINT('',(-0.304358537428,-8.56634507773,
    5.631131660922));
#5770 = CARTESIAN_POINT('',(-0.311224376088,-8.539751099084,
    5.64648808977));
#5771 = CARTESIAN_POINT('',(-0.318555495479,-8.513323655956,
    5.661911000211));
#5772 = CARTESIAN_POINT('',(-0.326346878968,-8.487071009845,
    5.677399120258));
#5773 = CARTESIAN_POINT('',(-0.334593543768,-8.46100096742,5.69295082948
    ));
#5774 = CARTESIAN_POINT('',(-0.343290540941,-8.435120880517,
    5.708564159002));
#5775 = CARTESIAN_POINT('',(-0.352432955394,-8.409437646142,
    5.724236791506));
#5776 = CARTESIAN_POINT('',(-0.372053822293,-8.357268065855,
    5.756442103221));
#5777 = CARTESIAN_POINT('',(-0.382574873043,-8.330802143768,
    5.772981023112));
#5778 = CARTESIAN_POINT('',(-0.393575685625,-8.304562485091,
    5.789573781238));
#5779 = CARTESIAN_POINT('',(-0.40504424535,-8.278571927428,
    5.806236478752));
#5780 = CARTESIAN_POINT('',(-0.416985727494,-8.252811192752,
    5.822934168543));
#5781 = CARTESIAN_POINT('',(-0.429392355678,-8.227296844761,
    5.839674656928));
#5782 = CARTESIAN_POINT('',(-0.44226429126,-8.202025342271,
    5.856441883504));
#5783 = CARTESIAN_POINT('',(-0.487951685813,-8.116290664343,
    5.913950038356));
#5784 = CARTESIAN_POINT('',(-0.523024861998,-8.057045941645,
    5.954771182671));
#5785 = CARTESIAN_POINT('',(-0.560811015415,-7.999276138878,
    5.995566943852));
#5786 = CARTESIAN_POINT('',(-0.601326680971,-7.943006425887,
    6.036186684469));
#5787 = CARTESIAN_POINT('',(-0.644610644095,-7.888273749239,
    6.076451457088));
#5788 = CARTESIAN_POINT('',(-0.690729224919,-7.835126108299,
    6.116147977442));
#5789 = CARTESIAN_POINT('',(-0.73978960042,-7.78362449433,6.155018635267
    ));
#5790 = CARTESIAN_POINT('',(-0.868457317125,-7.660862348583,
    6.248067261849));
#5791 = CARTESIAN_POINT('',(-0.951653915693,-7.591573910551,
    6.300939743374));
#5792 = CARTESIAN_POINT('',(-1.042263470113,-7.526072017795,
    6.350493573773));
#5793 = CARTESIAN_POINT('',(-1.140821314501,-7.465103383554,
    6.395120851297));
#5794 = CARTESIAN_POINT('',(-1.247525405015,-7.409903726398,
    6.43255859322));
#5795 = CARTESIAN_POINT('',(-1.362100551209,-7.361926355888,
    6.459909333767));
#5796 = CARTESIAN_POINT('',(-1.483538663091,-7.323032366796,
    6.474390742713));
#5797 = CARTESIAN_POINT('',(-1.744189235834,-7.263213923068,
    6.47669700903));
#5798 = CARTESIAN_POINT('',(-1.881531089214,-7.244670395582,
    6.462132555236));
#5799 = CARTESIAN_POINT('',(-2.016118932496,-7.239354859109,
    6.432154744509));
#5800 = CARTESIAN_POINT('',(-2.145873131739,-7.245571800704,
    6.390396511056));
#5801 = CARTESIAN_POINT('',(-2.269766521209,-7.261834465008,
    6.340576600122));
#5802 = CARTESIAN_POINT('',(-2.387413705644,-7.286619612805,
    6.285471019795));
#5803 = CARTESIAN_POINT('',(-2.499096590007,-7.31883885373,6.22697800061
    ));
#5804 = CARTESIAN_POINT('',(-2.60565664661,-7.358147379812,
    6.166006087794));
#5805 = PCURVE('',#1109,#5806);
#5806 = DEFINITIONAL_REPRESENTATION('',(#5807),#5852);
#5807 = B_SPLINE_CURVE_WITH_KNOTS('',8,(#5808,#5809,#5810,#5811,#5812,
    #5813,#5814,#5815,#5816,#5817,#5818,#5819,#5820,#5821,#5822,#5823,
    #5824,#5825,#5826,#5827,#5828,#5829,#5830,#5831,#5832,#5833,#5834,
    #5835,#5836,#5837,#5838,#5839,#5840,#5841,#5842,#5843,#5844,#5845,
    #5846,#5847,#5848,#5849,#5850,#5851),.UNSPECIFIED.,.F.,.F.,(9,7,7,7,
    7,7,9),(0.,0.130026398543,0.200431025714,0.274178225302,
    0.45308564803,0.715407273687,1.),.UNSPECIFIED.);
#5808 = CARTESIAN_POINT('',(6.255414670586,4.254158986759));
#5809 = CARTESIAN_POINT('',(6.255254760441,4.234842443635));
#5810 = CARTESIAN_POINT('',(6.254898239664,4.215628662616));
#5811 = CARTESIAN_POINT('',(6.254342634088,4.196529307609));
#5812 = CARTESIAN_POINT('',(6.253585965576,4.177555952407));
#5813 = CARTESIAN_POINT('',(6.252626716965,4.158720136322));
#5814 = CARTESIAN_POINT('',(6.251463796994,4.140033419821));
#5815 = CARTESIAN_POINT('',(6.250096505245,4.121507440152));
#5816 = CARTESIAN_POINT('',(6.247673311091,4.093216220111));
#5817 = CARTESIAN_POINT('',(6.246762095638,4.083329006018));
#5818 = CARTESIAN_POINT('',(6.245790799524,4.07349415179));
#5819 = CARTESIAN_POINT('',(6.244759388695,4.063713490211));
#5820 = CARTESIAN_POINT('',(6.243667846237,4.053988859763));
#5821 = CARTESIAN_POINT('',(6.242516172379,4.044322104629));
#5822 = CARTESIAN_POINT('',(6.24130438449,4.034715074691));
#5823 = CARTESIAN_POINT('',(6.238700265737,4.015170990883));
#5824 = CARTESIAN_POINT('',(6.237302127564,4.005239925711));
#5825 = CARTESIAN_POINT('',(6.235837850149,3.995378680371));
#5826 = CARTESIAN_POINT('',(6.234308362956,3.985589040038));
#5827 = CARTESIAN_POINT('',(6.232712346553,3.975873660408));
#5828 = CARTESIAN_POINT('',(6.231050230421,3.966234732772));
#5829 = CARTESIAN_POINT('',(6.229321426216,3.956674783938));
#5830 = CARTESIAN_POINT('',(6.223169033415,3.924202274128));
#5831 = CARTESIAN_POINT('',(6.218419107985,3.901694074395));
#5832 = CARTESIAN_POINT('',(6.213269318983,3.879701007385));
#5833 = CARTESIAN_POINT('',(6.207710985605,3.858264410624));
#5834 = CARTESIAN_POINT('',(6.201733642636,3.837437221809));
#5835 = CARTESIAN_POINT('',(6.19532452582,3.817285521058));
#5836 = CARTESIAN_POINT('',(6.18846715906,3.797892149577));
#5837 = CARTESIAN_POINT('',(6.170394250591,3.752193309568));
#5838 = CARTESIAN_POINT('',(6.158635731257,3.726877063079));
#5839 = CARTESIAN_POINT('',(6.14576780419,3.70368630916));
#5840 = CARTESIAN_POINT('',(6.131730371419,3.68322691871));
#5841 = CARTESIAN_POINT('',(6.116537593942,3.666367947619));
#5842 = CARTESIAN_POINT('',(6.100301118192,3.654166757789));
#5843 = CARTESIAN_POINT('',(6.083309333669,3.647709892745));
#5844 = CARTESIAN_POINT('',(6.047508629215,3.646681661714));
#5845 = CARTESIAN_POINT('',(6.029011818146,3.653175755877));
#5846 = CARTESIAN_POINT('',(6.011395968425,3.666528515838));
#5847 = CARTESIAN_POINT('',(5.995020769046,3.685316453108));
#5848 = CARTESIAN_POINT('',(5.980013483395,3.70819928988));
#5849 = CARTESIAN_POINT('',(5.966380395693,3.734102285298));
#5850 = CARTESIAN_POINT('',(5.95403336994,3.762309740435));
#5851 = CARTESIAN_POINT('',(5.942846103041,3.792563166973));
#5852 = ( GEOMETRIC_REPRESENTATION_CONTEXT(2) 
PARAMETRIC_REPRESENTATION_CONTEXT() REPRESENTATION_CONTEXT('2D SPACE',''
  ) );
#5853 = PCURVE('',#3373,#5854);
#5854 = DEFINITIONAL_REPRESENTATION('',(#5855),#5900);
#5855 = B_SPLINE_CURVE_WITH_KNOTS('',8,(#5856,#5857,#5858,#5859,#5860,
    #5861,#5862,#5863,#5864,#5865,#5866,#5867,#5868,#5869,#5870,#5871,
    #5872,#5873,#5874,#5875,#5876,#5877,#5878,#5879,#5880,#5881,#5882,
    #5883,#5884,#5885,#5886,#5887,#5888,#5889,#5890,#5891,#5892,#5893,
    #5894,#5895,#5896,#5897,#5898,#5899),.UNSPECIFIED.,.F.,.F.,(9,7,7,7,
    7,7,9),(0.,0.130026398543,0.200431025714,0.274178225302,
    0.45308564803,0.715407273687,1.),.UNSPECIFIED.);
#5856 = CARTESIAN_POINT('',(0.,-5.396478674806));
#5857 = CARTESIAN_POINT('',(-2.962906554183E-02,-5.423101175131));
#5858 = CARTESIAN_POINT('',(-5.917944492645E-02,-5.449938729665));
#5859 = CARTESIAN_POINT('',(-8.864660546616E-02,-5.477001345275));
#5860 = CARTESIAN_POINT('',(-0.118027214419,-5.504296498601));
#5861 = CARTESIAN_POINT('',(-0.14731921724,-5.531828764148));
#5862 = CARTESIAN_POINT('',(-0.176521915833,-5.559599442386));
#5863 = CARTESIAN_POINT('',(-0.205636046803,-5.587606187846));
#5864 = CARTESIAN_POINT('',(-0.250381378363,-5.631131660922));
#5865 = CARTESIAN_POINT('',(-0.266073681184,-5.64648808977));
#5866 = CARTESIAN_POINT('',(-0.2817411632,-5.661911000211));
#5867 = CARTESIAN_POINT('',(-0.297384401337,-5.677399120258));
#5868 = CARTESIAN_POINT('',(-0.313004154415,-5.69295082948));
#5869 = CARTESIAN_POINT('',(-0.328601363151,-5.708564159002));
#5870 = CARTESIAN_POINT('',(-0.344177150157,-5.724236791506));
#5871 = CARTESIAN_POINT('',(-0.376027020051,-5.756442103221));
#5872 = CARTESIAN_POINT('',(-0.392298749344,-5.772981023112));
#5873 = CARTESIAN_POINT('',(-0.408552561284,-5.789573781238));
#5874 = CARTESIAN_POINT('',(-0.424780343527,-5.806236478752));
#5875 = CARTESIAN_POINT('',(-0.440999879669,-5.822934168542));
#5876 = CARTESIAN_POINT('',(-0.457207175513,-5.839674656928));
#5877 = CARTESIAN_POINT('',(-0.47341057558,-5.856441883504));
#5878 = CARTESIAN_POINT('',(-0.528923833479,-5.913950038356));
#5879 = CARTESIAN_POINT('',(-0.568226056853,-5.954771182671));
#5880 = CARTESIAN_POINT('',(-0.607605784524,-5.995566943852));
#5881 = CARTESIAN_POINT('',(-0.647147861936,-6.036186684469));
#5882 = CARTESIAN_POINT('',(-0.686939858217,-6.076451457088));
#5883 = CARTESIAN_POINT('',(-0.727078090936,-6.116147977442));
#5884 = CARTESIAN_POINT('',(-0.767676988644,-6.155018635267));
#5885 = CARTESIAN_POINT('',(-0.86929801451,-6.248067261849));
#5886 = CARTESIAN_POINT('',(-0.93102598884,-6.300939743374));
#5887 = CARTESIAN_POINT('',(-0.994662943701,-6.350493573773));
#5888 = CARTESIAN_POINT('',(-1.060525028319,-6.395120851298));
#5889 = CARTESIAN_POINT('',(-1.12875727376,-6.432558593219));
#5890 = CARTESIAN_POINT('',(-1.199303796669,-6.459909333767));
#5891 = CARTESIAN_POINT('',(-1.271909845595,-6.474390742713));
#5892 = CARTESIAN_POINT('',(-1.424725025182,-6.47669700903));
#5893 = CARTESIAN_POINT('',(-1.503587340236,-6.462132555236));
#5894 = CARTESIAN_POINT('',(-1.579994250875,-6.43215474451));
#5895 = CARTESIAN_POINT('',(-1.653703116838,-6.390396511056));
#5896 = CARTESIAN_POINT('',(-1.724653950439,-6.340576600122));
#5897 = CARTESIAN_POINT('',(-1.793047573114,-6.285471019795));
#5898 = CARTESIAN_POINT('',(-1.859293813503,-6.22697800061));
#5899 = CARTESIAN_POINT('',(-1.924196141089,-6.166006087794));
#5900 = ( GEOMETRIC_REPRESENTATION_CONTEXT(2) 
PARAMETRIC_REPRESENTATION_CONTEXT() REPRESENTATION_CONTEXT('2D SPACE',''
  ) );
#5901 = ORIENTED_EDGE('',*,*,#5902,.T.);
#5902 = EDGE_CURVE('',#5757,#5755,#5903,.T.);
#5903 = SURFACE_CURVE('',#5904,(#6054,#6207),.PCURVE_S1.);
#5904 = B_SPLINE_CURVE_WITH_KNOTS('',8,(#5905,#5906,#5907,#5908,#5909,
    #5910,#5911,#5912,#5913,#5914,#5915,#5916,#5917,#5918,#5919,#5920,
    #5921,#5922,#5923,#5924,#5925,#5926,#5927,#5928,#5929,#5930,#5931,
    #5932,#5933,#5934,#5935,#5936,#5937,#5938,#5939,#5940,#5941,#5942,
    #5943,#5944,#5945,#5946,#5947,#5948,#5949,#5950,#5951,#5952,#5953,
    #5954,#5955,#5956,#5957,#5958,#5959,#5960,#5961,#5962,#5963,#5964,
    #5965,#5966,#5967,#5968,#5969,#5970,#5971,#5972,#5973,#5974,#5975,
    #5976,#5977,#5978,#5979,#5980,#5981,#5982,#5983,#5984,#5985,#5986,
    #5987,#5988,#5989,#5990,#5991,#5992,#5993,#5994,#5995,#5996,#5997,
    #5998,#5999,#6000,#6001,#6002,#6003,#6004,#6005,#6006,#6007,#6008,
    #6009,#6010,#6011,#6012,#6013,#6014,#6015,#6016,#6017,#6018,#6019,
    #6020,#6021,#6022,#6023,#6024,#6025,#6026,#6027,#6028,#6029,#6030,
    #6031,#6032,#6033,#6034,#6035,#6036,#6037,#6038,#6039,#6040,#6041,
    #6042,#6043,#6044,#6045,#6046,#6047,#6048,#6049,#6050,#6051,#6052,
    #6053),.UNSPECIFIED.,.F.,.F.,(9,7,7,7,7,7,7,7,7,7,7,7,7,7,7,7,7,7,7,
    7,7,9),(0.,6.307345895213E-02,9.467440290849E-02,0.124731822768,
    0.183521024791,0.25799755221,0.352368626596,0.405089084544,
    0.425646121106,0.492000752487,0.526563704433,0.548689666054,
    0.585758602122,0.616003210113,0.64442521659,0.686376484199,
    0.726148017654,0.801171471152,0.906606898149,0.954604320651,
    0.978718371314,1.),.UNSPECIFIED.);
#5905 = CARTESIAN_POINT('',(-2.60565664661,-7.358147379812,
    6.166006087794));
#5906 = CARTESIAN_POINT('',(-2.665204899987,-7.380113904096,
    6.131933556031));
#5907 = CARTESIAN_POINT('',(-2.723148590489,-7.404292599321,
    6.097090075155));
#5908 = CARTESIAN_POINT('',(-2.779561325318,-7.430596664149,
    6.061677495345));
#5909 = CARTESIAN_POINT('',(-2.834488402254,-7.458962734379,
    6.025865158507));
#5910 = CARTESIAN_POINT('',(-2.88795569647,-7.489344386211,
    5.989796910463));
#5911 = CARTESIAN_POINT('',(-2.939975583881,-7.521708332716,
    5.953596245187));
#5912 = CARTESIAN_POINT('',(-2.990549901031,-7.556033313523,
    5.917369581116));
#5913 = CARTESIAN_POINT('',(-3.064279970411,-7.610487794468,
    5.86308989762));
#5914 = CARTESIAN_POINT('',(-3.08852330963,-7.629153075527,
    5.844990037359));
#5915 = CARTESIAN_POINT('',(-3.112396346878,-7.64830399004,
    5.826917902868));
#5916 = CARTESIAN_POINT('',(-3.135901878447,-7.66794494518,
    5.808894671051));
#5917 = CARTESIAN_POINT('',(-3.159021524603,-7.688060437221,
    5.79090920448));
#5918 = CARTESIAN_POINT('',(-3.181772088064,-7.708670186494,
    5.773006443364));
#5919 = CARTESIAN_POINT('',(-3.204127789541,-7.729754724925,
    5.755166199607));
#5920 = CARTESIAN_POINT('',(-3.246966357408,-7.771817821332,
    5.720500762377));
#5921 = CARTESIAN_POINT('',(-3.267486844519,-7.792750697477,
    5.703667761721));
#5922 = CARTESIAN_POINT('',(-3.28763578932,-7.814106676002,
    5.686903839932));
#5923 = CARTESIAN_POINT('',(-3.307403965795,-7.835880500924,
    5.670211795192));
#5924 = CARTESIAN_POINT('',(-3.326781866853,-7.858066378915,
    5.653593964499));
#5925 = CARTESIAN_POINT('',(-3.34575970433,-7.880657979298,
    5.637052223667));
#5926 = CARTESIAN_POINT('',(-3.364327408986,-7.90364843405,
    5.620587987327));
#5927 = CARTESIAN_POINT('',(-3.417968717398,-7.97276292129,
    5.572153322456));
#5928 = CARTESIAN_POINT('',(-3.451855088294,-8.019993553921,5.5404041416
    ));
#5929 = CARTESIAN_POINT('',(-3.484056548884,-8.06866565842,5.50896283991
    ));
#5930 = CARTESIAN_POINT('',(-3.514494792025,-8.1187142267,5.477830814155
    ));
#5931 = CARTESIAN_POINT('',(-3.543092101964,-8.170065664805,
    5.447003419144));
#5932 = CARTESIAN_POINT('',(-3.569773058572,-8.222637637863,
    5.416470702549));
#5933 = CARTESIAN_POINT('',(-3.594466241568,-8.27633891504,
    5.386218139736));
#5934 = CARTESIAN_POINT('',(-3.645786809326,-8.400403760752,
    5.318233852543));
#5935 = CARTESIAN_POINT('',(-3.671173565315,-8.471393258944,
    5.280658622606));
#5936 = CARTESIAN_POINT('',(-3.693130952379,-8.543832711078,
    5.243465511105));
#5937 = CARTESIAN_POINT('',(-3.711541606672,-8.617499530204,
    5.206605570516));
#5938 = CARTESIAN_POINT('',(-3.726308773381,-8.69215603461,
    5.170019967027));
#5939 = CARTESIAN_POINT('',(-3.737359029273,-8.767551942022,
    5.133642874102));
#5940 = CARTESIAN_POINT('',(-3.744645005244,-8.843426863814,
    5.097404366057));
#5941 = CARTESIAN_POINT('',(-3.752586979243,-9.015923194762,
    5.015400062036));
#5942 = CARTESIAN_POINT('',(-3.750952589037,-9.112684044695,
    4.969669563652));
#5943 = CARTESIAN_POINT('',(-3.743203565147,-9.209245478145,
    4.923899509491));
#5944 = CARTESIAN_POINT('',(-3.72937583566,-9.30505744297,4.877934599604
    ));
#5945 = CARTESIAN_POINT('',(-3.709578315109,-9.399579668719,
    4.831616313019));
#5946 = CARTESIAN_POINT('',(-3.683991251961,-9.492289788789,
    4.784789302092));
#5947 = CARTESIAN_POINT('',(-3.652867238314,-9.582689621762,
    4.73730440926));
#5948 = CARTESIAN_POINT('',(-3.596237788841,-9.719258572564,
    4.662043245427));
#5949 = CARTESIAN_POINT('',(-3.574314125215,-9.767342374037,
    4.634816966107));
#5950 = CARTESIAN_POINT('',(-3.550820936095,-9.814480188211,
    4.607313231669));
#5951 = CARTESIAN_POINT('',(-3.525821232102,-9.860595446208,
    4.579506212771));
#5952 = CARTESIAN_POINT('',(-3.499384802384,-9.905615599263,
    4.551369557023));
#5953 = CARTESIAN_POINT('',(-3.471589027675,-9.949471879588,
    4.522875458709));
#5954 = CARTESIAN_POINT('',(-3.442519693349,-9.992099061236,
    4.493993728511));
#5955 = CARTESIAN_POINT('',(-3.40047738674,-10.04955323246,
    4.453264936821));
#5956 = CARTESIAN_POINT('',(-3.388485459377,-10.0654999991,
    4.441757273854));
#5957 = CARTESIAN_POINT('',(-3.376302836706,-10.0812679933,
    4.430167013984));
#5958 = CARTESIAN_POINT('',(-3.363935507015,-10.09685136653,
    4.418493520014));
#5959 = CARTESIAN_POINT('',(-3.351389863273,-10.11224457114,
    4.40673476233));
#5960 = CARTESIAN_POINT('',(-3.338672635095,-10.12744233527,
    4.394887265685));
#5961 = CARTESIAN_POINT('',(-3.325789519977,-10.14244099102,
    4.382947618336));
#5962 = CARTESIAN_POINT('',(-3.270628988151,-10.20501358002,
    4.332078044442));
#5963 = CARTESIAN_POINT('',(-3.226990132397,-10.2505111794,4.29243828959
    ));
#5964 = CARTESIAN_POINT('',(-3.182005926839,-10.29368201543,
    4.251983760666));
#5965 = CARTESIAN_POINT('',(-3.135840369567,-10.33451666234,
    4.210724153114));
#5966 = CARTESIAN_POINT('',(-3.088611710241,-10.37304810368,
    4.168711976036));
#5967 = CARTESIAN_POINT('',(-3.040383861062,-10.40934691385,
    4.126045750952));
#5968 = CARTESIAN_POINT('',(-2.991131240546,-10.4435184546,4.08289364448
    ));
#5969 = CARTESIAN_POINT('',(-2.914323742541,-10.49247620477,
    4.017011648225));
#5970 = CARTESIAN_POINT('',(-2.887684797122,-10.50870224405,
    3.994408402407));
#5971 = CARTESIAN_POINT('',(-2.860674351729,-10.52441303463,
    3.971802872498));
#5972 = CARTESIAN_POINT('',(-2.833239907982,-10.53963350266,
    3.949251979754));
#5973 = CARTESIAN_POINT('',(-2.805316865085,-10.55438841937,
    3.926830667088));
#5974 = CARTESIAN_POINT('',(-2.776819306787,-10.56870400647,
    3.904639766135));
#5975 = CARTESIAN_POINT('',(-2.747619297085,-10.58261012718,
    3.882823390999));
#5976 = CARTESIAN_POINT('',(-2.698242792027,-10.60480636277,
    3.848006754203));
#5977 = CARTESIAN_POINT('',(-2.678613973364,-10.61330949931,
    3.834676526987));
#5978 = CARTESIAN_POINT('',(-2.658570182074,-10.62166661096,
    3.821642625727));
#5979 = CARTESIAN_POINT('',(-2.638048793478,-10.62988673265,
    3.808976831687));
#5980 = CARTESIAN_POINT('',(-2.616982604816,-10.63797379583,
    3.796785258699));
#5981 = CARTESIAN_POINT('',(-2.595299835249,-10.64592662849,
    3.785208353172));
#5982 = CARTESIAN_POINT('',(-2.572924125854,-10.65373895513,
    3.774420894084));
#5983 = CARTESIAN_POINT('',(-2.510990664542,-10.67423338907,
    3.748232066281));
#5984 = CARTESIAN_POINT('',(-2.46879190538,-10.687054218,3.733943985899)
  );
#5985 = CARTESIAN_POINT('',(-2.424182079049,-10.69919121244,
    3.724407863386));
#5986 = CARTESIAN_POINT('',(-2.378199258516,-10.7101465505,
    3.721199419975));
#5987 = CARTESIAN_POINT('',(-2.331915772815,-10.71959525953,
    3.724829986588));
#5988 = CARTESIAN_POINT('',(-2.286438207044,-10.72738521615,
    3.734746503835));
#5989 = CARTESIAN_POINT('',(-2.242907402368,-10.73353714617,
    3.749331522015));
#5990 = CARTESIAN_POINT('',(-2.169528727951,-10.74208546444,
    3.779424062283));
#5991 = CARTESIAN_POINT('',(-2.137777700964,-10.7450602092,
    3.794761757458));
#5992 = CARTESIAN_POINT('',(-2.107001059365,-10.74729622197,
    3.811379912991));
#5993 = CARTESIAN_POINT('',(-2.077028916348,-10.74887694914,
    3.828898977016));
#5994 = CARTESIAN_POINT('',(-2.047728225111,-10.74986071072,
    3.847053398969));
#5995 = CARTESIAN_POINT('',(-2.018975890199,-10.75029123824,
    3.865661531084));
#5996 = CARTESIAN_POINT('',(-1.990642579091,-10.75019996028,
    3.884608251841));
#5997 = CARTESIAN_POINT('',(-1.936222561007,-10.7490362638,
    3.921913407942));
#5998 = CARTESIAN_POINT('',(-1.910815043754,-10.74803884075,
    3.939749666492));
#5999 = CARTESIAN_POINT('',(-1.886148834703,-10.7466596529,
    3.957333779261));
#6000 = CARTESIAN_POINT('',(-1.862070896901,-10.74492947056,
    3.974674117359));
#6001 = CARTESIAN_POINT('',(-1.838470535081,-10.74286679121,
    3.991785366832));
#6002 = CARTESIAN_POINT('',(-1.815266558766,-10.74048415461,
    4.008677802649));
#6003 = CARTESIAN_POINT('',(-1.792402077403,-10.73779192986,
    4.025353200614));
#6004 = CARTESIAN_POINT('',(-1.736555219898,-10.730382817,4.066093990143
    ));
#6005 = CARTESIAN_POINT('',(-1.703353477378,-10.72523501539,
    4.090323690616));
#6006 = CARTESIAN_POINT('',(-1.670195330445,-10.71934935678,
    4.114441412751));
#6007 = CARTESIAN_POINT('',(-1.637053876,-10.71271438873,4.138406715427)
  );
#6008 = CARTESIAN_POINT('',(-1.603916333842,-10.70531623589,
    4.162189499626));
#6009 = CARTESIAN_POINT('',(-1.570780295126,-10.69714027379,
    4.185767019193));
#6010 = CARTESIAN_POINT('',(-1.53765156277,-10.68817225987,
    4.209122195045));
#6011 = CARTESIAN_POINT('',(-1.473155853104,-10.66913339327,
    4.254162931056));
#6012 = CARTESIAN_POINT('',(-1.441786346534,-10.65914392802,
    4.27587222145));
#6013 = CARTESIAN_POINT('',(-1.410447292345,-10.64841964739,
    4.297361379308));
#6014 = CARTESIAN_POINT('',(-1.379154112781,-10.63694947093,
    4.318622984002));
#6015 = CARTESIAN_POINT('',(-1.347929052501,-10.6247249388,
    4.339655524126));
#6016 = CARTESIAN_POINT('',(-1.316797054358,-10.61173903784,
    4.360459779574));
#6017 = CARTESIAN_POINT('',(-1.285782859096,-10.59798542347,
    4.381036227653));
#6018 = CARTESIAN_POINT('',(-1.196696627883,-10.5560668286,
    4.439789519752));
#6019 = CARTESIAN_POINT('',(-1.139011370602,-10.52593529184,
    4.477405370644));
#6020 = CARTESIAN_POINT('',(-1.082122662019,-10.49308029115,
    4.514326261248));
#6021 = CARTESIAN_POINT('',(-1.026260887725,-10.45753400906,
    4.550619720394));
#6022 = CARTESIAN_POINT('',(-0.971637672063,-10.41934686366,
    4.586344063664));
#6023 = CARTESIAN_POINT('',(-0.918452317973,-10.37858664433,
    4.621554688461));
#6024 = CARTESIAN_POINT('',(-0.866893705195,-10.33533825937,
    4.656306418028));
#6025 = CARTESIAN_POINT('',(-0.74721216327,-10.22557138274,4.73891986663
    ));
#6026 = CARTESIAN_POINT('',(-0.680840693086,-10.15672057839,
    4.786390228151));
#6027 = CARTESIAN_POINT('',(-0.618518934359,-10.08343931492,
    4.833206348426));
#6028 = CARTESIAN_POINT('',(-0.560685771109,-10.00607325981,
    4.879517516125));
#6029 = CARTESIAN_POINT('',(-0.507724661007,-9.925020509269,
    4.925479218002));
#6030 = CARTESIAN_POINT('',(-0.459961867476,-9.840725434975,
    4.971250061941));
#6031 = CARTESIAN_POINT('',(-0.417661536148,-9.753671983561,
    5.016985344163));
#6032 = CARTESIAN_POINT('',(-0.364336185327,-9.623726368603,
    5.083695899344));
#6033 = CARTESIAN_POINT('',(-0.348826273076,-9.582609944398,
    5.104587521935));
#6034 = CARTESIAN_POINT('',(-0.3345060495,-9.541074942534,5.125515975746
    ));
#6035 = CARTESIAN_POINT('',(-0.321390589426,-9.499169858106,
    5.146494890461));
#6036 = CARTESIAN_POINT('',(-0.309491914533,-9.456943678616,
    5.167537497513));
#6037 = CARTESIAN_POINT('',(-0.298819035952,-9.414445667537,
    5.188656449484));
#6038 = CARTESIAN_POINT('',(-0.289377996859,-9.371725147869,
    5.209863639509));
#6039 = CARTESIAN_POINT('',(-0.277049154688,-9.307281279241,
    5.241874411207));
#6040 = CARTESIAN_POINT('',(-0.273233770144,-9.285664794544,
    5.252615124866));
#6041 = CARTESIAN_POINT('',(-0.269726881305,-9.263985764007,
    5.26339470812));
#6042 = CARTESIAN_POINT('',(-0.266529604534,-9.242248068073,
    5.274215706965));
#6043 = CARTESIAN_POINT('',(-0.263643052689,-9.220455535236,
    5.285080666931));
#6044 = CARTESIAN_POINT('',(-0.261068335127,-9.198611942049,
    5.295992133077));
#6045 = CARTESIAN_POINT('',(-0.258806557696,-9.176721013113,
    5.306952649994));
#6046 = CARTESIAN_POINT('',(-0.255139867574,-9.135428253126,
    5.327683397545));
#6047 = CARTESIAN_POINT('',(-0.253668051227,-9.116064500411,
    5.337427950402));
#6048 = CARTESIAN_POINT('',(-0.252443009186,-9.096699693288,
    5.347199032285));
#6049 = CARTESIAN_POINT('',(-0.251464301472,-9.077337389067,
    5.35699770649));
#6050 = CARTESIAN_POINT('',(-0.250731354262,-9.057982230828,
    5.366824388256));
#6051 = CARTESIAN_POINT('',(-0.250243498362,-9.038638616232,
    5.376679547189));
#6052 = CARTESIAN_POINT('',(-0.250000002575,-9.019309643282,
    5.386564261601));
#6053 = CARTESIAN_POINT('',(-0.25,-9.,5.396478674806));
#6054 = PCURVE('',#1109,#6055);
#6055 = DEFINITIONAL_REPRESENTATION('',(#6056),#6206);
#6056 = B_SPLINE_CURVE_WITH_KNOTS('',8,(#6057,#6058,#6059,#6060,#6061,
    #6062,#6063,#6064,#6065,#6066,#6067,#6068,#6069,#6070,#6071,#6072,
    #6073,#6074,#6075,#6076,#6077,#6078,#6079,#6080,#6081,#6082,#6083,
    #6084,#6085,#6086,#6087,#6088,#6089,#6090,#6091,#6092,#6093,#6094,
    #6095,#6096,#6097,#6098,#6099,#6100,#6101,#6102,#6103,#6104,#6105,
    #6106,#6107,#6108,#6109,#6110,#6111,#6112,#6113,#6114,#6115,#6116,
    #6117,#6118,#6119,#6120,#6121,#6122,#6123,#6124,#6125,#6126,#6127,
    #6128,#6129,#6130,#6131,#6132,#6133,#6134,#6135,#6136,#6137,#6138,
    #6139,#6140,#6141,#6142,#6143,#6144,#6145,#6146,#6147,#6148,#6149,
    #6150,#6151,#6152,#6153,#6154,#6155,#6156,#6157,#6158,#6159,#6160,
    #6161,#6162,#6163,#6164,#6165,#6166,#6167,#6168,#6169,#6170,#6171,
    #6172,#6173,#6174,#6175,#6176,#6177,#6178,#6179,#6180,#6181,#6182,
    #6183,#6184,#6185,#6186,#6187,#6188,#6189,#6190,#6191,#6192,#6193,
    #6194,#6195,#6196,#6197,#6198,#6199,#6200,#6201,#6202,#6203,#6204,
    #6205),.UNSPECIFIED.,.F.,.F.,(9,7,7,7,7,7,7,7,7,7,7,7,7,7,7,7,7,7,7,
    7,7,9),(0.,6.307345895213E-02,9.467440290849E-02,0.124731822768,
    0.183521024791,0.25799755221,0.352368626596,0.405089084544,
    0.425646121106,0.492000752487,0.526563704433,0.548689666054,
    0.585758602122,0.616003210113,0.64442521659,0.686376484199,
    0.726148017654,0.801171471152,0.906606898149,0.954604320651,
    0.978718371314,1.),.UNSPECIFIED.);
#6057 = CARTESIAN_POINT('',(5.942846103041,3.792563166973));
#6058 = CARTESIAN_POINT('',(5.93659439649,3.809469489721));
#6059 = CARTESIAN_POINT('',(5.930705352707,3.827013284447));
#6060 = CARTESIAN_POINT('',(5.925164534622,3.845128383789));
#6061 = CARTESIAN_POINT('',(5.9199609792,3.863761087801));
#6062 = CARTESIAN_POINT('',(5.915086008477,3.882867348378));
#6063 = CARTESIAN_POINT('',(5.910532473615,3.902410917284));
#6064 = CARTESIAN_POINT('',(5.906294431978,3.922362457797));
#6065 = CARTESIAN_POINT('',(5.900399671636,3.952888906097));
#6066 = CARTESIAN_POINT('',(5.898510253245,3.963174224166));
#6067 = CARTESIAN_POINT('',(5.896698578134,3.973552284349));
#6068 = CARTESIAN_POINT('',(5.894963854933,3.984019854277));
#6069 = CARTESIAN_POINT('',(5.8933066708,3.99457420965));
#6070 = CARTESIAN_POINT('',(5.891725322202,4.005211970337));
#6071 = CARTESIAN_POINT('',(5.89022097807,4.015930920255));
#6072 = CARTESIAN_POINT('',(5.88743540853,4.036998161705));
#6073 = CARTESIAN_POINT('',(5.886146909467,4.047338978921));
#6074 = CARTESIAN_POINT('',(5.884927873818,4.057748383354));
#6075 = CARTESIAN_POINT('',(5.883778321116,4.068224079141));
#6076 = CARTESIAN_POINT('',(5.882698246454,4.078763777136));
#6077 = CARTESIAN_POINT('',(5.881687620487,4.089365194903));
#6078 = CARTESIAN_POINT('',(5.88074638943,4.100026056721));
#6079 = CARTESIAN_POINT('',(5.878169100799,4.131707464264));
#6080 = CARTESIAN_POINT('',(5.87672883986,4.152889869433));
#6081 = CARTESIAN_POINT('',(5.875553083487,4.17427382643));
#6082 = CARTESIAN_POINT('',(5.874640578635,4.19584212142));
#6083 = CARTESIAN_POINT('',(5.873989379153,4.217577711961));
#6084 = CARTESIAN_POINT('',(5.873596796965,4.239463629573));
#6085 = CARTESIAN_POINT('',(5.873459353263,4.261482882305));
#6086 = CARTESIAN_POINT('',(5.873716359494,4.311660468004));
#6087 = CARTESIAN_POINT('',(5.874262552581,4.339890523456));
#6088 = CARTESIAN_POINT('',(5.875202607635,4.368272911673));
#6089 = CARTESIAN_POINT('',(5.876525725731,4.396774062826));
#6090 = CARTESIAN_POINT('',(5.878219220982,4.42536216201));
#6091 = CARTESIAN_POINT('',(5.880268731187,4.454006862007));
#6092 = CARTESIAN_POINT('',(5.882658428492,4.482678996046));
#6093 = CARTESIAN_POINT('',(5.888808688865,4.547680406398));
#6094 = CARTESIAN_POINT('',(5.892765315771,4.584013524843));
#6095 = CARTESIAN_POINT('',(5.897206319842,4.620289969467));
#6096 = CARTESIAN_POINT('',(5.902093946133,4.65645958941));
#6097 = CARTESIAN_POINT('',(5.907388791477,4.692479869955));
#6098 = CARTESIAN_POINT('',(5.913050431599,4.728314851963));
#6099 = CARTESIAN_POINT('',(5.919037359547,4.763934860171));
#6100 = CARTESIAN_POINT('',(5.928808346724,4.819083316787));
#6101 = CARTESIAN_POINT('',(5.932398634068,4.838776270557));
#6102 = CARTESIAN_POINT('',(5.936069598416,4.858392655111));
#6103 = CARTESIAN_POINT('',(5.939813745906,4.877930181257));
#6104 = CARTESIAN_POINT('',(5.943623473281,4.897387903853));
#6105 = CARTESIAN_POINT('',(5.947490953329,4.916766608479));
#6106 = CARTESIAN_POINT('',(5.95140802032,4.936069198117));
#6107 = CARTESIAN_POINT('',(5.956909393191,4.962800075681));
#6108 = CARTESIAN_POINT('',(5.958461357255,4.970299926103));
#6109 = CARTESIAN_POINT('',(5.960021193906,4.977800018906));
#6110 = CARTESIAN_POINT('',(5.961588283071,4.985299250488));
#6111 = CARTESIAN_POINT('',(5.963161987961,4.992797860827));
#6112 = CARTESIAN_POINT('',(5.96474165875,5.000297347487));
#6113 = CARTESIAN_POINT('',(5.966326790321,5.007798458627));
#6114 = CARTESIAN_POINT('',(5.973051339765,5.039502141673));
#6115 = CARTESIAN_POINT('',(5.978219515043,5.063586334661));
#6116 = CARTESIAN_POINT('',(5.983408574047,5.087478206943));
#6117 = CARTESIAN_POINT('',(5.988608197993,5.111105273767));
#6118 = CARTESIAN_POINT('',(5.993813319916,5.134389684209));
#6119 = CARTESIAN_POINT('',(5.999024477489,5.157249240484));
#6120 = CARTESIAN_POINT('',(6.004250644888,5.179590113114));
#6121 = CARTESIAN_POINT('',(6.012263123977,5.21257393872));
#6122 = CARTESIAN_POINT('',(6.015018138806,5.223690399807));
#6123 = CARTESIAN_POINT('',(6.017788537309,5.234611750795));
#6124 = CARTESIAN_POINT('',(6.020580059176,5.245315754836));
#6125 = CARTESIAN_POINT('',(6.023399473871,5.25577409828));
#6126 = CARTESIAN_POINT('',(6.026255440004,5.265949851817));
#6127 = CARTESIAN_POINT('',(6.029160395912,5.275791275161));
#6128 = CARTESIAN_POINT('',(6.034036744114,5.291259154703));
#6129 = CARTESIAN_POINT('',(6.035966555623,5.29712088896));
#6130 = CARTESIAN_POINT('',(6.03792846371,5.302794307199));
#6131 = CARTESIAN_POINT('',(6.039928324892,5.308253659355));
#6132 = CARTESIAN_POINT('',(6.041972304464,5.313460306157));
#6133 = CARTESIAN_POINT('',(6.044066876499,5.318362719127));
#6134 = CARTESIAN_POINT('',(6.046218823844,5.322896480578));
#6135 = CARTESIAN_POINT('',(6.052148528457,5.333832822555));
#6136 = CARTESIAN_POINT('',(6.056160980528,5.339699710097));
#6137 = CARTESIAN_POINT('',(6.060371525998,5.343582971111));
#6138 = CARTESIAN_POINT('',(6.064679452707,5.344884594364));
#6139 = CARTESIAN_POINT('',(6.068984404683,5.343410532525));
#6140 = CARTESIAN_POINT('',(6.07318638214,5.339370702163));
#6141 = CARTESIAN_POINT('',(6.077185741475,5.333378983751));
#6142 = CARTESIAN_POINT('',(6.083899954115,5.320802480591));
#6143 = CARTESIAN_POINT('',(6.086793729796,5.31433791472));
#6144 = CARTESIAN_POINT('',(6.089589134989,5.307256610298));
#6145 = CARTESIAN_POINT('',(6.092303208032,5.299697196693));
#6146 = CARTESIAN_POINT('',(6.094949171162,5.291757009544));
#6147 = CARTESIAN_POINT('',(6.097539077678,5.283503031637));
#6148 = CARTESIAN_POINT('',(6.100085348049,5.274976611496));
#6149 = CARTESIAN_POINT('',(6.104965431819,5.257936688846));
#6150 = CARTESIAN_POINT('',(6.107238988286,5.249676654025));
#6151 = CARTESIAN_POINT('',(6.109442153526,5.241421373186));
#6152 = CARTESIAN_POINT('',(6.111589250718,5.233169956763));
#6153 = CARTESIAN_POINT('',(6.113690622052,5.224918403857));
#6154 = CARTESIAN_POINT('',(6.115753878915,5.216664385099));
#6155 = CARTESIAN_POINT('',(6.117784417271,5.208409512196));
#6156 = CARTESIAN_POINT('',(6.122738378132,5.18798136506));
#6157 = CARTESIAN_POINT('',(6.12567853236,5.175600153766));
#6158 = CARTESIAN_POINT('',(6.128610406308,5.163038813506));
#6159 = CARTESIAN_POINT('',(6.131536956485,5.150316757812));
#6160 = CARTESIAN_POINT('',(6.134459861539,5.137451011705));
#6161 = CARTESIAN_POINT('',(6.137379877996,5.124457260365));
#6162 = CARTESIAN_POINT('',(6.140297040736,5.111350395289));
#6163 = CARTESIAN_POINT('',(6.145972985215,5.085624878984));
#6164 = CARTESIAN_POINT('',(6.148732158752,5.073016329556));
#6165 = CARTESIAN_POINT('',(6.151487615526,5.060330161894));
#6166 = CARTESIAN_POINT('',(6.15423846122,5.047579876684));
#6167 = CARTESIAN_POINT('',(6.156983202153,5.034774873368));
#6168 = CARTESIAN_POINT('',(6.159720104724,5.021925047175));
#6169 = CARTESIAN_POINT('',(6.162447444403,5.009043961439));
#6170 = CARTESIAN_POINT('',(6.170285101767,4.971793348873));
#6171 = CARTESIAN_POINT('',(6.175364556175,4.947354687091));
#6172 = CARTESIAN_POINT('',(6.180381260613,4.922800483767));
#6173 = CARTESIAN_POINT('',(6.185317632116,4.898120121553));
#6174 = CARTESIAN_POINT('',(6.190157305837,4.873309798252));
#6175 = CARTESIAN_POINT('',(6.194884407035,4.848369886649));
#6176 = CARTESIAN_POINT('',(6.199483252711,4.823303976349));
#6177 = CARTESIAN_POINT('',(6.210199712825,4.762726322631));
#6178 = CARTESIAN_POINT('',(6.216177847962,4.727095641228));
#6179 = CARTESIAN_POINT('',(6.221829555496,4.691250649461));
#6180 = CARTESIAN_POINT('',(6.227113331754,4.655221210143));
#6181 = CARTESIAN_POINT('',(6.231988760311,4.619043443956));
#6182 = CARTESIAN_POINT('',(6.236416457033,4.582760017209));
#6183 = CARTESIAN_POINT('',(6.240358702036,4.546421226285));
#6184 = CARTESIAN_POINT('',(6.245338583068,4.493546375456));
#6185 = CARTESIAN_POINT('',(6.24678867086,4.477006091337));
#6186 = CARTESIAN_POINT('',(6.248127761944,4.460471318341));
#6187 = CARTESIAN_POINT('',(6.249352729749,4.443947497055));
#6188 = CARTESIAN_POINT('',(6.250460595795,4.427440236524));
#6189 = CARTESIAN_POINT('',(6.251448544368,4.410955334043));
#6190 = CARTESIAN_POINT('',(6.252313937193,4.39449879496));
#6191 = CARTESIAN_POINT('',(6.253426302757,4.369826418752));
#6192 = CARTESIAN_POINT('',(6.253767117397,4.361576017985));
#6193 = CARTESIAN_POINT('',(6.25407638423,4.353325651159));
#6194 = CARTESIAN_POINT('',(6.254353707058,4.345075319503));
#6195 = CARTESIAN_POINT('',(6.254598681288,4.336825024498));
#6196 = CARTESIAN_POINT('',(6.254810893933,4.328574767869));
#6197 = CARTESIAN_POINT('',(6.254989923612,4.320324551587));
#6198 = CARTESIAN_POINT('',(6.255263676894,4.304793264626));
#6199 = CARTESIAN_POINT('',(6.255364110431,4.297523274224));
#6200 = CARTESIAN_POINT('',(6.255444360815,4.290263048203));
#6201 = CARTESIAN_POINT('',(6.255488610056,4.283016997117));
#6202 = CARTESIAN_POINT('',(6.255508289934,4.275782885189));
#6203 = CARTESIAN_POINT('',(6.255510589848,4.268559511511));
#6204 = CARTESIAN_POINT('',(6.255473177355,4.261352881005));
#6205 = CARTESIAN_POINT('',(6.255413623687,4.254159258338));
#6206 = ( GEOMETRIC_REPRESENTATION_CONTEXT(2) 
PARAMETRIC_REPRESENTATION_CONTEXT() REPRESENTATION_CONTEXT('2D SPACE',''
  ) );
#6207 = PCURVE('',#3373,#6208);
#6208 = DEFINITIONAL_REPRESENTATION('',(#6209),#6359);
#6209 = B_SPLINE_CURVE_WITH_KNOTS('',8,(#6210,#6211,#6212,#6213,#6214,
    #6215,#6216,#6217,#6218,#6219,#6220,#6221,#6222,#6223,#6224,#6225,
    #6226,#6227,#6228,#6229,#6230,#6231,#6232,#6233,#6234,#6235,#6236,
    #6237,#6238,#6239,#6240,#6241,#6242,#6243,#6244,#6245,#6246,#6247,
    #6248,#6249,#6250,#6251,#6252,#6253,#6254,#6255,#6256,#6257,#6258,
    #6259,#6260,#6261,#6262,#6263,#6264,#6265,#6266,#6267,#6268,#6269,
    #6270,#6271,#6272,#6273,#6274,#6275,#6276,#6277,#6278,#6279,#6280,
    #6281,#6282,#6283,#6284,#6285,#6286,#6287,#6288,#6289,#6290,#6291,
    #6292,#6293,#6294,#6295,#6296,#6297,#6298,#6299,#6300,#6301,#6302,
    #6303,#6304,#6305,#6306,#6307,#6308,#6309,#6310,#6311,#6312,#6313,
    #6314,#6315,#6316,#6317,#6318,#6319,#6320,#6321,#6322,#6323,#6324,
    #6325,#6326,#6327,#6328,#6329,#6330,#6331,#6332,#6333,#6334,#6335,
    #6336,#6337,#6338,#6339,#6340,#6341,#6342,#6343,#6344,#6345,#6346,
    #6347,#6348,#6349,#6350,#6351,#6352,#6353,#6354,#6355,#6356,#6357,
    #6358),.UNSPECIFIED.,.F.,.F.,(9,7,7,7,7,7,7,7,7,7,7,7,7,7,7,7,7,7,7,
    7,7,9),(0.,6.307345895213E-02,9.467440290849E-02,0.124731822768,
    0.183521024791,0.25799755221,0.352368626596,0.405089084544,
    0.425646121106,0.492000752487,0.526563704433,0.548689666054,
    0.585758602122,0.616003210113,0.64442521659,0.686376484199,
    0.726148017654,0.801171471152,0.906606898149,0.954604320651,
    0.978718371314,1.),.UNSPECIFIED.);
#6210 = CARTESIAN_POINT('',(-1.924196141089,-6.166006087794));
#6211 = CARTESIAN_POINT('',(-1.960465080605,-6.131933556031));
#6212 = CARTESIAN_POINT('',(-1.996311315819,-6.097090075155));
#6213 = CARTESIAN_POINT('',(-2.031829675709,-6.061677495345));
#6214 = CARTESIAN_POINT('',(-2.067097802544,-6.025865158507));
#6215 = CARTESIAN_POINT('',(-2.102182665379,-5.989796910463));
#6216 = CARTESIAN_POINT('',(-2.137145466941,-5.953596245187));
#6217 = CARTESIAN_POINT('',(-2.172044943899,-5.917369581116));
#6218 = CARTESIAN_POINT('',(-2.224421644205,-5.86308989762));
#6219 = CARTESIAN_POINT('',(-2.241901743237,-5.844990037359));
#6220 = CARTESIAN_POINT('',(-2.259384626109,-5.826917902867));
#6221 = CARTESIAN_POINT('',(-2.276881256427,-5.808894671052));
#6222 = CARTESIAN_POINT('',(-2.294385999249,-5.790909204479));
#6223 = CARTESIAN_POINT('',(-2.311921665095,-5.773006443364));
#6224 = CARTESIAN_POINT('',(-2.329478131321,-5.755166199607));
#6225 = CARTESIAN_POINT('',(-2.363785015148,-5.720500762377));
#6226 = CARTESIAN_POINT('',(-2.380532484125,-5.703667761721));
#6227 = CARTESIAN_POINT('',(-2.39730497796,-5.686903839932));
#6228 = CARTESIAN_POINT('',(-2.414103845421,-5.670211795192));
#6229 = CARTESIAN_POINT('',(-2.430930196783,-5.653593964499));
#6230 = CARTESIAN_POINT('',(-2.447784903831,-5.637052223667));
#6231 = CARTESIAN_POINT('',(-2.464668599856,-5.620587987327));
#6232 = CARTESIAN_POINT('',(-2.51466191309,-5.572153322456));
#6233 = CARTESIAN_POINT('',(-2.547855168336,-5.5404041416));
#6234 = CARTESIAN_POINT('',(-2.581163869199,-5.50896283991));
#6235 = CARTESIAN_POINT('',(-2.614588098985,-5.477830814155));
#6236 = CARTESIAN_POINT('',(-2.64812572133,-5.447003419144));
#6237 = CARTESIAN_POINT('',(-2.681772501023,-5.416470702549));
#6238 = CARTESIAN_POINT('',(-2.71552222483,-5.386218139736));
#6239 = CARTESIAN_POINT('',(-2.792242520666,-5.318233852543));
#6240 = CARTESIAN_POINT('',(-2.835272647735,-5.280658622606));
#6241 = CARTESIAN_POINT('',(-2.87843926792,-5.243465511105));
#6242 = CARTESIAN_POINT('',(-2.921723147331,-5.206605570516));
#6243 = CARTESIAN_POINT('',(-2.965103443035,-5.170019967027));
#6244 = CARTESIAN_POINT('',(-3.008557392297,-5.133642874102));
#6245 = CARTESIAN_POINT('',(-3.052060001831,-5.097404366057));
#6246 = CARTESIAN_POINT('',(-3.150733752684,-5.015400062036));
#6247 = CARTESIAN_POINT('',(-3.205924147779,-4.969669563652));
#6248 = CARTESIAN_POINT('',(-3.261095798364,-4.923899509491));
#6249 = CARTESIAN_POINT('',(-3.3161924704,-4.877934599604));
#6250 = CARTESIAN_POINT('',(-3.371159241241,-4.831616313019));
#6251 = CARTESIAN_POINT('',(-3.425939272689,-4.784789302092));
#6252 = CARTESIAN_POINT('',(-3.480468935594,-4.73730440926));
#6253 = CARTESIAN_POINT('',(-3.564951461976,-4.662043245427));
#6254 = CARTESIAN_POINT('',(-3.595131007753,-4.634816966107));
#6255 = CARTESIAN_POINT('',(-3.625197006835,-4.607313231669));
#6256 = CARTESIAN_POINT('',(-3.655136415765,-4.579506212771));
#6257 = CARTESIAN_POINT('',(-3.684935183903,-4.551369557023));
#6258 = CARTESIAN_POINT('',(-3.714577373188,-4.522875458709));
#6259 = CARTESIAN_POINT('',(-3.74404427789,-4.493993728511));
#6260 = CARTESIAN_POINT('',(-3.784726369768,-4.453264936821));
#6261 = CARTESIAN_POINT('',(-3.796126876193,-4.441757273854));
#6262 = CARTESIAN_POINT('',(-3.807511554645,-4.430167013984));
#6263 = CARTESIAN_POINT('',(-3.818877935634,-4.418493520014));
#6264 = CARTESIAN_POINT('',(-3.83022351323,-4.40673476233));
#6265 = CARTESIAN_POINT('',(-3.841545745525,-4.394887265685));
#6266 = CARTESIAN_POINT('',(-3.852843131495,-4.382947618336));
#6267 = CARTESIAN_POINT('',(-3.900508677742,-4.332078044442));
#6268 = CARTESIAN_POINT('',(-3.936501238876,-4.29243828959));
#6269 = CARTESIAN_POINT('',(-3.97207839503,-4.251983760666));
#6270 = CARTESIAN_POINT('',(-4.007240358265,-4.210724153114));
#6271 = CARTESIAN_POINT('',(-4.042016368083,-4.168711976036));
#6272 = CARTESIAN_POINT('',(-4.076465601409,-4.126045750952));
#6273 = CARTESIAN_POINT('',(-4.110694281265,-4.08289364448));
#6274 = CARTESIAN_POINT('',(-4.162742149502,-4.017011648225));
#6275 = CARTESIAN_POINT('',(-4.180562262082,-3.994408402407));
#6276 = CARTESIAN_POINT('',(-4.198411673789,-3.971802872498));
#6277 = CARTESIAN_POINT('',(-4.216332119452,-3.949251979754));
#6278 = CARTESIAN_POINT('',(-4.234371232761,-3.926830667088));
#6279 = CARTESIAN_POINT('',(-4.252588038088,-3.904639766135));
#6280 = CARTESIAN_POINT('',(-4.27106486967,-3.882823390999));
#6281 = CARTESIAN_POINT('',(-4.301999756526,-3.848006754203));
#6282 = CARTESIAN_POINT('',(-4.314222562697,-3.834676526987));
#6283 = CARTESIAN_POINT('',(-4.326629870028,-3.821642625727));
#6284 = CARTESIAN_POINT('',(-4.339259354012,-3.808976831687));
#6285 = CARTESIAN_POINT('',(-4.352150632241,-3.796785258699));
#6286 = CARTESIAN_POINT('',(-4.365345264413,-3.785208353172));
#6287 = CARTESIAN_POINT('',(-4.378886752322,-3.774420894084));
#6288 = CARTESIAN_POINT('',(-4.416164640729,-3.748232066281));
#6289 = CARTESIAN_POINT('',(-4.441346336387,-3.733943985899));
#6290 = CARTESIAN_POINT('',(-4.467744936905,-3.724407863386));
#6291 = CARTESIAN_POINT('',(-4.494741872605,-3.721199419975));
#6292 = CARTESIAN_POINT('',(-4.521720694068,-3.724829986588));
#6293 = CARTESIAN_POINT('',(-4.548067072128,-3.734746503835));
#6294 = CARTESIAN_POINT('',(-4.573168797878,-3.749331522015));
#6295 = CARTESIAN_POINT('',(-4.615383037102,-3.779424062283));
#6296 = CARTESIAN_POINT('',(-4.633601334453,-3.794761757458));
#6297 = CARTESIAN_POINT('',(-4.651228003822,-3.811379912991));
#6298 = CARTESIAN_POINT('',(-4.668372249107,-3.828898977016));
#6299 = CARTESIAN_POINT('',(-4.685119045969,-3.847053398969));
#6300 = CARTESIAN_POINT('',(-4.701546125137,-3.865661531084));
#6301 = CARTESIAN_POINT('',(-4.717734042023,-3.884608251841));
#6302 = CARTESIAN_POINT('',(-4.748838304126,-3.921913407942));
#6303 = CARTESIAN_POINT('',(-4.763365763593,-3.939749666492));
#6304 = CARTESIAN_POINT('',(-4.777479547795,-3.957333779261));
#6305 = CARTESIAN_POINT('',(-4.791270464668,-3.974674117359));
#6306 = CARTESIAN_POINT('',(-4.804804650976,-3.991785366832));
#6307 = CARTESIAN_POINT('',(-4.818131269002,-4.008677802649));
#6308 = CARTESIAN_POINT('',(-4.83128554232,-4.025353200614));
#6309 = CARTESIAN_POINT('',(-4.863477651617,-4.066093990143));
#6310 = CARTESIAN_POINT('',(-4.882672153001,-4.090323690616));
#6311 = CARTESIAN_POINT('',(-4.90190816812,-4.114441412751));
#6312 = CARTESIAN_POINT('',(-4.921212613725,-4.138406715427));
#6313 = CARTESIAN_POINT('',(-4.940604984059,-4.162189499626));
#6314 = CARTESIAN_POINT('',(-4.960099551289,-4.185767019193));
#6315 = CARTESIAN_POINT('',(-4.979706572301,-4.209122195045));
#6316 = CARTESIAN_POINT('',(-5.018133497414,-4.254162931056));
#6317 = CARTESIAN_POINT('',(-5.036941626016,-4.27587222145));
#6318 = CARTESIAN_POINT('',(-5.055861906444,-4.297361379308));
#6319 = CARTESIAN_POINT('',(-5.0748981364,-4.318622984002));
#6320 = CARTESIAN_POINT('',(-5.09405046911,-4.339655524126));
#6321 = CARTESIAN_POINT('',(-5.113317887063,-4.360459779574));
#6322 = CARTESIAN_POINT('',(-5.13269988839,-4.381036227653));
#6323 = CARTESIAN_POINT('',(-5.188960289333,-4.439789519752));
#6324 = CARTESIAN_POINT('',(-5.226117132876,-4.477405370644));
#6325 = CARTESIAN_POINT('',(-5.263600541038,-4.514326261248));
#6326 = CARTESIAN_POINT('',(-5.301365846822,-4.550619720394));
#6327 = CARTESIAN_POINT('',(-5.33937800926,-4.586344063664));
#6328 = CARTESIAN_POINT('',(-5.377606675451,-4.621554688461));
#6329 = CARTESIAN_POINT('',(-5.416023702586,-4.656306418028));
#6330 = CARTESIAN_POINT('',(-5.508821377931,-4.73891986663));
#6331 = CARTESIAN_POINT('',(-5.563365203568,-4.786390228151));
#6332 = CARTESIAN_POINT('',(-5.618157815993,-4.833206348426));
#6333 = CARTESIAN_POINT('',(-5.673135657598,-4.879517516125));
#6334 = CARTESIAN_POINT('',(-5.728241925859,-4.925479218002));
#6335 = CARTESIAN_POINT('',(-5.783421723141,-4.971250061941));
#6336 = CARTESIAN_POINT('',(-5.838618844509,-5.016985344163));
#6337 = CARTESIAN_POINT('',(-5.918882605385,-5.083695899344));
#6338 = CARTESIAN_POINT('',(-5.943983398417,-5.104587521935));
#6339 = CARTESIAN_POINT('',(-5.969071507576,-5.125515975746));
#6340 = CARTESIAN_POINT('',(-5.99414207836,-5.146494890461));
#6341 = CARTESIAN_POINT('',(-6.019190448582,-5.167537497513));
#6342 = CARTESIAN_POINT('',(-6.044212120142,-5.188656449484));
#6343 = CARTESIAN_POINT('',(-6.069202730801,-5.209863639509));
#6344 = CARTESIAN_POINT('',(-6.106695641926,-5.241874411207));
#6345 = CARTESIAN_POINT('',(-6.119237567358,-5.252615124866));
#6346 = CARTESIAN_POINT('',(-6.131784473111,-5.26339470812));
#6347 = CARTESIAN_POINT('',(-6.14433707293,-5.274215706965));
#6348 = CARTESIAN_POINT('',(-6.156896123428,-5.285080666931));
#6349 = CARTESIAN_POINT('',(-6.169462424091,-5.295992133077));
#6350 = CARTESIAN_POINT('',(-6.182036817276,-5.306952649994));
#6351 = CARTESIAN_POINT('',(-6.20572552392,-5.327683397545));
#6352 = CARTESIAN_POINT('',(-6.216821547611,-5.337427950402));
#6353 = CARTESIAN_POINT('',(-6.227907784978,-5.347199032285));
#6354 = CARTESIAN_POINT('',(-6.238984307987,-5.35699770649));
#6355 = CARTESIAN_POINT('',(-6.250050556722,-5.366824388256));
#6356 = CARTESIAN_POINT('',(-6.261106097908,-5.376679547189));
#6357 = CARTESIAN_POINT('',(-6.272151225304,-5.386564261601));
#6358 = CARTESIAN_POINT('',(-6.28318530718,-5.396478674806));
#6359 = ( GEOMETRIC_REPRESENTATION_CONTEXT(2) 
PARAMETRIC_REPRESENTATION_CONTEXT() REPRESENTATION_CONTEXT('2D SPACE',''
  ) );
#6360 = ADVANCED_FACE('',(#6361,#6366),#580,.T.);
#6361 = FACE_BOUND('',#6362,.T.);
#6362 = EDGE_LOOP('',(#6363,#6364,#6365));
#6363 = ORIENTED_EDGE('',*,*,#5724,.F.);
#6364 = ORIENTED_EDGE('',*,*,#4800,.T.);
#6365 = ORIENTED_EDGE('',*,*,#236,.T.);
#6366 = FACE_BOUND('',#6367,.T.);
#6367 = EDGE_LOOP('',(#6368,#6516));
#6368 = ORIENTED_EDGE('',*,*,#6369,.T.);
#6369 = EDGE_CURVE('',#6370,#6372,#6374,.T.);
#6370 = VERTEX_POINT('',#6371);
#6371 = CARTESIAN_POINT('',(3.75,-9.,5.023026172867));
#6372 = VERTEX_POINT('',#6373);
#6373 = CARTESIAN_POINT('',(0.736674409319,-7.789005180882,
    6.151061603441));
#6374 = SURFACE_CURVE('',#6375,(#6420,#6468),.PCURVE_S1.);
#6375 = B_SPLINE_CURVE_WITH_KNOTS('',8,(#6376,#6377,#6378,#6379,#6380,
    #6381,#6382,#6383,#6384,#6385,#6386,#6387,#6388,#6389,#6390,#6391,
    #6392,#6393,#6394,#6395,#6396,#6397,#6398,#6399,#6400,#6401,#6402,
    #6403,#6404,#6405,#6406,#6407,#6408,#6409,#6410,#6411,#6412,#6413,
    #6414,#6415,#6416,#6417,#6418,#6419),.UNSPECIFIED.,.F.,.F.,(9,7,7,7,
    7,7,9),(0.,0.290320028487,0.346728006158,0.410426187852,
    0.65566616028,0.851713172608,1.),.UNSPECIFIED.);
#6376 = CARTESIAN_POINT('',(3.75,-9.,5.023026172867));
#6377 = CARTESIAN_POINT('',(3.75,-8.853230412666,5.09264199061));
#6378 = CARTESIAN_POINT('',(3.735932172925,-8.706430900139,
    5.162306512956));
#6379 = CARTESIAN_POINT('',(3.707786703484,-8.561585747957,
    5.232514403815));
#6380 = CARTESIAN_POINT('',(3.665984554106,-8.42056655557,5.303776207815
    ));
#6381 = CARTESIAN_POINT('',(3.611285388284,-8.285062807436,
    5.376542488195));
#6382 = CARTESIAN_POINT('',(3.544706429169,-8.15651961276,5.451124982081
    ));
#6383 = CARTESIAN_POINT('',(3.46742611739,-8.036098720704,5.527621540626
    ));
#6384 = CARTESIAN_POINT('',(3.363785499093,-7.903030512278,
    5.621051401878));
#6385 = CARTESIAN_POINT('',(3.346563727313,-7.881719132467,
    5.636318576299));
#6386 = CARTESIAN_POINT('',(3.328989345303,-7.860750660708,5.651652358)
  );
#6387 = CARTESIAN_POINT('',(3.311070378937,-7.840130579179,
    5.667051621056));
#6388 = CARTESIAN_POINT('',(3.292814651418,-7.819863970028,
    5.682514900432));
#6389 = CARTESIAN_POINT('',(3.274229783274,-7.79995551538,5.698040391982
    ));
#6390 = CARTESIAN_POINT('',(3.255323192364,-7.780409497328,5.71362595245
    ));
#6391 = CARTESIAN_POINT('',(3.214396848014,-7.739571301622,
    5.746933977066));
#6392 = CARTESIAN_POINT('',(3.192291184229,-7.718380615601,
    5.764673207452));
#6393 = CARTESIAN_POINT('',(3.169791003201,-7.69765929654,5.78247681253)
  );
#6394 = CARTESIAN_POINT('',(3.146917135868,-7.677423272296,5.80035742926
    ));
#6395 = CARTESIAN_POINT('',(3.123667686756,-7.657665053153,
    5.818293112967));
#6396 = CARTESIAN_POINT('',(3.100045979662,-7.638386774374,
    5.836271360379));
#6397 = CARTESIAN_POINT('',(3.076058262389,-7.61959174307,5.854285218655
    ));
#6398 = CARTESIAN_POINT('',(2.957947224891,-7.530783319837,
    5.941757429493));
#6399 = CARTESIAN_POINT('',(2.859149724286,-7.467740549506,
    6.011247139196));
#6400 = CARTESIAN_POINT('',(2.755073005078,-7.411817867142,6.08043933615
    ));
#6401 = CARTESIAN_POINT('',(2.645438503337,-7.363197360189,6.14863536301
    ));
#6402 = CARTESIAN_POINT('',(2.530017846462,-7.322347599577,
    6.214726123668));
#6403 = CARTESIAN_POINT('',(2.408544590335,-7.290061856809,
    6.277038242659));
#6404 = CARTESIAN_POINT('',(2.280695657116,-7.267352999381,6.33328634905
    ));
#6405 = CARTESIAN_POINT('',(2.037752308628,-7.247058174194,
    6.417668282549));
#6406 = CARTESIAN_POINT('',(1.923765823874,-7.245223419843,6.44969205987
    ));
#6407 = CARTESIAN_POINT('',(1.805989944187,-7.25210949687,6.47327434294)
  );
#6408 = CARTESIAN_POINT('',(1.686728306167,-7.268596477682,
    6.485886906081));
#6409 = CARTESIAN_POINT('',(1.568320607064,-7.294863738144,
    6.485854723414));
#6410 = CARTESIAN_POINT('',(1.453184055598,-7.330421883109,
    6.473348657931));
#6411 = CARTESIAN_POINT('',(1.34380167878,-7.37380563758,6.450286839147)
  );
#6412 = CARTESIAN_POINT('',(1.166039462761,-7.459149268269,
    6.396703763983));
#6413 = CARTESIAN_POINT('',(1.093469973162,-7.499213957203,
    6.369159746192));
#6414 = CARTESIAN_POINT('',(1.024882778427,-7.542125391996,
    6.338000002438));
#6415 = CARTESIAN_POINT('',(0.960169410191,-7.587499736657,
    6.304021304573));
#6416 = CARTESIAN_POINT('',(0.899178481056,-7.635037153486,
    6.267887752893));
#6417 = CARTESIAN_POINT('',(0.841732723476,-7.684524593177,
    6.230116865909));
#6418 = CARTESIAN_POINT('',(0.787631859681,-7.735845704011,
    6.191091610398));
#6419 = CARTESIAN_POINT('',(0.736674409319,-7.789005180882,
    6.151061603441));
#6420 = PCURVE('',#580,#6421);
#6421 = DEFINITIONAL_REPRESENTATION('',(#6422),#6467);
#6422 = B_SPLINE_CURVE_WITH_KNOTS('',8,(#6423,#6424,#6425,#6426,#6427,
    #6428,#6429,#6430,#6431,#6432,#6433,#6434,#6435,#6436,#6437,#6438,
    #6439,#6440,#6441,#6442,#6443,#6444,#6445,#6446,#6447,#6448,#6449,
    #6450,#6451,#6452,#6453,#6454,#6455,#6456,#6457,#6458,#6459,#6460,
    #6461,#6462,#6463,#6464,#6465,#6466),.UNSPECIFIED.,.F.,.F.,(9,7,7,7,
    7,7,9),(0.,0.290320028487,0.346728006158,0.410426187852,
    0.65566616028,0.851713172608,1.),.UNSPECIFIED.);
#6423 = CARTESIAN_POINT('',(0.3947911197,4.541650258735));
#6424 = CARTESIAN_POINT('',(0.400580847011,4.48643485645));
#6425 = CARTESIAN_POINT('',(0.405223791811,4.431126593902));
#6426 = CARTESIAN_POINT('',(0.40858923656,4.375939023522));
#6427 = CARTESIAN_POINT('',(0.410567365052,4.321081331431));
#6428 = CARTESIAN_POINT('',(0.411068025874,4.266773700693));
#6429 = CARTESIAN_POINT('',(0.410027181036,4.213255866912));
#6430 = CARTESIAN_POINT('',(0.40741290202,4.160790829739));
#6431 = CARTESIAN_POINT('',(0.402408651305,4.099732279915));
#6432 = CARTESIAN_POINT('',(0.401534927069,4.089848178655));
#6433 = CARTESIAN_POINT('',(0.400601540788,4.080015190529));
#6434 = CARTESIAN_POINT('',(0.399608449019,4.070235130426));
#6435 = CARTESIAN_POINT('',(0.398555626892,4.060509817591));
#6436 = CARTESIAN_POINT('',(0.397443068107,4.050841075623));
#6437 = CARTESIAN_POINT('',(0.396270784933,4.041230732477));
#6438 = CARTESIAN_POINT('',(0.393647610015,4.02089624571));
#6439 = CARTESIAN_POINT('',(0.392180332975,4.010188695772));
#6440 = CARTESIAN_POINT('',(0.390636716038,3.999560648103));
#6441 = CARTESIAN_POINT('',(0.389017524876,3.989014660681));
#6442 = CARTESIAN_POINT('',(0.387322163558,3.97855332488));
#6443 = CARTESIAN_POINT('',(0.385550152353,3.968179975253));
#6444 = CARTESIAN_POINT('',(0.383701350752,3.957897364077));
#6445 = CARTESIAN_POINT('',(0.374359335707,3.908482667339));
#6446 = CARTESIAN_POINT('',(0.365825845252,3.870804262267));
#6447 = CARTESIAN_POINT('',(0.356127375227,3.834648686667));
#6448 = CARTESIAN_POINT('',(0.345192215886,3.800206492288));
#6449 = CARTESIAN_POINT('',(0.33294516212,3.767844659903));
#6450 = CARTESIAN_POINT('',(0.319307140201,3.738149902117));
#6451 = CARTESIAN_POINT('',(0.304202971875,3.711914573232));
#6452 = CARTESIAN_POINT('',(0.274174473791,3.673129183459));
#6453 = CARTESIAN_POINT('',(0.259639146218,3.658653646587));
#6454 = CARTESIAN_POINT('',(0.244157445033,3.648164029686));
#6455 = CARTESIAN_POINT('',(0.228053868762,3.642624281485));
#6456 = CARTESIAN_POINT('',(0.211726490685,3.642621749218));
#6457 = CARTESIAN_POINT('',(0.195625741814,3.648124189664));
#6458 = CARTESIAN_POINT('',(0.180203015043,3.658433492121));
#6459 = CARTESIAN_POINT('',(0.155034060297,3.682746808699));
#6460 = CARTESIAN_POINT('',(0.144722208957,3.695333646099));
#6461 = CARTESIAN_POINT('',(0.134967411063,3.709712760289));
#6462 = CARTESIAN_POINT('',(0.125774255707,3.725587921515));
#6463 = CARTESIAN_POINT('',(0.117132950188,3.742714207958));
#6464 = CARTESIAN_POINT('',(0.109024273989,3.760903043241));
#6465 = CARTESIAN_POINT('',(0.101422249058,3.780021679158));
#6466 = CARTESIAN_POINT('',(9.429825175735E-02,3.8));
#6467 = ( GEOMETRIC_REPRESENTATION_CONTEXT(2) 
PARAMETRIC_REPRESENTATION_CONTEXT() REPRESENTATION_CONTEXT('2D SPACE',''
  ) );
#6468 = PCURVE('',#2098,#6469);
#6469 = DEFINITIONAL_REPRESENTATION('',(#6470),#6515);
#6470 = B_SPLINE_CURVE_WITH_KNOTS('',8,(#6471,#6472,#6473,#6474,#6475,
    #6476,#6477,#6478,#6479,#6480,#6481,#6482,#6483,#6484,#6485,#6486,
    #6487,#6488,#6489,#6490,#6491,#6492,#6493,#6494,#6495,#6496,#6497,
    #6498,#6499,#6500,#6501,#6502,#6503,#6504,#6505,#6506,#6507,#6508,
    #6509,#6510,#6511,#6512,#6513,#6514),.UNSPECIFIED.,.F.,.F.,(9,7,7,7,
    7,7,9),(0.,0.290320028487,0.346728006158,0.410426187852,
    0.65566616028,0.851713172608,1.),.UNSPECIFIED.);
#6471 = CARTESIAN_POINT('',(0.,-5.023026172867));
#6472 = CARTESIAN_POINT('',(-8.386833561953E-02,-5.09264199061));
#6473 = CARTESIAN_POINT('',(-0.16775368246,-5.162306512956));
#6474 = CARTESIAN_POINT('',(-0.251421643115,-5.232514403815));
#6475 = CARTESIAN_POINT('',(-0.334701666418,-5.303776207815));
#6476 = CARTESIAN_POINT('',(-0.417459752171,-5.376542488195));
#6477 = CARTESIAN_POINT('',(-0.499588086393,-5.451124982081));
#6478 = CARTESIAN_POINT('',(-0.581011791567,-5.527621540626));
#6479 = CARTESIAN_POINT('',(-0.677392881853,-5.621051401878));
#6480 = CARTESIAN_POINT('',(-0.69304755095,-5.636318576299));
#6481 = CARTESIAN_POINT('',(-0.708677311725,-5.651652358));
#6482 = CARTESIAN_POINT('',(-0.724282667553,-5.667051621056));
#6483 = CARTESIAN_POINT('',(-0.739864297043,-5.682514900432));
#6484 = CARTESIAN_POINT('',(-0.755423054038,-5.698040391982));
#6485 = CARTESIAN_POINT('',(-0.770959967623,-5.71362595245));
#6486 = CARTESIAN_POINT('',(-0.803997850099,-5.746933977066));
#6487 = CARTESIAN_POINT('',(-0.821492605886,-5.764673207452));
#6488 = CARTESIAN_POINT('',(-0.838965688337,-5.782476812531));
#6489 = CARTESIAN_POINT('',(-0.856410352512,-5.800357429259));
#6490 = CARTESIAN_POINT('',(-0.873838342408,-5.818293112967));
#6491 = CARTESIAN_POINT('',(-0.891255426882,-5.836271360379));
#6492 = CARTESIAN_POINT('',(-0.908665687194,-5.854285218655));
#6493 = CARTESIAN_POINT('',(-0.993107969312,-5.941757429493));
#6494 = CARTESIAN_POINT('',(-1.059881195686,-6.011247139196));
#6495 = CARTESIAN_POINT('',(-1.127078019388,-6.080439336149));
#6496 = CARTESIAN_POINT('',(-1.195213173767,-6.148635363011));
#6497 = CARTESIAN_POINT('',(-1.264736138247,-6.214726123667));
#6498 = CARTESIAN_POINT('',(-1.336150234904,-6.277038242659));
#6499 = CARTESIAN_POINT('',(-1.410033627676,-6.33328634905));
#6500 = CARTESIAN_POINT('',(-1.549341948776,-6.417668282549));
#6501 = CARTESIAN_POINT('',(-1.614338395895,-6.44969205987));
#6502 = CARTESIAN_POINT('',(-1.681438233138,-6.47327434294));
#6503 = CARTESIAN_POINT('',(-1.749805005371,-6.485886906081));
#6504 = CARTESIAN_POINT('',(-1.818660575996,-6.485854723414));
#6505 = CARTESIAN_POINT('',(-1.88716735268,-6.473348657931));
#6506 = CARTESIAN_POINT('',(-1.954243784198,-6.450286839147));
#6507 = CARTESIAN_POINT('',(-2.066922399946,-6.396703763983));
#6508 = CARTESIAN_POINT('',(-2.114214193733,-6.369159746192));
#6509 = CARTESIAN_POINT('',(-2.160332868908,-6.338000002438));
#6510 = CARTESIAN_POINT('',(-2.205375798129,-6.304021304573));
#6511 = CARTESIAN_POINT('',(-2.249454944348,-6.267887752893));
#6512 = CARTESIAN_POINT('',(-2.292698219943,-6.230116865909));
#6513 = CARTESIAN_POINT('',(-2.335261891507,-6.191091610398));
#6514 = CARTESIAN_POINT('',(-2.377340890985,-6.151061603441));
#6515 = ( GEOMETRIC_REPRESENTATION_CONTEXT(2) 
PARAMETRIC_REPRESENTATION_CONTEXT() REPRESENTATION_CONTEXT('2D SPACE',''
  ) );
#6516 = ORIENTED_EDGE('',*,*,#6517,.T.);
#6517 = EDGE_CURVE('',#6372,#6370,#6518,.T.);
#6518 = SURFACE_CURVE('',#6519,(#6655,#6794),.PCURVE_S1.);
#6519 = B_SPLINE_CURVE_WITH_KNOTS('',8,(#6520,#6521,#6522,#6523,#6524,
    #6525,#6526,#6527,#6528,#6529,#6530,#6531,#6532,#6533,#6534,#6535,
    #6536,#6537,#6538,#6539,#6540,#6541,#6542,#6543,#6544,#6545,#6546,
    #6547,#6548,#6549,#6550,#6551,#6552,#6553,#6554,#6555,#6556,#6557,
    #6558,#6559,#6560,#6561,#6562,#6563,#6564,#6565,#6566,#6567,#6568,
    #6569,#6570,#6571,#6572,#6573,#6574,#6575,#6576,#6577,#6578,#6579,
    #6580,#6581,#6582,#6583,#6584,#6585,#6586,#6587,#6588,#6589,#6590,
    #6591,#6592,#6593,#6594,#6595,#6596,#6597,#6598,#6599,#6600,#6601,
    #6602,#6603,#6604,#6605,#6606,#6607,#6608,#6609,#6610,#6611,#6612,
    #6613,#6614,#6615,#6616,#6617,#6618,#6619,#6620,#6621,#6622,#6623,
    #6624,#6625,#6626,#6627,#6628,#6629,#6630,#6631,#6632,#6633,#6634,
    #6635,#6636,#6637,#6638,#6639,#6640,#6641,#6642,#6643,#6644,#6645,
    #6646,#6647,#6648,#6649,#6650,#6651,#6652,#6653,#6654),
  .UNSPECIFIED.,.F.,.F.,(9,7,7,7,7,7,7,7,7,7,7,7,7,7,7,7,7,7,7,9),(0.,
    6.747264755393E-02,0.100403596301,0.134182280672,0.200207409008,
    0.285434874952,0.391241099221,0.450350353321,0.473398503099,
    0.547797401747,0.58655714747,0.611389312125,0.653218561982,
    0.687030143056,0.718883994561,0.807904499241,0.904619765427,
    0.95166982195,0.97626483778,1.),.UNSPECIFIED.);
#6520 = CARTESIAN_POINT('',(0.736674409319,-7.789005180882,
    6.151061603441));
#6521 = CARTESIAN_POINT('',(0.694945026238,-7.832537817602,
    6.118280773882));
#6522 = CARTESIAN_POINT('',(0.655364362189,-7.877260619737,
    6.084858351963));
#6523 = CARTESIAN_POINT('',(0.617849186425,-7.923135796311,
    6.050961082059));
#6524 = CARTESIAN_POINT('',(0.582344601662,-7.970132392274,6.01673045721
    ));
#6525 = CARTESIAN_POINT('',(0.548815907582,-8.018224765163,
    5.982287958545));
#6526 = CARTESIAN_POINT('',(0.517243266831,-8.067391891837,
    5.947738933438));
#6527 = CARTESIAN_POINT('',(0.487619173496,-8.117617505292,
    5.913175112416));
#6528 = CARTESIAN_POINT('',(0.446443782675,-8.1939158222,5.861837886223)
  );
#6529 = CARTESIAN_POINT('',(0.433404852383,-8.219189092011,
    5.845016762893));
#6530 = CARTESIAN_POINT('',(0.420833819365,-8.24470627148,5.828219095578
    ));
#6531 = CARTESIAN_POINT('',(0.408729075636,-8.270473632336,
    5.811464873616));
#6532 = CARTESIAN_POINT('',(0.397100185658,-8.296471013242,
    5.794741277617));
#6533 = CARTESIAN_POINT('',(0.385940781573,-8.32271902706,5.778085815077
    ));
#6534 = CARTESIAN_POINT('',(0.375262105501,-8.349197541522,
    5.761485202267));
#6535 = CARTESIAN_POINT('',(0.354611761467,-8.403294696768,
    5.727982556441));
#6536 = CARTESIAN_POINT('',(0.344665464244,-8.430924770141,
    5.711083359395));
#6537 = CARTESIAN_POINT('',(0.335235343212,-8.458784662703,
    5.694252584885));
#6538 = CARTESIAN_POINT('',(0.326327534888,-8.486865814942,
    5.677493186229));
#6539 = CARTESIAN_POINT('',(0.317948221583,-8.515159055287,
    5.660807646602));
#6540 = CARTESIAN_POINT('',(0.310103631404,-8.543654600108,
    5.644197979028));
#6541 = CARTESIAN_POINT('',(0.302800038255,-8.572342053713,
    5.627665726387));
#6542 = CARTESIAN_POINT('',(0.282837681541,-8.657637615493,
    5.579050793368));
#6543 = CARTESIAN_POINT('',(0.271722130891,-8.714756828215,
    5.547189059948));
#6544 = CARTESIAN_POINT('',(0.262743571225,-8.772484873344,
    5.515635824555));
#6545 = CARTESIAN_POINT('',(0.255946121827,-8.830730344015,5.48439328464
    ));
#6546 = CARTESIAN_POINT('',(0.251369910263,-8.889394164781,
    5.453457507344));
#6547 = CARTESIAN_POINT('',(0.249049422725,-8.948370156728,
    5.422819165146));
#6548 = CARTESIAN_POINT('',(0.249011854373,-9.007545602588,
    5.392464271508));
#6549 = CARTESIAN_POINT('',(0.254197397862,-9.14329172839,5.323534560709
    ));
#6550 = CARTESIAN_POINT('',(0.260953772536,-9.219920377144,
    5.285134612785));
#6551 = CARTESIAN_POINT('',(0.271584993965,-9.296430463972,
    5.247137910348));
#6552 = CARTESIAN_POINT('',(0.286106005315,-9.372555271883,
    5.209493193769));
#6553 = CARTESIAN_POINT('',(0.304504680471,-9.448022437705,
    5.172138313224));
#6554 = CARTESIAN_POINT('',(0.326740221856,-9.522557728769,
    5.135003435718));
#6555 = CARTESIAN_POINT('',(0.352741558254,-9.595888819587,
    5.098014252109));
#6556 = CARTESIAN_POINT('',(0.419232548521,-9.756960469241,
    5.015261753062));
#6557 = CARTESIAN_POINT('',(0.461709120727,-9.84391595137,4.969530740456
    ));
#6558 = CARTESIAN_POINT('',(0.509639913701,-9.928099897172,4.92375982146
    ));
#6559 = CARTESIAN_POINT('',(0.562759281739,-10.0090292884,4.877793686296
    ));
#6560 = CARTESIAN_POINT('',(0.620739612523,-10.08626090048,
    4.831473811852));
#6561 = CARTESIAN_POINT('',(0.683196265784,-10.15939795724,
    4.784644853288));
#6562 = CARTESIAN_POINT('',(0.749689317078,-10.22809624616,
    4.737157655669));
#6563 = CARTESIAN_POINT('',(0.85884632631,-10.32780882782,4.661892087251
    ));
#6564 = CARTESIAN_POINT('',(0.899077296363,-10.36207506888,
    4.634663952841));
#6565 = CARTESIAN_POINT('',(0.940329085837,-10.39481937564,
    4.607158243239));
#6566 = CARTESIAN_POINT('',(0.982512164613,-10.42599909223,
    4.579349126676));
#6567 = CARTESIAN_POINT('',(1.025532563921,-10.45557807648,
    4.551210246901));
#6568 = CARTESIAN_POINT('',(1.069291036793,-10.48352682772,
    4.522713791323));
#6569 = CARTESIAN_POINT('',(1.113682218521,-10.50982261467,
    4.493829559142));
#6570 = CARTESIAN_POINT('',(1.17610591065,-10.54405227088,4.453097083793
    ));
#6571 = CARTESIAN_POINT('',(1.193724377872,-10.55341614475,
    4.441588356784));
#6572 = CARTESIAN_POINT('',(1.211439807714,-10.56253728327,
    4.429997024544));
#6573 = CARTESIAN_POINT('',(1.22924425959,-10.57141290964,4.418322447045
    ));
#6574 = CARTESIAN_POINT('',(1.24712957838,-10.58004070518,4.406562584507
    ));
#6575 = CARTESIAN_POINT('',(1.265087463848,-10.58841876374,
    4.394713957087));
#6576 = CARTESIAN_POINT('',(1.283111264493,-10.59654620726,
    4.382773147916));
#6577 = CARTESIAN_POINT('',(1.35958789162,-10.62985528902,4.331896638229
    ));
#6578 = CARTESIAN_POINT('',(1.41839404018,-10.65257912403,4.292251009269
    ));
#6579 = CARTESIAN_POINT('',(1.477432961948,-10.67262522571,
    4.251790525795));
#6580 = CARTESIAN_POINT('',(1.536552196192,-10.6900545941,4.210524982498
    ));
#6581 = CARTESIAN_POINT('',(1.595658769818,-10.70494724566,
    4.168507043148));
#6582 = CARTESIAN_POINT('',(1.654724916592,-10.71739421101,
    4.125835421566));
#6583 = CARTESIAN_POINT('',(1.713818784139,-10.72748008475,4.08267855209
    ));
#6584 = CARTESIAN_POINT('',(1.804145635548,-10.73928567463,
    4.016787219871));
#6585 = CARTESIAN_POINT('',(1.835157561292,-10.74269769879,
    3.994178151817));
#6586 = CARTESIAN_POINT('',(1.866289628447,-10.74548475003,
    3.971568576171));
#6587 = CARTESIAN_POINT('',(1.8975970002,-10.74764843504,3.9490126212));
#6588 = CARTESIAN_POINT('',(1.929150676841,-10.74918307777,
    3.926586954655));
#6589 = CARTESIAN_POINT('',(1.961041486551,-10.75007526835,
    3.904394281205));
#6590 = CARTESIAN_POINT('',(1.993394983186,-10.75029905075,
    3.882576324178));
#6591 = CARTESIAN_POINT('',(2.047565512163,-10.74948137494,
    3.847750583554));
#6592 = CARTESIAN_POINT('',(2.068975235245,-10.74886503458,
    3.834411696988));
#6593 = CARTESIAN_POINT('',(2.090700491865,-10.7479397745,3.821370760064
    ));
#6594 = CARTESIAN_POINT('',(2.112802179358,-10.74668712667,
    3.808700016083));
#6595 = CARTESIAN_POINT('',(2.135343096142,-10.74508203068,
    3.796506306285));
#6596 = CARTESIAN_POINT('',(2.158387941724,-10.74309283377,
    3.784931069846));
#6597 = CARTESIAN_POINT('',(2.182003316692,-10.74068129075,3.77415034388
    ));
#6598 = CARTESIAN_POINT('',(2.247113750546,-10.73295341068,
    3.747908007427));
#6599 = CARTESIAN_POINT('',(2.291095198609,-10.72662245637,
    3.733612953867));
#6600 = CARTESIAN_POINT('',(2.336972659365,-10.71863007878,
    3.724159816075));
#6601 = CARTESIAN_POINT('',(2.383567456741,-10.70896941704,
    3.721133533187));
#6602 = CARTESIAN_POINT('',(2.429751646144,-10.69780637185,
    3.725033770154));
#6603 = CARTESIAN_POINT('',(2.474448014459,-10.68547960544,
    3.735274917748));
#6604 = CARTESIAN_POINT('',(2.516630080048,-10.67250054158,
    3.750186092558));
#6605 = CARTESIAN_POINT('',(2.586597770154,-10.64908785423,3.780611222)
  );
#6606 = CARTESIAN_POINT('',(2.616425311886,-10.63835814206,
    3.795980568115));
#6607 = CARTESIAN_POINT('',(2.645076833994,-10.62737441764,
    3.812597541545));
#6608 = CARTESIAN_POINT('',(2.672739022236,-10.61613926394,
    3.830093569957));
#6609 = CARTESIAN_POINT('',(2.699554748373,-10.60464855754,
    3.848210727807));
#6610 = CARTESIAN_POINT('',(2.725651527229,-10.59288961034,
    3.866772077891));
#6611 = CARTESIAN_POINT('',(2.751156814525,-10.58083655368,
    3.885664769121));
#6612 = CARTESIAN_POINT('',(2.799793438671,-10.55676697921,
    3.922896981879));
#6613 = CARTESIAN_POINT('',(2.822345928147,-10.54510127812,
    3.940721243124));
#6614 = CARTESIAN_POINT('',(2.844072004052,-10.53340200649,3.9582938108)
  );
#6615 = CARTESIAN_POINT('',(2.865121373587,-10.52163266297,
    3.975622997229));
#6616 = CARTESIAN_POINT('',(2.885600886395,-10.50976345734,3.99272330512
    ));
#6617 = CARTESIAN_POINT('',(2.905588554242,-10.49777159243,
    4.009604926611));
#6618 = CARTESIAN_POINT('',(2.925139765004,-10.48564247059,
    4.026269726751));
#6619 = CARTESIAN_POINT('',(2.997791936164,-10.43907961084,
    4.088668964732));
#6620 = CARTESIAN_POINT('',(3.049906531071,-10.40254669871,
    4.134418834563));
#6621 = CARTESIAN_POINT('',(3.100884815011,-10.3636014432,4.179588956714
    ));
#6622 = CARTESIAN_POINT('',(3.150738136359,-10.32212318289,
    4.223991969411));
#6623 = CARTESIAN_POINT('',(3.199372848662,-10.27803505352,
    4.267523636034));
#6624 = CARTESIAN_POINT('',(3.246633395166,-10.23130801369,4.31013422445
    ));
#6625 = CARTESIAN_POINT('',(3.292311945433,-10.18196702619,4.35182546428
    ));
#6626 = CARTESIAN_POINT('',(3.383854629735,-10.07372952968,
    4.436947838047));
#6627 = CARTESIAN_POINT('',(3.429401025413,-10.01436610835,
    4.480219238583));
#6628 = CARTESIAN_POINT('',(3.472468936779,-9.952183043875,
    4.522573244728));
#6629 = CARTESIAN_POINT('',(3.512763677026,-9.887372790154,
    4.564110812617));
#6630 = CARTESIAN_POINT('',(3.55003285615,-9.820143009261,4.604917823277
    ));
#6631 = CARTESIAN_POINT('',(3.58405486945,-9.750719877736,4.64507679422)
  );
#6632 = CARTESIAN_POINT('',(3.614636188948,-9.679348975765,4.68467069415
    ));
#6633 = CARTESIAN_POINT('',(3.654743309241,-9.570753846995,
    4.742804207278));
#6634 = CARTESIAN_POINT('',(3.667017288867,-9.534814775726,4.7617149024)
  );
#6635 = CARTESIAN_POINT('',(3.678420960052,-9.498506762548,
    4.780520336984));
#6636 = CARTESIAN_POINT('',(3.688937687475,-9.461860689859,
    4.799229961591));
#6637 = CARTESIAN_POINT('',(3.698552637064,-9.424908105299,
    4.817853286505));
#6638 = CARTESIAN_POINT('',(3.707252775991,-9.387681221749,
    4.836399881738));
#6639 = CARTESIAN_POINT('',(3.715026872676,-9.350212917329,
    4.854879377028));
#6640 = CARTESIAN_POINT('',(3.725440329225,-9.29284183258,4.882931449575
    ));
#6641 = CARTESIAN_POINT('',(3.728756502962,-9.273106807162,
    4.892537578182));
#6642 = CARTESIAN_POINT('',(3.731813625331,-9.2533355965,4.902121762065)
  );
#6643 = CARTESIAN_POINT('',(3.734611371698,-9.233532098389,
    4.911685915504));
#6644 = CARTESIAN_POINT('',(3.737149485472,-9.213700171067,
    4.921231952647));
#6645 = CARTESIAN_POINT('',(3.739427778097,-9.193843633216,
    4.930761787517));
#6646 = CARTESIAN_POINT('',(3.741446129056,-9.173966263961,
    4.940277334005));
#6647 = CARTESIAN_POINT('',(3.744901369684,-9.134872861726,
    4.958951442269));
#6648 = CARTESIAN_POINT('',(3.746357003584,-9.115648117286,
    4.968115576091));
#6649 = CARTESIAN_POINT('',(3.747570757824,-9.096401878326,
    4.977274141306));
#6650 = CARTESIAN_POINT('',(3.748542225817,-9.077138485769,
    4.986428357606));
#6651 = CARTESIAN_POINT('',(3.7492710825,-9.057862276954,4.995579447242)
  );
#6652 = CARTESIAN_POINT('',(3.74975705047,-9.038577574112,5.004728637655
    ));
#6653 = CARTESIAN_POINT('',(3.749999973864,-9.019288697042,
    5.013877149901));
#6654 = CARTESIAN_POINT('',(3.75,-9.,5.023026172867));
#6655 = PCURVE('',#580,#6656);
#6656 = DEFINITIONAL_REPRESENTATION('',(#6657),#6793);
#6657 = B_SPLINE_CURVE_WITH_KNOTS('',8,(#6658,#6659,#6660,#6661,#6662,
    #6663,#6664,#6665,#6666,#6667,#6668,#6669,#6670,#6671,#6672,#6673,
    #6674,#6675,#6676,#6677,#6678,#6679,#6680,#6681,#6682,#6683,#6684,
    #6685,#6686,#6687,#6688,#6689,#6690,#6691,#6692,#6693,#6694,#6695,
    #6696,#6697,#6698,#6699,#6700,#6701,#6702,#6703,#6704,#6705,#6706,
    #6707,#6708,#6709,#6710,#6711,#6712,#6713,#6714,#6715,#6716,#6717,
    #6718,#6719,#6720,#6721,#6722,#6723,#6724,#6725,#6726,#6727,#6728,
    #6729,#6730,#6731,#6732,#6733,#6734,#6735,#6736,#6737,#6738,#6739,
    #6740,#6741,#6742,#6743,#6744,#6745,#6746,#6747,#6748,#6749,#6750,
    #6751,#6752,#6753,#6754,#6755,#6756,#6757,#6758,#6759,#6760,#6761,
    #6762,#6763,#6764,#6765,#6766,#6767,#6768,#6769,#6770,#6771,#6772,
    #6773,#6774,#6775,#6776,#6777,#6778,#6779,#6780,#6781,#6782,#6783,
    #6784,#6785,#6786,#6787,#6788,#6789,#6790,#6791,#6792),
  .UNSPECIFIED.,.F.,.F.,(9,7,7,7,7,7,7,7,7,7,7,7,7,7,7,7,7,7,7,9),(0.,
    6.747264755393E-02,0.100403596301,0.134182280672,0.200207409008,
    0.285434874952,0.391241099221,0.450350353321,0.473398503099,
    0.547797401747,0.58655714747,0.611389312125,0.653218561982,
    0.687030143056,0.718883994561,0.807904499241,0.904619765427,
    0.95166982195,0.97626483778,1.),.UNSPECIFIED.);
#6658 = CARTESIAN_POINT('',(9.429825175735E-02,3.8));
#6659 = CARTESIAN_POINT('',(8.846436465508E-02,3.816360375133));
#6660 = CARTESIAN_POINT('',(8.295674358495E-02,3.833281201715));
#6661 = CARTESIAN_POINT('',(7.776341919934E-02,3.850708380528));
#6662 = CARTESIAN_POINT('',(7.287520799277E-02,3.868597469028));
#6663 = CARTESIAN_POINT('',(6.828480591259E-02,3.886911590921));
#6664 = CARTESIAN_POINT('',(6.398620186913E-02,3.905620040735));
#6665 = CARTESIAN_POINT('',(5.99744111454E-02,3.924697583381));
#6666 = CARTESIAN_POINT('',(5.442559661626E-02,3.953605996116));
#6667 = CARTESIAN_POINT('',(5.267314185695E-02,3.963170193851));
#6668 = CARTESIAN_POINT('',(5.098788216229E-02,3.972814468235));
#6669 = CARTESIAN_POINT('',(4.936903790138E-02,3.982536089592));
#6670 = CARTESIAN_POINT('',(4.781727961473E-02,3.992333071675));
#6671 = CARTESIAN_POINT('',(4.633112791823E-02,4.002202510059));
#6672 = CARTESIAN_POINT('',(4.491141220201E-02,4.012142663639));
#6673 = CARTESIAN_POINT('',(4.21696692372E-02,4.0324174929));
#6674 = CARTESIAN_POINT('',(4.085111395872E-02,4.042755734086));
#6675 = CARTESIAN_POINT('',(3.960234253143E-02,4.053163653487));
#6676 = CARTESIAN_POINT('',(3.842337871015E-02,4.063638935477));
#6677 = CARTESIAN_POINT('',(3.731422317854E-02,4.074179272453));
#6678 = CARTESIAN_POINT('',(3.627485354908E-02,4.084782364844));
#6679 = CARTESIAN_POINT('',(3.530522436304E-02,4.095445921102));
#6680 = CARTESIAN_POINT('',(3.264617565396E-02,4.127124780477));
#6681 = CARTESIAN_POINT('',(3.115321161857E-02,4.14830449504));
#6682 = CARTESIAN_POINT('',(2.992583810773E-02,4.169689236872));
#6683 = CARTESIAN_POINT('',(2.896288484493E-02,4.191261709107));
#6684 = CARTESIAN_POINT('',(2.826249458781E-02,4.213004782068));
#6685 = CARTESIAN_POINT('',(2.782206956215E-02,4.23490139281));
#6686 = CARTESIAN_POINT('',(2.763821789587E-02,4.256934444651));
#6687 = CARTESIAN_POINT('',(2.779509913493E-02,4.30768159486));
#6688 = CARTESIAN_POINT('',(2.83039751151E-02,4.336476677546));
#6689 = CARTESIAN_POINT('',(2.922430000085E-02,4.365433939975));
#6690 = CARTESIAN_POINT('',(3.054475318925E-02,4.394517583258));
#6691 = CARTESIAN_POINT('',(3.22519532636E-02,4.423693707183));
#6692 = CARTESIAN_POINT('',(3.433068979001E-02,4.452929992972));
#6693 = CARTESIAN_POINT('',(3.67641551139E-02,4.482195386054));
#6694 = CARTESIAN_POINT('',(4.297303784746E-02,4.547790260679));
#6695 = CARTESIAN_POINT('',(4.693100014633E-02,4.584123620768));
#6696 = CARTESIAN_POINT('',(5.137326534673E-02,4.620400190213));
#6697 = CARTESIAN_POINT('',(5.626207311302E-02,4.656569827843));
#6698 = CARTESIAN_POINT('',(6.155801617316E-02,4.692590029812));
#6699 = CARTESIAN_POINT('',(6.722066707461E-02,4.728424849258));
#6700 = CARTESIAN_POINT('',(7.320851600333E-02,4.764044626032));
#6701 = CARTESIAN_POINT('',(8.298082558028E-02,4.819192828139));
#6702 = CARTESIAN_POINT('',(8.657158009807E-02,4.838885790578));
#6703 = CARTESIAN_POINT('',(9.024298336068E-02,4.858502171221));
#6704 = CARTESIAN_POINT('',(9.39875407073E-02,4.878039684946));
#6705 = CARTESIAN_POINT('',(9.779764794153E-02,4.897497391432));
#6706 = CARTESIAN_POINT('',(0.101665476598,4.91687608249));
#6707 = CARTESIAN_POINT('',(0.105582859209,4.936178669397));
#6708 = CARTESIAN_POINT('',(0.111084618941,4.962909560665));
#6709 = CARTESIAN_POINT('',(0.112636685885,4.970409424936));
#6710 = CARTESIAN_POINT('',(0.114196620111,4.97790951325));
#6711 = CARTESIAN_POINT('',(0.115763798166,4.985408737173));
#6712 = CARTESIAN_POINT('',(0.117337582046,4.992907350935));
#6713 = CARTESIAN_POINT('',(0.11891732449,5.000406844774));
#6714 = CARTESIAN_POINT('',(0.120502525963,5.00790795033));
#6715 = CARTESIAN_POINT('',(0.127227619659,5.039612737488));
#6716 = CARTESIAN_POINT('',(0.132396225935,5.063697782529));
#6717 = CARTESIAN_POINT('',(0.137585682494,5.087590229432));
#6718 = CARTESIAN_POINT('',(0.142785679431,5.111217570094));
#6719 = CARTESIAN_POINT('',(0.147991165936,5.13450191973));
#6720 = CARTESIAN_POINT('',(0.153202701258,5.157361041329));
#6721 = CARTESIAN_POINT('',(0.158429291238,5.179701045097));
#6722 = CARTESIAN_POINT('',(0.166443054367,5.212684595241));
#6723 = CARTESIAN_POINT('',(0.169198815926,5.223802168034));
#6724 = CARTESIAN_POINT('',(0.171970142369,5.234723832295));
#6725 = CARTESIAN_POINT('',(0.174762485282,5.245428466244));
#6726 = CARTESIAN_POINT('',(0.177582806675,5.255887088894));
#6727 = CARTESIAN_POINT('',(0.180439949367,5.266062042127));
#6728 = CARTESIAN_POINT('',(0.183346061489,5.275902542226));
#6729 = CARTESIAN_POINT('',(0.188226197515,5.291371985248));
#6730 = CARTESIAN_POINT('',(0.190158508208,5.29723654468));
#6731 = CARTESIAN_POINT('',(0.192123060671,5.302912034879));
#6732 = CARTESIAN_POINT('',(0.194125744496,5.30837253869));
#6733 = CARTESIAN_POINT('',(0.196172751224,5.313579148844));
#6734 = CARTESIAN_POINT('',(0.198270574347,5.318479967956));
#6735 = CARTESIAN_POINT('',(0.200426009307,5.323010108527));
#6736 = CARTESIAN_POINT('',(0.206385938868,5.333967034531));
#6737 = CARTESIAN_POINT('',(0.21042862232,5.339835800401));
#6738 = CARTESIAN_POINT('',(0.214669935409,5.343684518361));
#6739 = CARTESIAN_POINT('',(0.219006679722,5.34491163281));
#6740 = CARTESIAN_POINT('',(0.223336726874,5.343327504741));
#6741 = CARTESIAN_POINT('',(0.227559018512,5.339154411741));
#6742 = CARTESIAN_POINT('',(0.231573566311,5.333026547989));
#6743 = CARTESIAN_POINT('',(0.238278624461,5.320302234172));
#6744 = CARTESIAN_POINT('',(0.241154750441,5.313819274864));
#6745 = CARTESIAN_POINT('',(0.243934187311,5.306732725907));
#6746 = CARTESIAN_POINT('',(0.246633762778,5.299177169519));
#6747 = CARTESIAN_POINT('',(0.249266500126,5.291247114953));
#6748 = CARTESIAN_POINT('',(0.251844231228,5.283007768798));
#6749 = CARTESIAN_POINT('',(0.254379097312,5.274499651166));
#6750 = CARTESIAN_POINT('',(0.259243744518,5.257481828703));
#6751 = CARTESIAN_POINT('',(0.261513802791,5.249221939492));
#6752 = CARTESIAN_POINT('',(0.263714114051,5.24096671365));
#6753 = CARTESIAN_POINT('',(0.265858819021,5.232715282127));
#6754 = CARTESIAN_POINT('',(0.267958141114,5.224463723807));
#6755 = CARTESIAN_POINT('',(0.270019611682,5.216209750986));
#6756 = CARTESIAN_POINT('',(0.27204857679,5.207954939839));
#6757 = CARTESIAN_POINT('',(0.279635641828,5.176647394777));
#6758 = CARTESIAN_POINT('',(0.285177649115,5.152861970104));
#6759 = CARTESIAN_POINT('',(0.290705235533,5.128507470248));
#6760 = CARTESIAN_POINT('',(0.296227345532,5.103692955819));
#6761 = CARTESIAN_POINT('',(0.301742967208,5.078514522616));
#6762 = CARTESIAN_POINT('',(0.3072445512,5.053063735209));
#6763 = CARTESIAN_POINT('',(0.312718310616,5.027425556479));
#6764 = CARTESIAN_POINT('',(0.324045334324,4.973717493803));
#6765 = CARTESIAN_POINT('',(0.329891457867,4.945631544839));
#6766 = CARTESIAN_POINT('',(0.335654765418,4.917391679601));
#6767 = CARTESIAN_POINT('',(0.341308714096,4.888982314761));
#6768 = CARTESIAN_POINT('',(0.34682879332,4.860399305165));
#6769 = CARTESIAN_POINT('',(0.352191163981,4.831645344756));
#6770 = CARTESIAN_POINT('',(0.357372158292,4.802728268821));
#6771 = CARTESIAN_POINT('',(0.364769599987,4.759522220265));
#6772 = CARTESIAN_POINT('',(0.36714218724,4.745346725749));
#6773 = CARTESIAN_POINT('',(0.369463742308,4.731137294159));
#6774 = CARTESIAN_POINT('',(0.371731632232,4.716895650977));
#6775 = CARTESIAN_POINT('',(0.373943250859,4.70262372703));
#6776 = CARTESIAN_POINT('',(0.376096018832,4.688323658491));
#6777 = CARTESIAN_POINT('',(0.378187383599,4.673997786878));
#6778 = CARTESIAN_POINT('',(0.381274644185,4.652147774849));
#6779 = CARTESIAN_POINT('',(0.38231610111,4.644646895432));
#6780 = CARTESIAN_POINT('',(0.383338936384,4.637146021217));
#6781 = CARTESIAN_POINT('',(0.384342896852,4.629645152715));
#6782 = CARTESIAN_POINT('',(0.385327730006,4.622144290536));
#6783 = CARTESIAN_POINT('',(0.386293183983,4.614643435384));
#6784 = CARTESIAN_POINT('',(0.387239007566,4.607142588062));
#6785 = CARTESIAN_POINT('',(0.389058521397,4.592403143815));
#6786 = CARTESIAN_POINT('',(0.389935223857,4.585160904267));
#6787 = CARTESIAN_POINT('',(0.390790387015,4.577915086173));
#6788 = CARTESIAN_POINT('',(0.391628113653,4.570666392817));
#6789 = CARTESIAN_POINT('',(0.392449936318,4.563415348235));
#6790 = CARTESIAN_POINT('',(0.393251733053,4.556162072752));
#6791 = CARTESIAN_POINT('',(0.394028902428,4.548906661232));
#6792 = CARTESIAN_POINT('',(0.394789797854,4.541650164063));
#6793 = ( GEOMETRIC_REPRESENTATION_CONTEXT(2) 
PARAMETRIC_REPRESENTATION_CONTEXT() REPRESENTATION_CONTEXT('2D SPACE',''
  ) );
#6794 = PCURVE('',#2098,#6795);
#6795 = DEFINITIONAL_REPRESENTATION('',(#6796),#6932);
#6796 = B_SPLINE_CURVE_WITH_KNOTS('',8,(#6797,#6798,#6799,#6800,#6801,
    #6802,#6803,#6804,#6805,#6806,#6807,#6808,#6809,#6810,#6811,#6812,
    #6813,#6814,#6815,#6816,#6817,#6818,#6819,#6820,#6821,#6822,#6823,
    #6824,#6825,#6826,#6827,#6828,#6829,#6830,#6831,#6832,#6833,#6834,
    #6835,#6836,#6837,#6838,#6839,#6840,#6841,#6842,#6843,#6844,#6845,
    #6846,#6847,#6848,#6849,#6850,#6851,#6852,#6853,#6854,#6855,#6856,
    #6857,#6858,#6859,#6860,#6861,#6862,#6863,#6864,#6865,#6866,#6867,
    #6868,#6869,#6870,#6871,#6872,#6873,#6874,#6875,#6876,#6877,#6878,
    #6879,#6880,#6881,#6882,#6883,#6884,#6885,#6886,#6887,#6888,#6889,
    #6890,#6891,#6892,#6893,#6894,#6895,#6896,#6897,#6898,#6899,#6900,
    #6901,#6902,#6903,#6904,#6905,#6906,#6907,#6908,#6909,#6910,#6911,
    #6912,#6913,#6914,#6915,#6916,#6917,#6918,#6919,#6920,#6921,#6922,
    #6923,#6924,#6925,#6926,#6927,#6928,#6929,#6930,#6931),
  .UNSPECIFIED.,.F.,.F.,(9,7,7,7,7,7,7,7,7,7,7,7,7,7,7,7,7,7,7,9),(0.,
    6.747264755393E-02,0.100403596301,0.134182280672,0.200207409008,
    0.285434874952,0.391241099221,0.450350353321,0.473398503099,
    0.547797401747,0.58655714747,0.611389312125,0.653218561982,
    0.687030143056,0.718883994561,0.807904499241,0.904619765427,
    0.95166982195,0.97626483778,1.),.UNSPECIFIED.);
#6797 = CARTESIAN_POINT('',(-2.377340890985,-6.151061603441));
#6798 = CARTESIAN_POINT('',(-2.411799653667,-6.118280773882));
#6799 = CARTESIAN_POINT('',(-2.445899740022,-6.084858351963));
#6800 = CARTESIAN_POINT('',(-2.479720705648,-6.050961082059));
#6801 = CARTESIAN_POINT('',(-2.51332859808,-6.01673045721));
#6802 = CARTESIAN_POINT('',(-2.546780880586,-5.982287958545));
#6803 = CARTESIAN_POINT('',(-2.580130173202,-5.947738933438));
#6804 = CARTESIAN_POINT('',(-2.613426810985,-5.913175112416));
#6805 = CARTESIAN_POINT('',(-2.662969523037,-5.861837886223));
#6806 = CARTESIAN_POINT('',(-2.679217329547,-5.845016762893));
#6807 = CARTESIAN_POINT('',(-2.695467341589,-5.828219095577));
#6808 = CARTESIAN_POINT('',(-2.711729715177,-5.811464873617));
#6809 = CARTESIAN_POINT('',(-2.727998218238,-5.794741277617));
#6810 = CARTESIAN_POINT('',(-2.74429164251,-5.778085815077));
#6811 = CARTESIAN_POINT('',(-2.760603512547,-5.761485202267));
#6812 = CARTESIAN_POINT('',(-2.79369183672,-5.727982556441));
#6813 = CARTESIAN_POINT('',(-2.810469225598,-5.711083359395));
#6814 = CARTESIAN_POINT('',(-2.827271277856,-5.694252584885));
#6815 = CARTESIAN_POINT('',(-2.844099425869,-5.677493186229));
#6816 = CARTESIAN_POINT('',(-2.860954857161,-5.660807646602));
#6817 = CARTESIAN_POINT('',(-2.877838514405,-5.644197979028));
#6818 = CARTESIAN_POINT('',(-2.894751095428,-5.627665726387));
#6819 = CARTESIAN_POINT('',(-2.944808461849,-5.579050793368));
#6820 = CARTESIAN_POINT('',(-2.978036724129,-5.547189059948));
#6821 = CARTESIAN_POINT('',(-3.011380694803,-5.515635824555));
#6822 = CARTESIAN_POINT('',(-3.044840815578,-5.48439328464));
#6823 = CARTESIAN_POINT('',(-3.078415243985,-5.453457507344));
#6824 = CARTESIAN_POINT('',(-3.112099982249,-5.422819165146));
#6825 = CARTESIAN_POINT('',(-3.145889006173,-5.392464271508));
#6826 = CARTESIAN_POINT('',(-3.223514797241,-5.323534560709));
#6827 = CARTESIAN_POINT('',(-3.267418148653,-5.285134612785));
#6828 = CARTESIAN_POINT('',(-3.311465642719,-5.247137910348));
#6829 = CARTESIAN_POINT('',(-3.355637040732,-5.209493193769));
#6830 = CARTESIAN_POINT('',(-3.399910333267,-5.172138313224));
#6831 = CARTESIAN_POINT('',(-3.444261402652,-5.135003435718));
#6832 = CARTESIAN_POINT('',(-3.488663685426,-5.098014252109));
#6833 = CARTESIAN_POINT('',(-3.588238500879,-5.015261753062));
#6834 = CARTESIAN_POINT('',(-3.643429428417,-4.969530740456));
#6835 = CARTESIAN_POINT('',(-3.698601486391,-4.92375982146));
#6836 = CARTESIAN_POINT('',(-3.753698434722,-4.877793686296));
#6837 = CARTESIAN_POINT('',(-3.808665345282,-4.831473811852));
#6838 = CARTESIAN_POINT('',(-3.863445373308,-4.784644853288));
#6839 = CARTESIAN_POINT('',(-3.917974879234,-4.737157655669));
#6840 = CARTESIAN_POINT('',(-4.002457171269,-4.661892087251));
#6841 = CARTESIAN_POINT('',(-4.032636756002,-4.634663952841));
#6842 = CARTESIAN_POINT('',(-4.062702734889,-4.607158243239));
#6843 = CARTESIAN_POINT('',(-4.092642060347,-4.579349126676));
#6844 = CARTESIAN_POINT('',(-4.122440676213,-4.551210246901));
#6845 = CARTESIAN_POINT('',(-4.152082636499,-4.522713791323));
#6846 = CARTESIAN_POINT('',(-4.18154922415,-4.493829559142));
#6847 = CARTESIAN_POINT('',(-4.222230711503,-4.453097083793));
#6848 = CARTESIAN_POINT('',(-4.233631029422,-4.441588356784));
#6849 = CARTESIAN_POINT('',(-4.245015502701,-4.429997024544));
#6850 = CARTESIAN_POINT('',(-4.256381638011,-4.418322447045));
#6851 = CARTESIAN_POINT('',(-4.267726921665,-4.406562584507));
#6852 = CARTESIAN_POINT('',(-4.279048830976,-4.394713957087));
#6853 = CARTESIAN_POINT('',(-4.290345904858,-4.382773147916));
#6854 = CARTESIAN_POINT('',(-4.338011986323,-4.331896638229));
#6855 = CARTESIAN_POINT('',(-4.374005245419,-4.292251009269));
#6856 = CARTESIAN_POINT('',(-4.409583043652,-4.251790525795));
#6857 = CARTESIAN_POINT('',(-4.444745651382,-4.210524982498));
#6858 = CARTESIAN_POINT('',(-4.479522407842,-4.168507043148));
#6859 = CARTESIAN_POINT('',(-4.513972619962,-4.125835421566));
#6860 = CARTESIAN_POINT('',(-4.548202701123,-4.08267855209));
#6861 = CARTESIAN_POINT('',(-4.600257027651,-4.016787219871));
#6862 = CARTESIAN_POINT('',(-4.618081356316,-3.994178151817));
#6863 = CARTESIAN_POINT('',(-4.635936135165,-3.971568576171));
#6864 = CARTESIAN_POINT('',(-4.653861286383,-3.9490126212));
#6865 = CARTESIAN_POINT('',(-4.671905656625,-3.926586954655));
#6866 = CARTESIAN_POINT('',(-4.690129429117,-3.904394281205));
#6867 = CARTESIAN_POINT('',(-4.708613108878,-3.882576324178));
#6868 = CARTESIAN_POINT('',(-4.739571223061,-3.847750583554));
#6869 = CARTESIAN_POINT('',(-4.751809540752,-3.834411696988));
#6870 = CARTESIAN_POINT('',(-4.764233249213,-3.821370760064));
#6871 = CARTESIAN_POINT('',(-4.776880233388,-3.808700016083));
#6872 = CARTESIAN_POINT('',(-4.789790278393,-3.796506306285));
#6873 = CARTESIAN_POINT('',(-4.803005069523,-3.784931069846));
#6874 = CARTESIAN_POINT('',(-4.816568192242,-3.77415034388));
#6875 = CARTESIAN_POINT('',(-4.854035298804,-3.747908007427));
#6876 = CARTESIAN_POINT('',(-4.879405911714,-3.733612953867));
#6877 = CARTESIAN_POINT('',(-4.905996724473,-3.724159816075));
#6878 = CARTESIAN_POINT('',(-4.933173964892,-3.721133533187));
#6879 = CARTESIAN_POINT('',(-4.960310335042,-3.725033770154));
#6880 = CARTESIAN_POINT('',(-4.986785011254,-3.735274917748));
#6881 = CARTESIAN_POINT('',(-5.01198364412,-3.750186092558));
#6882 = CARTESIAN_POINT('',(-5.054144198614,-3.780611222));
#6883 = CARTESIAN_POINT('',(-5.072253241145,-3.795980568115));
#6884 = CARTESIAN_POINT('',(-5.089781139846,-3.812597541545));
#6885 = CARTESIAN_POINT('',(-5.106835742448,-3.830093569957));
#6886 = CARTESIAN_POINT('',(-5.123500764777,-3.848210727807));
#6887 = CARTESIAN_POINT('',(-5.139852542597,-3.866772077891));
#6888 = CARTESIAN_POINT('',(-5.155969861171,-3.885664769121));
#6889 = CARTESIAN_POINT('',(-5.186979356087,-3.922896981879));
#6890 = CARTESIAN_POINT('',(-5.201486212154,-3.940721243124));
#6891 = CARTESIAN_POINT('',(-5.215583475932,-3.9582938108));
#6892 = CARTESIAN_POINT('',(-5.229360817044,-3.975622997229));
#6893 = CARTESIAN_POINT('',(-5.242883629844,-3.99272330512));
#6894 = CARTESIAN_POINT('',(-5.256200575958,-4.009604926611));
#6895 = CARTESIAN_POINT('',(-5.26934656907,-4.026269726751));
#6896 = CARTESIAN_POINT('',(-5.318656709212,-4.088668964732));
#6897 = CARTESIAN_POINT('',(-5.354993608745,-4.134418834563));
#6898 = CARTESIAN_POINT('',(-5.391600490754,-4.179588956714));
#6899 = CARTESIAN_POINT('',(-5.428593866175,-4.223991969411));
#6900 = CARTESIAN_POINT('',(-5.466035193216,-4.267523636034));
#6901 = CARTESIAN_POINT('',(-5.503951397417,-4.31013422445));
#6902 = CARTESIAN_POINT('',(-5.54233492158,-4.35182546428));
#6903 = CARTESIAN_POINT('',(-5.623339670649,-4.436947838047));
#6904 = CARTESIAN_POINT('',(-5.666047272347,-4.480219238583));
#6905 = CARTESIAN_POINT('',(-5.709185057923,-4.522573244728));
#6906 = CARTESIAN_POINT('',(-5.752686240638,-4.564110812617));
#6907 = CARTESIAN_POINT('',(-5.796500293213,-4.604917823277));
#6908 = CARTESIAN_POINT('',(-5.84058369178,-4.64507679422));
#6909 = CARTESIAN_POINT('',(-5.884895446688,-4.68467069415));
#6910 = CARTESIAN_POINT('',(-5.951046746589,-4.742804207278));
#6911 = CARTESIAN_POINT('',(-5.972741307153,-4.7617149024));
#6912 = CARTESIAN_POINT('',(-5.994476881472,-4.780520336984));
#6913 = CARTESIAN_POINT('',(-6.016249354519,-4.799229961591));
#6914 = CARTESIAN_POINT('',(-6.038054716632,-4.817853286505));
#6915 = CARTESIAN_POINT('',(-6.059889063513,-4.836399881738));
#6916 = CARTESIAN_POINT('',(-6.081748596224,-4.854879377028));
#6917 = CARTESIAN_POINT('',(-6.115067740406,-4.882931449575));
#6918 = CARTESIAN_POINT('',(-6.126502020841,-4.892537578182));
#6919 = CARTESIAN_POINT('',(-6.137932490121,-4.902121762065));
#6920 = CARTESIAN_POINT('',(-6.149359197364,-4.911685915504));
#6921 = CARTESIAN_POINT('',(-6.16078221319,-4.921231952647));
#6922 = CARTESIAN_POINT('',(-6.172201629712,-4.930761787517));
#6923 = CARTESIAN_POINT('',(-6.183617560544,-4.940277334005));
#6924 = CARTESIAN_POINT('',(-6.206043731743,-4.958951442269));
#6925 = CARTESIAN_POINT('',(-6.217059872421,-4.968115576091));
#6926 = CARTESIAN_POINT('',(-6.228078116821,-4.977274141306));
#6927 = CARTESIAN_POINT('',(-6.239098010512,-4.986428357606));
#6928 = CARTESIAN_POINT('',(-6.250119108471,-4.995579447242));
#6929 = CARTESIAN_POINT('',(-6.261140979119,-5.004728637655));
#6930 = CARTESIAN_POINT('',(-6.272163194584,-5.013877149901));
#6931 = CARTESIAN_POINT('',(-6.28318530718,-5.023026172867));
#6932 = ( GEOMETRIC_REPRESENTATION_CONTEXT(2) 
PARAMETRIC_REPRESENTATION_CONTEXT() REPRESENTATION_CONTEXT('2D SPACE',''
  ) );
#6933 = ADVANCED_FACE('',(#6934),#3134,.T.);
#6934 = FACE_BOUND('',#6935,.T.);
#6935 = EDGE_LOOP('',(#6936,#6937,#6964,#6965,#6966,#7001,#7273));
#6936 = ORIENTED_EDGE('',*,*,#2724,.F.);
#6937 = ORIENTED_EDGE('',*,*,#6938,.T.);
#6938 = EDGE_CURVE('',#2111,#4076,#6939,.T.);
#6939 = SURFACE_CURVE('',#6940,(#6950,#6957),.PCURVE_S1.);
#6940 = B_SPLINE_CURVE_WITH_KNOTS('',3,(#6941,#6942,#6943,#6944,#6945,
    #6946,#6947,#6948,#6949),.UNSPECIFIED.,.F.,.F.,(4,1,1,1,1,1,4),(0.,
    1.,2.,3.,4.,5.,6.),.QUASI_UNIFORM_KNOTS.);
#6941 = CARTESIAN_POINT('',(0.,-11.,17.));
#6942 = CARTESIAN_POINT('',(0.,-11.32915184456,14.798677295813));
#6943 = CARTESIAN_POINT('',(0.,-8.156357749824,14.187172206766));
#6944 = CARTESIAN_POINT('',(0.,-6.059375839204,11.978626233079));
#6945 = CARTESIAN_POINT('',(0.,-6.,8.));
#6946 = CARTESIAN_POINT('',(0.,-8.187042136623,5.51638893891));
#6947 = CARTESIAN_POINT('',(0.,-11.20770415224,4.6260251288));
#6948 = CARTESIAN_POINT('',(0.,-11.04258797374,3.109510710207));
#6949 = CARTESIAN_POINT('',(0.,-11.,1.));
#6950 = PCURVE('',#3134,#6951);
#6951 = DEFINITIONAL_REPRESENTATION('',(#6952),#6956);
#6952 = LINE('',#6953,#6954);
#6953 = CARTESIAN_POINT('',(6.28318530718,0.));
#6954 = VECTOR('',#6955,1.);
#6955 = DIRECTION('',(0.,1.));
#6956 = ( GEOMETRIC_REPRESENTATION_CONTEXT(2) 
PARAMETRIC_REPRESENTATION_CONTEXT() REPRESENTATION_CONTEXT('2D SPACE',''
  ) );
#6957 = PCURVE('',#1859,#6958);
#6958 = DEFINITIONAL_REPRESENTATION('',(#6959),#6963);
#6959 = LINE('',#6960,#6961);
#6960 = CARTESIAN_POINT('',(0.,0.));
#6961 = VECTOR('',#6962,1.);
#6962 = DIRECTION('',(0.,1.));
#6963 = ( GEOMETRIC_REPRESENTATION_CONTEXT(2) 
PARAMETRIC_REPRESENTATION_CONTEXT() REPRESENTATION_CONTEXT('2D SPACE',''
  ) );
#6964 = ORIENTED_EDGE('',*,*,#4075,.T.);
#6965 = ORIENTED_EDGE('',*,*,#3385,.F.);
#6966 = ORIENTED_EDGE('',*,*,#6967,.T.);
#6967 = EDGE_CURVE('',#3353,#6968,#6970,.T.);
#6968 = VERTEX_POINT('',#6969);
#6969 = CARTESIAN_POINT('',(-3.602719634661,-9.702701766522,
    14.854178083554));
#6970 = SURFACE_CURVE('',#6971,(#6979,#6990),.PCURVE_S1.);
#6971 = B_SPLINE_CURVE_WITH_KNOTS('',6,(#6972,#6973,#6974,#6975,#6976,
    #6977,#6978),.UNSPECIFIED.,.F.,.F.,(7,7),(0.,1.),
  .PIECEWISE_BEZIER_KNOTS.);
#6972 = CARTESIAN_POINT('',(-3.494846188729,-9.90990926583,
    15.000075446653));
#6973 = CARTESIAN_POINT('',(-3.514834256249,-9.877071535558,
    14.975164351391));
#6974 = CARTESIAN_POINT('',(-3.534062502349,-9.843534187674,
    14.950472257366));
#6975 = CARTESIAN_POINT('',(-3.552493795406,-9.809317329839,
    14.926026993584));
#6976 = CARTESIAN_POINT('',(-3.5701068418,-9.774421208012,
    14.901816577166));
#6977 = CARTESIAN_POINT('',(-3.586858980131,-9.738876689718,
    14.877866936753));
#6978 = CARTESIAN_POINT('',(-3.602719634661,-9.702701766522,
    14.854178083554));
#6979 = PCURVE('',#3134,#6980);
#6980 = DEFINITIONAL_REPRESENTATION('',(#6981),#6989);
#6981 = B_SPLINE_CURVE_WITH_KNOTS('',6,(#6982,#6983,#6984,#6985,#6986,
    #6987,#6988),.UNSPECIFIED.,.F.,.F.,(7,7),(0.,1.),
  .PIECEWISE_BEZIER_KNOTS.);
#6982 = CARTESIAN_POINT('',(5.944141406334,0.445461686155));
#6983 = CARTESIAN_POINT('',(5.941308199241,0.454377251877));
#6984 = CARTESIAN_POINT('',(5.938504138939,0.46336359666));
#6985 = CARTESIAN_POINT('',(5.935736738595,0.472582737144));
#6986 = CARTESIAN_POINT('',(5.933000921422,0.481791346643));
#6987 = CARTESIAN_POINT('',(5.930305998041,0.491180322229));
#6988 = CARTESIAN_POINT('',(5.927652768272,0.500667304082));
#6989 = ( GEOMETRIC_REPRESENTATION_CONTEXT(2) 
PARAMETRIC_REPRESENTATION_CONTEXT() REPRESENTATION_CONTEXT('2D SPACE',''
  ) );
#6990 = PCURVE('',#3373,#6991);
#6991 = DEFINITIONAL_REPRESENTATION('',(#6992),#7000);
#6992 = B_SPLINE_CURVE_WITH_KNOTS('',6,(#6993,#6994,#6995,#6996,#6997,
    #6998,#6999),.UNSPECIFIED.,.F.,.F.,(7,7),(0.,1.),
  .PIECEWISE_BEZIER_KNOTS.);
#6993 = CARTESIAN_POINT('',(-3.688382905167,-15.00007544665));
#6994 = CARTESIAN_POINT('',(-3.666415661481,-14.97516435139));
#6995 = CARTESIAN_POINT('',(-3.644332678141,-14.95047225736));
#6996 = CARTESIAN_POINT('',(-3.622135721391,-14.92602699358));
#6997 = CARTESIAN_POINT('',(-3.599811166625,-14.90181657716));
#6998 = CARTESIAN_POINT('',(-3.577365578171,-14.87786693675));
#6999 = CARTESIAN_POINT('',(-3.554794616654,-14.85417808355));
#7000 = ( GEOMETRIC_REPRESENTATION_CONTEXT(2) 
PARAMETRIC_REPRESENTATION_CONTEXT() REPRESENTATION_CONTEXT('2D SPACE',''
  ) );
#7001 = ORIENTED_EDGE('',*,*,#7002,.T.);
#7002 = EDGE_CURVE('',#6968,#7003,#7005,.T.);
#7003 = VERTEX_POINT('',#7004);
#7004 = CARTESIAN_POINT('',(-0.25,-9.,14.144373561983));
#7005 = SURFACE_CURVE('',#7006,(#7093,#7183),.PCURVE_S1.);
#7006 = B_SPLINE_CURVE_WITH_KNOTS('',8,(#7007,#7008,#7009,#7010,#7011,
    #7012,#7013,#7014,#7015,#7016,#7017,#7018,#7019,#7020,#7021,#7022,
    #7023,#7024,#7025,#7026,#7027,#7028,#7029,#7030,#7031,#7032,#7033,
    #7034,#7035,#7036,#7037,#7038,#7039,#7040,#7041,#7042,#7043,#7044,
    #7045,#7046,#7047,#7048,#7049,#7050,#7051,#7052,#7053,#7054,#7055,
    #7056,#7057,#7058,#7059,#7060,#7061,#7062,#7063,#7064,#7065,#7066,
    #7067,#7068,#7069,#7070,#7071,#7072,#7073,#7074,#7075,#7076,#7077,
    #7078,#7079,#7080,#7081,#7082,#7083,#7084,#7085,#7086,#7087,#7088,
    #7089,#7090,#7091,#7092),.UNSPECIFIED.,.F.,.F.,(9,7,7,7,7,7,7,7,7,7,
    7,7,9),(0.,0.183423021112,0.255177800713,0.319743492843,
    0.362682970741,0.405622364338,0.548995559349,0.703170999392,
    0.848116566587,0.89112068674,0.934124902764,0.966377830987,1.),
  .UNSPECIFIED.);
#7007 = CARTESIAN_POINT('',(-3.602719634661,-9.702701766522,
    14.854178083554));
#7008 = CARTESIAN_POINT('',(-3.653296121401,-9.587347099417,
    14.778639021313));
#7009 = CARTESIAN_POINT('',(-3.695278783969,-9.465791561856,
    14.705568990485));
#7010 = CARTESIAN_POINT('',(-3.727647051506,-9.338763445161,
    14.635247552368));
#7011 = CARTESIAN_POINT('',(-3.749427659076,-9.20723046468,
    14.567761564009));
#7012 = CARTESIAN_POINT('',(-3.75977078385,-9.072394659015,
    14.503021905639));
#7013 = CARTESIAN_POINT('',(-3.758027382367,-8.93569994296,
    14.440754675923));
#7014 = CARTESIAN_POINT('',(-3.743852082577,-8.798816366033,
    14.380508845277));
#7015 = CARTESIAN_POINT('',(-3.706990755055,-8.610655070142,
    14.298725181696));
#7016 = CARTESIAN_POINT('',(-3.694738507716,-8.557987235367,
    14.275948031728));
#7017 = CARTESIAN_POINT('',(-3.68060387807,-8.505665575238,
    14.253355284692));
#7018 = CARTESIAN_POINT('',(-3.664600473289,-8.453794316587,
    14.230907164748));
#7019 = CARTESIAN_POINT('',(-3.646751005246,-8.402477130198,
    14.208560502906));
#7020 = CARTESIAN_POINT('',(-3.627087423738,-8.351816299041,
    14.186269496765));
#7021 = CARTESIAN_POINT('',(-3.605651049692,-8.301911886492,
    14.163986470252));
#7022 = CARTESIAN_POINT('',(-3.56165459357,-8.208724324185,
    14.121575414254));
#7023 = CARTESIAN_POINT('',(-3.53942199317,-8.165278115971,
    14.101454894868));
#7024 = CARTESIAN_POINT('',(-3.515831745009,-8.122592833901,
    14.081265577216));
#7025 = CARTESIAN_POINT('',(-3.49092661012,-8.080736316737,
    14.060970989693));
#7026 = CARTESIAN_POINT('',(-3.464755018006,-8.039773183113,
    14.040534306489));
#7027 = CARTESIAN_POINT('',(-3.437370811904,-7.99976432662,
    14.019918967008));
#7028 = CARTESIAN_POINT('',(-3.40883299405,-7.960766410891,
    13.999089295275));
#7029 = CARTESIAN_POINT('',(-3.359501657179,-7.897602624395,
    13.963993057452));
#7030 = CARTESIAN_POINT('',(-3.339310949855,-7.872837713656,
    13.949860026496));
#7031 = CARTESIAN_POINT('',(-3.318641119432,-7.848538506317,
    13.935599019557));
#7032 = CARTESIAN_POINT('',(-3.297485301478,-7.824690638779,
    13.921229724186));
#7033 = CARTESIAN_POINT('',(-3.275851085359,-7.80130144715,
    13.906729303926));
#7034 = CARTESIAN_POINT('',(-3.253729126753,-7.77835930648,
    13.892114284622));
#7035 = CARTESIAN_POINT('',(-3.231117347991,-7.755865653993,
    13.877375441411));
#7036 = CARTESIAN_POINT('',(-3.184897391399,-7.711769289572,
    13.847654902352));
#7037 = CARTESIAN_POINT('',(-3.161288885534,-7.690166274674,
    13.832672500149));
#7038 = CARTESIAN_POINT('',(-3.137174447232,-7.669006865172,
    13.817567809584));
#7039 = CARTESIAN_POINT('',(-3.112543871454,-7.648289649751,
    13.802340368248));
#7040 = CARTESIAN_POINT('',(-3.087383735409,-7.628013725963,
    13.786989569163));
#7041 = CARTESIAN_POINT('',(-3.061677003677,-7.608179080147,
    13.771514837518));
#7042 = CARTESIAN_POINT('',(-3.035402633316,-7.588786967335,
    13.755915807415));
#7043 = CARTESIAN_POINT('',(-2.918825650099,-7.506577974936,
    13.687692897854));
#7044 = CARTESIAN_POINT('',(-2.824784304067,-7.449889960985,
    13.635142720898));
#7045 = CARTESIAN_POINT('',(-2.726428788187,-7.399713392086,
    13.582889735038));
#7046 = CARTESIAN_POINT('',(-2.623760513671,-7.356223517659,
    13.531498655759));
#7047 = CARTESIAN_POINT('',(-2.516795959874,-7.319761833912,
    13.481789070121));
#7048 = CARTESIAN_POINT('',(-2.405544721728,-7.290801395623,
    13.434898195088));
#7049 = CARTESIAN_POINT('',(-2.289972067456,-7.26998539859,
    13.392332347951));
#7050 = CARTESIAN_POINT('',(-2.040955136231,-7.245682571865,
    13.316870071509));
#7051 = CARTESIAN_POINT('',(-1.904628914055,-7.243405862597,
    13.2842787962));
#7052 = CARTESIAN_POINT('',(-1.764622170468,-7.253662776631,
    13.262189640585));
#7053 = CARTESIAN_POINT('',(-1.624322964604,-7.27734043552,
    13.253827224153));
#7054 = CARTESIAN_POINT('',(-1.486822219279,-7.314219585472,
    13.260916689577));
#7055 = CARTESIAN_POINT('',(-1.355044379151,-7.363263552553,
    13.281916193206));
#7056 = CARTESIAN_POINT('',(-1.231759031585,-7.42227705217,
    13.313659751405));
#7057 = CARTESIAN_POINT('',(-1.013774933752,-7.549206889466,
    13.388313630623));
#7058 = CARTESIAN_POINT('',(-0.916195124828,-7.617317015009,
    13.430994197232));
#7059 = CARTESIAN_POINT('',(-0.826165991698,-7.691147927232,
    13.478210772627));
#7060 = CARTESIAN_POINT('',(-0.743373658623,-7.770097721396,
    13.528377955224));
#7061 = CARTESIAN_POINT('',(-0.667617851583,-7.853709163585,
    13.580301814772));
#7062 = CARTESIAN_POINT('',(-0.598760109482,-7.941649419956,
    13.633126641404));
#7063 = CARTESIAN_POINT('',(-0.5367177714,-8.033754377622,13.6862662421)
  );
#7064 = CARTESIAN_POINT('',(-0.465156707256,-8.158667112294,
    13.755119020036));
#7065 = CARTESIAN_POINT('',(-0.449514266825,-8.187396943264,
    13.7707463835));
#7066 = CARTESIAN_POINT('',(-0.434577934349,-8.216284276544,
    13.786247378846));
#7067 = CARTESIAN_POINT('',(-0.420327455297,-8.245337226065,
    13.801622600331));
#7068 = CARTESIAN_POINT('',(-0.406746871006,-8.274563309383,
    13.816872820418));
#7069 = CARTESIAN_POINT('',(-0.393823977024,-8.303969260992,
    13.831998808944));
#7070 = CARTESIAN_POINT('',(-0.381549781463,-8.333560845637,
    13.84700115229));
#7071 = CARTESIAN_POINT('',(-0.358286119293,-8.393124564014,
    13.876759025984));
#7072 = CARTESIAN_POINT('',(-0.347296460733,-8.423097184004,
    13.8915152449));
#7073 = CARTESIAN_POINT('',(-0.336942405696,-8.453266791091,
    13.906146750419));
#7074 = CARTESIAN_POINT('',(-0.327221096248,-8.483633650063,
    13.920661851465));
#7075 = CARTESIAN_POINT('',(-0.318129028203,-8.514211121146,
    13.935046092953));
#7076 = CARTESIAN_POINT('',(-0.309669427002,-8.544991079127,
    13.94931970125));
#7077 = CARTESIAN_POINT('',(-0.30184232981,-8.575987905622,
    13.963465560379));
#7078 = CARTESIAN_POINT('',(-0.289262087874,-8.63060487251,
    13.988017084131));
#7079 = CARTESIAN_POINT('',(-0.284229972054,-8.654130413129,
    13.998474004358));
#7080 = CARTESIAN_POINT('',(-0.279560515475,-8.677768635069,
    14.008871749722));
#7081 = CARTESIAN_POINT('',(-0.275256905423,-8.701513769359,
    14.019216262683));
#7082 = CARTESIAN_POINT('',(-0.271322251334,-8.725359962787,
    14.029513485221));
#7083 = CARTESIAN_POINT('',(-0.267759584795,-8.7493012779,
    14.039769358842));
#7084 = CARTESIAN_POINT('',(-0.264571859543,-8.773331693007,
    14.049989824573));
#7085 = CARTESIAN_POINT('',(-0.258832753734,-8.822582203308,
    14.070804462099));
#7086 = CARTESIAN_POINT('',(-0.256315961138,-8.847793554009,
    14.08138934431));
#7087 = CARTESIAN_POINT('',(-0.254214446328,-8.873068474319,
    14.091940759637));
#7088 = CARTESIAN_POINT('',(-0.252530476661,-8.898395386507,
    14.102463684742));
#7089 = CARTESIAN_POINT('',(-0.251265878709,-8.923762929122,
    14.112963204493));
#7090 = CARTESIAN_POINT('',(-0.250422080492,-8.949160272329,
    14.123444608731));
#7091 = CARTESIAN_POINT('',(-0.250000031425,-8.974576634487,
    14.133913164253));
#7092 = CARTESIAN_POINT('',(-0.25,-9.,14.144373561983));
#7093 = PCURVE('',#3134,#7094);
#7094 = DEFINITIONAL_REPRESENTATION('',(#7095),#7182);
#7095 = B_SPLINE_CURVE_WITH_KNOTS('',8,(#7096,#7097,#7098,#7099,#7100,
    #7101,#7102,#7103,#7104,#7105,#7106,#7107,#7108,#7109,#7110,#7111,
    #7112,#7113,#7114,#7115,#7116,#7117,#7118,#7119,#7120,#7121,#7122,
    #7123,#7124,#7125,#7126,#7127,#7128,#7129,#7130,#7131,#7132,#7133,
    #7134,#7135,#7136,#7137,#7138,#7139,#7140,#7141,#7142,#7143,#7144,
    #7145,#7146,#7147,#7148,#7149,#7150,#7151,#7152,#7153,#7154,#7155,
    #7156,#7157,#7158,#7159,#7160,#7161,#7162,#7163,#7164,#7165,#7166,
    #7167,#7168,#7169,#7170,#7171,#7172,#7173,#7174,#7175,#7176,#7177,
    #7178,#7179,#7180,#7181),.UNSPECIFIED.,.F.,.F.,(9,7,7,7,7,7,7,7,7,7,
    7,7,9),(0.,0.183423021112,0.255177800713,0.319743492843,
    0.362682970741,0.405622364338,0.548995559349,0.703170999392,
    0.848116566587,0.89112068674,0.934124902764,0.966377830987,1.),
  .UNSPECIFIED.);
#7096 = CARTESIAN_POINT('',(5.927652768272,0.500667304082));
#7097 = CARTESIAN_POINT('',(5.9191921439,0.530919410702));
#7098 = CARTESIAN_POINT('',(5.911132223043,0.562290713573));
#7099 = CARTESIAN_POINT('',(5.903576910466,0.594728524116));
#7100 = CARTESIAN_POINT('',(5.89664478059,0.628183361174));
#7101 = CARTESIAN_POINT('',(5.890465962544,0.662600781672));
#7102 = CARTESIAN_POINT('',(5.88518194182,0.697911997641));
#7103 = CARTESIAN_POINT('',(5.880938821047,0.734018830064));
#7104 = CARTESIAN_POINT('',(5.876661945445,0.785144979075));
#7105 = CARTESIAN_POINT('',(5.875638021603,0.799621854854));
#7106 = CARTESIAN_POINT('',(5.874800422323,0.814191476773));
#7107 = CARTESIAN_POINT('',(5.874156388692,0.828845882017));
#7108 = CARTESIAN_POINT('',(5.873712648459,0.843576754535));
#7109 = CARTESIAN_POINT('',(5.87347527301,0.858375334058));
#7110 = CARTESIAN_POINT('',(5.873449534342,0.873232325114));
#7111 = CARTESIAN_POINT('',(5.873810930889,0.901549911813));
#7112 = CARTESIAN_POINT('',(5.874156956296,0.91500145821));
#7113 = CARTESIAN_POINT('',(5.874680986749,0.928485264417));
#7114 = CARTESIAN_POINT('',(5.875385538426,0.941993930273));
#7115 = CARTESIAN_POINT('',(5.87627240756,0.955519818786));
#7116 = CARTESIAN_POINT('',(5.877342582805,0.96905503864));
#7117 = CARTESIAN_POINT('',(5.878596157603,0.982591426704));
#7118 = CARTESIAN_POINT('',(5.880987312276,1.005118074519));
#7119 = CARTESIAN_POINT('',(5.88202334496,1.014114994545));
#7120 = CARTESIAN_POINT('',(5.88314065045,1.023112627761));
#7121 = CARTESIAN_POINT('',(5.884340348097,1.032108695892));
#7122 = CARTESIAN_POINT('',(5.885623000073,1.041105733443));
#7123 = CARTESIAN_POINT('',(5.886990113209,1.050101772039));
#7124 = CARTESIAN_POINT('',(5.888443029009,1.059097846586));
#7125 = CARTESIAN_POINT('',(5.891524131039,1.077089139338));
#7126 = CARTESIAN_POINT('',(5.893152339431,1.086084599525));
#7127 = CARTESIAN_POINT('',(5.894870003085,1.095079660136));
#7128 = CARTESIAN_POINT('',(5.896679246371,1.104074288344));
#7129 = CARTESIAN_POINT('',(5.898582598735,1.113068537961));
#7130 = CARTESIAN_POINT('',(5.90058307177,1.122062446686));
#7131 = CARTESIAN_POINT('',(5.902684236295,1.13105593336));
#7132 = CARTESIAN_POINT('',(5.912256270222,1.170075225401));
#7133 = CARTESIAN_POINT('',(5.920604525102,1.199330251335));
#7134 = CARTESIAN_POINT('',(5.929956895707,1.227675144516));
#7135 = CARTESIAN_POINT('',(5.940342800191,1.254869286407));
#7136 = CARTESIAN_POINT('',(5.951789191809,1.280566320965));
#7137 = CARTESIAN_POINT('',(5.964317762176,1.304304169897));
#7138 = CARTESIAN_POINT('',(5.977944488077,1.325487289141));
#7139 = CARTESIAN_POINT('',(6.008518703776,1.362578567592));
#7140 = CARTESIAN_POINT('',(6.025908099065,1.378295664792));
#7141 = CARTESIAN_POINT('',(6.044433879432,1.38874009779));
#7142 = CARTESIAN_POINT('',(6.063577533892,1.392620377966));
#7143 = CARTESIAN_POINT('',(6.082746043888,1.389337301789));
#7144 = CARTESIAN_POINT('',(6.101341143556,1.379419826493));
#7145 = CARTESIAN_POINT('',(6.118830408707,1.364129790443));
#7146 = CARTESIAN_POINT('',(6.149785135599,1.327485228948));
#7147 = CARTESIAN_POINT('',(6.163657633768,1.306277509887));
#7148 = CARTESIAN_POINT('',(6.17640631935,1.282411926519));
#7149 = CARTESIAN_POINT('',(6.188046340579,1.25651493538));
#7150 = CARTESIAN_POINT('',(6.198599777921,1.229071484391));
#7151 = CARTESIAN_POINT('',(6.208094783765,1.200443306587));
#7152 = CARTESIAN_POINT('',(6.216562571682,1.170879937092));
#7153 = CARTESIAN_POINT('',(6.22624062403,1.131514870755));
#7154 = CARTESIAN_POINT('',(6.228349355239,1.122508250784));
#7155 = CARTESIAN_POINT('',(6.230356740105,1.113502185068));
#7156 = CARTESIAN_POINT('',(6.232266444556,1.10449665049));
#7157 = CARTESIAN_POINT('',(6.23408155668,1.095491518093));
#7158 = CARTESIAN_POINT('',(6.235804667207,1.086486659441));
#7159 = CARTESIAN_POINT('',(6.237437949987,1.077482052976));
#7160 = CARTESIAN_POINT('',(6.240528538402,1.059473707695));
#7161 = CARTESIAN_POINT('',(6.241985869249,1.050469717144));
#7162 = CARTESIAN_POINT('',(6.243357106308,1.041466295405));
#7163 = CARTESIAN_POINT('',(6.244643642265,1.032462490645));
#7164 = CARTESIAN_POINT('',(6.245846980495,1.023460011906));
#7165 = CARTESIAN_POINT('',(6.246967756781,1.014456596745));
#7166 = CARTESIAN_POINT('',(6.248007068105,1.005454225445));
#7167 = CARTESIAN_POINT('',(6.249683926495,0.989699907789));
#7168 = CARTESIAN_POINT('',(6.250356913049,0.982948203064));
#7169 = CARTESIAN_POINT('',(6.250984284363,0.976196616782));
#7170 = CARTESIAN_POINT('',(6.251566105647,0.969445149391));
#7171 = CARTESIAN_POINT('',(6.252102458503,0.962693801081));
#7172 = CARTESIAN_POINT('',(6.252593440922,0.955942571784));
#7173 = CARTESIAN_POINT('',(6.253039167283,0.949191461168));
#7174 = CARTESIAN_POINT('',(6.253857376235,0.935402874722));
#7175 = CARTESIAN_POINT('',(6.254228685727,0.928369053405));
#7176 = CARTESIAN_POINT('',(6.254542794911,0.921343019857));
#7177 = CARTESIAN_POINT('',(6.254811208473,0.914322914572));
#7178 = CARTESIAN_POINT('',(6.255038852784,0.907308588951));
#7179 = CARTESIAN_POINT('',(6.255216237751,0.900303657551));
#7180 = CARTESIAN_POINT('',(6.255332765441,0.893312017042));
#7181 = CARTESIAN_POINT('',(6.255411185476,0.886328831831));
#7182 = ( GEOMETRIC_REPRESENTATION_CONTEXT(2) 
PARAMETRIC_REPRESENTATION_CONTEXT() REPRESENTATION_CONTEXT('2D SPACE',''
  ) );
#7183 = PCURVE('',#3373,#7184);
#7184 = DEFINITIONAL_REPRESENTATION('',(#7185),#7272);
#7185 = B_SPLINE_CURVE_WITH_KNOTS('',8,(#7186,#7187,#7188,#7189,#7190,
    #7191,#7192,#7193,#7194,#7195,#7196,#7197,#7198,#7199,#7200,#7201,
    #7202,#7203,#7204,#7205,#7206,#7207,#7208,#7209,#7210,#7211,#7212,
    #7213,#7214,#7215,#7216,#7217,#7218,#7219,#7220,#7221,#7222,#7223,
    #7224,#7225,#7226,#7227,#7228,#7229,#7230,#7231,#7232,#7233,#7234,
    #7235,#7236,#7237,#7238,#7239,#7240,#7241,#7242,#7243,#7244,#7245,
    #7246,#7247,#7248,#7249,#7250,#7251,#7252,#7253,#7254,#7255,#7256,
    #7257,#7258,#7259,#7260,#7261,#7262,#7263,#7264,#7265,#7266,#7267,
    #7268,#7269,#7270,#7271),.UNSPECIFIED.,.F.,.F.,(9,7,7,7,7,7,7,7,7,7,
    7,7,9),(0.,0.183423021112,0.255177800713,0.319743492843,
    0.362682970741,0.405622364338,0.548995559349,0.703170999392,
    0.848116566587,0.89112068674,0.934124902764,0.966377830987,1.),
  .UNSPECIFIED.);
#7186 = CARTESIAN_POINT('',(-3.554794616654,-14.85417808355));
#7187 = CARTESIAN_POINT('',(-3.482820289635,-14.77863902131));
#7188 = CARTESIAN_POINT('',(-3.409572639829,-14.70556899048));
#7189 = CARTESIAN_POINT('',(-3.335099220975,-14.63524755236));
#7190 = CARTESIAN_POINT('',(-3.25947611246,-14.567761564));
#7191 = CARTESIAN_POINT('',(-3.182802977146,-14.50302190563));
#7192 = CARTESIAN_POINT('',(-3.105212554037,-14.44075467592));
#7193 = CARTESIAN_POINT('',(-3.026895285761,-14.38050884527));
#7194 = CARTESIAN_POINT('',(-2.917330758896,-14.29872518169));
#7195 = CARTESIAN_POINT('',(-2.886450256135,-14.27594803172));
#7196 = CARTESIAN_POINT('',(-2.855512548886,-14.25335528469));
#7197 = CARTESIAN_POINT('',(-2.824532121715,-14.23090716474));
#7198 = CARTESIAN_POINT('',(-2.79352384667,-14.2085605029));
#7199 = CARTESIAN_POINT('',(-2.762503162449,-14.18626949676));
#7200 = CARTESIAN_POINT('',(-2.731486253583,-14.16398647025));
#7201 = CARTESIAN_POINT('',(-2.672599686958,-14.12157541425));
#7202 = CARTESIAN_POINT('',(-2.644725676914,-14.10145489486));
#7203 = CARTESIAN_POINT('',(-2.616880587623,-14.08126557721));
#7204 = CARTESIAN_POINT('',(-2.589077007211,-14.06097098969));
#7205 = CARTESIAN_POINT('',(-2.561327799904,-14.04053430648));
#7206 = CARTESIAN_POINT('',(-2.533646182152,-14.019918967));
#7207 = CARTESIAN_POINT('',(-2.506045798747,-13.99908929527));
#7208 = CARTESIAN_POINT('',(-2.460248571411,-13.96399305745));
#7209 = CARTESIAN_POINT('',(-2.441993976537,-13.94986002649));
#7210 = CARTESIAN_POINT('',(-2.423771263604,-13.93559901955));
#7211 = CARTESIAN_POINT('',(-2.405562391012,-13.92122972418));
#7212 = CARTESIAN_POINT('',(-2.387364234901,-13.90672930392));
#7213 = CARTESIAN_POINT('',(-2.369159137614,-13.89211428462));
#7214 = CARTESIAN_POINT('',(-2.350937706626,-13.87737544141));
#7215 = CARTESIAN_POINT('',(-2.314434315707,-13.84765490235));
#7216 = CARTESIAN_POINT('',(-2.296152114582,-13.83267250014));
#7217 = CARTESIAN_POINT('',(-2.277826426657,-13.81756780958));
#7218 = CARTESIAN_POINT('',(-2.259443108054,-13.80234036824));
#7219 = CARTESIAN_POINT('',(-2.240986621714,-13.78698956916));
#7220 = CARTESIAN_POINT('',(-2.222439824881,-13.77151483751));
#7221 = CARTESIAN_POINT('',(-2.203783756584,-13.75591580741));
#7222 = CARTESIAN_POINT('',(-2.122270494465,-13.68769289785));
#7223 = CARTESIAN_POINT('',(-2.059685758087,-13.63514272089));
#7224 = CARTESIAN_POINT('',(-1.9968542014,-13.58288973503));
#7225 = CARTESIAN_POINT('',(-1.933466365374,-13.53149865575));
#7226 = CARTESIAN_POINT('',(-1.869235287534,-13.48178907012));
#7227 = CARTESIAN_POINT('',(-1.803858508257,-13.43489819508));
#7228 = CARTESIAN_POINT('',(-1.736973803529,-13.39233234795));
#7229 = CARTESIAN_POINT('',(-1.594002352777,-13.3168700715));
#7230 = CARTESIAN_POINT('',(-1.516343417708,-13.2842787962));
#7231 = CARTESIAN_POINT('',(-1.436669058414,-13.26218964058));
#7232 = CARTESIAN_POINT('',(-1.356077258731,-13.25382722415));
#7233 = CARTESIAN_POINT('',(-1.275443425882,-13.26091668957));
#7234 = CARTESIAN_POINT('',(-1.195644216521,-13.2819161932));
#7235 = CARTESIAN_POINT('',(-1.117795352656,-13.3136597514));
#7236 = CARTESIAN_POINT('',(-0.973654547909,-13.38831363062));
#7237 = CARTESIAN_POINT('',(-0.905883872445,-13.43099419723));
#7238 = CARTESIAN_POINT('',(-0.839678099507,-13.47821077262));
#7239 = CARTESIAN_POINT('',(-0.774663863633,-13.52837795522));
#7240 = CARTESIAN_POINT('',(-0.710529209155,-13.58030181477));
#7241 = CARTESIAN_POINT('',(-0.646977437221,-13.6331266414));
#7242 = CARTESIAN_POINT('',(-0.583686063595,-13.6862662421));
#7243 = CARTESIAN_POINT('',(-0.501423810621,-13.75511902003));
#7244 = CARTESIAN_POINT('',(-0.482735488225,-13.7707463835));
#7245 = CARTESIAN_POINT('',(-0.464159511038,-13.78624737884));
#7246 = CARTESIAN_POINT('',(-0.445676514113,-13.80162260033));
#7247 = CARTESIAN_POINT('',(-0.427269024964,-13.81687282041));
#7248 = CARTESIAN_POINT('',(-0.408921246021,-13.83199880894));
#7249 = CARTESIAN_POINT('',(-0.390618837069,-13.84700115229));
#7250 = CARTESIAN_POINT('',(-0.354078517602,-13.87675902598));
#7251 = CARTESIAN_POINT('',(-0.335840322694,-13.8915152449));
#7252 = CARTESIAN_POINT('',(-0.31762011016,-13.90614675041));
#7253 = CARTESIAN_POINT('',(-0.29940801959,-13.92066185146));
#7254 = CARTESIAN_POINT('',(-0.281186996196,-13.93504609295));
#7255 = CARTESIAN_POINT('',(-0.262952857907,-13.94931970125));
#7256 = CARTESIAN_POINT('',(-0.244688424229,-13.96346556037));
#7257 = CARTESIAN_POINT('',(-0.212661519421,-13.98801708413));
#7258 = CARTESIAN_POINT('',(-0.198915944467,-13.99847400435));
#7259 = CARTESIAN_POINT('',(-0.185150198322,-14.00887174972));
#7260 = CARTESIAN_POINT('',(-0.171363914103,-14.01921626268));
#7261 = CARTESIAN_POINT('',(-0.15755671377,-14.02951348522));
#7262 = CARTESIAN_POINT('',(-0.143728208129,-14.03976935884));
#7263 = CARTESIAN_POINT('',(-0.129877996826,-14.04998982457));
#7264 = CARTESIAN_POINT('',(-0.101544414816,-14.07080446209));
#7265 = CARTESIAN_POINT('',(-8.706829616559E-02,-14.08138934431));
#7266 = CARTESIAN_POINT('',(-7.25789504987E-02,-14.09194075963));
#7267 = CARTESIAN_POINT('',(-5.807845648306E-02,-14.10246368474));
#7268 = CARTESIAN_POINT('',(-4.356871270295E-02,-14.11296320449));
#7269 = CARTESIAN_POINT('',(-2.905127294652E-02,-14.12344460873));
#7270 = CARTESIAN_POINT('',(-1.452763743587E-02,-14.13391316425));
#7271 = CARTESIAN_POINT('',(0.,-14.14437356198));
#7272 = ( GEOMETRIC_REPRESENTATION_CONTEXT(2) 
PARAMETRIC_REPRESENTATION_CONTEXT() REPRESENTATION_CONTEXT('2D SPACE',''
  ) );
#7273 = ORIENTED_EDGE('',*,*,#7274,.T.);
#7274 = EDGE_CURVE('',#7003,#2725,#7275,.T.);
#7275 = SURFACE_CURVE('',#7276,(#7299,#7325),.PCURVE_S1.);
#7276 = B_SPLINE_CURVE_WITH_KNOTS('',6,(#7277,#7278,#7279,#7280,#7281,
    #7282,#7283,#7284,#7285,#7286,#7287,#7288,#7289,#7290,#7291,#7292,
    #7293,#7294,#7295,#7296,#7297,#7298),.UNSPECIFIED.,.F.,.F.,(7,5,5,5,
    7),(0.,0.24178534575,0.773038725293,0.892103038252,1.),
  .UNSPECIFIED.);
#7277 = CARTESIAN_POINT('',(-0.25,-9.,14.144373561983));
#7278 = CARTESIAN_POINT('',(-0.25,-9.071847318559,14.173935009711));
#7279 = CARTESIAN_POINT('',(-0.253539678162,-9.143756933318,
    14.20342944166));
#7280 = CARTESIAN_POINT('',(-0.260630563092,-9.215428933795,
    14.232990571508));
#7281 = CARTESIAN_POINT('',(-0.271239355425,-9.286569284045,
    14.26274680274));
#7282 = CARTESIAN_POINT('',(-0.285292152132,-9.356896091124,
    14.292814379128));
#7283 = CARTESIAN_POINT('',(-0.340880517975,-9.578302245337,
    14.390253075306));
#7284 = CARTESIAN_POINT('',(-0.395190064404,-9.725310566126,
    14.459210138272));
#7285 = CARTESIAN_POINT('',(-0.464427868987,-9.864257579036,
    14.531157150596));
#7286 = CARTESIAN_POINT('',(-0.546585986828,-9.993012026879,
    14.606776259119));
#7287 = CARTESIAN_POINT('',(-0.639421479974,-10.11022262342,
    14.686249301579));
#7288 = CARTESIAN_POINT('',(-0.763383060592,-10.23868754643,
    14.787906057472));
#7289 = CARTESIAN_POINT('',(-0.786712473865,-10.26180943731,
    14.80686975747));
#7290 = CARTESIAN_POINT('',(-0.81067540081,-10.28451449576,
    14.826196831873));
#7291 = CARTESIAN_POINT('',(-0.835272226646,-10.30678383849,
    14.845898909772));
#7292 = CARTESIAN_POINT('',(-0.860503944211,-10.32859824434,
    14.865987607381));
#7293 = CARTESIAN_POINT('',(-0.909814117112,-10.36927653872,
    14.90503992718));
#7294 = CARTESIAN_POINT('',(-0.93355892401,-10.38804379229,
    14.923758070619));
#7295 = CARTESIAN_POINT('',(-0.957588425416,-10.40623822465,
    14.942625439027));
#7296 = CARTESIAN_POINT('',(-0.981885468702,-10.42385910427,
    14.961637696138));
#7297 = CARTESIAN_POINT('',(-1.006433897835,-10.44090665852,
    14.980789688734));
#7298 = CARTESIAN_POINT('',(-1.031218553386,-10.45738207368,
    15.000075446653));
#7299 = PCURVE('',#3134,#7300);
#7300 = DEFINITIONAL_REPRESENTATION('',(#7301),#7324);
#7301 = B_SPLINE_CURVE_WITH_KNOTS('',6,(#7302,#7303,#7304,#7305,#7306,
    #7307,#7308,#7309,#7310,#7311,#7312,#7313,#7314,#7315,#7316,#7317,
    #7318,#7319,#7320,#7321,#7322,#7323),.UNSPECIFIED.,.F.,.F.,(7,5,5,5,
    7),(0.,0.24178534575,0.773038725293,0.892103038252,1.),
  .UNSPECIFIED.);
#7302 = CARTESIAN_POINT('',(6.255414670586,0.886327882123));
#7303 = CARTESIAN_POINT('',(6.255636250597,0.866593159745));
#7304 = CARTESIAN_POINT('',(6.255460775974,0.846949422561));
#7305 = CARTESIAN_POINT('',(6.254900328425,0.827423745077));
#7306 = CARTESIAN_POINT('',(6.253971224431,0.808040397894));
#7307 = CARTESIAN_POINT('',(6.25269273288,0.788821672509));
#7308 = CARTESIAN_POINT('',(6.247555006392,0.727969266244));
#7309 = CARTESIAN_POINT('',(6.242437265331,0.687032603058));
#7310 = CARTESIAN_POINT('',(6.235956863668,0.647232958812));
#7311 = CARTESIAN_POINT('',(6.228376118659,0.608704774931));
#7312 = CARTESIAN_POINT('',(6.219923815573,0.571551612227));
#7313 = CARTESIAN_POINT('',(6.208759322269,0.527878090981));
#7314 = CARTESIAN_POINT('',(6.206662751493,0.519882140539));
#7315 = CARTESIAN_POINT('',(6.204513861493,0.51188626724));
#7316 = CARTESIAN_POINT('',(6.202312723945,0.503890475606));
#7317 = CARTESIAN_POINT('',(6.200059297333,0.495894774057));
#7318 = CARTESIAN_POINT('',(6.195663830123,0.480653503766));
#7319 = CARTESIAN_POINT('',(6.193550797047,0.473474596909));
#7320 = CARTESIAN_POINT('',(6.191415743872,0.466365260129));
#7321 = CARTESIAN_POINT('',(6.189260010915,0.459326459331));
#7322 = CARTESIAN_POINT('',(6.187084862648,0.452357320527));
#7323 = CARTESIAN_POINT('',(6.184891487704,0.445455129841));
#7324 = ( GEOMETRIC_REPRESENTATION_CONTEXT(2) 
PARAMETRIC_REPRESENTATION_CONTEXT() REPRESENTATION_CONTEXT('2D SPACE',''
  ) );
#7325 = PCURVE('',#3373,#7326);
#7326 = DEFINITIONAL_REPRESENTATION('',(#7327),#7350);
#7327 = B_SPLINE_CURVE_WITH_KNOTS('',6,(#7328,#7329,#7330,#7331,#7332,
    #7333,#7334,#7335,#7336,#7337,#7338,#7339,#7340,#7341,#7342,#7343,
    #7344,#7345,#7346,#7347,#7348,#7349),.UNSPECIFIED.,.F.,.F.,(7,5,5,5,
    7),(0.,0.24178534575,0.773038725293,0.892103038252,1.),
  .UNSPECIFIED.);
#7328 = CARTESIAN_POINT('',(-6.28318530718,-14.14437356198));
#7329 = CARTESIAN_POINT('',(-6.242129696575,-14.17393500971));
#7330 = CARTESIAN_POINT('',(-6.20103850821,-14.20342944166));
#7331 = CARTESIAN_POINT('',(-6.159958454329,-14.2329905715));
#7332 = CARTESIAN_POINT('',(-6.118932126217,-14.26274680274));
#7333 = CARTESIAN_POINT('',(-6.077999620835,-14.29281437912));
#7334 = CARTESIAN_POINT('',(-5.947555166736,-14.3902530753));
#7335 = CARTESIAN_POINT('',(-5.858522350293,-14.45921013827));
#7336 = CARTESIAN_POINT('',(-5.770581023774,-14.53115715059));
#7337 = CARTESIAN_POINT('',(-5.683993627675,-14.60677625911));
#7338 = CARTESIAN_POINT('',(-5.59896040668,-14.68624930157));
#7339 = CARTESIAN_POINT('',(-5.496948466741,-14.78790605747));
#7340 = CARTESIAN_POINT('',(-5.478183765996,-14.80686975747));
#7341 = CARTESIAN_POINT('',(-5.459327410381,-14.82619683187));
#7342 = CARTESIAN_POINT('',(-5.440374700029,-14.84589890977));
#7343 = CARTESIAN_POINT('',(-5.421320186251,-14.86598760738));
#7344 = CARTESIAN_POINT('',(-5.384792458856,-14.90503992718));
#7345 = CARTESIAN_POINT('',(-5.367501432665,-14.92375807061));
#7346 = CARTESIAN_POINT('',(-5.350283792662,-14.94262543902));
#7347 = CARTESIAN_POINT('',(-5.333138337019,-14.96163769613));
#7348 = CARTESIAN_POINT('',(-5.316063462378,-14.98078968873));
#7349 = CARTESIAN_POINT('',(-5.299057163854,-15.00007544665));
#7350 = ( GEOMETRIC_REPRESENTATION_CONTEXT(2) 
PARAMETRIC_REPRESENTATION_CONTEXT() REPRESENTATION_CONTEXT('2D SPACE',''
  ) );
#7351 = ADVANCED_FACE('',(#7352),#3373,.F.);
#7352 = FACE_BOUND('',#7353,.T.);
#7353 = EDGE_LOOP('',(#7354,#7355,#7376,#7377,#7378,#7379,#7380,#7381));
#7354 = ORIENTED_EDGE('',*,*,#5754,.F.);
#7355 = ORIENTED_EDGE('',*,*,#7356,.T.);
#7356 = EDGE_CURVE('',#5755,#7003,#7357,.T.);
#7357 = SEAM_CURVE('',#7358,(#7362,#7369),.PCURVE_S1.);
#7358 = LINE('',#7359,#7360);
#7359 = CARTESIAN_POINT('',(-0.25,-9.,0.));
#7360 = VECTOR('',#7361,1.);
#7361 = DIRECTION('',(0.,0.,1.));
#7362 = PCURVE('',#3373,#7363);
#7363 = DEFINITIONAL_REPRESENTATION('',(#7364),#7368);
#7364 = LINE('',#7365,#7366);
#7365 = CARTESIAN_POINT('',(-6.28318530718,0.));
#7366 = VECTOR('',#7367,1.);
#7367 = DIRECTION('',(-0.,-1.));
#7368 = ( GEOMETRIC_REPRESENTATION_CONTEXT(2) 
PARAMETRIC_REPRESENTATION_CONTEXT() REPRESENTATION_CONTEXT('2D SPACE',''
  ) );
#7369 = PCURVE('',#3373,#7370);
#7370 = DEFINITIONAL_REPRESENTATION('',(#7371),#7375);
#7371 = LINE('',#7372,#7373);
#7372 = CARTESIAN_POINT('',(-0.,0.));
#7373 = VECTOR('',#7374,1.);
#7374 = DIRECTION('',(-0.,-1.));
#7375 = ( GEOMETRIC_REPRESENTATION_CONTEXT(2) 
PARAMETRIC_REPRESENTATION_CONTEXT() REPRESENTATION_CONTEXT('2D SPACE',''
  ) );
#7376 = ORIENTED_EDGE('',*,*,#7002,.F.);
#7377 = ORIENTED_EDGE('',*,*,#6967,.F.);
#7378 = ORIENTED_EDGE('',*,*,#3352,.F.);
#7379 = ORIENTED_EDGE('',*,*,#7274,.F.);
#7380 = ORIENTED_EDGE('',*,*,#7356,.F.);
#7381 = ORIENTED_EDGE('',*,*,#5902,.F.);
#7382 = ADVANCED_FACE('',(#7383),#1859,.T.);
#7383 = FACE_BOUND('',#7384,.T.);
#7384 = EDGE_LOOP('',(#7385,#7386,#7387,#7419,#7754,#7826,#7827));
#7385 = ORIENTED_EDGE('',*,*,#6938,.F.);
#7386 = ORIENTED_EDGE('',*,*,#2110,.F.);
#7387 = ORIENTED_EDGE('',*,*,#7388,.T.);
#7388 = EDGE_CURVE('',#2078,#7389,#7391,.T.);
#7389 = VERTEX_POINT('',#7390);
#7390 = CARTESIAN_POINT('',(0.879124154339,-10.3439260912,
    14.880730802949));
#7391 = SURFACE_CURVE('',#7392,(#7399,#7409),.PCURVE_S1.);
#7392 = B_SPLINE_CURVE_WITH_KNOTS('',5,(#7393,#7394,#7395,#7396,#7397,
    #7398),.UNSPECIFIED.,.F.,.F.,(6,6),(0.,1.),
  .PIECEWISE_BEZIER_KNOTS.);
#7393 = CARTESIAN_POINT('',(1.031218553386,-10.45738207368,
    15.000075446653));
#7394 = CARTESIAN_POINT('',(0.999941657178,-10.43659087863,
    14.975738292803));
#7395 = CARTESIAN_POINT('',(0.969055434542,-10.41485010393,
    14.951620301435));
#7396 = CARTESIAN_POINT('',(0.938599649107,-10.3921593584,14.92774365314
    ));
#7397 = CARTESIAN_POINT('',(0.90860722134,-10.36851587919,
    14.904109283051));
#7398 = CARTESIAN_POINT('',(0.879124154339,-10.3439260912,
    14.880730802949));
#7399 = PCURVE('',#1859,#7400);
#7400 = DEFINITIONAL_REPRESENTATION('',(#7401),#7408);
#7401 = B_SPLINE_CURVE_WITH_KNOTS('',5,(#7402,#7403,#7404,#7405,#7406,
    #7407),.UNSPECIFIED.,.F.,.F.,(6,6),(0.,1.),
  .PIECEWISE_BEZIER_KNOTS.);
#7402 = CARTESIAN_POINT('',(9.829396726077E-02,0.445460830831));
#7403 = CARTESIAN_POINT('',(9.552604386466E-02,0.454170970295));
#7404 = CARTESIAN_POINT('',(9.27876020812E-02,0.46296729843));
#7405 = CARTESIAN_POINT('',(9.008396916543E-02,0.471938814994));
#7406 = CARTESIAN_POINT('',(8.741490653187E-02,0.480980188388));
#7407 = CARTESIAN_POINT('',(8.47856584395E-02,0.490145933076));
#7408 = ( GEOMETRIC_REPRESENTATION_CONTEXT(2) 
PARAMETRIC_REPRESENTATION_CONTEXT() REPRESENTATION_CONTEXT('2D SPACE',''
  ) );
#7409 = PCURVE('',#2098,#7410);
#7410 = DEFINITIONAL_REPRESENTATION('',(#7411),#7418);
#7411 = B_SPLINE_CURVE_WITH_KNOTS('',5,(#7412,#7413,#7414,#7415,#7416,
    #7417),.UNSPECIFIED.,.F.,.F.,(6,6),(0.,1.),
  .PIECEWISE_BEZIER_KNOTS.);
#7412 = CARTESIAN_POINT('',(-4.125720796915,-15.00007544665));
#7413 = CARTESIAN_POINT('',(-4.104259731815,-14.9757382928));
#7414 = CARTESIAN_POINT('',(-4.082684192107,-14.95162030143));
#7415 = CARTESIAN_POINT('',(-4.060992391622,-14.92774365314));
#7416 = CARTESIAN_POINT('',(-4.039177197227,-14.90410928305));
#7417 = CARTESIAN_POINT('',(-4.017239185015,-14.88073080294));
#7418 = ( GEOMETRIC_REPRESENTATION_CONTEXT(2) 
PARAMETRIC_REPRESENTATION_CONTEXT() REPRESENTATION_CONTEXT('2D SPACE',''
  ) );
#7419 = ORIENTED_EDGE('',*,*,#7420,.T.);
#7420 = EDGE_CURVE('',#7389,#7421,#7423,.T.);
#7421 = VERTEX_POINT('',#7422);
#7422 = CARTESIAN_POINT('',(3.75,-9.,14.472086682436));
#7423 = SURFACE_CURVE('',#7424,(#7532,#7643),.PCURVE_S1.);
#7424 = B_SPLINE_CURVE_WITH_KNOTS('',8,(#7425,#7426,#7427,#7428,#7429,
    #7430,#7431,#7432,#7433,#7434,#7435,#7436,#7437,#7438,#7439,#7440,
    #7441,#7442,#7443,#7444,#7445,#7446,#7447,#7448,#7449,#7450,#7451,
    #7452,#7453,#7454,#7455,#7456,#7457,#7458,#7459,#7460,#7461,#7462,
    #7463,#7464,#7465,#7466,#7467,#7468,#7469,#7470,#7471,#7472,#7473,
    #7474,#7475,#7476,#7477,#7478,#7479,#7480,#7481,#7482,#7483,#7484,
    #7485,#7486,#7487,#7488,#7489,#7490,#7491,#7492,#7493,#7494,#7495,
    #7496,#7497,#7498,#7499,#7500,#7501,#7502,#7503,#7504,#7505,#7506,
    #7507,#7508,#7509,#7510,#7511,#7512,#7513,#7514,#7515,#7516,#7517,
    #7518,#7519,#7520,#7521,#7522,#7523,#7524,#7525,#7526,#7527,#7528,
    #7529,#7530,#7531),.UNSPECIFIED.,.F.,.F.,(9,7,7,7,7,7,7,7,7,7,7,7,7,
    7,7,9),(0.,0.165247200655,0.224739701796,0.280216018815,
    0.317100017799,0.357721235525,0.453449410773,0.523434399697,
    0.596452108805,0.750742969441,0.789126357336,0.82750985735,
    0.888428996784,0.950430757268,0.973842802566,1.),.UNSPECIFIED.);
#7425 = CARTESIAN_POINT('',(0.879124154339,-10.3439260912,
    14.880730802949));
#7426 = CARTESIAN_POINT('',(0.778210395679,-10.25976090137,
    14.800711641483));
#7427 = CARTESIAN_POINT('',(0.682636104014,-10.16536527788,
    14.723336088165));
#7428 = CARTESIAN_POINT('',(0.593796106157,-10.06094209019,
    14.648966881418));
#7429 = CARTESIAN_POINT('',(0.513175107504,-9.946971272416,
    14.577733615815));
#7430 = CARTESIAN_POINT('',(0.442255906877,-9.824246253499,
    14.509556906687));
#7431 = CARTESIAN_POINT('',(0.38243845611,-9.693926810438,
    14.444134668135));
#7432 = CARTESIAN_POINT('',(0.334915676671,-9.557579486164,
    14.380948654013));
#7433 = CARTESIAN_POINT('',(0.288044270576,-9.366628734695,
    14.297172376062));
#7434 = CARTESIAN_POINT('',(0.277327412823,-9.315547596517,
    14.275197719191));
#7435 = CARTESIAN_POINT('',(0.268336716462,-9.264019965174,
    14.25339317393));
#7436 = CARTESIAN_POINT('',(0.261100553731,-9.212135988428,
    14.231722905306));
#7437 = CARTESIAN_POINT('',(0.255639928248,-9.159988713955,
    14.210148145188));
#7438 = CARTESIAN_POINT('',(0.251968078282,-9.107673507175,
    14.188627827239));
#7439 = CARTESIAN_POINT('',(0.250090080033,-9.055287469099,
    14.167119221867));
#7440 = CARTESIAN_POINT('',(0.249920737405,-8.954104833229,
    14.125492073819));
#7441 = CARTESIAN_POINT('',(0.251395815041,-8.905304042643,
    14.105377474285));
#7442 = CARTESIAN_POINT('',(0.254424971462,-8.856606003112,
    14.085199349993));
#7443 = CARTESIAN_POINT('',(0.258998986751,-8.808090352604,
    14.06492125492));
#7444 = CARTESIAN_POINT('',(0.265102141986,-8.759836281722,
    14.044506337418));
#7445 = CARTESIAN_POINT('',(0.272712227781,-8.711921969086,
    14.02391795803));
#7446 = CARTESIAN_POINT('',(0.281800552843,-8.664424016707,
    14.003120307318));
#7447 = CARTESIAN_POINT('',(0.29933386172,-8.586163711449,
    13.968089510201));
#7448 = CARTESIAN_POINT('',(0.306975019258,-8.555121635045,
    13.953990149713));
#7449 = CARTESIAN_POINT('',(0.31524712843,-8.524304198018,
    13.939755189528));
#7450 = CARTESIAN_POINT('',(0.32415206703,-8.493685025119,
    13.925420470699));
#7451 = CARTESIAN_POINT('',(0.333683811741,-8.463283937281,
    13.910948164383));
#7452 = CARTESIAN_POINT('',(0.343846718663,-8.433079979964,
    13.896364911407));
#7453 = CARTESIAN_POINT('',(0.354642343048,-8.403076589504,
    13.881656781358));
#7454 = CARTESIAN_POINT('',(0.378669653891,-8.340436261314,
    13.850495589421));
#7455 = CARTESIAN_POINT('',(0.3919945624,-8.307952201918,13.834071410776
    ));
#7456 = CARTESIAN_POINT('',(0.406042159572,-8.275824987364,
    13.817566015739));
#7457 = CARTESIAN_POINT('',(0.420803849305,-8.244064385739,
    13.800991306095));
#7458 = CARTESIAN_POINT('',(0.436271892302,-8.212679467926,
    13.784360072715));
#7459 = CARTESIAN_POINT('',(0.452439580172,-8.181678657612,
    13.767686069456));
#7460 = CARTESIAN_POINT('',(0.469301409543,-8.151069781294,
    13.750984087058));
#7461 = CARTESIAN_POINT('',(0.528216030185,-8.049667867625,
    13.69488158533));
#7462 = CARTESIAN_POINT('',(0.573388584031,-7.98073153178,
    13.655447558757));
#7463 = CARTESIAN_POINT('',(0.622336249992,-7.914095357158,
    13.616150467029));
#7464 = CARTESIAN_POINT('',(0.675058652107,-7.849840034309,
    13.577231412151));
#7465 = CARTESIAN_POINT('',(0.731583889185,-7.788072412935,
    13.538998092198));
#7466 = CARTESIAN_POINT('',(0.791974538731,-7.728923994473,
    13.501836571789));
#7467 = CARTESIAN_POINT('',(0.856345481741,-7.672558202225,
    13.466226809255));
#7468 = CARTESIAN_POINT('',(0.975007693724,-7.580167373841,
    13.408296432181));
#7469 = CARTESIAN_POINT('',(1.027325272454,-7.542771042896,
    13.384991269385));
#7470 = CARTESIAN_POINT('',(1.081911688012,-7.507084908413,
    13.363081582558));
#7471 = CARTESIAN_POINT('',(1.138799865527,-7.473246328584,
    13.342854463676));
#7472 = CARTESIAN_POINT('',(1.197983940504,-7.441437127,13.324649289641)
  );
#7473 = CARTESIAN_POINT('',(1.259402271857,-7.411872982728,
    13.308837584431));
#7474 = CARTESIAN_POINT('',(1.322909779324,-7.384787631083,
    13.295782419996));
#7475 = CARTESIAN_POINT('',(1.456400425154,-7.334979823289,
    13.275338733703));
#7476 = CARTESIAN_POINT('',(1.52663569664,-7.312462962092,
    13.268205681742));
#7477 = CARTESIAN_POINT('',(1.598411625694,-7.293224579942,
    13.264763714218));
#7478 = CARTESIAN_POINT('',(1.671193848847,-7.277493623265,
    13.265218940719));
#7479 = CARTESIAN_POINT('',(1.744453353318,-7.265382976556,
    13.269574714995));
#7480 = CARTESIAN_POINT('',(1.817670607382,-7.256903056669,
    13.277638104335));
#7481 = CARTESIAN_POINT('',(1.890337900968,-7.251970721286,
    13.289056179574));
#7482 = CARTESIAN_POINT('',(2.113301529369,-7.247122970423,
    13.33365372131));
#7483 = CARTESIAN_POINT('',(2.259294734757,-7.258917827987,
    13.376770752855));
#7484 = CARTESIAN_POINT('',(2.399213628354,-7.283845154121,
    13.429058764394));
#7485 = CARTESIAN_POINT('',(2.532896152827,-7.320404410578,
    13.487016559447));
#7486 = CARTESIAN_POINT('',(2.660160316301,-7.36753688397,13.54820517067
    ));
#7487 = CARTESIAN_POINT('',(2.780998947569,-7.424426505368,
    13.610935195997));
#7488 = CARTESIAN_POINT('',(2.895573505795,-7.490694232519,
    13.674218156882));
#7489 = CARTESIAN_POINT('',(3.031088583846,-7.585629883921,13.7533614344
    ));
#7490 = CARTESIAN_POINT('',(3.057483480271,-7.604987238777,
    13.769001220681));
#7491 = CARTESIAN_POINT('',(3.083303507388,-7.624786443434,
    13.78451458159));
#7492 = CARTESIAN_POINT('',(3.108570776967,-7.645026193994,
    13.799902112123));
#7493 = CARTESIAN_POINT('',(3.133303209648,-7.665706481417,
    13.815164588908));
#7494 = CARTESIAN_POINT('',(3.157514953109,-7.686828186306,
    13.830302785919));
#7495 = CARTESIAN_POINT('',(3.181216800228,-7.708392673681,
    13.84531729019));
#7496 = CARTESIAN_POINT('',(3.227616482034,-7.752410166139,
    13.875099388372));
#7497 = CARTESIAN_POINT('',(3.250314847378,-7.774863742409,
    13.889867115229));
#7498 = CARTESIAN_POINT('',(3.272519372699,-7.797763432088,
    13.904512992699));
#7499 = CARTESIAN_POINT('',(3.294236469777,-7.821112898313,
    13.919035425839));
#7500 = CARTESIAN_POINT('',(3.315468804159,-7.844914474352,
    13.933436829679));
#7501 = CARTESIAN_POINT('',(3.33621736353,-7.869171498618,13.94771864899
    ));
#7502 = CARTESIAN_POINT('',(3.356482861824,-7.893889888682,
    13.961877889448));
#7503 = CARTESIAN_POINT('',(3.407651903765,-7.959039447024,
    13.998203254462));
#7504 = CARTESIAN_POINT('',(3.437832370077,-8.000196588071,
    14.020207737237));
#7505 = CARTESIAN_POINT('',(3.466726997287,-8.042482760587,
    14.041972340086));
#7506 = CARTESIAN_POINT('',(3.494266227474,-8.085831207013,
    14.06353911431));
#7507 = CARTESIAN_POINT('',(3.520386932378,-8.13016991992,
    14.084951210279));
#7508 = CARTESIAN_POINT('',(3.545032741552,-8.175422306351,
    14.106252065594));
#7509 = CARTESIAN_POINT('',(3.568154370525,-8.221507852171,
    14.127484593248));
#7510 = CARTESIAN_POINT('',(3.611648601128,-8.316010045039,
    14.170273003598));
#7511 = CARTESIAN_POINT('',(3.63196534718,-8.364454253813,
    14.191828221209));
#7512 = CARTESIAN_POINT('',(3.650615856871,-8.413587049253,
    14.213399961274));
#7513 = CARTESIAN_POINT('',(3.66756412182,-8.463317538491,
    14.235031074627));
#7514 = CARTESIAN_POINT('',(3.682782334412,-8.513552998546,
    14.256762688286));
#7515 = CARTESIAN_POINT('',(3.69625076672,-8.564199575602,
    14.278633569455));
#7516 = CARTESIAN_POINT('',(3.707957649413,-8.615162984289,
    14.300679489518));
#7517 = CARTESIAN_POINT('',(3.721652952735,-8.685677273679,
    14.331335422832));
#7518 = CARTESIAN_POINT('',(3.725164696227,-8.705086390342,
    14.339789226546));
#7519 = CARTESIAN_POINT('',(3.728432175191,-8.724573599027,
    14.348296789784));
#7520 = CARTESIAN_POINT('',(3.731453305097,-8.74413589537,
    14.356860902994));
#7521 = CARTESIAN_POINT('',(3.73422602284,-8.763770228555,
    14.365484356463));
#7522 = CARTESIAN_POINT('',(3.736748286739,-8.783473501316,
    14.374169940317));
#7523 = CARTESIAN_POINT('',(3.739018076537,-8.803242569939,
    14.38292044452));
#7524 = CARTESIAN_POINT('',(3.743285013909,-8.845231258476,
    14.401590842696));
#7525 = CARTESIAN_POINT('',(3.745211264754,-8.867390615585,
    14.411493824019));
#7526 = CARTESIAN_POINT('',(3.746813012138,-8.889545137759,
    14.421449709569));
#7527 = CARTESIAN_POINT('',(3.748091343487,-8.911687732876,
    14.431460466735));
#7528 = CARTESIAN_POINT('',(3.749047567453,-8.933811394519,
    14.441527923565));
#7529 = CARTESIAN_POINT('',(3.749683213918,-8.955909201975,
    14.451653768768));
#7530 = CARTESIAN_POINT('',(3.750000033989,-8.977974320237,
    14.461839551715));
#7531 = CARTESIAN_POINT('',(3.75,-9.,14.472086682436));
#7532 = PCURVE('',#1859,#7533);
#7533 = DEFINITIONAL_REPRESENTATION('',(#7534),#7642);
#7534 = B_SPLINE_CURVE_WITH_KNOTS('',8,(#7535,#7536,#7537,#7538,#7539,
    #7540,#7541,#7542,#7543,#7544,#7545,#7546,#7547,#7548,#7549,#7550,
    #7551,#7552,#7553,#7554,#7555,#7556,#7557,#7558,#7559,#7560,#7561,
    #7562,#7563,#7564,#7565,#7566,#7567,#7568,#7569,#7570,#7571,#7572,
    #7573,#7574,#7575,#7576,#7577,#7578,#7579,#7580,#7581,#7582,#7583,
    #7584,#7585,#7586,#7587,#7588,#7589,#7590,#7591,#7592,#7593,#7594,
    #7595,#7596,#7597,#7598,#7599,#7600,#7601,#7602,#7603,#7604,#7605,
    #7606,#7607,#7608,#7609,#7610,#7611,#7612,#7613,#7614,#7615,#7616,
    #7617,#7618,#7619,#7620,#7621,#7622,#7623,#7624,#7625,#7626,#7627,
    #7628,#7629,#7630,#7631,#7632,#7633,#7634,#7635,#7636,#7637,#7638,
    #7639,#7640,#7641),.UNSPECIFIED.,.F.,.F.,(9,7,7,7,7,7,7,7,7,7,7,7,7,
    7,7,9),(0.,0.165247200655,0.224739701796,0.280216018815,
    0.317100017799,0.357721235525,0.453449410773,0.523434399697,
    0.596452108805,0.750742969441,0.789126357336,0.82750985735,
    0.888428996784,0.950430757268,0.973842802566,1.),.UNSPECIFIED.);
#7535 = CARTESIAN_POINT('',(8.47856584395E-02,0.490145933076));
#7536 = CARTESIAN_POINT('',(7.578634681957E-02,0.521518169467));
#7537 = CARTESIAN_POINT('',(6.719990311082E-02,0.554132013152));
#7538 = CARTESIAN_POINT('',(5.914153891367E-02,0.587927585709));
#7539 = CARTESIAN_POINT('',(5.174510004733E-02,0.622850471802));
#7540 = CARTESIAN_POINT('',(4.515872102315E-02,0.658841206435));
#7541 = CARTESIAN_POINT('',(3.954530025846E-02,0.695823944637));
#7542 = CARTESIAN_POINT('',(3.5074609943E-02,0.733687642306));
#7543 = CARTESIAN_POINT('',(3.074871495845E-02,0.786137452297));
#7544 = CARTESIAN_POINT('',(2.977060341982E-02,0.80011484511));
#7545 = CARTESIAN_POINT('',(2.896634147865E-02,0.814178316028));
#7546 = CARTESIAN_POINT('',(2.834242276468E-02,0.828320694084));
#7547 = CARTESIAN_POINT('',(2.790489337518E-02,0.84253450025));
#7548 = CARTESIAN_POINT('',(2.765923233744E-02,0.856811871007));
#7549 = CARTESIAN_POINT('',(2.761023207122E-02,0.871144481907));
#7550 = CARTESIAN_POINT('',(2.790328835134E-02,0.898931772196));
#7551 = CARTESIAN_POINT('',(2.821916665855E-02,0.912380565429));
#7552 = CARTESIAN_POINT('',(2.871274027939E-02,0.925862701141));
#7553 = CARTESIAN_POINT('',(2.938661228806E-02,0.939370809568));
#7554 = CARTESIAN_POINT('',(3.024267403476E-02,0.952897282299));
#7555 = CARTESIAN_POINT('',(3.12820168541E-02,0.966434253697));
#7556 = CARTESIAN_POINT('',(3.250484377348E-02,0.979973582304));
#7557 = CARTESIAN_POINT('',(3.48448672253E-02,1.002504552456));
#7558 = CARTESIAN_POINT('',(3.586029813276E-02,1.011501167201));
#7559 = CARTESIAN_POINT('',(3.695671659085E-02,1.020499330258));
#7560 = CARTESIAN_POINT('',(3.813548318913E-02,1.029495052454));
#7561 = CARTESIAN_POINT('',(3.939686321095E-02,1.03849243152));
#7562 = CARTESIAN_POINT('',(4.074247907107E-02,1.047488420403));
#7563 = CARTESIAN_POINT('',(4.217355096694E-02,1.056484576694));
#7564 = CARTESIAN_POINT('',(4.536404581785E-02,1.075387535728));
#7565 = CARTESIAN_POINT('',(4.713636619163E-02,1.085260745813));
#7566 = CARTESIAN_POINT('',(4.900890385894E-02,1.095093872669));
#7567 = CARTESIAN_POINT('',(5.098173949301E-02,1.104880662934));
#7568 = CARTESIAN_POINT('',(5.305498809218E-02,1.114614655557));
#7569 = CARTESIAN_POINT('',(5.522881810338E-02,1.124289153921));
#7570 = CARTESIAN_POINT('',(5.750347054569E-02,1.133897197966));
#7571 = CARTESIAN_POINT('',(6.547811878615E-02,1.165900208169));
#7572 = CARTESIAN_POINT('',(7.163570830018E-02,1.187947266104));
#7573 = CARTESIAN_POINT('',(7.835897168307E-02,1.209493378295));
#7574 = CARTESIAN_POINT('',(8.565658315302E-02,1.230434356637));
#7575 = CARTESIAN_POINT('',(9.353796485548E-02,1.250640879809));
#7576 = CARTESIAN_POINT('',(0.102013353041,1.269955214967));
#7577 = CARTESIAN_POINT('',(0.111094931707,1.288184938068));
#7578 = CARTESIAN_POINT('',(0.127893512085,1.317455282122));
#7579 = CARTESIAN_POINT('',(0.135316607676,1.329103784096));
#7580 = CARTESIAN_POINT('',(0.143072887887,1.339945326173));
#7581 = CARTESIAN_POINT('',(0.151160448835,1.349863261945));
#7582 = CARTESIAN_POINT('',(0.159568799223,1.358719306414));
#7583 = CARTESIAN_POINT('',(0.168275980086,1.366362238782));
#7584 = CARTESIAN_POINT('',(0.177244920398,1.372644132763));
#7585 = CARTESIAN_POINT('',(0.195990686265,1.382452097888));
#7586 = CARTESIAN_POINT('',(0.2057984357,1.385853912869));
#7587 = CARTESIAN_POINT('',(0.215745666929,1.387487527911));
#7588 = CARTESIAN_POINT('',(0.225733846553,1.387270086525));
#7589 = CARTESIAN_POINT('',(0.235666684085,1.385201381816));
#7590 = CARTESIAN_POINT('',(0.245453560783,1.381359277109));
#7591 = CARTESIAN_POINT('',(0.255012220949,1.375887072599));
#7592 = CARTESIAN_POINT('',(0.28383450928,1.354362577557));
#7593 = CARTESIAN_POINT('',(0.301969931504,1.333379757134));
#7594 = CARTESIAN_POINT('',(0.318519134453,1.307535387879));
#7595 = CARTESIAN_POINT('',(0.333462661419,1.278197776053));
#7596 = CARTESIAN_POINT('',(0.34681447841,1.246355598046));
#7597 = CARTESIAN_POINT('',(0.358631760436,1.212728386974));
#7598 = CARTESIAN_POINT('',(0.36898638484,1.177739314803));
#7599 = CARTESIAN_POINT('',(0.380154328402,1.132526412777));
#7600 = CARTESIAN_POINT('',(0.382273094231,1.123519741908));
#7601 = CARTESIAN_POINT('',(0.384290193237,1.114513631246));
#7602 = CARTESIAN_POINT('',(0.386209335653,1.105508057382));
#7603 = CARTESIAN_POINT('',(0.388033646764,1.096502889129));
#7604 = CARTESIAN_POINT('',(0.389765748625,1.087497995822));
#7605 = CARTESIAN_POINT('',(0.391407841789,1.078493355623));
#7606 = CARTESIAN_POINT('',(0.394515736806,1.060484945721));
#7607 = CARTESIAN_POINT('',(0.395981570133,1.051481003245));
#7608 = CARTESIAN_POINT('',(0.397361131449,1.042477267496));
#7609 = CARTESIAN_POINT('',(0.398655998486,1.03347397447));
#7610 = CARTESIAN_POINT('',(0.399867395467,1.024470880908));
#7611 = CARTESIAN_POINT('',(0.400996316947,1.015467851972));
#7612 = CARTESIAN_POINT('',(0.402043614195,1.006465281177));
#7613 = CARTESIAN_POINT('',(0.404543240377,0.983174808928));
#7614 = CARTESIAN_POINT('',(0.405873181902,0.968877984711));
#7615 = CARTESIAN_POINT('',(0.406998500327,0.954582314937));
#7616 = CARTESIAN_POINT('',(0.407919304253,0.940297418644));
#7617 = CARTESIAN_POINT('',(0.408636815668,0.926032573338));
#7618 = CARTESIAN_POINT('',(0.409153254495,0.911796738975));
#7619 = CARTESIAN_POINT('',(0.409471723146,0.897598581944));
#7620 = CARTESIAN_POINT('',(0.409722669202,0.869042913211));
#7621 = CARTESIAN_POINT('',(0.409648183437,0.854686853113));
#7622 = CARTESIAN_POINT('',(0.409376720345,0.840387199373));
#7623 = CARTESIAN_POINT('',(0.408913169066,0.826152290704));
#7624 = CARTESIAN_POINT('',(0.408263101288,0.811990001811));
#7625 = CARTESIAN_POINT('',(0.407432651215,0.797907821288));
#7626 = CARTESIAN_POINT('',(0.406428395536,0.783912929519));
#7627 = CARTESIAN_POINT('',(0.404814999168,0.764763349548));
#7628 = CARTESIAN_POINT('',(0.404347839664,0.759514475965));
#7629 = CARTESIAN_POINT('',(0.403855873581,0.754265654832));
#7630 = CARTESIAN_POINT('',(0.40333922004,0.749016885152));
#7631 = CARTESIAN_POINT('',(0.402797998592,0.743768165928));
#7632 = CARTESIAN_POINT('',(0.402232329218,0.738519496164));
#7633 = CARTESIAN_POINT('',(0.401642332328,0.73327087486));
#7634 = CARTESIAN_POINT('',(0.40034190747,0.722158311754));
#7635 = CARTESIAN_POINT('',(0.399628486727,0.716314123553));
#7636 = CARTESIAN_POINT('',(0.39888760465,0.710490612669));
#7637 = CARTESIAN_POINT('',(0.398119378085,0.704688464588));
#7638 = CARTESIAN_POINT('',(0.397324302608,0.698908174028));
#7639 = CARTESIAN_POINT('',(0.396503252519,0.693150044936));
#7640 = CARTESIAN_POINT('',(0.395657480848,0.687414190492));
#7641 = CARTESIAN_POINT('',(0.394788619353,0.681700533107));
#7642 = ( GEOMETRIC_REPRESENTATION_CONTEXT(2) 
PARAMETRIC_REPRESENTATION_CONTEXT() REPRESENTATION_CONTEXT('2D SPACE',''
  ) );
#7643 = PCURVE('',#2098,#7644);
#7644 = DEFINITIONAL_REPRESENTATION('',(#7645),#7753);
#7645 = B_SPLINE_CURVE_WITH_KNOTS('',8,(#7646,#7647,#7648,#7649,#7650,
    #7651,#7652,#7653,#7654,#7655,#7656,#7657,#7658,#7659,#7660,#7661,
    #7662,#7663,#7664,#7665,#7666,#7667,#7668,#7669,#7670,#7671,#7672,
    #7673,#7674,#7675,#7676,#7677,#7678,#7679,#7680,#7681,#7682,#7683,
    #7684,#7685,#7686,#7687,#7688,#7689,#7690,#7691,#7692,#7693,#7694,
    #7695,#7696,#7697,#7698,#7699,#7700,#7701,#7702,#7703,#7704,#7705,
    #7706,#7707,#7708,#7709,#7710,#7711,#7712,#7713,#7714,#7715,#7716,
    #7717,#7718,#7719,#7720,#7721,#7722,#7723,#7724,#7725,#7726,#7727,
    #7728,#7729,#7730,#7731,#7732,#7733,#7734,#7735,#7736,#7737,#7738,
    #7739,#7740,#7741,#7742,#7743,#7744,#7745,#7746,#7747,#7748,#7749,
    #7750,#7751,#7752),.UNSPECIFIED.,.F.,.F.,(9,7,7,7,7,7,7,7,7,7,7,7,7,
    7,7,9),(0.,0.165247200655,0.224739701796,0.280216018815,
    0.317100017799,0.357721235525,0.453449410773,0.523434399697,
    0.596452108805,0.750742969441,0.789126357336,0.82750985735,
    0.888428996784,0.950430757268,0.973842802566,1.),.UNSPECIFIED.);
#7646 = CARTESIAN_POINT('',(-4.017239185015,-14.88073080294));
#7647 = CARTESIAN_POINT('',(-3.942150413897,-14.80071164148));
#7648 = CARTESIAN_POINT('',(-3.865660341283,-14.72333608816));
#7649 = CARTESIAN_POINT('',(-3.787810762613,-14.64896688141));
#7650 = CARTESIAN_POINT('',(-3.708680927734,-14.57773361581));
#7651 = CARTESIAN_POINT('',(-3.628378237038,-14.50955690668));
#7652 = CARTESIAN_POINT('',(-3.547048821599,-14.44413466813));
#7653 = CARTESIAN_POINT('',(-3.464908795299,-14.38094865401));
#7654 = CARTESIAN_POINT('',(-3.35255495454,-14.29717237606));
#7655 = CARTESIAN_POINT('',(-3.322747378697,-14.27519771919));
#7656 = CARTESIAN_POINT('',(-3.292887088501,-14.25339317393));
#7657 = CARTESIAN_POINT('',(-3.262987121945,-14.2317229053));
#7658 = CARTESIAN_POINT('',(-3.233060856316,-14.21014814518));
#7659 = CARTESIAN_POINT('',(-3.20312215858,-14.18862782723));
#7660 = CARTESIAN_POINT('',(-3.173185535759,-14.16711922186));
#7661 = CARTESIAN_POINT('',(-3.115366805714,-14.12549207381));
#7662 = CARTESIAN_POINT('',(-3.087482088261,-14.10537747428));
#7663 = CARTESIAN_POINT('',(-3.059624482926,-14.08519934999));
#7664 = CARTESIAN_POINT('',(-3.031806540065,-14.06492125492));
#7665 = CARTESIAN_POINT('',(-3.004041087341,-14.04450633741));
#7666 = CARTESIAN_POINT('',(-2.976341306635,-14.02391795803));
#7667 = CARTESIAN_POINT('',(-2.948720810957,-14.00312030731));
#7668 = CARTESIAN_POINT('',(-2.902892053212,-13.9680895102));
#7669 = CARTESIAN_POINT('',(-2.884628236284,-13.95399014971));
#7670 = CARTESIAN_POINT('',(-2.86640151477,-13.93975518952));
#7671 = CARTESIAN_POINT('',(-2.848187782937,-13.92542047069));
#7672 = CARTESIAN_POINT('',(-2.82998975197,-13.91094816438));
#7673 = CARTESIAN_POINT('',(-2.811786074208,-13.8963649114));
#7674 = CARTESIAN_POINT('',(-2.793569189897,-13.88165678135));
#7675 = CARTESIAN_POINT('',(-2.755231815871,-13.85049558942));
#7676 = CARTESIAN_POINT('',(-2.735173819292,-13.83407141077));
#7677 = CARTESIAN_POINT('',(-2.715145943142,-13.81756601573));
#7678 = CARTESIAN_POINT('',(-2.695142985703,-13.80099130609));
#7679 = CARTESIAN_POINT('',(-2.675159329093,-13.78436007271));
#7680 = CARTESIAN_POINT('',(-2.655188861204,-13.76768606945));
#7681 = CARTESIAN_POINT('',(-2.635224897641,-13.75098408705));
#7682 = CARTESIAN_POINT('',(-2.568210965197,-13.69488158533));
#7683 = CARTESIAN_POINT('',(-2.521182582451,-13.65544755875));
#7684 = CARTESIAN_POINT('',(-2.474049004769,-13.61615046702));
#7685 = CARTESIAN_POINT('',(-2.426690579278,-13.57723141215));
#7686 = CARTESIAN_POINT('',(-2.37898729721,-13.53899809219));
#7687 = CARTESIAN_POINT('',(-2.330808236577,-13.50183657178));
#7688 = CARTESIAN_POINT('',(-2.281997101189,-13.46622680925));
#7689 = CARTESIAN_POINT('',(-2.196060654387,-13.40829643218));
#7690 = CARTESIAN_POINT('',(-2.159343746062,-13.38499126938));
#7691 = CARTESIAN_POINT('',(-2.122131026693,-13.36308158255));
#7692 = CARTESIAN_POINT('',(-2.084376610302,-13.34285446367));
#7693 = CARTESIAN_POINT('',(-2.046056596643,-13.32464928964));
#7694 = CARTESIAN_POINT('',(-2.007172389653,-13.30883758443));
#7695 = CARTESIAN_POINT('',(-1.967761566941,-13.29578241999));
#7696 = CARTESIAN_POINT('',(-1.886344384296,-13.2753387337));
#7697 = CARTESIAN_POINT('',(-1.844244224573,-13.26820568174));
#7698 = CARTESIAN_POINT('',(-1.801864542979,-13.26476371421));
#7699 = CARTESIAN_POINT('',(-1.759416229899,-13.26521894071));
#7700 = CARTESIAN_POINT('',(-1.717085860903,-13.26957471499));
#7701 = CARTESIAN_POINT('',(-1.675047354078,-13.27763810433));
#7702 = CARTESIAN_POINT('',(-1.633471768094,-13.28905617957));
#7703 = CARTESIAN_POINT('',(-1.506033869296,-13.33365372131));
#7704 = CARTESIAN_POINT('',(-1.422775424428,-13.37677075285));
#7705 = CARTESIAN_POINT('',(-1.342163778347,-13.42905876439));
#7706 = CARTESIAN_POINT('',(-1.263598893269,-13.48701655944));
#7707 = CARTESIAN_POINT('',(-1.186628808649,-13.54820517067));
#7708 = CARTESIAN_POINT('',(-1.110760858368,-13.61093519599));
#7709 = CARTESIAN_POINT('',(-1.035411865152,-13.67421815688));
#7710 = CARTESIAN_POINT('',(-0.940863116406,-13.7533614344));
#7711 = CARTESIAN_POINT('',(-0.922163377321,-13.76900122068));
#7712 = CARTESIAN_POINT('',(-0.903577660944,-13.78451458159));
#7713 = CARTESIAN_POINT('',(-0.885086444952,-13.79990211212));
#7714 = CARTESIAN_POINT('',(-0.86667212721,-13.8151645889));
#7715 = CARTESIAN_POINT('',(-0.848318805365,-13.83030278591));
#7716 = CARTESIAN_POINT('',(-0.830012056458,-13.84531729019));
#7717 = CARTESIAN_POINT('',(-0.793465323215,-13.87509938837));
#7718 = CARTESIAN_POINT('',(-0.775224906648,-13.88986711522));
#7719 = CARTESIAN_POINT('',(-0.757004476299,-13.90451299269));
#7720 = CARTESIAN_POINT('',(-0.738790767685,-13.91903542583));
#7721 = CARTESIAN_POINT('',(-0.7205726166,-13.93343682967));
#7722 = CARTESIAN_POINT('',(-0.702339053406,-13.94771864899));
#7723 = CARTESIAN_POINT('',(-0.68407799109,-13.96187788944));
#7724 = CARTESIAN_POINT('',(-0.636739916307,-13.99820325446));
#7725 = CARTESIAN_POINT('',(-0.607591875691,-14.02020773723));
#7726 = CARTESIAN_POINT('',(-0.578352975803,-14.04197234008));
#7727 = CARTESIAN_POINT('',(-0.549039293556,-14.06353911431));
#7728 = CARTESIAN_POINT('',(-0.519666366899,-14.08495121027));
#7729 = CARTESIAN_POINT('',(-0.490249295746,-14.10625206559));
#7730 = CARTESIAN_POINT('',(-0.46080284291,-14.12748459324));
#7731 = CARTESIAN_POINT('',(-0.401356657189,-14.17027300359));
#7732 = CARTESIAN_POINT('',(-0.371355970565,-14.1918282212));
#7733 = CARTESIAN_POINT('',(-0.341354820339,-14.21339996127));
#7734 = CARTESIAN_POINT('',(-0.311367755164,-14.23503107462));
#7735 = CARTESIAN_POINT('',(-0.281408679796,-14.25676268828));
#7736 = CARTESIAN_POINT('',(-0.251491007732,-14.27863356945));
#7737 = CARTESIAN_POINT('',(-0.221627813838,-14.30067948951));
#7738 = CARTESIAN_POINT('',(-0.180580996004,-14.33133542283));
#7739 = CARTESIAN_POINT('',(-0.169310922271,-14.33978922654));
#7740 = CARTESIAN_POINT('',(-0.158021485345,-14.34829678978));
#7741 = CARTESIAN_POINT('',(-0.146712396517,-14.35686090299));
#7742 = CARTESIAN_POINT('',(-0.135383358805,-14.36548435646));
#7743 = CARTESIAN_POINT('',(-0.124034066956,-14.37416994031));
#7744 = CARTESIAN_POINT('',(-0.112664207448,-14.38292044452));
#7745 = CARTESIAN_POINT('',(-8.854710050687E-02,-14.40159084269));
#7746 = CARTESIAN_POINT('',(-7.583821254922E-02,-14.41149382401));
#7747 = CARTESIAN_POINT('',(-6.314767422268E-02,-14.42144970956));
#7748 = CARTESIAN_POINT('',(-5.047635065948E-02,-14.43146046673));
#7749 = CARTESIAN_POINT('',(-3.782509251515E-02,-14.44152792356));
#7750 = CARTESIAN_POINT('',(-2.51947359685E-02,-14.45165376876));
#7751 = CARTESIAN_POINT('',(-1.258610272165E-02,-14.46183955171));
#7752 = CARTESIAN_POINT('',(0.,-14.47208668243));
#7753 = ( GEOMETRIC_REPRESENTATION_CONTEXT(2) 
PARAMETRIC_REPRESENTATION_CONTEXT() REPRESENTATION_CONTEXT('2D SPACE',''
  ) );
#7754 = ORIENTED_EDGE('',*,*,#7755,.T.);
#7755 = EDGE_CURVE('',#7421,#1450,#7756,.T.);
#7756 = SURFACE_CURVE('',#7757,(#7778,#7802),.PCURVE_S1.);
#7757 = B_SPLINE_CURVE_WITH_KNOTS('',7,(#7758,#7759,#7760,#7761,#7762,
    #7763,#7764,#7765,#7766,#7767,#7768,#7769,#7770,#7771,#7772,#7773,
    #7774,#7775,#7776,#7777),.UNSPECIFIED.,.F.,.F.,(8,6,6,8),(0.,
    0.473937253408,0.731099313524,1.),.UNSPECIFIED.);
#7758 = CARTESIAN_POINT('',(3.75,-9.,14.472086682436));
#7759 = CARTESIAN_POINT('',(3.75,-9.066302740305,14.502933142821));
#7760 = CARTESIAN_POINT('',(3.747069236056,-9.132242895382,
    14.534348244257));
#7761 = CARTESIAN_POINT('',(3.741265654872,-9.197622671358,
    14.566373405746));
#7762 = CARTESIAN_POINT('',(3.732667660362,-9.262260797522,
    14.599039067387));
#7763 = CARTESIAN_POINT('',(3.721369871171,-9.325992840571,
    14.632364395663));
#7764 = CARTESIAN_POINT('',(3.707478878206,-9.388671518849,
    14.666356988715));
#7765 = CARTESIAN_POINT('',(3.682226579388,-9.4835349546,14.719816977368
    ));
#7766 = CARTESIAN_POINT('',(3.67253647106,-9.51684667681,14.738981206872
    ));
#7767 = CARTESIAN_POINT('',(3.662030653859,-9.550083696745,
    14.758518273644));
#7768 = CARTESIAN_POINT('',(3.650700703686,-9.583227381435,
    14.778441170265));
#7769 = CARTESIAN_POINT('',(3.638537795652,-9.61625895142,
    14.798762878399));
#7770 = CARTESIAN_POINT('',(3.625532704081,-9.649159480751,
    14.819496368792));
#7771 = CARTESIAN_POINT('',(3.597186377651,-9.716155265089,
    14.862778639457));
#7772 = CARTESIAN_POINT('',(3.581920914435,-9.749868898633,
    14.885129808736));
#7773 = CARTESIAN_POINT('',(3.565906899708,-9.783030502011,
    14.907700212671));
#7774 = CARTESIAN_POINT('',(3.549165173563,-9.81563112041,
    14.930492566202));
#7775 = CARTESIAN_POINT('',(3.531728421473,-9.847647064686,
    14.953485668116));
#7776 = CARTESIAN_POINT('',(3.513613217836,-9.879077702342,
    14.976685787598));
#7777 = CARTESIAN_POINT('',(3.494846188729,-9.90990926583,
    15.000075446653));
#7778 = PCURVE('',#1859,#7779);
#7779 = DEFINITIONAL_REPRESENTATION('',(#7780),#7801);
#7780 = B_SPLINE_CURVE_WITH_KNOTS('',7,(#7781,#7782,#7783,#7784,#7785,
    #7786,#7787,#7788,#7789,#7790,#7791,#7792,#7793,#7794,#7795,#7796,
    #7797,#7798,#7799,#7800),.UNSPECIFIED.,.F.,.F.,(8,6,6,8),(0.,
    0.473937253408,0.731099313524,1.),.UNSPECIFIED.);
#7781 = CARTESIAN_POINT('',(0.3947911197,0.681699322838));
#7782 = CARTESIAN_POINT('',(0.392175626986,0.664499797905));
#7783 = CARTESIAN_POINT('',(0.389335271111,0.647510459441));
#7784 = CARTESIAN_POINT('',(0.386287704325,0.63074373841));
#7785 = CARTESIAN_POINT('',(0.383050354309,0.614209770666));
#7786 = CARTESIAN_POINT('',(0.379640169571,0.597916962461));
#7787 = CARTESIAN_POINT('',(0.376073364833,0.581872555956));
#7788 = CARTESIAN_POINT('',(0.370353068971,0.557515763842));
#7789 = CARTESIAN_POINT('',(0.368281719806,0.54894841686));
#7790 = CARTESIAN_POINT('',(0.366151467406,0.540381151228));
#7791 = CARTESIAN_POINT('',(0.363962575168,0.531813967976));
#7792 = CARTESIAN_POINT('',(0.361715221412,0.523246871714));
#7793 = CARTESIAN_POINT('',(0.359409499379,0.514679870632));
#7794 = CARTESIAN_POINT('',(0.354573422287,0.497155031021));
#7795 = CARTESIAN_POINT('',(0.352063981064,0.488299379742));
#7796 = CARTESIAN_POINT('',(0.34952090846,0.479509562397));
#7797 = CARTESIAN_POINT('',(0.346943339614,0.47088983588));
#7798 = CARTESIAN_POINT('',(0.344338825502,0.462274250122));
#7799 = CARTESIAN_POINT('',(0.341704166452,0.453827193167));
#7800 = CARTESIAN_POINT('',(0.339044043981,0.445456236013));
#7801 = ( GEOMETRIC_REPRESENTATION_CONTEXT(2) 
PARAMETRIC_REPRESENTATION_CONTEXT() REPRESENTATION_CONTEXT('2D SPACE',''
  ) );
#7802 = PCURVE('',#2098,#7803);
#7803 = DEFINITIONAL_REPRESENTATION('',(#7804),#7825);
#7804 = B_SPLINE_CURVE_WITH_KNOTS('',7,(#7805,#7806,#7807,#7808,#7809,
    #7810,#7811,#7812,#7813,#7814,#7815,#7816,#7817,#7818,#7819,#7820,
    #7821,#7822,#7823,#7824),.UNSPECIFIED.,.F.,.F.,(8,6,6,8),(0.,
    0.473937253408,0.731099313524,1.),.UNSPECIFIED.);
#7805 = CARTESIAN_POINT('',(-6.28318530718,-14.47208668243));
#7806 = CARTESIAN_POINT('',(-6.245298027005,-14.50293314282));
#7807 = CARTESIAN_POINT('',(-6.207617999739,-14.53434824425));
#7808 = CARTESIAN_POINT('',(-6.170169180754,-14.56637340574));
#7809 = CARTESIAN_POINT('',(-6.132971008623,-14.59903906738));
#7810 = CARTESIAN_POINT('',(-6.096039122596,-14.63236439566));
#7811 = CARTESIAN_POINT('',(-6.059386080092,-14.66635698871));
#7812 = CARTESIAN_POINT('',(-6.003290680192,-14.71981697736));
#7813 = CARTESIAN_POINT('',(-5.983471568938,-14.73898120687));
#7814 = CARTESIAN_POINT('',(-5.963561303245,-14.75851827364));
#7815 = CARTESIAN_POINT('',(-5.943555872589,-14.77844117026));
#7816 = CARTESIAN_POINT('',(-5.923450693095,-14.79876287839));
#7817 = CARTESIAN_POINT('',(-5.90324060754,-14.81949636879));
#7818 = CARTESIAN_POINT('',(-5.861671587125,-14.86277863945));
#7819 = CARTESIAN_POINT('',(-5.840530318477,-14.88512980873));
#7820 = CARTESIAN_POINT('',(-5.819497247222,-14.90770021267));
#7821 = CARTESIAN_POINT('',(-5.798566668099,-14.9304925662));
#7822 = CARTESIAN_POINT('',(-5.777744247244,-14.95348566811));
#7823 = CARTESIAN_POINT('',(-5.757020276451,-14.97668578759));
#7824 = CARTESIAN_POINT('',(-5.736395055602,-15.00007544665));
#7825 = ( GEOMETRIC_REPRESENTATION_CONTEXT(2) 
PARAMETRIC_REPRESENTATION_CONTEXT() REPRESENTATION_CONTEXT('2D SPACE',''
  ) );
#7826 = ORIENTED_EDGE('',*,*,#1449,.F.);
#7827 = ORIENTED_EDGE('',*,*,#4473,.T.);
#7828 = ADVANCED_FACE('',(#7829),#2098,.F.);
#7829 = FACE_BOUND('',#7830,.T.);
#7830 = EDGE_LOOP('',(#7831,#7832,#7853,#7854,#7855,#7856,#7857,#7858));
#7831 = ORIENTED_EDGE('',*,*,#6369,.F.);
#7832 = ORIENTED_EDGE('',*,*,#7833,.T.);
#7833 = EDGE_CURVE('',#6370,#7421,#7834,.T.);
#7834 = SEAM_CURVE('',#7835,(#7839,#7846),.PCURVE_S1.);
#7835 = LINE('',#7836,#7837);
#7836 = CARTESIAN_POINT('',(3.75,-9.,0.));
#7837 = VECTOR('',#7838,1.);
#7838 = DIRECTION('',(0.,0.,1.));
#7839 = PCURVE('',#2098,#7840);
#7840 = DEFINITIONAL_REPRESENTATION('',(#7841),#7845);
#7841 = LINE('',#7842,#7843);
#7842 = CARTESIAN_POINT('',(-6.28318530718,0.));
#7843 = VECTOR('',#7844,1.);
#7844 = DIRECTION('',(-0.,-1.));
#7845 = ( GEOMETRIC_REPRESENTATION_CONTEXT(2) 
PARAMETRIC_REPRESENTATION_CONTEXT() REPRESENTATION_CONTEXT('2D SPACE',''
  ) );
#7846 = PCURVE('',#2098,#7847);
#7847 = DEFINITIONAL_REPRESENTATION('',(#7848),#7852);
#7848 = LINE('',#7849,#7850);
#7849 = CARTESIAN_POINT('',(-0.,0.));
#7850 = VECTOR('',#7851,1.);
#7851 = DIRECTION('',(-0.,-1.));
#7852 = ( GEOMETRIC_REPRESENTATION_CONTEXT(2) 
PARAMETRIC_REPRESENTATION_CONTEXT() REPRESENTATION_CONTEXT('2D SPACE',''
  ) );
#7853 = ORIENTED_EDGE('',*,*,#7420,.F.);
#7854 = ORIENTED_EDGE('',*,*,#7388,.F.);
#7855 = ORIENTED_EDGE('',*,*,#2077,.F.);
#7856 = ORIENTED_EDGE('',*,*,#7755,.F.);
#7857 = ORIENTED_EDGE('',*,*,#7833,.F.);
#7858 = ORIENTED_EDGE('',*,*,#6517,.F.);
#7859 = ( GEOMETRIC_REPRESENTATION_CONTEXT(3) 
GLOBAL_UNCERTAINTY_ASSIGNED_CONTEXT((#7863)) 
GLOBAL_UNIT_ASSIGNED_CONTEXT((#7860,#7861,#7862)) REPRESENTATION_CONTEXT
('Context #1','3D Context with UNIT and UNCERTAINTY') );
#7860 = ( LENGTH_UNIT() NAMED_UNIT(*) SI_UNIT(.MILLI.,.METRE.) );
#7861 = ( NAMED_UNIT(*) PLANE_ANGLE_UNIT() SI_UNIT($,.RADIAN.) );
#7862 = ( NAMED_UNIT(*) SI_UNIT($,.STERADIAN.) SOLID_ANGLE_UNIT() );
#7863 = UNCERTAINTY_MEASURE_WITH_UNIT(LENGTH_MEASURE(2.E-05),#7860,
  'distance_accuracy_value','confusion accuracy');
#7864 = PRODUCT_RELATED_PRODUCT_CATEGORY('part',$,(#7));
#7865 = MECHANICAL_DESIGN_GEOMETRIC_PRESENTATION_REPRESENTATION('',(
    #7866),#7859);
#7866 = STYLED_ITEM('color',(#7867),#15);
#7867 = PRESENTATION_STYLE_ASSIGNMENT((#7868,#7874));
#7868 = SURFACE_STYLE_USAGE(.BOTH.,#7869);
#7869 = SURFACE_SIDE_STYLE('',(#7870));
#7870 = SURFACE_STYLE_FILL_AREA(#7871);
#7871 = FILL_AREA_STYLE('',(#7872));
#7872 = FILL_AREA_STYLE_COLOUR('',#7873);
#7873 = COLOUR_RGB('',0.40784314916,2.352941234596E-02,0.199999998682);
#7874 = CURVE_STYLE('',#7875,POSITIVE_LENGTH_MEASURE(0.1),#7876);
#7875 = DRAUGHTING_PRE_DEFINED_CURVE_FONT('continuous');
#7876 = COLOUR_RGB('',9.803921802644E-02,9.803921802644E-02,
  9.803921802644E-02);
ENDSEC;
END-ISO-10303-21;
